timestamp,pos_x,pos_y,pos_z,ori_w,ori_x,ori_y,ori_z,raw_vel_x,raw_vel_y,raw_vel_z,diff_vel_x,diff_vel_y,diff_vel_z,vel_diff_x,vel_diff_y,vel_diff_z,pos_diff_x,pos_diff_y,pos_diff_z,ori_diff_angle
1403715893.084058046340942,-0.009276307618803,0.001025443941053,0.007154057279365,0.016807707478695,0.826946364776953,0.011629873888998,0.561909206887393,-0.010908691564775,0.003381837116308,0.003251780324582,0.000000000000000,0.000000000000000,0.000000000000000,0.000000000000000,0.000000000000000,0.000000000000000,0.000000000000000,0.000000000000000,0.000000000000000,0.000000000000000
1403715893.134057998657227,0.003310327081557,-0.000544536307991,0.009357965377701,0.016694567031016,0.826797490306182,0.011424541661826,0.562135821045825,0.005405359896688,0.005288323527750,0.002049497696246,0.251732934078438,-0.031399634925895,0.044078204002983,-0.246327574181750,0.036687958453645,-0.042028706306737,0.012586634700360,-0.001569980249043,0.002203908098337,0.000716881217657
1403715893.184057950973511,0.004978327806050,-0.002043998651248,0.007871461313101,0.016468606815405,0.826272798594010,0.011362943816777,0.562914674529808,0.005238452827358,0.002360461624970,-0.002144486687929,0.033360046304487,-0.029989275465155,-0.029730109644852,-0.028121593477129,0.032349737090124,0.027585622956922,0.001668000724493,-0.001499462343258,-0.001486504064600,0.001935733998921
1403715893.234057903289795,0.004830462898091,-0.002634808010463,0.007600476299859,0.016393373969249,0.825931869349172,0.011325488102234,0.563417729400249,0.011595424725900,0.004561887627041,-0.003434192942560,-0.002957300979483,-0.011816198453101,-0.005419705433465,0.014552725705384,0.016378086080142,0.001985512490905,-0.000147864907959,-0.000590809359215,-0.000270985013242,0.001226963529242
1403715893.284058094024658,0.004369463855929,-0.003026750718311,0.007916089002231,0.016146876835460,0.825798669353690,0.011330370183157,0.563619959523835,0.019299841021671,0.011234730215275,0.001539274207438,-0.009219945671944,-0.007838824254208,0.006312229968178,0.028519786693615,0.019073554469483,-0.004772955760740,-0.000460999042162,-0.000391942707847,0.000315612702371,0.000691155362944
1403715893.334058046340942,0.003481861816169,-0.003541331556070,0.008150574049902,0.015919680049794,0.825216233637110,0.011177297048829,0.564481885944604,0.011771168166242,0.008097558607587,-0.006294003240040,-0.017752057724888,-0.010291626570052,0.004689705425871,0.029523225891130,0.018389185177640,-0.010983708665910,-0.000887602039760,-0.000514580837760,0.000234485047671,0.002151463124389
1403715893.434057950973511,0.003680834608319,-0.004139805553954,0.012319749085435,0.015443794403202,0.824543404627324,0.010960151372818,0.565481686866955,0.001926101105419,0.009437529923389,0.017592932559435,0.001989729819053,-0.005984745686332,0.041691790115724,-0.000063628713634,0.015422275609721,-0.024098857556289,0.000198972792150,-0.000598473997883,0.004169175035533,0.002627485795902
1403715893.484057903289795,0.002257736425611,-0.004247254454150,0.015319106861196,0.013382833954566,0.820688188663849,0.011153793312925,0.571110663214869,0.005162130297518,0.017265376755964,0.065440778855781,-0.028461990797629,-0.002148980053348,0.059987212723479,0.033624121095147,0.019414356809312,0.005453566132302,-0.001423098182708,-0.000107448900196,0.002999357775761,0.014259500041343
1403715893.534058094024658,0.001243931130360,-0.003401784409278,0.019559789137687,0.010333040613325,0.815423454475915,0.010967128333209,0.578668765580423,0.012272210399456,0.033052625798170,0.079178617243514,-0.020276028558095,0.016909336393433,0.084813321992681,0.032548238957551,0.016143289404737,-0.005634704749167,-0.001013805295250,0.000845470044872,0.004240682276491,0.019409189557265
1403715893.584058046340942,0.001027987517530,-0.002288792383545,0.026213130683331,0.007697656607101,0.810580489164284,0.010456919237865,0.585483278590432,0.013348499827262,0.041494915809223,0.112049136354858,-0.004318876375411,0.022259861743319,0.133066957815415,0.017667376202672,0.019235054065904,-0.021017821460557,-0.000215943612830,0.001112992025733,0.006653341545644,0.017561088587489
1403715893.634057998657227,0.001065689962876,0.000251939477828,0.031530997709374,0.004359031076892,0.806443911353661,0.008992511795196,0.591226142368800,0.002935399889693,0.061532403005503,0.100722192019418,0.000754049626050,0.050814685688126,0.106357441951223,0.002181350263643,0.010717717317377,-0.005635249931805,0.000037702445347,0.002540731861373,0.005317867026043,0.015922688809627
1403715893.684057950973511,0.000481813846327,0.003249703976855,0.036661152086659,0.001924201174744,0.804790962602686,0.008351419148546,0.593496468195967,-0.008241936589247,0.060732438702001,0.103592263159658,-0.011677533467545,0.059955347158402,0.102603185395714,0.003435596878298,0.000777091543599,0.000989077763944,-0.000583876116549,0.002997764499026,0.005130154377285,0.007543482546774
1403715893.734057903289795,0.000388260671289,0.006168494460981,0.043016387951162,0.000152268521674,-0.804322374268824,-0.007238432533251,-0.594149055506546,-0.012006171497332,0.056718813703716,0.139861765566947,-0.001871065285157,0.058375865354083,0.127104838506687,-0.010135106212175,-0.001657051650367,0.012756927060260,-0.000093553175039,0.002918790484126,0.006355235864503,0.004978318603419
1403715893.784058094024658,-0.002050113011913,0.009034477025144,0.051327584138420,0.000215645705678,-0.805006589833660,-0.007051328336973,-0.593223922806553,-0.039631035103306,0.074378633570078,0.133362084683038,-0.048767287631596,0.057319432626981,0.166223289653637,0.009136252528290,0.017059200943097,-0.032861204970599,-0.002438373683202,0.002865982564163,0.008311196187258,0.002334991438226
1403715893.834058046340942,-0.006675047908326,0.013316138141271,0.059139437649099,0.001714347987858,0.807657102940901,0.008379922970563,0.589590401864798,-0.062813570960711,0.081471703518391,0.135025602800452,-0.092498786141986,0.085633303988823,0.156237219212998,0.029685215181275,-0.004161600470432,-0.021211616412546,-0.004624934896413,0.004281661116127,0.007811853510679,0.010142541819486
1403715893.884057998657227,-0.009973813740377,0.017459397599052,0.066084103181627,0.001883989004782,0.811436696385330,0.007932243082192,0.584383451052797,-0.066400575270607,0.083675420735005,0.152489539733570,-0.065975379560037,0.082865268182093,0.138893443109672,-0.000425195710570,0.000810152552912,0.013596096623899,-0.003298765832051,0.004143259457781,0.006944665532528,0.012903798374256
1403715893.934057950973511,-0.013716871615096,0.021905037620315,0.074192021652417,0.001943939317092,0.813741749292986,0.007482233161700,0.581175191095110,-0.080133334245096,0.092472812725684,0.162229447018289,-0.074861228887618,0.088912885219197,0.162158524062216,-0.005272105357477,0.003559927506487,0.000070922956072,-0.003743057874719,0.004445640021263,0.008107918470790,0.007952942767800
1403715893.984057903289795,-0.018071387909098,0.026899996346020,0.082366957884947,0.002400479678880,0.817333630125964,0.007180608813709,0.576114930911784,-0.083799693757206,0.101648517204569,0.163094957582294,-0.087090408935921,0.099899269785467,0.163498880575287,0.003290715178715,0.001749247419102,-0.000403922992992,-0.004354516294002,0.004994958725705,0.008174936232530,0.012459112792025
1403715894.034058094024658,-0.022721870395998,0.032179865605829,0.090860293888085,0.002661846253142,0.821631081822529,0.006313121976787,0.569978442091077,-0.074831947644094,0.107428603386102,0.159732322628508,-0.093009294935691,0.105596982375672,0.169866072075122,0.018177347291597,0.001831621010430,-0.010133749446614,-0.004650482486900,0.005279869259810,0.008493336003138,0.015092475246097
1403715894.084058046340942,-0.026535230492993,0.037725570228824,0.098488153964138,0.003593546860318,0.826230885976936,0.006278464197250,0.563285176767553,-0.070149040099667,0.114207612797753,0.153232359633590,-0.076267274674035,0.110914198235923,0.152557347011083,0.006118234574368,0.003293414561830,0.000675012622507,-0.003813360096995,0.005545704622995,0.007627860076053,0.016349634649563
1403715894.134057998657227,-0.030261237211961,0.043457459474830,0.106141140330290,0.006869217346571,0.827782521890449,0.007881121082541,0.560951689752528,-0.058319739893989,0.121790304596509,0.170213061218826,-0.074520205447377,0.114637894247328,0.153059873292306,0.016200465553388,0.007152410349181,0.017153187926520,-0.003726006718969,0.005731889246006,0.007652986366152,0.009198108319636
1403715894.184057950973511,-0.032558786078780,0.049763610333982,0.115816623219501,0.012591565565173,0.825897609471642,0.011220322650692,0.563567826889772,-0.041970583928113,0.132899970350271,0.220103344862833,-0.045951021158686,0.126123137463440,0.193509842329585,0.003980437230574,0.006776832886831,0.026593502533248,-0.002297548866819,0.006306150859152,0.009675482889211,0.014736736441577
1403715894.234057903289795,-0.035250828413240,0.056409441183456,0.128539168031083,0.017680386073497,0.822765608132740,0.014129542890220,0.567930025654541,-0.027788509052674,0.147319240168999,0.264679434710295,-0.053840898035889,0.132916743748764,0.254451138895161,0.026052388983215,0.014402496420235,0.010228295815134,-0.002692042334460,0.006645830849474,0.012722544811582,0.015899459091642
1403715894.284058094024658,-0.036548097503257,0.064516213175794,0.142838923216802,0.023864698126238,0.819472592218751,0.018174137581102,0.572332811840111,-0.028418991488599,0.177605092853289,0.305531945680384,-0.025945282826930,0.162134821351490,0.285994012733791,-0.002473708661669,0.015470271501799,0.019537932946593,-0.001297269090016,0.008106771992337,0.014299755185718,0.018421025108304
1403715894.334058046340942,-0.037626034290998,0.073968532746825,0.158519355980849,0.029166467920474,0.817538216501034,0.021526310817514,0.574732285200631,-0.023592386961174,0.207645624160638,0.330626616783884,-0.021558756314860,0.189046571709479,0.313608954361747,-0.002033630646314,0.018599052451159,0.017017662422137,-0.001077936787741,0.009452319571031,0.015680432764047,0.013977883817583
1403715894.384057998657227,-0.038944742089164,0.084806779346994,0.175595741367993,0.033159125275724,0.815997962414917,0.023579505564567,0.576621023431321,-0.029233803064643,0.238475500335458,0.326501350675454,-0.026374181115696,0.216765138726727,0.341528033449410,-0.002859621948947,0.021710361608731,-0.015026682773956,-0.001318707798166,0.010838246600169,0.017076385387145,0.010216984473401
1403715894.434057950973511,-0.040174491058604,0.096962327035062,0.190998837559666,0.035416651940085,0.815711115545291,0.024122334701967,0.576870132447277,-0.037405638131039,0.273847581717566,0.297580730243669,-0.024595002844422,0.243111185610259,0.308062217624470,-0.012810635286616,0.030736396107307,-0.010481487380801,-0.001229748969440,0.012155547688068,0.015403096191672,0.004705498525907
1403715894.484057903289795,-0.041978890121089,0.111121105680060,0.204556233924612,0.035239718375827,0.817324625166111,0.023041713820300,0.574637014792896,-0.040361218281425,0.307658771735885,0.238733761143125,-0.036088015665910,0.283175842957500,0.271148185885992,-0.004273202615515,0.024482928778386,-0.032414424742867,-0.001804399062485,0.014158778644999,0.013557396364947,0.005929344371281
1403715894.534058094024658,-0.043794518079663,0.126774352221851,0.215745706299051,0.033464292254423,0.819837087679264,0.020953593426948,0.571233960590573,-0.046172790667763,0.334358922712709,0.191913271880968,-0.036312420650584,0.313063736592429,0.223788593803038,-0.009860370017178,0.021295186120280,-0.031875321922070,-0.001815627958574,0.015653246541790,0.011189472374439,0.010080810336576
1403715894.584058046340942,-0.045572813636542,0.143799167908794,0.225531780547519,0.032707052954864,0.821831935753014,0.019368481206766,0.568460535129049,-0.037150042423293,0.365967851962291,0.156113863729044,-0.035565945055909,0.340496638461757,0.195721671624088,-0.001584097367385,0.025471213500534,-0.039607807895044,-0.001778295556879,0.017024815686943,0.009786074248468,0.007683050926109
1403715894.634057998657227,-0.047216545845461,0.162348333238439,0.233916676330873,0.031062421914677,0.823403727018029,0.017589681532013,0.566332085777609,-0.036516573025156,0.392515801309968,0.133858854628947,-0.032874675530115,0.370983660390485,0.167698075596426,-0.003641897495040,0.021532140919483,-0.033839220967479,-0.001643732208919,0.018549165329645,0.008384895783354,0.007174894498585
1403715894.684057950973511,-0.048499740719667,0.182658406917059,0.242828814689700,0.027799482080213,0.825249939008684,0.014870282497207,0.563887046899190,-0.024012735529966,0.415380712706800,0.150041140480073,-0.025663921959154,0.406201860956682,0.178242937162251,0.001651186429188,0.009178851750118,-0.028201796682178,-0.001283194874207,0.020310073678620,0.008912138358827,0.010474480225620
1403715894.734057903289795,-0.049189775482225,0.203852496141488,0.251899431975252,0.024701684791363,0.825286925733144,0.012566674131757,0.564033151227541,-0.013289069686763,0.438914347291978,0.179955694890975,-0.013800708412540,0.423882188734148,0.181412518719509,0.000511638725776,0.015032158557831,-0.001456823828535,-0.000690034762558,0.021194089224430,0.009070617285552,0.007726756784420
1403715894.784058094024658,-0.049571049870462,0.225842432614966,0.262177377619412,0.020998883448888,0.824354944503479,0.009919423997812,0.565596656102313,-0.001123384136331,0.452920507016971,0.209051514550353,-0.007625458675912,0.439797051776940,0.205558128741168,0.006502074539581,0.013123455240031,0.003493385809185,-0.000381274388236,0.021989936473478,0.010277945644160,0.009804459329707
1403715894.834058046340942,-0.048839941988727,0.249155304465368,0.273557446506652,0.018088267335054,0.822654285526419,0.007963066105759,0.568198319839146,0.014477137098564,0.468489497785688,0.222335325273296,0.014622171579493,0.466257881666203,0.227601594802587,-0.000145034480929,0.002231616119484,-0.005266269529291,0.000731107881735,0.023312871850402,0.011380068887240,0.009372290585746
1403715894.884057998657227,-0.047479134855204,0.272923780998906,0.285262847695950,0.015950277457835,0.820641262355516,0.006848985254703,0.571180005400701,0.021673074696445,0.485039195149538,0.230864835485994,0.027216168625802,0.475369984018922,0.234108247048994,-0.005543093929357,0.009669211130616,-0.003243411563000,0.001360807133522,0.023768476533539,0.011705401189299,0.008661389552264
1403715894.934057950973511,-0.045714372418162,0.297216055683376,0.297531938623631,0.015231443169694,0.818750345814423,0.006363173972747,0.573912349043584,0.024801902485142,0.488684304501612,0.239528847322093,0.035295282401055,0.485845957028203,0.245382052568165,-0.010493379915913,0.002838347473409,-0.005853205246072,0.001764762437043,0.024292274684470,0.012269090927680,0.006868482823763
1403715894.984057903289795,-0.043588606496024,0.321796132571869,0.310853774429818,0.014044071943011,0.817383430053055,0.005627203220918,0.575895326341405,0.029571730221474,0.500362839751124,0.253259688546095,0.042515358988572,0.491602006598064,0.266436970217852,-0.012943628767098,0.008760833153059,-0.013177281671757,0.002125765922138,0.024580076888493,0.013321835806188,0.005568542375720
1403715895.034058094024658,-0.041694923892210,0.346308345027562,0.323650332526247,0.013119894529232,0.816516176727633,0.005040215392681,0.577151451300632,0.027734061038941,0.502093103816451,0.257447112216527,0.037873507600301,0.490242378987597,0.255930185632383,-0.010139446561360,0.011850724828855,0.001516926584144,0.001893682603813,0.024512212455693,0.012796558096428,0.003756933794166
1403715895.084058046340942,-0.040076478869023,0.371433348035717,0.336907893555489,0.013753215635266,0.816213901749930,0.005077933569478,0.577563788893062,0.023820801148512,0.504354374939283,0.256128829370267,0.032368931333173,0.502500539384970,0.265151473453003,-0.008548130184660,0.001853835554313,-0.009022644082736,0.001618445023188,0.025125003008156,0.013257561029243,0.001629614400207
1403715895.134057998657227,-0.037918113126943,0.396852246855380,0.350076919033529,0.012328546161170,0.816266321393218,0.003859064218988,0.577531304027833,0.026765750281074,0.510579771189495,0.252514851906009,0.043167356009194,0.508378461220730,0.263380760740271,-0.016401605728120,0.002201309968765,-0.010865908834263,0.002158365742080,0.025418898819662,0.013169025478040,0.003751868719114
1403715895.184057950973511,-0.035934448284333,0.422317662049315,0.363019990512318,0.011518187990384,0.816345924499652,0.003018641059529,0.577440517026975,0.020158069568474,0.505622079059924,0.250407521295360,0.039673334687645,0.509308789593425,0.258861676445508,-0.019515265119172,-0.003686710533501,-0.008454155150147,0.001983664842610,0.025465415193936,0.012943071478789,0.002347399023330
1403715895.234057903289795,-0.034240760152757,0.447756943830009,0.375498421946731,0.010002163350839,0.816646909511487,0.001727240670562,0.577048350273447,0.012160294680310,0.512028489637522,0.244155363060810,0.033873794936072,0.508786120830131,0.249568866695682,-0.021713500255763,0.003242368807391,-0.005413503634872,0.001693688131575,0.025439281780694,0.012478431434413,0.004103868364919
1403715895.284058094024658,-0.032412548299615,0.473544934623748,0.388110387984952,0.009952729291094,0.816490152778751,0.001434049060249,0.577271787893955,0.018835419868805,0.502908134385324,0.242406793632033,0.036564097581894,0.515757848414717,0.252238358551435,-0.017728677713089,-0.012849714029393,-0.009831564919402,0.001828211853143,0.025787990793739,0.012611966038221,0.000807222626117
1403715895.334058046340942,-0.030513411072171,0.499581124946951,0.400443071266893,0.009606686326942,0.816719121735020,0.000994621056545,0.576954589633488,0.017999578773209,0.509005777728411,0.234112330420335,0.037982780772074,0.520724303065463,0.246653900866320,-0.019983201998865,-0.011718525337052,-0.012541570445985,0.001899137227444,0.026036190323203,0.012332683281941,0.001365114266864
1403715895.384057998657227,-0.028480003879169,0.525190978097267,0.412504428410465,0.009634550210202,0.816550875049805,0.000824372934060,0.577192484624419,0.009821261191973,0.516257428947791,0.214577206736217,0.040668182644247,0.512197551475956,0.241227372923791,-0.030846921452274,0.004059877471835,-0.026650166187573,0.002033407193002,0.025609853150315,0.012061357143572,0.000677234948368
1403715895.434057950973511,-0.027004199958562,0.552202312075048,0.424947061239007,0.009947122907487,0.816514387814703,0.000618858119658,0.577239054683649,0.000665233719534,0.516133523567901,0.214870567576905,0.029516106560883,0.540227194756438,0.248852893895437,-0.028850872841349,-0.024093671188537,-0.033982326318532,0.001475803920607,0.027011333977782,0.012442632828541,0.000757464507970
1403715895.484057903289795,-0.024848186940229,0.579442817640266,0.437307282403339,0.009709416840125,0.816965873844411,0.000202825750081,0.576604237809590,0.003817525860890,0.513848267299412,0.222862359771061,0.043120301489390,0.544810630876261,0.247204659039379,-0.039302775628500,-0.030962363576849,-0.024342299268317,0.002156013018333,0.027240505565218,0.012360221164332,0.001829119201968
1403715895.534058094024658,-0.023623012846935,0.604912217404017,0.448308100383065,0.009723514306653,0.817090306771155,-0.000082554143278,0.576427685867848,-0.000411854802748,0.513169971502729,0.222570578475603,0.024503388392872,0.509386052121428,0.220015520301914,-0.024915243195620,0.003783919381301,0.002555058173689,0.001225174093294,0.025469399763750,0.011000817979726,0.000716364612657
1403715895.584058046340942,-0.021820241447994,0.629900606867116,0.460243338072935,0.009109663757122,0.817802252297816,-0.001088718029615,0.575426194099559,0.003888361286437,0.516182423791294,0.230108259803924,0.036055462363992,0.499768265878148,0.238704981444223,-0.032167101077554,0.016414157913145,-0.008596721640299,0.001802771398941,0.024988389463099,0.011935237689871,0.003405308302213
1403715895.634057998657227,-0.019680523342835,0.655117931564476,0.471507700578673,0.009872991092740,0.817417463250512,-0.000742855082247,0.575960643608838,0.015197285389809,0.512127551405873,0.229449084882038,0.042794402915085,0.504346974929946,0.225287464965631,-0.027597117525276,0.007780576475927,0.004161619916407,0.002139718105158,0.025217324697359,0.011264362505738,0.002131655503322
1403715895.684057950973511,-0.017611244925605,0.680509740689499,0.482467510376787,0.010043113913365,0.817673610948487,-0.001040976041058,0.575593535570257,0.014649966622431,0.505702436506440,0.226185855954143,0.041385607812999,0.507836666811260,0.219196405004261,-0.026735641190568,-0.002134230304820,0.006989450949882,0.002069278417230,0.025391809125024,0.010959809798114,0.001128180560147
1403715895.734057903289795,-0.015453333153788,0.704912459747747,0.492733027048712,0.009696087136380,0.817957871795772,-0.001595245050739,0.575194194211662,0.017911668120132,0.509222632370961,0.209546634800735,0.043158276595291,0.488054846610336,0.205310529237864,-0.025246608475159,0.021167785760625,0.004236105562871,0.002157911771818,0.024402719058248,0.010265516671924,0.001634526849946
1403715895.784058094024658,-0.013906885712690,0.730460004159874,0.503428393941676,0.009733110040887,0.818137104885285,-0.001972708023360,0.574937433641184,0.017131496644385,0.508266700719844,0.208882663591266,0.030928830837834,0.510948939127013,0.213906521870667,-0.013797334193449,-0.002682238407169,-0.005023858279401,0.001546447441098,0.025547544412127,0.010695366892965,0.000983665565999
1403715895.834058046340942,-0.012036290511670,0.756381327551983,0.514717688435442,0.009704346520343,0.818176033811653,-0.002213701372093,0.574881642497898,0.020577518989589,0.501449704178862,0.207407069208152,0.037411939699199,0.518426962252651,0.225786105201715,-0.016834420709610,-0.016977258073789,-0.018379035993562,0.001870595201020,0.025921323392109,0.011289294493765,0.000504116047045
1403715895.884057998657227,-0.010108469579660,0.782257691679151,0.525926087135349,0.010023438751973,0.818351419486173,-0.002091589860657,0.574626931280118,0.023104459913116,0.501327880044762,0.218589476642299,0.038556455410494,0.517527776096308,0.224168187781587,-0.015451995497378,-0.016199896051546,-0.005578711139288,0.001927820932010,0.025876364127168,0.011208398699907,0.000921670258029
1403715895.934057950973511,-0.007940399714221,0.807977568672182,0.536663088312607,0.009491252025437,0.818075470992951,-0.002462376068469,0.575027283351624,0.025717470180848,0.502563953787608,0.206710553111528,0.043361438661475,0.514398030428817,0.214740228337402,-0.017643968480627,-0.011834076641209,-0.008029675225874,0.002168069865439,0.025719876993031,0.010737001177258,0.001621276671622
1403715895.984057903289795,-0.006178239714418,0.833074601634681,0.546685628343301,0.008055307425611,0.818359984012873,-0.003746677431463,0.574637286465953,0.022244645994095,0.497061566307472,0.210129047285402,0.035243233606618,0.501941137938351,0.200450991778841,-0.012998587612523,-0.004879571630880,0.009678055506562,0.001762159999803,0.025097032962499,0.010022540030694,0.003972109469969
1403715896.034058094024658,-0.004446412574377,0.859298262973522,0.557077117874362,0.006816903210367,0.818663778985622,-0.004520508469020,0.574214865543189,0.028744966637923,0.505897253842642,0.208546867099722,0.034636410673408,0.524471226077875,0.207828997816509,-0.005891444035485,-0.018573972235233,0.000717869283213,0.001731827140041,0.026223661338841,0.010391489531061,0.003100445630791
1403715896.084058046340942,-0.001963751988142,0.883003487005245,0.565607090971938,0.003980319326456,0.818919826337203,-0.006213585062638,0.573860493892526,0.041229793804273,0.489849991170016,0.200104838695648,0.049653259077744,0.474104932776154,0.170599624648013,-0.008423465273471,0.015745058393862,0.029505214047635,0.002482660586235,0.023705224031723,0.008529973097577,0.006664492859857
1403715896.134057998657227,-0.000012489408948,0.906575565284641,0.573421846518134,0.000418025334591,0.819449024075865,-0.008527364409034,0.573088480299655,0.041108360581212,0.490346055205371,0.183814461087056,0.039025288801288,0.471442015190066,0.156295259978685,0.002083071779924,0.018904040015305,0.027519201108371,0.001951262579194,0.023572078279396,0.007814755546195,0.008699332942637
1403715896.184057950973511,0.002002892044833,0.929000600045858,0.579707572375835,0.003903396690268,-0.818963436850992,0.011427816147251,-0.573718622334672,0.038811205200934,0.473043729789867,0.158156139635700,0.040307667516018,0.448501122948343,0.125714637044837,-0.001496462315084,0.024542606841524,0.032441502590864,0.002015381453782,0.022425034761217,0.006285725857701,0.010530004097603
1403715896.234057903289795,0.003844838182000,0.949939722092000,0.584522609772982,0.010241990175845,-0.818535181516305,0.016070261355584,-0.574140231091039,0.040728653239556,0.448488896095375,0.162692015398766,0.036838957875706,0.418782840305268,0.096300839782590,0.003889695363850,0.029706055790107,0.066391175616177,0.001841946137167,0.020939122046141,0.004815037397148,0.015759637399654
1403715896.284058094024658,0.005992189990802,0.970568537232890,0.590565147254492,0.017749266245864,-0.816891296593607,0.021247981081221,-0.576126805831252,0.040395766546763,0.420864576147356,0.172320530446967,0.042946872346710,0.412574728970107,0.120850288622922,-0.002551105799947,0.008289847177249,0.051470241824045,0.002147351808801,0.020628815140890,0.006042537481509,0.018954417390043
1403715896.334058046340942,0.008173494540477,0.989077585490173,0.597066348750681,0.026297196094772,-0.815241950722212,0.027234675659724,-0.577881728126011,0.038874747446627,0.377298188199008,0.177802157797530,0.043626132598630,0.370181318178074,0.130024153924490,-0.004751385152003,0.007116870020934,0.047778003873040,0.002181304549675,0.018509048257283,0.006501201496190,0.021420439514349
1403715896.384057998657227,0.009755539906830,1.006497276414216,0.603947084110484,0.033960615073681,-0.814220140818912,0.032441644322844,-0.578653418396780,0.026680563668954,0.324576889315224,0.162364303194956,0.031640937502199,0.348394150735412,0.137614838435793,-0.004960373833245,-0.023817261420188,0.024749464759163,0.001582045366352,0.017419690924043,0.006880735359803,0.018706229143826
1403715896.434057950973511,0.010906483062024,1.021071300482767,0.611725457720015,0.039347826084574,-0.812916879471528,0.036191915768191,-0.579920719483034,0.024379213352079,0.270107594894775,0.167245056577247,0.023018885056407,0.291480759348730,0.155567620551458,0.001360328295672,-0.021373164453955,0.011677436025788,0.001150943155194,0.014574024068551,0.007778373609531,0.013622231816839
1403715896.484057903289795,0.011373185713241,1.032924276295359,0.619527555919146,0.045177827219425,-0.811756564233529,0.040153396521081,-0.580859663859808,0.012242291824271,0.207800935566864,0.169415285749624,0.009334061925987,0.237059742329633,0.156042112795987,0.002908229898284,-0.029258806762769,0.013373172953638,0.000466702651217,0.011852975812592,0.007802098199132,0.014409776617166
1403715896.534058094024658,0.011290882840215,1.042256882606049,0.628653067488288,0.048967897879235,-0.810123412977773,0.042533625996267,-0.582660356796430,-0.000255882080646,0.138163302108042,0.171718649788237,-0.001646051181331,0.186651414195161,0.182509535164213,0.001390169100685,-0.048488112087119,-0.010790885375975,-0.000082302873026,0.009332606310690,0.009125511569142,0.010186238188836
1403715896.584058046340942,0.010024720907273,1.047917055289420,0.638182558906134,0.053034579018115,-0.808111228274896,0.045226241859788,-0.584891582442123,-0.013493349066992,0.066257291632848,0.170829052646665,-0.025323262808979,0.113203561626748,0.190590010117706,0.011829913741987,-0.046946269993900,-0.019760957471041,-0.001266161932942,0.005660172683371,0.009529491417845,0.011456949082813
1403715896.634057998657227,0.005813958256764,1.050523089802190,0.649510813125869,0.055600724110450,-0.806053432583465,0.046810099570158,-0.587362952421277,-0.029770130416505,-0.014951112654754,0.182564458441732,-0.084215333324177,0.052120739961617,0.226565300464209,0.054445202907672,-0.067071852616371,-0.044000842022477,-0.004210762650509,0.002606034512770,0.011328254219735,0.008817239940618
1403715896.684057950973511,0.000873598113797,1.050031991140266,0.661459268167907,0.057251310402674,-0.804433870030086,0.047857779041219,-0.589336974226831,-0.055951693250821,-0.086651137798323,0.187196171142124,-0.098807297089332,-0.009821982605461,0.238969328739676,0.042855603838511,-0.076829155192862,-0.051773157597552,-0.004940360142968,-0.000491098661924,0.011948455042038,0.006431740432554
1403715896.734057903289795,-0.003803227568553,1.047157444819362,0.672019795878454,0.059511758249334,-0.803759363630163,0.048909629154021,-0.589946679101531,-0.076634020788524,-0.159009157622404,0.180844798700919,-0.093536602850439,-0.057490981245741,0.211210755637207,0.016902582061915,-0.101518176376663,-0.030365956936289,-0.004676825682349,-0.002874546320903,0.010560527710547,0.005307623264191
1403715896.784058094024658,-0.009072354383094,1.039982564404504,0.683732422257410,0.061787235916280,-0.804920861399064,0.049906792638855,-0.588042563434754,-0.094490080826856,-0.240263788588864,0.171214008853587,-0.105382134289893,-0.143497060899326,0.234251633980061,0.010892053463037,-0.096766727689539,-0.063037625126474,-0.005269126814542,-0.007174880414859,0.011712626378956,0.006677387969003
1403715896.834058046340942,-0.014793879117247,1.029211030848387,0.695942363834079,0.065174646634312,-0.806738278363340,0.051408030478093,-0.585049425315340,-0.109090022228277,-0.320653707743930,0.177971429255490,-0.114430603812590,-0.215430876573233,0.244199064419745,0.005340581584312,-0.105222831170698,-0.066227635164255,-0.005721524734153,-0.010771533556117,0.012209941576668,0.010196117484112
1403715896.884057998657227,-0.021679811446577,1.014671134675072,0.708477198639563,0.068800708125110,-0.808242818646951,0.053605949502314,-0.582354197070022,-0.121864297100108,-0.397482467792957,0.179698491072150,-0.137718777925462,-0.290798200793070,0.250696935192913,0.015854480825354,-0.106684266999887,-0.070998444120763,-0.006885932329330,-0.014539896173315,0.012534834805484,0.010489447990275
1403715896.934057950973511,-0.029783037724493,0.994834468865400,0.720680060478945,0.074317467987504,-0.809581451730442,0.056723134225576,-0.579514687483919,-0.133359150131863,-0.475665512780705,0.178058245294154,-0.162064680115231,-0.396733694548173,0.244057469538979,0.028705529983369,-0.078931818232532,-0.065999224244825,-0.008103226277915,-0.019836665809672,0.012202861839382,0.014143046572355
1403715896.984057903289795,-0.036929360710053,0.970787650762767,0.732080685744993,0.081045253536495,-0.810583899095181,0.060919405113834,-0.576779191274646,-0.142506673312478,-0.572305782213568,0.183265441514351,-0.142926596016630,-0.480936820709751,0.228012722770836,0.000419922704152,-0.091368961503817,-0.044747281256484,-0.007146322985560,-0.024046818102633,0.011400625266048,0.016894975862027
1403715897.034058094024658,-0.044393786993209,0.941138599353022,0.743789661644876,0.087972377992961,-0.811362611228757,0.065417182569386,-0.574170850910249,-0.145969612329392,-0.673619621156094,0.190543006174460,-0.149287956174756,-0.592978766160419,0.234178624677118,0.003318343845364,-0.080640854995675,-0.043635618502658,-0.007464426283156,-0.029649051409745,0.011708975899884,0.017392568978419
1403715897.084058046340942,-0.051828892451633,0.905418794616319,0.755656300412581,0.093175262880702,-0.811868580522139,0.068744399226066,-0.572242943095961,-0.143182486772505,-0.782520425305313,0.189337967115075,-0.148702250982004,-0.714396776035919,0.237333001692475,0.005519764209499,-0.068123649269394,-0.047995034577400,-0.007435105458424,-0.035719804736703,0.011866638767704,0.012978961914810
1403715897.134057998657227,-0.058791930092999,0.863563159016583,0.768436273731216,0.095004761379873,-0.812003529289059,0.070339160060753,-0.571556441919093,-0.139265101327292,-0.902495829251288,0.206304450076399,-0.139260885636854,-0.837113510328382,0.255599710131577,-0.000004215690438,-0.065382318922906,-0.049295260055178,-0.006963037641366,-0.041855635599736,0.012779973318635,0.005051663213524
1403715897.184057950973511,-0.065468718351140,0.816193562475693,0.781819852444421,0.094243551349658,-0.812057329224258,0.070232031152045,-0.571619199189835,-0.131961840068047,-1.015786393660147,0.213779176233712,-0.133535892512569,-0.947392834322014,0.267671829535852,0.001574052444521,-0.068393559338133,-0.053892653302141,-0.006676788258141,-0.047369596540890,0.013383578713205,0.001546286196863
1403715897.234057903289795,-0.072264283061256,0.763393572890781,0.795830172242218,0.089047426295419,-0.813474757621816,0.066761602851224,-0.570852225157287,-0.137713871061156,-1.123791972550550,0.209951396671715,-0.135911423817561,-1.056000798779074,0.280206663181836,-0.001802447243595,-0.067791173771475,-0.070255266510121,-0.006795564710116,-0.052799989584912,0.014010319797797,0.012905980799203
1403715897.284058094024658,-0.078220388776564,0.704176186318517,0.808917943701317,0.078336014840881,-0.815143691411513,0.059648759306280,-0.570829446195694,-0.126059868663153,-1.215748370313617,0.218427777152433,-0.119121659893086,-1.184343213534461,0.261754430668074,-0.006938208770067,-0.031405156779156,-0.043326653515641,-0.005956105715308,-0.059217386572264,0.013087771459099,0.025931840870181
1403715897.334058046340942,-0.083518765002739,0.640372471664685,0.820933267156723,0.064060263599719,-0.817419660955967,0.049859584563333,-0.570294136685043,-0.116446147496726,-1.294036617606155,0.230478756123454,-0.105967625582097,-1.276075510037076,0.240306698282449,-0.010478521914629,-0.017961107569078,-0.009827942158995,-0.005298376226175,-0.063803714653832,0.012015323455406,0.034934187630043
1403715897.384057998657227,-0.088080189695623,0.572236034259530,0.832770111143422,0.047538139222113,-0.819630056536387,0.038505519773415,-0.569617433624040,-0.115646276975299,-1.350555227188763,0.233089669241610,-0.091228580860028,-1.362730047703746,0.236737105504080,-0.024417696115271,0.012174820514983,-0.003647436262470,-0.004561424692884,-0.068136437405155,0.011836843986699,0.040361019705562
1403715897.434057950973511,-0.091962379668352,0.502786212530455,0.844921765203725,0.035195547415673,-0.821699369687724,0.030403718663408,-0.568020275332091,-0.102958135255625,-1.384342996407842,0.233912849730661,-0.077643873501555,-1.388997759233004,0.243033312980674,-0.025314261754070,0.004654762825162,-0.009120463250014,-0.003882189972729,-0.069449821729076,0.012151654060302,0.029987726627592
1403715897.484057903289795,-0.096633634449281,0.431790141794124,0.857084870489456,0.025677156651535,-0.822289824921973,0.024134264643672,-0.567976817067556,-0.094491285709880,-1.403555955852345,0.208510291651160,-0.093425184715788,-1.419922768870482,0.243262337707665,-0.001066100994092,0.016366813018137,-0.034752046056505,-0.004671254780929,-0.070996070736330,0.012163105285731,0.022826104036039
1403715897.534058094024658,-0.101428687953270,0.359974105575695,0.869045277573493,0.019303827709207,-0.822997076122239,0.019599733083212,-0.567379084381057,-0.081495830613052,-1.419958503463736,0.215809493469098,-0.095900704247620,-1.436315245260747,0.239207229177595,0.014404873634568,0.016356741797011,-0.023397735708497,-0.004795053503989,-0.071816036218429,0.011960407084038,0.015752981640445
1403715897.584058046340942,-0.105089936660858,0.287509240401148,0.879738927763397,0.017868420300037,-0.823391996001993,0.019037468788608,-0.566872044872525,-0.063031376619847,-1.428744262362658,0.196303238724008,-0.073225043984599,-1.449298685649865,0.213873207763458,0.010193667364752,0.020554423287207,-0.017569969039450,-0.003661248707588,-0.072464865174547,0.010693650189904,0.003340411345904
1403715897.634057998657227,-0.108255931067255,0.214594058589420,0.889708419081988,0.020666236418870,-0.823244254975783,0.021342512735357,-0.566909428808332,-0.056136861410136,-1.435312101628240,0.176940716891136,-0.063319948514551,-1.458305026982617,0.199390016524954,0.007183087104415,0.022992925354377,-0.022449299633818,-0.003165994406397,-0.072915181811728,0.009969491318591,0.007256512121427
1403715897.684057950973511,-0.111189114717952,0.141156819382520,0.899267395001040,0.023622299481380,-0.822974464837203,0.023587752928866,-0.567096671745566,-0.054047604524770,-1.449331708601518,0.164346044541961,-0.058663728960029,-1.468746184843520,0.191179700704216,0.004616124435260,0.019414476242002,-0.026833656162255,-0.002933183650697,-0.073437239206900,0.009558975919052,0.007453126877734
1403715897.734057903289795,-0.114332398273409,0.066618160103717,0.908973207801030,0.030454537235542,-0.822361350677441,0.028735628872873,-0.567422764530138,-0.044401016791776,-1.470192446841707,0.178812733431707,-0.062865731062579,-1.490774607289507,0.194116441123663,0.018464714270803,0.020582160447800,-0.015303707691956,-0.003143283555457,-0.074538659278803,0.009705812799990,0.017165406738460
1403715897.784058094024658,-0.116413918168957,-0.008973249639351,0.917811772650312,0.034941645946749,-0.821355743127411,0.031909420595724,-0.568450185581283,-0.039311575852550,-1.496768594125126,0.179969293515127,-0.041630239104192,-1.511822427716482,0.176770622659216,0.002318663251642,0.015053833591356,0.003198670855910,-0.002081519895548,-0.075591409743068,0.008838564849281,0.011362046619827
1403715897.834058046340942,-0.117993710574503,-0.085728052857564,0.925702906496962,0.037776751540271,-0.819932594341612,0.034049692507153,-0.570196524208511,-0.035358230271119,-1.531333167300764,0.174585387581278,-0.031595878243110,-1.535097528347346,0.157822827444576,-0.003762352028009,0.003764361046582,0.016762560136701,-0.001579792405547,-0.076754803218213,0.007891133846650,0.008412767615298
1403715897.884057998657227,-0.119925610511090,-0.164260693010830,0.933887446098958,0.039282792178373,-0.817627671397651,0.035119123809024,-0.573331056499133,-0.030992535170192,-1.567147043379189,0.180197894519817,-0.038638035579829,-1.570654300957981,0.163690948147790,0.007645500409637,0.003507257578792,0.016506946372027,-0.001931899936586,-0.078532640153266,0.008184539601997,0.008613903376814
1403715897.934057950973511,-0.121399046159197,-0.244690836281728,0.942594260807287,0.035968047933718,-0.816071088210321,0.032513847032747,-0.575914167447018,-0.021234926677269,-1.600152508296081,0.184811749754628,-0.029468741065732,-1.608604399502658,0.174136460236037,0.008233814388463,0.008451891206577,0.010675289518591,-0.001473435648108,-0.080430143270898,0.008706814708328,0.010367346824514
1403715897.984057903289795,-0.121765791541442,-0.326842606799052,0.950440553315608,0.033732139034816,-0.814508849898836,0.030633523223215,-0.578358940008316,-0.019711393063441,-1.635102963393682,0.176357982944935,-0.007334914640004,-1.643036977268652,0.156925999822718,-0.012376478423437,0.007934013874970,0.019431983122216,-0.000366745382244,-0.082151770517324,0.007846292508321,0.008234666137722
1403715898.034058094024658,-0.122858032285852,-0.410522263638988,0.958120530071529,0.028901061256059,-0.811681355899875,0.027025144069977,-0.582758738013263,-0.027006259662451,-1.659404016988768,0.181253485301926,-0.021844731557178,-1.673586752571907,0.153598949184936,-0.005161528105273,0.014182735583139,0.027654536116990,-0.001092240744411,-0.083679656839936,0.007679976755921,0.015964084150923
1403715898.084058046340942,-0.124865857658522,-0.495009499731714,0.965547581790258,0.024006882977051,-0.807562020149267,0.024384667948066,-0.588789131312072,-0.041267030458615,-1.679946369501558,0.177991160473512,-0.040156545749656,-1.689746333322208,0.148541176034476,-0.001110484708959,0.009799963820651,0.029449984439035,-0.002007825372669,-0.084487236092726,0.007427051718729,0.018358677206035
1403715898.134057998657227,-0.126100940508992,-0.580673318485935,0.973212076366482,0.017824415020078,-0.803632441741806,0.022331411446251,-0.594439649478493,-0.051693378810864,-1.697315223586204,0.171758212960115,-0.024701680566767,-1.713278008993650,0.153290037713254,-0.026991698244097,0.015962785407446,0.018468175246861,-0.001235082850470,-0.085663818754221,0.007664494576224,0.018953562879018
1403715898.184057950973511,-0.129344510443039,-0.666576170083153,0.980142726086430,0.012428242349132,-0.799950717130851,0.022867212057264,-0.599501025492598,-0.078211451878110,-1.710337833831590,0.161514497736226,-0.064871460547183,-1.718058670412781,0.138613126590738,-0.013339991330927,0.007720836581192,0.022901371145488,-0.003243569934047,-0.085902851597218,0.006930649719948,0.016562460804612
1403715898.234057903289795,-0.133587263732443,-0.752744521390853,0.986087023649975,0.005449172337369,-0.797660889066828,0.023937615436317,-0.602606341769797,-0.101845366388621,-1.712052966508157,0.137793641333915,-0.084855146712264,-1.723368669686437,0.118886064649490,-0.016990219676357,0.011315703178280,0.018907576684425,-0.004242753289404,-0.086168351307700,0.005944297563545,0.016092213351378
1403715898.284058094024658,-0.139524760809517,-0.839371016860641,0.990946344084091,0.001626660596212,0.797249042249836,-0.026735423551700,0.603055997179811,-0.144497183696379,-1.715790657371955,0.099112055483957,-0.118749488548130,-1.732523300343872,0.097186037947008,-0.025747695148250,0.016732642971917,0.001926017536949,-0.005937497077074,-0.086626495469788,0.004859320434116,0.015266595254355
1403715898.334058046340942,-0.147547651618300,-0.925047715275952,0.994494927433339,0.008758249231592,0.797829618368137,-0.031026553558931,0.602020386780385,-0.181867428413118,-1.709027704604813,0.071239345633078,-0.160457969200294,-1.713535602461117,0.070971734668881,-0.021409459212825,0.004507897856304,0.000267610964197,-0.008022890808782,-0.085676698415311,0.003548583349248,0.016814675384933
1403715898.384057998657227,-0.158034022213538,-1.010723414281400,0.997677797362416,0.015696217683629,0.799665788806337,-0.036592532729687,0.599123728049218,-0.206994923006866,-1.696720142445818,0.059824983818398,-0.209727611916592,-1.713515614244797,0.063657459290022,0.002732688909726,0.016795471798979,-0.003832475471624,-0.010486370595238,-0.085675699005448,0.003182869929077,0.019066029716894
1403715898.434057950973511,-0.170278461654453,-1.099473944516463,0.998634509893049,0.022485816547310,0.802901436594673,-0.043236893850138,0.594116354074354,-0.230758002660193,-1.690330341328510,0.021936020780640,-0.244889022362669,-1.775012297484883,0.019134268860521,0.014131019702476,0.084681956156373,0.002801751920119,-0.012244439440915,-0.088750530235062,0.000956712530633,0.022431292139880
1403715898.484057903289795,-0.183463866712836,-1.183772841164874,1.000756629555319,0.028735296078595,0.806111489495964,-0.051316947422331,0.588833694831680,-0.245254647884359,-1.675165676374024,0.001774007536213,-0.263708352659556,-1.685979540843612,0.042442433721667,0.018453704775197,0.010813864469588,-0.040668426185454,-0.013185405058384,-0.084298896648411,0.002122119662270,0.023879353588545
1403715898.534058094024658,-0.195360303388481,-1.265854790884795,1.001162922571448,0.035573445354908,0.809724026938809,-0.059426403230635,0.582709218034733,-0.249491718480529,-1.649848608421739,-0.011858302947479,-0.237927825890265,-1.641632732066521,0.008125829324998,-0.011563892590264,-0.008215876355218,-0.019984132272477,-0.011896436675645,-0.082081949719921,0.000406293016129,0.025540980265950
1403715898.584058046340942,-0.207824549509533,-1.346937950752007,1.001367947837515,0.042872114695917,0.811892555487429,-0.067594205442291,0.578293596295357,-0.248356785071377,-1.634458200506882,-0.030346799420040,-0.249285160157894,-1.621664743884259,0.004100509231878,0.000928375086517,-0.012793456622623,-0.034447308651917,-0.012464246121052,-0.081083159867212,0.000205025266066,0.024015455937916
1403715898.634057998657227,-0.223363685923093,-1.430092331696250,1.000191103379500,0.050059691570711,0.813591128075987,-0.076466010220542,0.574209415524372,-0.251686151927460,-1.618783453471968,-0.060265898809532,-0.310783024656999,-1.663089204930329,-0.023536911606837,0.059096872729539,0.044305751458361,-0.036728987202694,-0.015539136413561,-0.083154380944243,-0.001176844458014,0.024489813081964
1403715898.684057950973511,-0.236671695575520,-1.511042646961124,0.996780622320495,0.057715324214907,0.811808655661267,-0.085503326195882,0.574738922601954,-0.259347639299773,-1.595584018135650,-0.109680289648855,-0.266160446878908,-1.619007849303685,-0.068209686229921,0.006812807579135,0.023423831168035,-0.041470603418934,-0.013308009652426,-0.080950315264874,-0.003410481059005,0.023978415181908
1403715898.734057903289795,-0.250542233411579,-1.590871988220367,0.990230860724830,0.064634753562141,0.809873589961361,-0.094623090378667,0.575303039868771,-0.259323400713106,-1.577945013926632,-0.170036664705600,-0.277411021280958,-1.596588347810161,-0.130995356840223,0.018087620567853,0.018643333883530,-0.039041307865377,-0.013870537836060,-0.079829341259243,-0.006549761595666,0.023247608915954
1403715898.784058094024658,-0.264525827426352,-1.670825395897089,0.981755548013267,0.071409666035590,0.809356687678863,-0.102546906236465,0.573869796842031,-0.265513292980172,-1.563006338448389,-0.238169925927805,-0.279670813435965,-1.599062053596785,-0.169505607618664,0.014157520455793,0.036055715148396,-0.068664318309141,-0.013983594014773,-0.079953407676721,-0.008475312711562,0.021072132993265
1403715898.834058046340942,-0.279490669068349,-1.751628437683167,0.971095376944013,0.076954720709473,0.808881984290203,-0.109833613884396,0.572472255845089,-0.261765007296616,-1.544628777564437,-0.290204980251789,-0.299297118271926,-1.616062376918754,-0.213203624711907,0.037532110975310,0.071433599354317,-0.077001355539882,-0.014964841641998,-0.080803041786079,-0.010660171069254,0.018549697624125
1403715898.884057998657227,-0.292946995575952,-1.830362857108752,0.957235220432541,0.082191125058679,0.808565800900255,-0.115758135056450,0.571021907411940,-0.255870946616452,-1.526431927591338,-0.365093300982252,-0.269126786811352,-1.574689890253009,-0.277203394591206,0.013255840194899,0.048257962661672,-0.087889906391045,-0.013456326507602,-0.078734419425585,-0.013860156511472,0.016090209847708
1403715898.934057950973511,-0.306992764792574,-1.909071437031241,0.940813300391700,0.085412012184245,0.808632715328889,-0.121622999865229,0.569232611309515,-0.247111964625376,-1.511459316707172,-0.408076082006425,-0.280915652234490,-1.574173099698233,-0.328438714040383,0.033803687609114,0.062713782991061,-0.079637367966042,-0.014045769216622,-0.078708579922489,-0.016421920040841,0.013853086731756
1403715898.984057903289795,-0.315502244558863,-1.987844801131709,0.923816524611829,0.089311142617243,0.808921399533874,-0.125477180237381,0.567384496104922,-0.230429836432826,-1.492589045369158,-0.462758331393594,-0.170189757631372,-1.575468784493467,-0.339935839785504,-0.060240078801454,0.082879739124309,-0.122822491608090,-0.008509479766289,-0.078773364100468,-0.016996775779871,0.011585661257443
1403715899.034058094024658,-0.326712438350139,-2.065008714428405,0.903800084810938,0.091385162741224,0.808031885614377,-0.129257182673867,0.567473175214872,-0.215952993498014,-1.484024567829222,-0.510977253179116,-0.224203020558871,-1.543272378816990,-0.400327268890475,0.008250027060857,0.059247810987769,-0.110649984288641,-0.011210193791276,-0.077163913296696,-0.020016439800891,0.008806613019701
1403715899.084058046340942,-0.337059844319546,-2.141244165064786,0.881504241580467,0.093347380604617,0.809088011015272,-0.132031904667977,0.565004808046227,-0.206185252712980,-1.464035195787740,-0.544141201192962,-0.206948316749435,-1.524710466804844,-0.445917289869277,0.000763064036455,0.060675271017104,-0.098223911323685,-0.010347405969407,-0.076235450636382,-0.022295843230471,0.008662020030030
1403715899.134057998657227,-0.343893694119813,-2.217529659455856,0.858710592584451,0.093943629839881,0.811364655807406,-0.134981093181246,0.560929669568862,-0.187963194741462,-1.450646270698281,-0.549057553030018,-0.136677126350805,-1.525711342853109,-0.455873414675100,-0.051286068390656,0.075065072154828,-0.093184138354918,-0.006833849800267,-0.076285494391069,-0.022793648996017,0.011107325588435
1403715899.184057950973511,-0.348518880285386,-2.292477134086047,0.835277668803385,0.095530126830543,0.814673216717356,-0.136531934029859,0.555464288520155,-0.159657387586117,-1.435083393146252,-0.511128571300547,-0.092503811529968,-1.498950922114817,-0.468658922569291,-0.067153576056149,0.063867528968564,-0.042469648731256,-0.004625186165573,-0.074947474630191,-0.023432923781066,0.013526155356391
1403715899.234057903289795,-0.353800715532614,-2.365822945331651,0.812975212800929,0.099338797382813,0.818754010240054,-0.135788443981752,0.548940044568968,-0.132269374222125,-1.422376487774750,-0.462925318264655,-0.105636805687678,-1.466917623873756,-0.446049545435114,-0.026632568534447,0.044541136099006,-0.016875772829540,-0.005281835247228,-0.073345811245605,-0.022302456002456,0.017236918924490
1403715899.284058094024658,-0.356422633937033,-2.436839183436879,0.792392609267610,0.102404592457384,0.822464587695211,-0.134641231098517,0.543081062383195,-0.105702379331534,-1.393910605565213,-0.399519150419379,-0.052438168052641,-1.420319344016228,-0.411650500344346,-0.053264211278893,0.026408738451015,0.012131349924967,-0.002621918404419,-0.071016238105227,-0.020582603533319,0.015337736778907
1403715899.334058046340942,-0.359246240936512,-2.506608373786852,0.773550431210440,0.104305467335259,0.827232118391680,-0.133855711547039,0.535621172351712,-0.062819686701542,-1.369629769336590,-0.353560901348987,-0.056472193845652,-1.395385137742438,-0.376843920529778,-0.006347492855890,0.025755368405848,0.023283019180790,-0.002823606999479,-0.069769190349974,-0.018842178057170,0.018178035448657
1403715899.384057998657227,-0.364211921620964,-2.577170915807542,0.762349420041776,0.107133607311840,0.831135223814032,-0.131697878467973,0.529520819918335,-0.011354413030856,-1.349530945810287,-0.266745221943657,-0.099313708401983,-1.411252186288753,-0.224020437015806,0.087959295371128,0.061721240478467,-0.042724784927851,-0.004965680684453,-0.070562542020689,-0.011201011168663,0.016137348515647
1403715899.434057950973511,-0.362318990119633,-2.645795846298710,0.754543498317320,0.110543443432595,0.833726462348485,-0.128583341282592,0.525496581757246,0.053091397116580,-1.326471370410235,-0.195066066934519,0.037858666131460,-1.372499918741298,-0.156118583375406,0.015232730985120,0.046028548331063,-0.038947483559112,0.001892931501331,-0.068624930491169,-0.007805921724456,0.013302104681826
1403715899.484057903289795,-0.358045750099862,-2.712627973212047,0.750506556808413,0.111173738337808,0.834280852610561,-0.127327150588227,0.524789153464966,0.114340442346668,-1.295112230193453,-0.127864202007181,0.085464881901087,-1.336643812989614,-0.080738907176760,0.028875560445582,0.041531582796160,-0.047125294830422,0.004273240019771,-0.066832126913337,-0.004036941508907,0.003336519578826
1403715899.534058094024658,-0.349637612860842,-2.776873820221890,0.745726855933873,0.110267277901987,0.834574606420262,-0.126455497789963,0.524724080656914,0.176712461668130,-1.282238968800094,-0.104417560291014,0.168162103292887,-1.284912038646407,-0.095593652829953,0.008550358375243,0.002673069846313,-0.008823907461061,0.008408137239020,-0.064245847009842,-0.004779700874540,0.002586097543700
1403715899.584058046340942,-0.337912883799499,-2.839063255433710,0.741569039439791,0.108954708096424,0.834379960989517,-0.126021884555236,0.525411683250290,0.234183049547431,-1.255659877169891,-0.100963948800938,0.234494804858516,-1.243789890406882,-0.083156409185778,-0.000311755311084,-0.011869986763010,-0.017807539615160,0.011724729061342,-0.062189435211820,-0.004157816494082,0.003112262579257
1403715899.634057998657227,-0.322697108802252,-2.899245529221722,0.737575225870098,0.106370050892851,0.834771072017255,-0.126423497788072,0.525223541745079,0.292866729829842,-1.232600741014034,-0.094355911877561,0.304315790163104,-1.203646623647111,-0.079876347569870,-0.011449060333262,-0.028954117366923,-0.014479564307691,0.015215774997248,-0.060182273788012,-0.003993813569692,0.005302872892735
1403715899.684057950973511,-0.306616260342579,-2.959062429913093,0.733653537710209,0.106070696448895,0.834395024469135,-0.125259510718512,0.526159676781257,0.350237790975835,-1.207021550934193,-0.096257309391939,0.321617275911592,-1.196339154745335,-0.078433837998117,0.028620515064243,-0.010682396188858,-0.017823471393821,0.016080848459673,-0.059816900691370,-0.003921688159889,0.003138305307522
1403715899.734057903289795,-0.286415822747438,-3.018414163064414,0.729012419802828,0.107031256157726,0.834195076614571,-0.122695303871550,0.526885895394039,0.412828600530078,-1.181589081175966,-0.088632503659634,0.404009137195967,-1.187035795071987,-0.092822446670018,0.008819463334111,0.005446713896020,0.004189943010384,0.020200437595141,-0.059351733151322,-0.004641117907382,0.005679862585161
1403715899.784058094024658,-0.265652051244888,-3.077393147035739,0.725908451779796,0.109740211513102,0.832945379625267,-0.118964418453413,0.529156449152819,0.469932346921167,-1.156424518944096,-0.073807988217078,0.415273845906994,-1.179575179704280,-0.062079123647560,0.054658501014172,0.023150660760183,-0.011728864569518,0.020763771502550,-0.058978983971325,-0.003103968023031,0.010578311259277
1403715899.834058046340942,-0.239205759039122,-3.139071985016608,0.721463926944831,0.113636180834926,0.830456635642232,-0.114384050011163,0.533239987084691,0.516469916500032,-1.126195892704905,-0.056352658701620,0.528926348538794,-1.233577936048980,-0.088890581471970,-0.012456432038762,0.107382043344075,0.032537922770349,0.026446292205766,-0.061678837980869,-0.004444524834965,0.015365906550934
1403715899.884057998657227,-0.212360433119662,-3.194080931816272,0.719282789665454,0.119157574128782,0.827739226833153,-0.108553477385791,0.537461986969172,0.559224250945870,-1.086188623992516,-0.050315585541731,0.536907030423643,-1.100179985206674,-0.043622787189484,0.022317220522227,0.013991361214159,-0.006692798352246,0.026845325919460,-0.055008946799664,-0.002181137279378,0.018941132498909
1403715899.934057950973511,-0.183937054286184,-3.250052954276031,0.717249719594328,0.124721631958283,0.825756449377696,-0.102774970087818,0.540377744134833,0.596611646867379,-1.039678505075454,-0.029900798835963,0.568468118803001,-1.119441516777805,-0.040661440200279,0.028143528064378,0.079763011702350,0.010760641364316,0.028423378833478,-0.055972022459759,-0.002033070071125,0.017525230237132
1403715899.984057903289795,-0.152631951266626,-3.304413311659764,0.714068062888691,0.131037752012805,0.824390772187340,-0.096795685872672,0.542069697987473,0.635494167102959,-0.988147709630160,-0.039331406466963,0.626102657489193,-1.087208184517187,-0.063633194798096,0.009391509613766,0.099060474887027,0.024301788331133,0.031305103019558,-0.054360357383733,-0.003181656705638,0.017930257401379
1403715900.034058094024658,-0.119877727403158,-3.354050009422412,0.711067522400907,0.135480963672316,0.822909383697073,-0.092509948159187,0.543973312026710,0.669449504025865,-0.924623571245228,-0.051426197105182,0.655081978329924,-0.992730168287886,-0.060010580833481,0.014367525695941,0.068106597042658,0.008584383728299,0.032754223863468,-0.049636697762647,-0.003000540487784,0.013255654895252
1403715900.084058046340942,-0.085606477435110,-3.401639652309353,0.707461760552377,0.138362564968336,0.822260238985563,-0.089017338917745,0.544811722864689,0.709791243436330,-0.860628848315733,-0.034530847846618,0.685425653033794,-0.951793765440087,-0.072115305745102,0.024365590402535,0.091164917124353,0.037584457898484,0.034271249968048,-0.047589642886941,-0.003605761848529,0.009300818438535
1403715900.134057998657227,-0.050085135963469,-3.445867411952287,0.703523486950140,0.141001515014860,0.821656222991366,-0.086781703245356,0.545406783937376,0.738326851662140,-0.802224458581920,-0.030310865347270,0.710427506949280,-0.884556036437056,-0.078765547161423,0.027899344712860,0.082331577855136,0.048454681814153,0.035521341471641,-0.044227759642934,-0.003938273602237,0.007122098176673
1403715900.184057950973511,-0.013000421201638,-3.486516865910512,0.699533974231277,0.143783376363173,0.821186033217714,-0.084112085482629,0.545806739245243,0.775010057181901,-0.725913772766930,-0.029829251611107,0.741695002572094,-0.812989854492043,-0.079790330471257,0.033315054609807,0.087076081725113,0.049961078860150,0.037084714761831,-0.040649453958225,-0.003989512718863,0.007809397826492
1403715900.234057903289795,0.026105291273481,-3.523501269565199,0.696090752765986,0.145088999689502,0.820662675129958,-0.082253797105831,0.546531123248542,0.810500136840629,-0.660812981646765,-0.028215150478483,0.782114995385371,-0.739688778515946,-0.068864494980122,0.028385141455258,0.078875796869181,0.040649344501639,0.039105712475119,-0.036984403654688,-0.003443221465291,0.004881199356702
1403715900.284058094024658,0.066630894882963,-3.556002698801214,0.692674701676203,0.146857562866597,0.820511606227214,-0.080754758749835,0.546509130037712,0.843276519070957,-0.584553283154208,-0.028338486735036,0.810508980343246,-0.650026105067487,-0.068320761172620,0.032767538727711,0.065472821913279,0.039982274437584,0.040525603609482,-0.032501429236015,-0.003416051089782,0.004646822418377
1403715900.334058046340942,0.109041924848541,-3.584406224458799,0.689152984464383,0.146856604135175,0.820854099234726,-0.080369194916549,0.546051717422349,0.879896346179761,-0.505911261156219,-0.012678796290576,0.848221408238528,-0.568071054906465,-0.070434411407906,0.031674937941234,0.062159793750247,0.057755615117330,0.042411029965578,-0.028403525657585,-0.003521717211821,0.001378677871137
1403715900.384057998657227,0.152812460813294,-3.608853696111830,0.685873330771664,0.147799403887486,0.820988225260198,-0.079626663004837,0.545704374852656,0.915234289075808,-0.426070980289818,-0.006230458619555,0.875411554152595,-0.488949899359594,-0.065593136408869,0.039822734923214,0.062878919069775,0.059362677789315,0.043770535964754,-0.024447471653032,-0.003279653692719,0.002513055408708
1403715900.434057950973511,0.197930853399194,-3.629658108203288,0.681231370618267,0.145151556555184,0.821375660903323,-0.081506455633305,0.545554531642193,0.942445325257462,-0.340880651506009,-0.021337687151612,0.902368712283855,-0.416088638642206,-0.092839291606391,0.040076612973608,0.075207987136197,0.071501604454779,0.045118392585900,-0.020804412091458,-0.004641960153397,0.006547452866129
1403715900.484057903289795,0.245123151141177,-3.645645900509866,0.678246068649542,0.135726898721706,0.820974731422932,-0.088514998838369,0.547488624821627,0.972838000646646,-0.270700426417676,0.001091299255729,0.943846854962175,-0.319756151074782,-0.059706096314671,0.028991145684471,0.049055724657106,0.060797395570401,0.047192297741984,-0.015987792306578,-0.002985301968725,0.023819906860998
1403715900.534058094024658,0.293810025250841,-3.658969655232652,0.676770475508293,0.126199106260642,0.817983068827909,-0.095375092465920,0.553065164720224,0.997158709960924,-0.211597165343153,0.017224009191083,0.973733767693733,-0.266474077937779,-0.029511750246569,0.023424942267190,0.054876912594626,0.046735759437653,0.048686874109664,-0.013323754722786,-0.001475593141248,0.026675096486743
1403715900.584058046340942,0.343979749512111,-3.669320090492608,0.676501167845451,0.118811754289364,0.813963581331542,-0.100670818690654,0.559653858713373,1.010764718281685,-0.166265628714577,0.026555843390590,1.003395442137863,-0.207008902618192,-0.005386158393480,0.007369276143822,0.040743273903615,0.031942001784070,0.050169724261270,-0.010350435259956,-0.000269307662842,0.023848399393401
1403715900.634057998657227,0.394603692416983,-3.677151482573986,0.677233202346411,0.110187225625031,0.808741871935375,-0.106922188512318,0.567770204828732,1.019775169029373,-0.134790918687242,0.041216123390738,1.012479823673432,-0.156627990999669,0.014640703981649,0.007295345355940,0.021837072312427,0.026575419409090,0.050623942904871,-0.007831392081379,0.000732034500959,0.028747660759845
1403715900.684057950973511,0.446127886185866,-3.684097071764862,0.678576212132866,0.100848819986529,0.802630755180095,-0.113687844884486,0.576791522364777,1.016015584680621,-0.103437062098820,0.041805845913315,1.030484858124611,-0.138911916294230,0.026860221345014,-0.014469273443989,0.035474854195411,0.014945624568302,0.051524193768883,-0.006945589190875,0.001343009786456,0.031731065163048
1403715900.734057903289795,0.495555894581600,-3.688220426656966,0.680687208272517,0.094258947321377,0.795277300008180,-0.118372778535108,0.587058048444482,0.990441902006823,-0.089072480824333,0.044458189676876,0.988561110680022,-0.082467176488909,0.042219963057118,0.001880791326801,-0.006605304335424,0.002238226619759,0.049428008395734,-0.004123354892104,0.002110996139651,0.029990271690178
1403715900.784058094024658,0.544396098184432,-3.692721332502558,0.683285961824495,0.092187180138101,0.787843199074679,-0.119889323204280,0.597018565600418,0.958938419808614,-0.075369895222287,0.056883711330783,0.976800345859023,-0.090017773521295,0.051974872771147,-0.017861926050410,0.014647878299009,0.004908838559636,0.048840203602832,-0.004500905845592,0.002598753551978,0.025382832600276
1403715900.834058046340942,0.591601592219599,-3.695280452478099,0.686914347147262,0.094637160532622,0.780642294024641,-0.118480405631797,0.606303397737134,0.919163307759262,-0.046112938920371,0.068953326648109,0.944110781077556,-0.051182448322203,0.072567775661357,-0.024947473318294,0.005069509401832,-0.003614449013248,0.047205494035168,-0.002559119975541,0.003628385322767,0.024170260367398
1403715900.884057998657227,0.636585325859632,-3.696843769207450,0.691175005495076,0.097287270611268,0.775059995119873,-0.116820517455257,0.613327121235706,0.860684351133225,-0.028821209832447,0.068693704179290,0.899675530798106,-0.031266364404943,0.085213248221975,-0.038991179664881,0.002445154572497,-0.016519544042685,0.044983733640033,-0.001563316729351,0.004260658347814,0.019002499219276
1403715900.934057950973511,0.678461624318484,-3.698191757818577,0.695052842842896,0.100912202005236,0.771112108520151,-0.115093039703348,0.618026241992930,0.795017557309142,-0.000644494512985,0.077836086892758,0.837526767904799,-0.026959797933419,0.077556820920355,-0.042509210595656,0.026315303420434,0.000279265972403,0.041876298458852,-0.001347988611128,0.003877837347820,0.014668618560999
1403715900.984057903289795,0.717549821581410,-3.698149700659502,0.699215899288816,0.103788396854247,0.766799095312573,-0.113371121094054,0.623212728535067,0.730988311494086,0.034928427749783,0.101266253945810,0.781764690807436,0.000841143983675,0.083261208322471,-0.050776379313350,0.034087283766107,0.018005045623339,0.039088197262926,0.000042057159075,0.004163056445920,0.015065124542122
1403715901.034058094024658,0.757169010609096,-3.701292057588224,0.701704731388821,0.104602887703239,0.762158565247200,-0.112743355295402,0.628857291554458,0.667921936518489,0.071278654651685,0.116049494334189,0.792380757861006,-0.062846898832540,0.049776452118003,-0.124458821342517,0.134125553484225,0.066273042216185,0.039619189027686,-0.003142356928722,0.002488832100005,0.014758501726754
1403715901.084058046340942,0.788894873581564,-3.697319350360942,0.706256067110069,0.107070876346195,0.757924835830561,-0.111415223212794,0.633776315987051,0.575900435914444,0.114468873622859,0.116781688290776,0.634517864572741,0.079454220319092,0.091026801234876,-0.058617428658297,0.035014653303766,0.025754887055900,0.031725862972467,0.003972707227282,0.004551335721248,0.014138794439140
1403715901.134057998657227,0.817688516098393,-3.692176064930016,0.711025068274081,0.107069695059018,0.753681153850213,-0.111435281521499,0.638813726185658,0.496261819365599,0.155255636096962,0.131166912685299,0.575873399532256,0.102865806718987,0.095380114241819,-0.079611580166657,0.052389829377975,0.035786798443480,0.028793642516829,0.005143285430925,0.004769001164013,0.013173442806522
1403715901.184057950973511,0.841243260686301,-3.684853386267754,0.718055796810276,0.108340681086863,0.749531743579669,-0.111297999830806,0.643488319568986,0.403157059460417,0.197217511462572,0.134991403923480,0.471095341029682,0.146453712914398,0.140614704824522,-0.067938281569265,0.050763798548174,-0.005623300901041,0.023554744587908,0.007322678662263,0.007030728536194,0.012759908887539
1403715901.234057903289795,0.862035983234674,-3.676307190849776,0.724443816215217,0.107771500685570,0.746564531480097,-0.112069501351241,0.646890354575463,0.315081482991411,0.242519981514689,0.157267592464096,0.415854847557555,0.170924071365452,0.127760509940736,-0.100773364566144,0.071595910149237,0.029507082523360,0.020792722548373,0.008546195417978,0.006388019404941,0.009229823086522
1403715901.284058094024658,0.876916536378035,-3.665526530194492,0.731504636585370,0.107198829358085,0.744860817211716,-0.113428108083283,0.648710134238397,0.208103341769355,0.277499548936148,0.156640992283053,0.297609927575437,0.215612390609688,0.141215868707274,-0.089506585806081,0.061887158326460,0.015425123575779,0.014880553143361,0.010780660655284,0.007060820370153,0.005792412586979
1403715901.334058046340942,0.888250945657883,-3.652731791049020,0.739549746037693,0.105565713382319,0.745620014552536,-0.115720859686244,0.647700051482348,0.115365365663449,0.321535523082880,0.155120000959009,0.226688401783868,0.255895026949953,0.160902342494895,-0.111323036120419,0.065640496132927,-0.005782341535886,0.011334409279848,0.012794739145472,0.008045109452323,0.006171039793195
1403715901.384057998657227,0.894014181470716,-3.637712119248590,0.747138257623683,0.103327234374016,0.749004621621750,-0.118429747571106,0.643653598075953,0.025358342470949,0.357335934486241,0.136304010176030,0.115264826181767,0.300393722486379,0.151770376459311,-0.089906483710817,0.056942211999862,-0.015466366283281,0.005763235812833,0.015019671800430,0.007588511585990,0.012677278343725
1403715901.434057950973511,0.894891122831275,-3.620728585976733,0.754978723462229,0.099692351675748,0.755046078772627,-0.121954685215298,0.636469880435419,-0.061676572752429,0.382036539262221,0.128218442676227,0.017538843937537,0.339670989372631,0.156809466316083,-0.079215416689966,0.042365549889590,-0.028591023639856,0.000876941360560,0.016983533271857,0.007840465838546,0.021330132620386
1403715901.484057903289795,0.892396949023273,-3.603349866835817,0.761257192363623,0.098202553479138,0.762186721711372,-0.124436311028270,0.627648997636995,-0.141150585040922,0.399971473742824,0.142144898752051,-0.049883523732680,0.347574714291408,0.125569497780270,-0.091267061308243,0.052396759451416,0.016575400971780,-0.002494173808002,0.017378719140916,0.006278468901393,0.023424456311137
1403715901.534058094024658,0.887096262197274,-3.585260014565717,0.766432586177081,0.097263780409353,0.768200444841059,-0.126211265782565,0.620063343502939,-0.200309963231311,0.420435320686471,0.157864399240828,-0.106013332111222,0.361795665261058,0.103507481419467,-0.094296631120089,0.058639655425413,0.054356917821361,-0.005300686825999,0.018089852270100,0.005175393813459,0.019772664955481
1403715901.584058046340942,0.877100857844423,-3.564813844892715,0.774091619746886,0.098139972825558,0.771755254187786,-0.126802027233017,0.615372748224149,-0.250459984541026,0.429339126006170,0.178246057950090,-0.199908277704405,0.408923783440151,0.153180817480701,-0.050551706836621,0.020415342566019,0.025065240469389,-0.009995404352851,0.020446169673002,0.007659033569804,0.011959125777082
1403715901.634057998657227,0.862464211162896,-3.541756686199733,0.783439023097452,0.100454216430764,0.773474870877475,-0.126027373899282,0.612994841373404,-0.302135598752549,0.454112901156622,0.173128047432279,-0.292733212802695,0.461143613640451,0.186948245299059,-0.009402385949854,-0.007030712483829,-0.013820197866780,-0.014636646681527,0.023057158692982,0.009347403350566,0.007633439980995
1403715901.684057950973511,0.846156074358017,-3.518706950952419,0.791743229326120,0.100022299627893,0.774631624320179,-0.126711348792136,0.611461871474835,-0.353606154521334,0.471829228839048,0.170140311857323,-0.326163047150887,0.460995144585510,0.166084282963684,-0.027443107370447,0.010834084253538,0.004056028893639,-0.016308136804878,0.023049735247314,0.008304206228668,0.004167709484650
1403715901.734057903289795,0.827094191298174,-3.494579508686560,0.798072894969551,0.100549407803761,0.777659657803845,-0.126935926485773,0.607472257623274,-0.400866262140142,0.493150230520730,0.139857391471318,-0.381238024773780,0.482549305512060,0.126593433597534,-0.019628237366362,0.010600925008670,0.013263957873783,-0.019061883059843,0.024127442265859,0.006329665643431,0.010082526956320
1403715901.784058094024658,0.805347360388939,-3.469476685921064,0.805003849331793,0.100187972871746,0.781114022454835,-0.127679779059383,0.602927133272028,-0.432027121050305,0.508173560300674,0.134298569895536,-0.434934959039495,0.502054540123841,0.138618558456993,0.002907837989190,0.006119020176833,-0.004319988561457,-0.021746830909235,0.025102822765496,0.006930954362241,0.011536868663382
1403715901.834058046340942,0.783908627535894,-3.444489764359046,0.811068363604177,0.099891650940247,0.785081067842173,-0.128016225949098,0.597730056866789,-0.463365961065797,0.521161383534338,0.129004860697213,-0.428775065972672,0.499738907828530,0.121290401119229,-0.034590895093125,0.021422475705808,0.007714459577985,-0.021438732853045,0.024986921562018,0.006064514272384,0.013106976642343
1403715901.884057998657227,0.757205248527540,-3.416615138347351,0.816569145220614,0.100537877712792,0.788278117445308,-0.127467807790157,0.593516387877420,-0.485739731019394,0.531633064954393,0.128907286430155,-0.534068089494101,0.557493051900707,0.110015737247909,0.048328358474708,-0.025859986946314,0.018891549182246,-0.026703379008354,0.027874626011695,0.005500781616436,0.010713463053624
1403715901.934057950973511,0.731315316378982,-3.389444541747002,0.821411704450660,0.099391039383111,0.790251257000923,-0.128044750958254,0.590955932241013,-0.519074881827426,0.546058076392241,0.112571407378087,-0.517799136782888,0.543412450245469,0.096851276965505,-0.001275745044538,0.002645626146772,0.015720130412581,-0.025889932148558,0.027170596600349,0.004842559230047,0.006956242244561
1403715901.984057903289795,0.703674218334303,-3.361208122512716,0.826655594568243,0.098618876020396,0.791697642349292,-0.128246540323641,0.589102695025293,-0.535925650208164,0.558463018721436,0.105842814860752,-0.552822488106199,0.564728923253192,0.104877902371024,0.016896837898034,-0.006265904531756,0.000964912489728,-0.027641098044680,0.028236419234286,0.005243890117583,0.004965270234750
1403715902.034058094024658,0.675267808566994,-3.332861712217432,0.832207870211889,0.098005443969349,0.791377692769125,-0.128244092732389,0.589635254219957,-0.568121859552009,0.567082268965784,0.103476378842143,-0.568126028117379,0.566926043254443,0.111045089269526,0.000004168565370,0.000156225711341,-0.007568710427383,-0.028406409767309,0.028346410295284,0.005552275643646,0.001746186645265
1403715902.084058046340942,0.646098316405341,-3.304388949720510,0.837396428551940,0.098710121319891,0.790235071153973,-0.127598638719663,0.591188152506608,-0.586768890813572,0.574820060563853,0.096466525009659,-0.583390399597500,0.569455793013811,0.103771265764999,-0.003378491216072,0.005364267550042,-0.007304740755340,-0.029169492161653,0.028472762496922,0.005188558340050,0.004303607826748
1403715902.134057998657227,0.615932221220771,-3.274869365187576,0.841529073169352,0.101248447479497,0.790199515864850,-0.125311605222129,0.591295593258229,-0.598282341269094,0.596438363825647,0.085056808303518,-0.603322479064551,0.590392253700603,0.082652971172250,0.005040137795458,0.006046110125044,0.002403837131268,-0.030166095184570,0.029519584532934,0.004132644617412,0.006837087387604
1403715902.184057950973511,0.585181283240622,-3.244840524927795,0.845328049203178,0.103851343343349,0.790207154069377,-0.122582647610844,0.591405991386690,-0.614544211191088,0.605302040145486,0.073457249794585,-0.615019346131133,0.600577377950850,0.075979593136308,0.000475134940046,0.004724662194636,-0.002522343341723,-0.030750937980149,0.030028840259781,0.003798976033826,0.007545737736295
1403715902.234057903289795,0.553977307926688,-3.214674088070265,0.848310170039567,0.107720258200092,0.791784896209962,-0.119648736577598,0.589200478566056,-0.623776685481997,0.622032054477578,0.055743649125742,-0.624080101447847,0.603329312530271,0.059642473607278,0.000303415965850,0.018702741947307,-0.003898824481536,-0.031203975313934,0.030166436857530,0.002982120836389,0.011122944377348
1403715902.284058094024658,0.522255995338722,-3.183195962253221,0.850347420334675,0.109414611038231,0.794190400980854,-0.117966900311024,0.585981109176936,-0.636189230508551,0.648691646208922,0.043723523843343,-0.634423831624459,0.629560114759636,0.040744850472893,-0.001765398884092,0.019131531449286,0.002978673370449,-0.031721312587966,0.031478125817044,0.002037250295108,0.009348847419925
1403715902.334058046340942,0.489532350128728,-3.150824255641918,0.851881558947246,0.112094827575015,0.797264090090732,-0.115790008262305,0.581719343214012,-0.655436784379134,0.664351923392624,0.041543546819666,-0.654473528354472,0.647434749667947,0.030682801512827,-0.000963256024661,0.016917173724677,0.010860745306839,-0.032723645209994,0.032371706611303,0.001534138612571,0.012575017102008
1403715902.384057998657227,0.456354603687705,-3.117446669380593,0.853410712372136,0.112889908046928,0.799948433301604,-0.114822203582997,0.578060753108019,-0.657048116261127,0.689521645911594,0.040006999440248,-0.663555561636351,0.667552361854034,0.030583097664108,0.006507445375224,0.021969284057559,0.009423901776139,-0.033177746441023,0.033377586261325,0.001529153424890,0.009414843559583
1403715902.434057950973511,0.423495030612868,-3.083124017539447,0.855836688567300,0.113109012315496,0.801827159543184,-0.114236930819414,0.575525395781005,-0.661836541355740,0.720251267895985,0.042148764294979,-0.657192088243971,0.686453691476173,0.048519570175156,-0.004644453111769,0.033797576419812,-0.006370805880177,-0.032859573074838,0.034322651841146,0.002425976195164,0.006433726409769
1403715902.484057903289795,0.390029378813849,-3.046327243019865,0.857501514681624,0.109002821829098,0.803972011732544,-0.116616347154610,0.572842052192692,-0.660752211365695,0.746386696739606,0.047294509934376,-0.669313674287623,0.735936192235095,0.033296554040538,0.008561462921928,0.010450504504511,0.013997955893838,-0.033465651799018,0.036796774519583,0.001664826114324,0.011717208593788
1403715902.534058094024658,0.356732589487813,-3.008942884553847,0.859514503392483,0.102949398426054,0.806090562062627,-0.120681136582078,0.570136378764353,-0.651254734061501,0.760940807643508,0.048378478411987,-0.665933246186990,0.747684317131041,0.040259620638917,0.014678512125489,0.013256490512467,0.008118857773070,-0.033296789326036,0.037384358466018,0.002012988710859,0.016121504149157
1403715902.584058046340942,0.323819774141169,-2.971081652884056,0.861564736051302,0.097081288856386,0.808559653965984,-0.123404910921791,0.567078246181933,-0.641831880342469,0.779870312287614,0.047411857032466,-0.658256934695623,0.757225355542199,0.041004692281497,0.016425054353154,0.022644956745415,0.006407164750969,-0.032912815346645,0.037861231669791,0.002050232658819,0.015139685587886
1403715902.634057998657227,0.290981017548632,-2.932312889208625,0.863874684128884,0.091209031689786,0.810646531487328,-0.124411061542858,0.564849538630913,-0.629203891136474,0.784227233021798,0.067251461249434,-0.656775758200905,0.775376012964801,0.046199005610443,0.027571867064431,0.008851220056997,0.021052455638992,-0.032838756592537,0.038768763675431,0.002309948077582,0.013389265226756
1403715902.684057950973511,0.259124111199883,-2.893480055141604,0.866188396603557,0.084771638373172,0.813220824760493,-0.124101032611978,0.562214010149189,-0.622906905378811,0.787889329581182,0.029624439195642,-0.637138734597831,0.776657422018665,0.046274293624073,0.014231829219021,0.011231907562517,-0.016649854428431,-0.031856906348749,0.038832834067021,0.002313712474673,0.014847141135111
1403715902.734057903289795,0.227790319664320,-2.854403683644120,0.866636471017671,0.078578555290900,0.817115566302473,-0.121225773802757,0.558078734338182,-0.609656179822370,0.784572613479261,-0.010350494694850,-0.626676428356466,0.781528175273019,0.008961496828638,0.017020248534097,0.003044438206242,-0.019311991523488,-0.031333791535563,0.039076371497484,0.000448074414114,0.017764169290921
1403715902.784058094024658,0.198411177864759,-2.816379503477640,0.864790795668033,0.072869653399652,0.820947616991471,-0.116250980129522,0.554274961899205,-0.573312859610201,0.764543320131264,-0.064098422132555,-0.587580594549129,0.760480702325953,-0.036913366179456,0.014267734938928,0.004062617805311,-0.027185055953099,-0.029379141799561,0.038024180166480,-0.001845675349639,0.018600435863600
1403715902.834058046340942,0.170220256937660,-2.778232742568338,0.859738808287475,0.066133952498301,0.824441496048158,-0.110579263692670,0.551085062728083,-0.537843410164255,0.759001936171487,-0.124136335345012,-0.563818956241646,0.762935945778439,-0.101039843970264,0.025975546077391,-0.003934009606952,-0.023096491374748,-0.028190920927099,0.038146760909301,-0.005051987380558,0.019992149817369
1403715902.884057998657227,0.143680507303912,-2.740469029551111,0.851364592541990,0.060564572982375,0.828269120898319,-0.102873028497236,0.547466287431104,-0.501923176018266,0.751381093612646,-0.170514697758992,-0.530795498880999,0.755274980630900,-0.167484474635329,0.028872322862733,-0.003893887018254,-0.003030223123663,-0.026539749633748,0.037763713017227,-0.008374215745484,0.021739499445240
1403715902.934057950973511,0.118960205888921,-2.703227904135396,0.841181703608857,0.055256004392756,0.830951085538847,-0.094531118104135,0.545463963182117,-0.470537301029667,0.732089748792330,-0.188995379022289,-0.494406499802588,0.744823218633074,-0.203657972886043,0.023869198772921,-0.012733469840744,0.014662593863754,-0.024720301414990,0.037241125415715,-0.010182888933133,0.020877892208924
1403715902.984057903289795,0.095271850311847,-2.666757671504752,0.830474227683924,0.052825109136033,0.832906557179460,-0.083136129406313,0.544577413082440,-0.428622176363171,0.730562604429969,-0.182387119740235,-0.473767563361446,0.729405348228028,-0.214149722727753,0.045145386998275,0.001157256201941,0.031762602987518,-0.023688355577074,0.036470232630644,-0.010707475924933,0.023695273915052
1403715903.034058094024658,0.074635049861133,-2.629866600436624,0.820790592879708,0.047672694623130,0.833419983893798,-0.072345881859154,0.545806300817289,-0.395611051018315,0.722239643606038,-0.167969473613335,-0.412734434557360,0.737818606807939,-0.193671957284431,0.017123383539046,-0.015578963201901,0.025702483671097,-0.020636800450714,0.036891071068128,-0.009683634804216,0.024062612958063
1403715903.084058046340942,0.056629499291251,-2.595302064782800,0.811310691004289,0.044627086799338,0.834093449478928,-0.059548399070755,0.546580761487502,-0.355744488333314,0.713742233502175,-0.170490162731216,-0.360111354826595,0.691291372343307,-0.189598218323341,0.004366866493281,0.022450861158868,0.019108055592125,-0.018005550569882,0.034564535653824,-0.009479901875419,0.026389934752007
1403715903.134057998657227,0.039225184819828,-2.558956605995964,0.802070210076785,0.041517025668693,0.834251548508609,-0.046624199174554,0.547838365251964,-0.315992222115905,0.718044299579685,-0.152949480063894,-0.348086621389730,0.726909868971982,-0.184809794798423,0.032094399273824,-0.008865569392297,0.031860314734529,-0.017404314471423,0.036345458786835,-0.009240480927503,0.026707050413286
1403715903.184057950973511,0.023405390443078,-2.523082951401038,0.793603129740858,0.039678812502994,0.834261924613372,-0.034184589105520,0.548875256179791,-0.288103010146319,0.718337452431258,-0.140243720501538,-0.316396189273913,0.717473776134848,-0.169341768215449,0.028293179127594,0.000863676296410,0.029098047713911,-0.015819794376750,0.035873654594927,-0.008467080335928,0.025234919363570
1403715903.234057903289795,0.008729166920106,-2.487026642999666,0.785492093748814,0.034865943956942,0.834893106722262,-0.025875283872255,0.548696943662138,-0.254590173495387,0.731976086307212,-0.141612852323310,-0.293524750386462,0.721126855747590,-0.162220874546750,0.038934576891075,0.010849230559622,0.020608022223440,-0.014676223522972,0.036056308401371,-0.008111035992043,0.019249847633177
1403715903.284058094024658,-0.005060187131003,-2.450832444674433,0.777128789059401,0.029020553245226,0.837147373128537,-0.019933425801388,0.545843147515064,-0.227284060384162,0.732165746191178,-0.148711407321519,-0.275786028981960,0.723881205117010,-0.167265455721193,0.048501968597798,0.008284541074168,0.018554048399674,-0.013789354051109,0.036194198325233,-0.008363304689413,0.018187986071676
1403715903.334058046340942,-0.015754501469572,-2.413958046984825,0.769991230738821,0.023408193150786,0.839384160020382,-0.015533654606593,0.542812116643370,-0.183316955172921,0.740821293788690,-0.142034378819492,-0.213886490749441,0.737488657116160,-0.142751302549841,0.030569535576520,0.003332636672530,0.000716923730348,-0.010694314338569,0.036874397689608,-0.007137558320579,0.016130379875999
1403715903.384057998657227,-0.025095953104323,-2.377301419515637,0.763003499529271,0.016880078486407,0.842293528699656,-0.011297395580769,0.538636281097056,-0.142867065871537,0.754435422444798,-0.097817603783598,-0.186829210869233,0.733133248554109,-0.139754757471520,0.043962144997695,0.021302173890689,0.041937153687922,-0.009341451634751,0.036656627469188,-0.006987731209550,0.018597292624330
1403715903.434057950973511,-0.031852840590260,-2.339959854941970,0.758874276394061,0.009798854710949,0.844421173588302,-0.006566761901251,0.535549943217474,-0.081739943065078,0.761678354130104,-0.038026854809982,-0.135137878596276,0.746832003707832,-0.082584541462968,0.053397935531198,0.014846350422273,0.044557686652986,-0.006756887485938,0.037341564573667,-0.004129223135211,0.018609202460742
1403715903.484057903289795,-0.033546465225573,-2.303763593478356,0.759227628652498,0.003443501498266,0.846025889867409,-0.000265717566407,0.533130626925208,-0.031327192187433,0.773693264855433,0.030730636305540,-0.033872525009603,0.723925919661832,0.007067051908415,0.002545332822169,0.049767345193602,0.023663584397125,-0.001693624635312,0.036196261463614,0.000353352258437,0.018817282784064
1403715903.534058094024658,-0.033143556660422,-2.265334477138398,0.762801625879507,0.003790894787013,-0.846879014558312,-0.006793219166685,-0.531728705253731,0.032225696386274,0.777603710094014,0.100696910895649,0.008058140563650,0.768579394901443,0.071479671866867,0.024167555822624,0.009024315192571,0.029217239028782,0.000402908565151,0.038429116339958,0.003573997227009,0.020480156230841
1403715903.584058046340942,-0.028516567195702,-2.226740864057343,0.770738391086006,0.010401681070963,-0.846543873209899,-0.015795395961877,-0.531982876818500,0.092964380237624,0.777331637264028,0.168787483953725,0.092539877547298,0.771872997736561,0.158735455511916,0.000424502690326,0.005458639527468,0.010052028441809,0.004626989464720,0.038593613081055,0.007936765206499,0.022353514771620
1403715903.634057998657227,-0.016721924398358,-2.191976231201480,0.782705990008496,0.017741640686014,-0.846645333180627,-0.025613042373559,-0.531244657431586,0.160582714158791,0.779254920914808,0.248972083564023,0.235893080912064,0.695293320200639,0.239352206713837,-0.075310366753273,0.083961600714169,0.009619876850187,0.011794642797345,0.034764632855863,0.011967598922489,0.024561624189691
1403715903.684057950973511,-0.004235275632791,-2.155408796075573,0.798843187880593,0.025375048860137,-0.845171020240021,-0.036529819302498,-0.532642117883589,0.214603822250342,0.776681287365283,0.325290241585871,0.249733213475480,0.731349399987290,0.322744265234856,-0.035129391225138,0.045331887377993,0.002545976351015,0.012486648765566,0.036567435125908,0.016137197872097,0.026949892812091
1403715903.734057903289795,0.014685632924946,-2.119735228743675,0.818780609072380,0.032365283490339,-0.842468937562482,-0.048597458640656,-0.535571530872023,0.270691895967646,0.776257497227839,0.388965878114334,0.378418532042768,0.713472027057898,0.398748804112233,-0.107726636075122,0.062785470169941,-0.009782925997899,0.018920908557737,0.035673567331898,0.019937421191787,0.029008805479654
1403715903.784058094024658,0.033599061320830,-2.082137735254747,0.841355008109981,0.044544484248320,-0.838518175883039,-0.058061274924069,-0.539936983351783,0.331217981142609,0.784111137510511,0.460297502850495,0.378267124943114,0.751947001328396,0.451486258468623,-0.047049143800506,0.032164136182116,0.008811244381872,0.018913428395884,0.037597493488928,0.022574399037601,0.033019305506441
1403715903.834058046340942,0.054792928239566,-2.045341722866158,0.867467746200660,0.056370721621839,-0.834444024511785,-0.069293860690342,-0.543804994985369,0.380810302481602,0.773314590417156,0.519206317989291,0.423877742616045,0.735920949600682,0.522255259875018,-0.043067440134443,0.037393640816474,-0.003048941885727,0.021193866918736,0.036796012388589,0.026112738090679,0.034502085568040
1403715903.884057998657227,0.077727279768261,-2.009711438497455,0.896288516684281,0.069804640313429,-0.829280648771113,-0.080942452431515,-0.548515484885201,0.410192426329966,0.765969831242595,0.565483420279472,0.458687468012347,0.712606366968443,0.576415959385522,-0.048495041682382,0.053363464274153,-0.010932539106050,0.022934351528694,0.035630284368703,0.028820770483621,0.038210999896529
1403715903.934057950973511,0.102686629023170,-1.973852153100554,0.926374171661746,0.081824217788080,-0.824081007639341,-0.095102574957622,-0.552404553265020,0.448494914670005,0.756865311744278,0.565923223795498,0.499187461160446,0.717186391900264,0.601713673388160,-0.050692546490440,0.039678919844015,-0.035790449592662,0.024959349254909,0.035859285396901,0.030085654977464,0.039352403933678
1403715903.984057903289795,0.127400005059529,-1.937882159533503,0.955344894039464,0.093288597413650,-0.818365899872335,-0.110836790539792,-0.556138199894213,0.455730646816573,0.748394395735697,0.565029516065565,0.494267992097882,0.719400557414873,0.579415000127583,-0.038537345281309,0.028993838320824,-0.014385484062018,0.024713376036360,0.035969993567052,0.028970722377719,0.041260887513658
1403715904.034058094024658,0.151556649005874,-1.901934112850900,0.984123504666943,0.107105971752216,-0.812952855221444,-0.125583070069706,-0.558448617613280,0.465725521853183,0.729631801829016,0.558832245252892,0.483131035928247,0.718958191044201,0.575570016924206,-0.017405514075065,0.010673610784816,-0.016737771671314,0.024156643946344,0.035948046682602,0.028778610627479,0.042096462175675
1403715904.084058046340942,0.176277128214076,-1.867120491466245,1.012180247252035,0.120631783286492,-0.808209262697977,-0.140982094103316,-0.558900536493352,0.464054865089685,0.708362756550105,0.530500910230928,0.494410055670206,0.696273091710870,0.561135386842236,-0.030355190580521,0.012089664839235,-0.030634476611309,0.024720479208202,0.034813621384655,0.028056742585091,0.042085615528934
1403715904.134057998657227,0.201375808317464,-1.832887963837348,1.039808769217228,0.133854123642751,-0.803431718903641,-0.156809735514276,-0.558561772314678,0.476286278445547,0.680617979478850,0.535865876424955,0.501974080787561,0.684651205512207,0.552570966276604,-0.025687802342014,-0.004033226033357,-0.016705089851649,0.025098680103389,0.034232527628897,0.027628521965193,0.042346237167787
1403715904.184057950973511,0.228013158318873,-1.803216493334965,1.066268227303161,0.144015684893572,-0.799041940138183,-0.175287630370338,-0.556835439824007,0.468995540858930,0.640821264081195,0.501600514069823,0.532747508095783,0.593429975986588,0.529189666393253,-0.063751967236853,0.047391288094607,-0.027589152323430,0.026637350001408,0.029671470502383,0.026459458085933,0.043218444091030
1403715904.234057903289795,0.252364992470773,-1.771435462006451,1.092671120942054,0.153981349600299,-0.794493002023872,-0.193740448776631,-0.554558610264232,0.466846666798243,0.622184812593389,0.501695595236449,0.487037147512829,0.635621232745935,0.528058376373570,-0.020190480714587,-0.013436420152546,-0.026362781137121,0.024351834151901,0.031781031328515,0.026402893638893,0.043160901055692
1403715904.284058094024658,0.276519710476735,-1.741716292471942,1.118304134376898,0.160613547672222,-0.788561873522722,-0.214531562429744,-0.553488634618571,0.473819294267010,0.598277654694875,0.481025141129833,0.483092517267529,0.594381123306133,0.512658313060618,-0.009273223000519,0.003896531388742,-0.031633171930785,0.024154718005962,0.029719169534509,0.025633013434844,0.045281408445308
1403715904.334058046340942,0.298335148777571,-1.715169715917729,1.141593427168296,0.167909963175607,-0.780949786122563,-0.234119067212439,-0.554176811305803,0.470901454713081,0.590509401847284,0.467313893900063,0.436309182113583,0.530932037420499,0.465786300036389,0.034592272599499,0.059577364426786,0.001527593863673,0.021815438300836,0.026546576554213,0.023289292791398,0.044512736672205
1403715904.384057998657227,0.321498051446343,-1.684955916150717,1.164656008359057,0.174328018401588,-0.773166953393152,-0.253437150869684,-0.554609966318659,0.458141883096554,0.586821566142707,0.399257253591800,0.463258495173162,0.604276571623286,0.461252063699462,-0.005116612076609,-0.017455005480580,-0.061994810107662,0.023162902668772,0.030213799767012,0.023062581190761,0.043596271032415
1403715904.434057950973511,0.343254362830180,-1.655966224658777,1.184517836972385,0.183413260099842,-0.765861806515901,-0.269247388283230,-0.554365505097863,0.449392604868183,0.581040937911291,0.351326883951382,0.435126642645855,0.579794382773822,0.397236951101244,0.014265962222328,0.001246555137469,-0.045910067149862,0.021756311383838,0.028989691491941,0.019861828613328,0.039290842111308
1403715904.484057903289795,0.363955959606606,-1.630603930678374,1.200361198551976,0.190886480003226,-0.758763071301320,-0.284719644657250,-0.553873340509917,0.432069629922850,0.571086778641355,0.287395312027229,0.414032330380512,0.507246363355876,0.316867533780257,0.018037299542338,0.063840415285479,-0.029472221753029,0.020701596776426,0.025362293980402,0.015843361579591,0.037195912150911
1403715904.534058094024658,0.385979366912121,-1.600658520724650,1.213266595253960,0.195459981627504,-0.750958229523502,-0.301251624863705,-0.554170182895183,0.420028098266856,0.570791449593617,0.232489423991743,0.440466465864077,0.598905914429721,0.258106949439799,-0.020438367597221,-0.028114464836103,-0.025617525448056,0.022023407305515,0.029945409953724,0.012905396701984,0.037695489027015
1403715904.584058046340942,0.406382358988658,-1.574012110210602,1.223899968783433,0.200555332372443,-0.742581114669232,-0.317041985659170,-0.554829006201794,0.389743317542707,0.569481961314458,0.159271113485639,0.408060230687299,0.532928718521410,0.212667673405154,-0.018316913144593,0.036553242793048,-0.053396559919515,0.020402992076537,0.026646410514049,0.010633373529473,0.037197750802732
1403715904.634057998657227,0.424453376735830,-1.545715318481052,1.231808665578938,0.206152212784944,-0.734052862091720,-0.332260093841579,-0.555221479104700,0.354548508733042,0.570035203997078,0.102338839033230,0.361420699621074,0.565936374309981,0.158174086756666,-0.006872190888033,0.004098829687097,-0.055835247723436,0.018071017747172,0.028296791729550,0.007908696795505,0.036650261188103
1403715904.684057950973511,0.439707185687337,-1.519177584925935,1.236978985891244,0.214385358398097,-0.725443550407717,-0.346129856479993,-0.554945669169069,0.306524065083344,0.569997413169771,0.036014429247728,0.305076469973739,0.530755177269906,0.103406504862255,0.001447595109605,0.039242235899865,-0.067392075614527,0.015253808951507,0.026537733555116,0.005170320312306,0.036571061643962
1403715904.734057903289795,0.452936524345619,-1.491734104638536,1.239143286525653,0.227143140818358,-0.718656312611639,-0.357837355726698,-0.551263571052122,0.256329237998985,0.568412380882156,-0.027377307780831,0.264587025495502,0.548870129191335,0.043286053968969,-0.008257787496518,0.019542251690821,-0.070663361749800,0.013229338658283,0.027443480287400,0.002164300634409,0.037918953674268
1403715904.784058094024658,0.464839237778646,-1.463879139519554,1.237801863985733,0.242905477250156,-0.713405708624390,-0.368302198716693,-0.544428796487159,0.220421586702343,0.571926417997405,-0.081384640472684,0.238053360559037,0.557097177222555,-0.026828348456377,-0.017631773856693,0.014829240774850,-0.054556292016307,0.011902713433027,0.027854965118982,-0.001341422539920,0.041581858778929
1403715904.834058046340942,0.476144356967035,-1.435697355760421,1.231297699311926,0.258330603697544,-0.708024279599144,-0.380021488057766,-0.536237435569111,0.179668979768607,0.564575567320200,-0.134063279189495,0.226102599396011,0.563636212708039,-0.130083417533343,-0.046433619627404,0.000939354612162,-0.003979861656152,0.011305119188388,0.028181783759133,-0.006504164673806,0.043421329081320
1403715904.884057998657227,0.484803223671624,-1.408707523166693,1.221980515194087,0.274342445063238,-0.700629837371310,-0.392259798953112,-0.529137320501059,0.157592713173478,0.556170225840875,-0.202057569356997,0.173177499246711,0.539797166665256,-0.186343860068147,-0.015584786073233,0.016373059175618,-0.015713709288850,0.008658866704589,0.026989832593728,-0.009317184117840,0.045222406382102
1403715904.934057950973511,0.491237508380328,-1.381006920475512,1.209871064885627,0.289738172007821,-0.691496060464255,-0.405135065427037,-0.523211781982605,0.118052387572613,0.542088850875346,-0.263808703268665,0.128685816898446,0.554012582171200,-0.242189237138842,-0.010633429325833,-0.011923731295854,-0.021619466129823,0.006434284708704,0.027700602691181,-0.012109450308459,0.045666680778575
1403715904.984057903289795,0.494926066679500,-1.354849093689241,1.194110938909367,0.305161266739667,-0.681403199783250,-0.418434398618484,-0.517183656605444,0.091487326103352,0.523764770880330,-0.313860672380894,0.073771236337168,0.523157034646847,-0.315202820126040,0.017716089766183,0.000607736233483,0.001342147745146,0.003688558299172,0.026157826786271,-0.015760125976260,0.047030786849712
1403715905.034058094024658,0.499182819539954,-1.330636743602700,1.176473626780695,0.319392827931393,-0.669170912801741,-0.432497348788967,-0.512976173147044,0.067029840967530,0.496146116516985,-0.356923417627748,0.085134732445848,0.484245154482149,-0.352744896958449,-0.018104891478318,0.011900962034836,-0.004178520669299,0.004256752860454,0.024212350086541,-0.017637312128672,0.047651338541031
1403715905.084058046340942,0.502470889524076,-1.306906699152943,1.157287313380010,0.332826987473672,-0.656300617869889,-0.446275305901623,-0.509248511765342,0.047264603902791,0.472394025133906,-0.424556679258084,0.065761462397466,0.474601341610241,-0.383726633963929,-0.018496858494674,-0.002207316476335,-0.040830045294155,0.003288069984122,0.023730044449757,-0.019186313400685,0.046898780032227
1403715905.134057998657227,0.504651937713133,-1.285805855900220,1.134962967303171,0.346468415227980,-0.642843999022371,-0.458694567093581,-0.506271196385071,0.030463315785893,0.425159432452594,-0.484810218211461,0.043621005381374,0.422017267521496,-0.446487347340300,-0.013157689595481,0.003142164931099,-0.038322870871162,0.002181048189057,0.021100843252723,-0.022324346076839,0.046056271294954
1403715905.184057950973511,0.507483407818489,-1.268029803470426,1.111184314394590,0.356997845704023,-0.628980253680808,-0.471461589285260,-0.504638829729668,0.019020303374645,0.389110071897470,-0.492596833397691,0.056629456113182,0.355521387647498,-0.475573511713869,-0.037609152738538,0.033588684249972,-0.017023321683822,0.002831470105356,0.017776052429794,-0.023778652908581,0.043301368477819
1403715905.234057903289795,0.506718002245868,-1.252147422451632,1.085395609437257,0.365837617540801,-0.616586242419195,-0.483840494517137,-0.501879088144605,-0.014727623004031,0.330310049097009,-0.504462839899047,-0.015308126051394,0.317647923308555,-0.515774591027625,0.000580503047364,0.012662125788453,0.011311751128578,-0.000765405572621,0.015882381018794,-0.025788704957332,0.039629251585135
1403715905.284058094024658,0.504128397543366,-1.239675726076483,1.058961759424535,0.369466274998551,-0.607612227857311,-0.498655947694389,-0.495625158790371,-0.046147640424523,0.267497946414903,-0.530682957604840,-0.051791896479630,0.249432975991675,-0.528674983519438,0.005644256055107,0.018064970423228,-0.002007974085402,-0.002589604702502,0.012471696375148,-0.026433850012723,0.037540363423659
1403715905.334058046340942,0.497222368272654,-1.233620746291658,1.033815849526675,0.372416361592864,-0.601072500580758,-0.513008617656812,-0.486662162976921,-0.083471518234117,0.206346729126562,-0.523846906766467,-0.138120717136419,0.121099711186199,-0.502918677577820,0.054649198902302,0.085247017940363,-0.020928229188647,-0.006906029270712,0.006054979784826,-0.025145909897860,0.036759487622875
1403715905.384057998657227,0.491381921969660,-1.227671656784923,1.008587248667919,0.374273493838041,-0.594887059109852,-0.527328893414284,-0.477444213374049,-0.121378637419017,0.159509670694541,-0.488816184669718,-0.116809037457674,0.118981903604670,-0.504572498372959,-0.004569599961343,0.040527767089870,0.015756313703241,-0.005840446302995,0.005949089506734,-0.025228600858756,0.036428488351919
1403715905.434057950973511,0.483241831487436,-1.222759054376702,0.985174610186499,0.377566335596151,-0.588236315850671,-0.540180471177809,-0.468643529238423,-0.171386513615149,0.122292822720473,-0.476321279588071,-0.162801964904530,0.098252141864980,-0.468253216189463,-0.008584548710619,0.024040680855494,-0.008068063398609,-0.008140090482224,0.004912602408222,-0.023412638481420,0.034507835067544
1403715905.484057903289795,0.470937992853484,-1.222276127639371,0.962618822179974,0.381106302912607,-0.582623784530142,-0.552605899683505,-0.458185804248716,-0.206971825877769,0.083043507395426,-0.464146259710447,-0.246077007356364,0.009658543957707,-0.451116190348432,0.039105181478596,0.073384963437719,-0.013030069362015,-0.012303838633952,0.000482926737330,-0.022555788006525,0.035088177876379
1403715905.534058094024658,0.458723504614795,-1.221577408604714,0.940822860804498,0.384107897286333,-0.576097305058167,-0.564851333089056,-0.448905323932012,-0.250177904108833,0.057483295048994,-0.462820919234992,-0.244288832885825,0.013974327385330,-0.435917564615970,-0.005889071223008,0.043508967663664,-0.026903354619022,-0.012214488238688,0.000698719034658,-0.021795961375476,0.033922815585500
1403715905.584058046340942,0.444612268626372,-1.220028085089407,0.919019822917475,0.390446353701302,-0.570771834812581,-0.575138926401242,-0.437019876898139,-0.284562555473626,0.040621273099827,-0.442417972109602,-0.282224988919197,0.030986499857152,-0.436061173600797,-0.002337566554429,0.009634773242676,-0.006356798508805,-0.014111235988424,0.001549323515306,-0.021803037887023,0.035532711289079
1403715905.634057998657227,0.425265384195433,-1.222232341195176,0.899284337916384,0.400386550270134,-0.566543602322574,-0.583110053468020,-0.422731146918069,-0.318717597866309,0.024985726474275,-0.429363952634487,-0.386938057631659,-0.044085164158258,-0.394710076446694,0.068220459765350,0.069070890632533,-0.034653876187793,-0.019346884430939,-0.002204256105768,-0.019735485001092,0.039212469583759
1403715905.684057950973511,0.408167741258396,-1.222347605394893,0.879055486284478,0.411735483914174,-0.562119791016168,-0.590300943552350,-0.407480095066135,-0.341403900605249,0.009191210514588,-0.412656757535878,-0.341953184852704,-0.002305286192825,-0.404577418473209,0.000549284247455,0.011496496707413,-0.008079339062669,-0.017097642937037,-0.000115264199717,-0.020228851631906,0.041602282891190
1403715905.734057903289795,0.389990389150461,-1.224276699214837,0.859670589025512,0.421988139050937,-0.556422134283268,-0.598726085322028,-0.392233978302416,-0.351233720184885,-0.009349658275676,-0.401782942673006,-0.363547388864510,-0.038581913193471,-0.387698314917252,0.012313668679625,0.029232254917795,-0.014084627755754,-0.018177352107935,-0.001929093819945,-0.019384897258966,0.042001120368484
1403715905.784058094024658,0.368970428399558,-1.230062973369628,0.843481803849392,0.432640784333914,-0.547977825897064,-0.607707182421937,-0.378462989589277,-0.362760368653911,-0.022149670472551,-0.401656781301409,-0.420397611328453,-0.115725041639810,-0.323774468420816,0.057637242674542,0.093575371167259,-0.077882312880593,-0.021019960750904,-0.005786274154790,-0.016188785176120,0.042666271949225
1403715905.834058046340942,0.351281929027675,-1.232846001799283,0.824626398473796,0.441587400485082,-0.538580546131170,-0.618815371381724,-0.363316802809308,-0.353355188515762,-0.026962377458502,-0.393088655659526,-0.353770324819331,-0.055660621675215,-0.377108467150572,0.000415136303569,0.028698244216713,-0.015980188508954,-0.017688499371883,-0.002783028429655,-0.018855405375596,0.045658395860871
1403715905.884057998657227,0.333530618667450,-1.234610304718015,0.805103541384955,0.447212469886440,-0.528029349730955,-0.632657789498700,-0.347750102785597,-0.343787135783713,-0.028331445150164,-0.396198727348659,-0.355026545784192,-0.035286092026075,-0.390457514146135,0.011239410000479,0.006954646875911,-0.005741213202524,-0.017751310360225,-0.001764302918732,-0.019522857088842,0.048038800033705
1403715905.934057950973511,0.316532082551306,-1.236845725957946,0.785837180160107,0.451218644870583,-0.517031040593705,-0.647606544675410,-0.331189373134647,-0.333614421363906,-0.009397706214615,-0.392302932008189,-0.339971046544525,-0.044708467435931,-0.385327591973982,0.006356625180619,0.035310761221316,-0.006975340034207,-0.016998536116143,-0.002235421239931,-0.019266361224848,0.050389239593500
1403715905.984057903289795,0.300264690060258,-1.238552680472092,0.767099566165877,0.453109885208746,-0.503548107094111,-0.664064257248034,-0.316463896856613,-0.326942334917291,0.004692187329608,-0.376506099688171,-0.325348160097156,-0.034139122840541,-0.374752637276561,-0.001594174820135,0.038831310170149,-0.001753462411610,-0.016267392491049,-0.001706954514147,-0.018737613994230,0.051888341463649
1403715906.034058094024658,0.284179093879916,-1.239181964897221,0.748912775179225,0.455413034838426,-0.488200599480121,-0.680099728259072,-0.302858881310161,-0.328949462657538,0.028801810640687,-0.362321276855297,-0.321710696377930,-0.012585640492163,-0.363734432196300,-0.007238766279609,0.041387451132850,0.001413155341004,-0.016085596180342,-0.000629284425129,-0.018186790986652,0.052273211259577
1403715906.084058046340942,0.268287691169587,-1.238520737347141,0.732032291770651,0.459477588989211,-0.470297922311279,-0.694629397825971,-0.291873618476021,-0.332853057457566,0.064407602187772,-0.312898520416739,-0.317828357311308,0.013224563613534,-0.337609990141451,-0.015024700146258,0.051183038574238,0.024711469724712,-0.015891402710328,0.000661227550080,-0.016880483408574,0.051724308669136
1403715906.134057998657227,0.252299015561191,-1.234879382762951,0.716552771358480,0.464937335908005,-0.448408325137556,-0.707966305625903,-0.285564279496771,-0.326450086870762,0.096140309494506,-0.290343396096821,-0.319773817128006,0.072827161137189,-0.309590703492135,-0.006676269742756,0.023313148357317,0.019247307395313,-0.015988675608396,0.003641354584190,-0.015479520412172,0.053914308828228
1403715906.184057950973511,0.236381459147083,-1.230373436819432,0.703578696964962,0.472501127911425,-0.424066023451342,-0.719235359300435,-0.282154549508903,-0.345174782058865,0.111895458672009,-0.279993935043878,-0.318351431885742,0.090119004814561,-0.259481735331412,-0.026823350173123,0.021776453857448,-0.020512199712466,-0.015917556414108,0.004505945943519,-0.012974074393517,0.056157928394527
1403715906.234057903289795,0.219500897799700,-1.225396727139467,0.690953223524379,0.479899942580447,-0.398838260524932,-0.730009323549667,-0.278765985341267,-0.365790429905112,0.115322292177948,-0.277144736400951,-0.337611548919123,0.099534288522583,-0.252509709623682,-0.028178880985989,0.015788003655364,-0.024635026777269,-0.016880561347383,0.004976709679964,-0.012625473440583,0.057229328891201
1403715906.284058094024658,0.201297899365428,-1.220594131054096,0.677865755951090,0.487231291359106,-0.376565076338730,-0.739759329618858,-0.271220475341377,-0.392680554427913,0.114261536582578,-0.276270137133000,-0.364058579912166,0.096051555299811,-0.261748352975068,-0.028621974515747,0.018209981282767,-0.014521784157932,-0.018202998434272,0.004802596085371,-0.013087467573290,0.052986103854720
1403715906.334058046340942,0.180832393205845,-1.216742986559942,0.664218297462975,0.493002648635199,-0.354239286549248,-0.749871676714803,-0.262974114248319,-0.419757915632538,0.105518137336816,-0.264119788951810,-0.409310513540585,0.077022963337907,-0.272949430067163,-0.010447402091953,0.028495173998909,0.008829641115353,-0.020465506159583,0.003851144494154,-0.013647458488115,0.052992548977650
1403715906.384057998657227,0.159140941978039,-1.213315064934887,0.651251517664177,0.498404209425380,-0.332859576620260,-0.759276147448747,-0.253569474098583,-0.444559468014941,0.084365801054202,-0.274084447245275,-0.433829438288125,0.068558497883588,-0.259335843297878,-0.010730029726816,0.015807303170614,-0.014748603947397,-0.021691451227807,0.003427921625055,-0.012966779798797,0.051505216568504
1403715906.434057950973511,0.136423234805598,-1.213470206989045,0.636698228853799,0.504882443866833,-0.312513695603622,-0.767053974209282,-0.243016683758474,-0.468546048028196,0.066036787196373,-0.260218977940024,-0.454354576755103,-0.003102844042261,-0.291066053789795,-0.014191471273093,0.069139631238634,0.030847075849771,-0.022717707172441,-0.000155142054158,-0.014553288810379,0.050112322388408
1403715906.484057903289795,0.112222407543026,-1.211066121963289,0.624694687702754,0.513362447964318,-0.292644171310414,-0.772665301426445,-0.231962751297929,-0.494821637524387,0.046987748649367,-0.244197844013703,-0.484017006846018,0.048081746369439,-0.240071051970482,-0.010804630678369,-0.001093997720072,-0.004126792043221,-0.024200827262572,0.002404085025756,-0.012003541151044,0.049816340968872
1403715906.534058094024658,0.087137137630413,-1.210435914105678,0.614345130080401,0.520815621495066,-0.272424295199174,-0.778037765986889,-0.221795686364890,-0.526656947119657,0.019567591076440,-0.202414469565739,-0.501703484405364,0.012604109071365,-0.206990362841494,-0.024953462714292,0.006963482005076,0.004575893275755,-0.025085269912614,0.000630207857611,-0.010349557622353,0.048853062803680
1403715906.584058046340942,0.060581985717936,-1.210019026184538,0.605900050091931,0.528550200348736,-0.254781335501792,-0.782587052941910,-0.208035240665929,-0.548569708987823,-0.009846718437946,-0.150190680093692,-0.531103544749335,0.008337766374299,-0.168901760846671,-0.017466164238488,-0.018184484812244,0.018711080752979,-0.026555151912476,0.000416887921139,-0.008445079988470,0.048215008482126
1403715906.634057998657227,0.033734225179636,-1.210500479526007,0.600406240857303,0.536976023838707,-0.239081160066227,-0.786008218625023,-0.191541193944481,-0.562321490887377,-0.038485660613427,-0.092589357142537,-0.536955722846883,-0.009629076012382,-0.109876289478754,-0.025365768040494,-0.028856584601045,0.017286932336217,-0.026847760538300,-0.000481453341469,-0.005493809234628,0.049041944880419
1403715906.684057950973511,0.005852366115899,-1.212118084520514,0.597951432319003,0.545730196646390,-0.224276467535437,-0.788494151451841,-0.173653654451497,-0.569944662926716,-0.064014695634750,-0.020926925402716,-0.557637713079506,-0.032352130743526,-0.049096217587814,-0.012306949847211,-0.031662564891224,0.028169292185097,-0.027881859063737,-0.001617604994506,-0.002454808538301,0.049879480041576
1403715906.734057903289795,-0.021170984092870,-1.212814634863814,0.598939473866101,0.552367115109819,-0.208827946882331,-0.791808631710644,-0.155950471287151,-0.571350879602917,-0.073934704008112,0.041268557897846,-0.540467519605370,-0.013931020151658,0.019760849787385,-0.030883359997547,-0.060003683856454,0.021507708110461,-0.027023350208769,-0.000696550343300,0.000988041547099,0.049279799783305
1403715906.784058094024658,-0.048518918572437,-1.216600694262475,0.603014525160712,0.557524450224350,-0.192822018853203,-0.795550757384926,-0.138149009665949,-0.563559237071902,-0.090211732210480,0.061083805052670,-0.546956603117492,-0.075720899120921,0.081500714991653,-0.016602633954410,-0.014490833089559,-0.020416909938983,-0.027347934479567,-0.003786059398661,0.004075051294610,0.049546534267468
1403715906.834058046340942,-0.075990400357822,-1.221687265806317,0.608266069920979,0.563021351619144,-0.175782255457754,-0.798477264377942,-0.120588617036002,-0.548897536655282,-0.099899208240364,0.078449818410972,-0.549430159685138,-0.101731527895571,0.105030995370714,0.000532623029857,0.001832319655207,-0.026581176959742,-0.027471481785385,-0.005086571543841,0.005251544760268,0.050498917383206
1403715906.884057998657227,-0.102717492212468,-1.226719036992878,0.611729703825231,0.568009812885939,-0.157556392271418,-0.801047410838959,-0.104229944391698,-0.518399234192832,-0.108293591580869,0.041730988045154,-0.534542346872226,-0.100635519704727,0.069272744148681,0.016143112679394,-0.007658071876142,-0.027541756103527,-0.026727091854646,-0.005031771186561,0.003463633904252,0.050251840579337
1403715906.934057950973511,-0.129732250578904,-1.236831812075708,0.613714036201455,0.573242083393354,-0.137595775331351,-0.802762962500147,-0.089624452443510,-0.502347348508122,-0.119862953676849,0.004737101562568,-0.540295682594823,-0.202255694542666,0.039686685372656,0.037948334086701,0.082392740865817,-0.034949583810089,-0.027014758366435,-0.010112775082830,0.001984332376224,0.050679414080591
1403715906.984057903289795,-0.155424219437388,-1.242322613573356,0.612570232430705,0.578170076390720,-0.117560002355180,-0.803913872032515,-0.074976629467375,-0.476489868230780,-0.125670788872587,-0.065686011614916,-0.513839867205569,-0.109816134681783,-0.022876097231363,0.037349998974788,-0.015854654190804,-0.042809914383553,-0.025691968858484,-0.005490801497648,-0.001143803770751,0.050661027689616
1403715907.034058094024658,-0.180105136196786,-1.247747350929321,0.606272993213838,0.581031100656893,-0.095574843426532,-0.805815457890703,-0.062687775505519,-0.456171593171073,-0.120937219999714,-0.122625573126818,-0.493616452190628,-0.108494333246273,-0.125944303897950,0.037444859019555,-0.012442886753440,0.003318730771132,-0.024680916759398,-0.005424737355965,-0.006297239216867,0.050840905991164
1403715907.084058046340942,-0.202497574476738,-1.253399794930876,0.599574388131150,0.581637207995161,-0.071273224156987,-0.808602231738628,-0.052732500615573,-0.439465743471808,-0.122349581940579,-0.139804630088438,-0.447849192701323,-0.113048987843022,-0.133972229419617,0.008383449229515,-0.009300594097557,-0.005832400668821,-0.022392438279952,-0.005652444001555,-0.006698605082687,0.052833710973641
1403715907.134057998657227,-0.224946160016428,-1.259636648771339,0.592472055154724,0.581908620700136,-0.045889202079685,-0.810805300812910,-0.043258553617084,-0.429656844806896,-0.140690839258692,-0.109263479141111,-0.448972138966990,-0.124737195767905,-0.142046794994908,0.019315294160094,-0.015953643490787,0.032783315853796,-0.022448585539690,-0.006236853840462,-0.007102332976426,0.054371939277277
1403715907.184057950973511,-0.245808813552091,-1.267167146572567,0.588677978771188,0.582501791854880,-0.019985439073519,-0.811921707753905,-0.032793066170696,-0.413544095780154,-0.169069520310883,-0.043784218460689,-0.417253468637170,-0.150610099657549,-0.075881600037049,0.003709372857017,-0.018459420653334,0.032097381576360,-0.020862653535663,-0.007530497801228,-0.003794076383536,0.055934982413040
1403715907.234057903289795,-0.269181111169558,-1.270159733109001,0.580457406146755,0.581908546015161,0.004764224285893,-0.813013664978509,-0.019197051848827,-0.398059166659206,-0.186281873788565,0.019028255392159,-0.467446398140973,-0.059851787807797,-0.164411609283802,0.069387231481767,-0.126430085980768,0.183439864675961,-0.023372297617467,-0.002992586536434,-0.008220572624434,0.056532997480959
1403715907.284058094024658,-0.290083258020178,-1.277395988019174,0.578588959588545,0.581420169082163,0.028524171918116,-0.813095064946799,-0.003657042523095,-0.375898556618451,-0.205821141784070,0.095500180455859,-0.418041342311238,-0.144724546123125,-0.037368788613572,0.042142785692787,-0.061096595660945,0.132868969069432,-0.020902146850620,-0.007236254910173,-0.001868446558209,0.056791771165717
1403715907.334058046340942,-0.307841264021033,-1.288052380829691,0.582738953230222,0.580771539581748,0.052333499043722,-0.812305708137536,0.011183032543220,-0.350281578284728,-0.238224195220678,0.149124286969712,-0.355160458724498,-0.213128059465092,0.082999951988465,0.004878880439770,-0.025096135755586,0.066124334981247,-0.017758006000855,-0.010656392810517,0.004149993641677,0.056150065423736
1403715907.384057998657227,-0.324538441615619,-1.300374387410992,0.590919219590302,0.580935882882133,0.076250724699451,-0.809947587336917,0.026157842607400,-0.328106388845620,-0.263527555610290,0.190382604597063,-0.333943870365422,-0.246440366649877,0.163605483227947,0.005837481519802,-0.017087188960413,0.026777121369116,-0.016697177594586,-0.012322006581301,0.008180266360080,0.056636382305270
1403715907.434057950973511,-0.342583498944850,-1.313355760644185,0.600255530212066,0.580351757795448,0.100462551360387,-0.807243622419969,0.038168665947118,-0.308617905725517,-0.290421586430116,0.229229985090509,-0.360901490767097,-0.259627712264131,0.186726390511429,0.052283585041580,-0.030793874165985,0.042503594579080,-0.018045057329231,-0.012981373233192,0.009336310621763,0.054338585288819
1403715907.484057903289795,-0.358251952994073,-1.328564013674726,0.611684022061276,0.579187897700215,0.123065449948139,-0.804253432604257,0.050721694874469,-0.286210813314489,-0.319062252045358,0.253246635225244,-0.313369379836784,-0.304165350685513,0.228570054965609,0.027158566522295,-0.014896901359845,0.024676580259635,-0.015668454049223,-0.015208253030542,0.011428491849211,0.052107725426626
1403715907.534058094024658,-0.378649463812832,-1.342807486474370,0.620097146683227,0.577402979154204,0.144455900082687,-0.801165086484078,0.062231798898236,-0.270657358604277,-0.344962571252566,0.252140422046843,-0.407948660174557,-0.284868369306288,0.168261850570983,0.137291301570281,-0.060094201946278,0.083878571475860,-0.020397510818760,-0.014243472799644,0.008413124621950,0.049103480381912
1403715907.584058046340942,-0.393099637938951,-1.360488987385837,0.631384996187499,0.575200045219138,0.163903886841444,-0.797954280854830,0.074494224766889,-0.243756865537352,-0.376062876481330,0.235643022676167,-0.289003758137828,-0.353630355477528,0.225757205384299,0.045246892600476,-0.022432521003802,0.009885817291868,-0.014450174126118,-0.017681500911467,0.011287849504273,0.046638100674736
1403715907.634057998657227,-0.405624923149696,-1.378838397875711,0.642729907128858,0.573233227155217,0.181037625007804,-0.794281841687686,0.088007963173606,-0.216624580466775,-0.400770163302687,0.238485520071001,-0.250505943115982,-0.366988559785049,0.226898435214389,0.033881362649208,-0.033781603517637,0.011587084856612,-0.012525285210745,-0.018349410489874,0.011344910941359,0.044432492252012
1403715907.684057950973511,-0.417991974300509,-1.398316039448271,0.654109002587570,0.572463078888378,0.196686081967555,-0.789474079747594,0.101642933234828,-0.194563573651275,-0.424878824143227,0.241239637703416,-0.247341258899265,-0.389553202958079,0.227582126213472,0.052777685247990,-0.035325621185149,0.013657511489943,-0.012367051150813,-0.019477641572560,0.011379095458712,0.042638552124446
1403715907.734057903289795,-0.442428282097104,-1.414622349046782,0.657330385837474,0.572023892249997,0.210383421836232,-0.784150661557047,0.116769955430695,-0.182859104014654,-0.447788773103398,0.222040112190085,-0.488726622017925,-0.326126502988681,0.064427726441138,0.305867518003271,-0.121662270114717,0.157612385748946,-0.024436307796595,-0.016306309598511,0.003221383249904,0.042189671123563
1403715907.784058094024658,-0.452111763556178,-1.436231266813042,0.667981081559022,0.571615468485005,0.224034236029084,-0.778323167410431,0.131443768767208,-0.155687233297753,-0.460110763598219,0.212977587095195,-0.193668890393301,-0.432176706701907,0.213013101850465,0.037981657095548,-0.027934056896312,-0.000035514755269,-0.009683481459074,-0.021608917766260,0.010650695721548,0.041752022758517
1403715907.834058046340942,-0.463797545205335,-1.457247688325193,0.677729441064798,0.571373190988526,0.237652629994116,-0.771912367215756,0.145620058425473,-0.130995296520926,-0.475607173062987,0.192035667580295,-0.233715855871944,-0.420328831099842,0.194967376050910,0.102720559351018,-0.055278341963145,-0.002931708470616,-0.011685781649157,-0.021016421512152,0.009748359505777,0.041356989096829
1403715907.884057998657227,-0.467913644932638,-1.480456036433781,0.688579288863971,0.569500480418121,0.250555643891526,-0.766173188542953,0.160840658030105,-0.096918658482854,-0.478525298889186,0.173065867896943,-0.082322073054517,-0.464167404836276,0.216997162928080,-0.014596585428337,-0.014357894052910,-0.043931295031138,-0.004116099727304,-0.023208348108587,0.010849847799173,0.041694861905449
1403715907.934057950973511,-0.469338762737142,-1.503508187193326,0.698755425897777,0.566788954807252,0.262070221733723,-0.760536774154779,0.177913728383120,-0.066878877262537,-0.472154775529020,0.166292479792866,-0.028502383272075,-0.461043454876213,0.203522934770705,-0.038376493990461,-0.011111320652807,-0.037230454977840,-0.001425117804504,-0.023052150759546,0.010176137033805,0.043044844189804
1403715907.984057903289795,-0.471082274522387,-1.526136609947381,0.708635543542801,0.563127930836538,0.275127455309018,-0.754695591220424,0.193975208311264,-0.040504064088453,-0.461721635915900,0.159252008328699,-0.034870268959780,-0.452568886684423,0.197602541348954,-0.005633795128673,-0.009152749231477,-0.038350533020255,-0.001743511785245,-0.022628422754055,0.009880117645024,0.043635026391653
1403715908.034058094024658,-0.467568128055880,-1.549457427950473,0.718392265546006,0.558753403213288,0.288800966046944,-0.748491805753324,0.210115808848476,0.000145566842247,-0.450562957188412,0.147305599048189,0.070282661223080,-0.466414580831404,0.195133695688120,-0.070137094380832,0.015851623642992,-0.047828096639931,0.003514146466508,-0.023320818003091,0.009756722003205,0.044950131933066
1403715908.084058046340942,-0.462820711199444,-1.571622747472224,0.727526568439852,0.554113623496070,0.303985803009157,-0.741594049297552,0.224919963256696,0.028875320803056,-0.436387809801854,0.150701437461075,0.094948427678591,-0.443306813205352,0.182686232100080,-0.066073106875535,0.006919003403497,-0.031984794639005,0.004747416856436,-0.022165319521751,0.009134302893846,0.045557493192191
1403715908.134057998657227,-0.458290145446129,-1.593621007741971,0.735962569016736,0.549949263702783,0.319210414736289,-0.733396204221875,0.240396601701437,0.058817035803023,-0.418750906109878,0.124805612099592,0.090611401480071,-0.439965624978858,0.168720172441786,-0.031794365677048,0.021214718868980,-0.043914560342194,0.004530565753315,-0.021998260269747,0.008436000576885,0.047154530920841
1403715908.184057950973511,-0.451300175461790,-1.613855569850859,0.743229055933932,0.543801250116030,0.336224792600843,-0.725775657332991,0.253934606612861,0.103234779314225,-0.388571574785555,0.108032933564779,0.139799533010008,-0.404691628121767,0.145329876941284,-0.036564753695783,0.016120053336212,-0.037296943376505,0.006989969984339,-0.020234562108888,0.007266486917196,0.047693369971205
1403715908.234057903289795,-0.445850930452517,-1.633853600100386,0.748693803075059,0.537255295583032,0.353397469628095,-0.717302242053572,0.268224662127419,0.134903379753952,-0.357267232504617,0.085127571460528,0.108985004121652,-0.399960986423070,0.109295047054415,0.025918375632300,0.042693753918454,-0.024167475593886,0.005449245009273,-0.019998030249528,0.005464747141127,0.049549417915983
1403715908.284058094024658,-0.430346567289343,-1.651961999057894,0.759462282653035,0.529954045513505,0.371185479581368,-0.708527579422626,0.281706795426262,0.170810858127693,-0.327883059745935,0.079228694357825,0.310086080378960,-0.362166597594220,0.215368769992875,-0.139275222251268,0.034283537848285,-0.136140075635050,0.015504363163174,-0.018108398957507,0.010768479577977,0.050140486317467
1403715908.334058046340942,-0.421016385716244,-1.668763155645753,0.763953310525643,0.521868370655774,0.388789086844899,-0.699618227267931,0.295009806165617,0.189848034893354,-0.294947288481004,0.083061448045426,0.186603809421235,-0.336023452214120,0.089820643111796,0.003244225472119,0.041076163733116,-0.006759195066370,0.009330181573099,-0.016801156587859,0.004491027872608,0.050265098205187
1403715908.384057998657227,-0.410814813297199,-1.684117613395377,0.768728992168473,0.513045107852810,0.406607397504153,-0.690438430864491,0.307814741018973,0.199292668780597,-0.274241097631692,0.101959133971747,0.204031642960640,-0.307089447855792,0.095513723945586,-0.004738974180043,0.032848350224099,0.006445410026160,0.010201572419045,-0.015354457749624,0.004775681642830,0.050739006642796
1403715908.434057950973511,-0.395458466953541,-1.696891461271054,0.774934387289619,0.504757519933376,0.424067886467458,-0.679948715061102,0.321023392643724,0.224406888797239,-0.248145074112184,0.092211441272253,0.307127219772507,-0.255477201155588,0.124108020781546,-0.082720330975268,0.007332127043404,-0.031896579509293,0.015356346343658,-0.012773847875677,0.006205395121146,0.051306588010360
1403715908.484057903289795,-0.381529159027479,-1.707939236939052,0.779558113210409,0.495821921093043,0.441569962021468,-0.669056475285372,0.333976083099791,0.243886322823425,-0.218879801253748,0.111472242701899,0.278586424201959,-0.220955724079756,0.092474606606465,-0.034700101378534,0.002075922826008,0.018997636095433,0.013929307926062,-0.011047775667998,0.004623725920790,0.051869773593433
1403715908.534058094024658,-0.367191883187449,-1.720722852178665,0.787636119612255,0.487683855986315,0.459732994942060,-0.656567040242134,0.346019871740928,0.265964047770600,-0.185544723576238,0.117070087737679,0.286744422957427,-0.255671329483534,0.161559511736283,-0.020780375186826,0.070126605907297,-0.044489423998604,0.014337275840030,-0.012783615239613,0.008078006401846,0.052809211614596
1403715908.584058046340942,-0.352605823490230,-1.729113256149461,0.792856881036749,0.478363074592850,0.477332953043551,-0.643963569731152,0.358654348452533,0.285071940089731,-0.152151623378436,0.113872209974885,0.291721472151644,-0.167808239450342,0.104415328068106,-0.006649532061913,0.015656616071906,0.009456881906779,0.014586059697218,-0.008390403970797,0.005220761424494,0.053484785921438
1403715908.634057998657227,-0.337684581497340,-1.735317328458748,0.798316949618411,0.471071011813209,0.495776014719460,-0.629240331834479,0.369262575752004,0.300900730556113,-0.126435954653410,0.118273641770503,0.298425124458191,-0.124081564519130,0.109201475775879,0.002475606097921,-0.002354390134281,0.009072165994624,0.014921241992891,-0.006204072309286,0.005460068581662,0.053765135335196
1403715908.684057950973511,-0.321777497208057,-1.740076040998850,0.803882449336360,0.463496599676332,0.512651253457454,-0.614126139567211,0.381062565882893,0.315849526483905,-0.096031850661085,0.107712164884650,0.318141989189507,-0.095174341567362,0.111310100512559,-0.002292462705603,-0.000857509093723,-0.003597935627909,0.015907084289283,-0.004758712540102,0.005565499717949,0.053286620014608
1403715908.734057903289795,-0.305398832924559,-1.742403429746203,0.808864824897615,0.456145048063018,0.528373537572075,-0.598628834919137,0.392933350486460,0.325817835188506,-0.062493740687184,0.099968922430541,0.327573598068475,-0.046547819338536,0.099647606256474,-0.001755762879969,-0.015945921348648,0.000321316174067,0.016378664283497,-0.002327388747354,0.004982375561256,0.052243901359872
1403715908.784058094024658,-0.289239578726856,-1.743524604976237,0.812777818322789,0.447120542271223,0.542357692454516,-0.584182837688654,0.405785369702423,0.332069451734253,-0.026635456724291,0.087757902112329,0.323183851105502,-0.022423419062115,0.078259569966909,0.008885600628751,-0.004212037662176,0.009498332145421,0.016159254197703,-0.001121175230034,0.003912993425174,0.051025281225932
1403715908.834058046340942,-0.272324004546657,-1.742990725783317,0.816369191022391,0.437832853504548,0.555891580264620,-0.569947465013935,0.417668325956324,0.341737434102287,0.015222173518487,0.066808726574636,0.338311806243270,0.010677594041337,0.071827522492101,0.003425627859017,0.004544579477150,-0.005018795917464,0.016915574180199,0.000533879192919,0.003591372699602,0.049530156932282
1403715908.884057998657227,-0.252463660364435,-1.737307060754054,0.820895909531833,0.426758445996085,0.569868172455922,-0.556892641382253,0.427782749496811,0.349913492878329,0.068556826150951,0.038776766391953,0.397207262450813,0.113673408992681,0.090534456529230,-0.047293769572485,-0.045116582841730,-0.051757690137277,0.019860344182222,0.005683665029264,0.004526718509442,0.048610562464875
1403715908.934057950973511,-0.234211328296873,-1.733583303991283,0.822673456329058,0.413751099365149,0.584861795769262,-0.545011499557224,0.435556165120034,0.357437924386140,0.110068447787936,0.025038165278106,0.365046989487175,0.074475206280517,0.035550969848549,-0.007609065101034,0.035593241507420,-0.010512804570442,0.018252332067562,0.003723756762771,0.001777546797225,0.048810527170298
1403715908.984057903289795,-0.216027541489951,-1.728523534945838,0.823282280767490,0.402075723955744,0.600923571282003,-0.531867858711665,0.440843004427445,0.362003624516053,0.139032322443066,0.018182188695076,0.363676082966980,0.101195477416428,0.012176500381045,-0.001672458450927,0.037836845026638,0.006005688314031,0.018183786806922,0.005059769045445,0.000608824438431,0.048786493730685
1403715909.034058094024658,-0.198434538475170,-1.721750776375044,0.823698647110670,0.391484060559648,0.616398297752612,-0.518154172443265,0.445319685658569,0.360456070712172,0.171062726418459,-0.002437744739922,0.351858718061132,0.135454654697378,0.008327295097499,0.008597352651041,0.035608071721081,-0.010765039837421,0.017593003014781,0.006772758570794,0.000416366343180,0.047319445106508
1403715909.084058046340942,-0.180090601834282,-1.713798462582382,0.823991310464360,0.380594765091065,0.631173133808348,-0.504877352055053,0.449296070899474,0.371293182422718,0.183964257929824,-0.011786458497503,0.366879082700917,0.159046427531720,0.005853272655910,0.004414099721801,0.024917830398104,-0.017639731153413,0.018343936640888,0.007952313792661,0.000292663353690,0.045999193624152
1403715909.134057998657227,-0.162643509133092,-1.705463552276946,0.823599119598497,0.371460042025761,0.645054639049290,-0.490405854582402,0.453237297241208,0.379541618316764,0.205992792803291,-0.026441507421875,0.348942186801002,0.166698365084669,-0.007843824797722,0.030599431515762,0.039294427718622,-0.018597682624153,0.017447092701190,0.008334910305436,-0.000392190865863,0.044771320447300
1403715909.184057950973511,-0.146890165144037,-1.701170502359828,0.820811625778119,0.359979894304025,0.657244237640803,-0.478161246785936,0.458046187471244,0.383602052284390,0.216546775288177,-0.039219749850599,0.315067180252565,0.085861080225869,-0.055749929574823,0.068534872031826,0.130685695062308,0.016530179724224,0.015753343989054,0.004293049917118,-0.002787493820377,0.042588875805077
1403715909.234057903289795,-0.127062816155702,-1.690597560834615,0.819353190959439,0.350463667493269,0.668467457256529,-0.464794397169690,0.462917535545828,0.400818936594137,0.229846408113491,-0.051923850075338,0.396547357943735,0.211459032167320,-0.029168724191059,0.004271578650402,0.018387375946171,-0.022755125884279,0.019827348988335,0.010572941525214,-0.001458434818680,0.040935879491345
1403715909.284058094024658,-0.106087750651216,-1.679651086381129,0.817331071771970,0.338917155522932,0.678045871488430,-0.452991506352526,0.469241572137647,0.415352064928086,0.241323537808107,-0.055680116084723,0.419499709825329,0.218928653923182,-0.040442229474535,-0.004147644897244,0.022394883884926,-0.015237886610188,0.020975065504486,0.010946474453486,-0.002022119187470,0.040218565628480
1403715909.334058046340942,-0.084859914101330,-1.668710545711986,0.815134508182644,0.330234449532469,0.687137457054635,-0.439664993398847,0.474849467762226,0.423420399304671,0.244562105538671,-0.079122003529729,0.424557135886959,0.218811022057307,-0.043931313682683,-0.001136736582288,0.025751083481365,-0.035190689847047,0.021227836549886,0.010940540669143,-0.002196563589326,0.038319811192099
1403715909.384057998657227,-0.063008695410140,-1.655842249607161,0.811418105289716,0.321812808461431,0.696170469823450,-0.426405368560742,0.479543173153931,0.434670284432140,0.260001961041522,-0.090989203049244,0.437024790603104,0.257366167539999,-0.074328128743382,-0.002354506170964,0.002635793501523,-0.016661074305862,0.021851218691189,0.012868296104825,-0.003716402892928,0.037436779212108
1403715909.434057950973511,-0.040319005771820,-1.642325009621202,0.807393076154749,0.313746915255029,0.704578301733544,-0.412920198355966,0.484385383433376,0.448499513040576,0.270580816310405,-0.111236431537925,0.453794225538307,0.270345057540325,-0.080500659470759,-0.005294712497731,0.000235758770080,-0.030735772067166,0.022689689638320,0.013517239985959,-0.004025029134967,0.036935445289731
1403715909.484057903289795,-0.015861557049770,-1.628115370776396,0.802645326196438,0.308521577307076,0.712870950345581,-0.397112270495439,0.488805983096872,0.470167685254161,0.286160290482814,-0.131366969575986,0.489149440930266,0.284193047923737,-0.094955089722447,-0.018981755676105,0.001967242559077,-0.036411879853539,0.024457448722050,0.014209638844806,-0.004747749958311,0.038236924334285
1403715909.534058094024658,0.008952520197108,-1.613073995972419,0.796036201170317,0.302921519297034,0.721643002191997,-0.380695120660262,0.492484675537794,0.499856888611315,0.302917175793310,-0.157915630635724,0.496279651780923,0.300826348518083,-0.132181996288113,0.003577236830392,0.002090827275227,-0.025733634347611,0.024814077246878,0.015041374803977,-0.006609125026121,0.039566546205215
1403715909.584058046340942,0.035007807702130,-1.597312003360973,0.788515685371677,0.296004252105220,0.730913532117483,-0.363938129154073,0.495677243224871,0.522183567955472,0.329008336553311,-0.172609682944969,0.521106247066088,0.315240152865363,-0.150410459415401,0.001077320889384,0.013768183687948,-0.022199223529569,0.026055287505022,0.015761992611446,-0.007520515798640,0.041221140240051
1403715909.634057998657227,0.062909540312112,-1.581171129696754,0.781416295430043,0.287319778177390,0.738881339340463,-0.347140521486959,0.500994181387670,0.555456056572326,0.354053919699058,-0.174401494238345,0.558035184383462,0.322817781147403,-0.141987934242923,-0.002579127811136,0.031236138551656,-0.032413559995422,0.027901732609982,0.016140873664219,-0.007099389941634,0.042395863964182
1403715909.684057950973511,0.091578066445075,-1.562744125591585,0.772918825506485,0.275955109172408,0.745439360722541,-0.330673272355679,0.508747603588264,0.581985829402841,0.382599933199944,-0.177009816666609,0.573371069468516,0.368540433570927,-0.169949560547683,0.008614759934326,0.014059499629017,-0.007060256118926,0.028668526132963,0.018427004105169,-0.008497469923558,0.044876288571510
1403715909.734057903289795,0.121361892585112,-1.542334246308598,0.763097411679121,0.262977203176894,0.753026563113228,-0.313902134201219,0.515033431923656,0.602076137158468,0.411716516757960,-0.209585407434557,0.595677090882675,0.408197974947669,-0.196428463876059,0.006399046275792,0.003518541810291,-0.013156943558498,0.029783826140037,0.020409879282987,-0.009821413827364,0.046767480682205
1403715909.784058094024658,0.158186826052382,-1.520340288735731,0.756215853642475,0.248111445484032,0.759564884536349,-0.296963469343178,0.522794983406277,0.642158109133493,0.440048478102179,-0.201578020635183,0.736495859836667,0.439877473457930,-0.137630635713715,-0.094337750703173,0.000171004644249,-0.063947384921468,0.036824933467270,0.021993957572866,-0.006881558036646,0.049434059104424
1403715909.834058046340942,0.191282314740109,-1.497050396870129,0.746109555200448,0.232807348798846,0.766128685967555,-0.277747290751092,0.530757964955127,0.669901275316980,0.473053234388179,-0.204160062610106,0.661910405001490,0.465798281531901,-0.202126161603076,0.007990870315491,0.007254952856278,-0.002033901007030,0.033095488687727,0.023289891865602,-0.010106298442027,0.053292080766437
1403715909.884057998657227,0.224838618256950,-1.471684981311486,0.735617108556153,0.214396835637562,0.770587275783735,-0.258665152094845,0.541591715557534,0.679179603137771,0.509515536258781,-0.203794893949308,0.671126710373139,0.507308794980235,-0.209849133013627,0.008052892764632,0.002206741278546,0.006054239064319,0.033556303516842,0.025365415558643,-0.010492446644295,0.057978721538545
1403715909.934057950973511,0.258395569780996,-1.444179690229805,0.725630405828725,0.194914231318717,0.773337633248715,-0.238659328829738,0.554074969831023,0.673857340134208,0.536839598708640,-0.206668452963742,0.671139670529587,0.550106346255907,-0.199734245029968,0.002717669604621,-0.013266747547267,-0.006934207933774,0.033556951524046,0.027505291081681,-0.009986702727427,0.061425567445266
1403715909.984057903289795,0.290862500334472,-1.415173970767525,0.714754576174838,0.175350067484496,0.775855519246331,-0.216805388969920,0.565946985504642,0.661234698955916,0.569572308921779,-0.211281355585185,0.649339230327657,0.580114942486320,-0.217516800517926,0.011895468628259,-0.010542633564541,0.006235444932741,0.032466930553475,0.029005719462280,-0.010875829653887,0.063489221830433
1403715910.034058094024658,0.323579327577474,-1.385457454622973,0.704027042119439,0.155866253384569,0.778785312535610,-0.193318444566841,0.576044379388365,0.638939941980976,0.596766094330790,-0.221176367397447,0.654334048773726,0.594328055709446,-0.214549862665207,-0.015394106792750,0.002438038621345,-0.006626504732241,0.032716827243002,0.029716516144553,-0.010727534055399,0.064556551296270
1403715910.084058046340942,0.354691138781589,-1.351817009409860,0.692940261667025,0.136806255060144,0.782456806461680,-0.168442245450754,0.583671658165544,0.597208093074344,0.625982895326553,-0.240323254235646,0.622236817493580,0.672809545903425,-0.221735820512047,-0.025028724419236,-0.046826650576872,-0.018587433723599,0.031111811204115,0.033640445213112,-0.011086780452415,0.064926315641040
1403715910.134057998657227,0.383775663217151,-1.319102607939411,0.680109230930021,0.117788811428017,0.787363725900227,-0.143577649233166,0.587851697011726,0.565138226164179,0.653481756014812,-0.254500990062905,0.581691043455042,0.654288653387278,-0.256620859472800,-0.016552817290863,-0.000806897372466,0.002119869409895,0.029084524435562,0.032714401470450,-0.012831030737004,0.063923355701648
1403715910.184057950973511,0.411125451175078,-1.285574614764498,0.667700838218483,0.098464731480370,0.792248434811803,-0.119313902749638,0.590263760367683,0.527666349087571,0.659302521051576,-0.255212252797074,0.546996280814846,0.670560502994591,-0.248168090902282,-0.019329931727275,-0.011257981943015,-0.007044161894792,0.027349787957927,0.033527993174913,-0.012408392711537,0.062989201542702
1403715910.234057903289795,0.436601780133172,-1.251029205294670,0.655070119740038,0.082030736135848,0.797253192678381,-0.094968443294661,0.590456856909400,0.495491464880794,0.676287378566728,-0.258362116977769,0.509527065084764,0.690908848298581,-0.252614610480977,-0.014035600203970,-0.014621469731853,-0.005747506496792,0.025476328958094,0.034545409469828,-0.012630718478446,0.059596247736337
1403715910.284058094024658,0.459982366532648,-1.216767623280450,0.642843800258801,0.064789753828905,0.800073784000471,-0.072244403120327,0.592000822779619,0.462355083692383,0.683711935658370,-0.236376201613241,0.467609944199143,0.685229026343107,-0.244525456834141,-0.005254860506760,-0.001517090684738,0.008149255220900,0.023380586399476,0.034261582014220,-0.012226319481237,0.057411832321036
1403715910.334058046340942,0.481454197051263,-1.182551178334649,0.631910670684303,0.049051272574705,0.801620339247702,-0.050816634001751,0.593646758663713,0.429431493473761,0.688371057173132,-0.213736963709349,0.429437019915343,0.684329551543526,-0.218662800023061,-0.000005526441582,0.004041505629606,0.004925836313712,0.021471830518614,0.034216444945800,-0.010933129574498,0.053366366301913
1403715910.384057998657227,0.501936184590125,-1.147973375871433,0.621877256226621,0.034761796164541,0.801373247387252,-0.030238096032339,0.596387620132884,0.383934902574130,0.699212563704981,-0.209776181674123,0.409640141440529,0.691556708784208,-0.200668480526010,-0.025705238866399,0.007655854920773,-0.009107701148113,0.020481987538862,0.034577802463217,-0.010033414457682,0.050409220078011
1403715910.434057950973511,0.520312040202321,-1.112761326320966,0.611530347417348,0.021170436857951,0.799052263564359,-0.010718748061437,0.600793143382906,0.357390893187332,0.703335045622654,-0.196585875270945,0.367517462735892,0.704241662626519,-0.206938373537288,-0.010126569548560,-0.000906617003865,0.010352498266343,0.018375855612196,0.035212049550467,-0.010346908809274,0.048602660682332
1403715910.484057903289795,0.536971895861873,-1.077542820709208,0.600949657018786,0.008611475086062,0.795967133220485,0.008121152256499,0.605224100821863,0.307303165293608,0.711620220267066,-0.194299382167445,0.333197430952874,0.704370783975486,-0.211614009782087,-0.025894265659266,0.007249436291580,0.017314627614641,0.016659855659552,0.035218505611758,-0.010580690398562,0.046555139082848
1403715910.534058094024658,0.548702771573917,-1.039583310564910,0.589715033051962,0.003776481337827,-0.792680172070182,-0.026217531291179,-0.609062003451609,0.249947962021494,0.718631448991372,-0.182798346110613,0.234616619249502,0.759187306816212,-0.224691622205956,0.015331342771992,-0.040555857824840,0.041893276095343,0.011730875712044,0.037959510144298,-0.011234623966824,0.045010904745236
1403715910.584058046340942,0.559652433257382,-1.001776412171924,0.578353231734796,0.015938706274723,-0.789995363413926,-0.043349291356082,-0.611370691451359,0.203067984176066,0.727855674974350,-0.174728802089000,0.218993442517708,0.756138688969768,-0.227236243052678,-0.015925458341642,-0.028283013995417,0.052507440963678,0.010949661683464,0.037806898392986,-0.011361801317165,0.042613252873602
1403715910.634057998657227,0.568629674469467,-0.965317762851222,0.567793398795765,0.028491596813999,-0.788447061675584,-0.059368950342201,-0.611567484077916,0.152014290415894,0.734618106815087,-0.151263445027928,0.179544995469168,0.729173681808248,-0.211196860193647,-0.027530705053275,0.005444425006839,0.059933415165719,0.008977241212086,0.036458649320702,-0.010559832939031,0.040824255883592
1403715910.684057950973511,0.574324630625861,-0.926610419321653,0.558583382922489,0.040612641871401,-0.787190733945485,-0.074953337817122,-0.610789127981717,0.100627891774766,0.737442430625470,-0.139908552424038,0.113899231750653,0.774147608876084,-0.184200493132812,-0.013271339975886,-0.036705178250614,0.044291940708774,0.005694956156394,0.038707343529570,-0.009210015873277,0.039597468016740
1403715910.734057903289795,0.579486254779108,-0.890311340473805,0.548507955516962,0.053814154128611,-0.786562394343652,-0.089380688737233,-0.608633493245863,0.066771438573970,0.741773624524200,-0.123411942568861,0.103232581515187,0.725982269307591,-0.201508740284240,-0.036461142941217,0.015791355216609,0.078096797715378,0.005161624153246,0.036299078847847,-0.010075427405526,0.039369148527524
1403715910.784058094024658,0.584531939140987,-0.844177425630355,0.535146557351673,0.065309517212237,-0.784881829012003,-0.104292920773743,-0.607304016226436,0.022730510238062,0.753389971431314,-0.106406493796483,0.100913302283880,0.922674777144063,-0.267226943915888,-0.078182792045818,-0.169284805712749,0.160820450119405,0.005045684361879,0.046133914843451,-0.013361398165289,0.037900954757655
1403715910.834058046340942,0.582523226776113,-0.806291985805959,0.527723351253918,0.077442933883520,-0.782558970384438,-0.118642191608377,-0.606240942392315,-0.033920243680552,0.749711620095170,-0.094193147336932,-0.040174285610649,0.757709519096016,-0.148464263541656,0.006254041930097,-0.007997899000845,0.054271116204724,-0.002008712364873,0.037885439824395,-0.007423206097755,0.037929300080145
1403715910.884057998657227,0.582560889142834,-0.762604546407712,0.517180129956297,0.089435463851675,-0.780423686074845,-0.132859975009517,-0.604390929001634,-0.087415349579499,0.751603010434981,-0.098443750077438,0.000753248052773,0.873749621237511,-0.210864627048594,-0.088168597632272,-0.122146610802531,0.112420876971156,0.000037662366721,0.043687439398247,-0.010543221297621,0.037627573343981
1403715910.934057950973511,0.573262600442429,-0.725297189829217,0.510871608912448,0.101872263360801,-0.778211550861552,-0.147030086714594,-0.601989184009234,-0.151658991269216,0.746020817397564,-0.108164768715679,-0.185965951359053,0.746147843151946,-0.126170541202592,0.034306960089837,-0.000127025754382,0.018005772486913,-0.009298288700405,0.037307356578496,-0.006308521043849,0.038269525229741
1403715910.984057903289795,0.562225655665898,-0.688499645176755,0.504590920215642,0.114682769689027,-0.776616621537627,-0.160724334651736,-0.598232541524357,-0.205673141037404,0.732286851567818,-0.097043813281594,-0.220739106043853,0.735951594907369,-0.125613893730859,0.015065965006448,-0.003664743339551,0.028570080449266,-0.011036944776532,0.036797544652462,-0.006280688696806,0.038382754742697
1403715911.034058094024658,0.548025069367226,-0.653116341901502,0.499324989060505,0.127635057575691,-0.773310006818067,-0.174153860251132,-0.596130319974013,-0.261987591851769,0.719458235218618,-0.088903115497201,-0.284010642558819,0.707663365983545,-0.105318221345614,0.022023050707050,0.011794869235072,0.016415105848413,-0.014200586298672,0.035383303275253,-0.005265931155137,0.038130196182373
1403715911.084058046340942,0.530647456686019,-0.618817574726702,0.495476092018740,0.141037632937499,-0.768213012282422,-0.187432488018603,-0.595672910489063,-0.314180309631556,0.697568288519280,-0.074765914089953,-0.347552585076109,0.685975997693708,-0.076978014247254,0.033372275444552,0.011592290825572,0.002212100157301,-0.017377612681207,0.034298767174801,-0.003848897041765,0.039097402895313
1403715911.134057998657227,0.512233831506015,-0.585098241966920,0.491325810998156,0.154212386321887,-0.762237309629245,-0.200387106135774,-0.595867293454348,-0.369009835616684,0.665544713122003,-0.082638988897332,-0.368272854812448,0.674387298341488,-0.083005699572074,-0.000736980804236,-0.008842585219485,0.000366710674742,-0.018413625180004,0.033719332759782,-0.004150281020584,0.038840953536571
1403715911.184057950973511,0.491977811460066,-0.552759330832835,0.486400416762170,0.167314231097309,-0.756416958764818,-0.213886551194594,-0.595056195483571,-0.418741562764094,0.645967332778038,-0.086975720884988,-0.405120787272256,0.646778839498062,-0.098507978664267,-0.013620775491838,-0.000811506720024,0.011532257779278,-0.020256020045948,0.032338911134085,-0.004925394235987,0.039417777267470
1403715911.234057903289795,0.469202748206817,-0.521363303346468,0.481838832158267,0.180038769760010,-0.750764191677224,-0.227979793962758,-0.593265862344400,-0.474532226200098,0.608822468973485,-0.076392911802282,-0.455501699465260,0.627921148559604,-0.091231779083464,-0.019030526734838,-0.019098679586120,0.014838867281182,-0.022775063253249,0.031396027486367,-0.004561584603903,0.039784695187686
1403715911.284058094024658,0.444588546290509,-0.491770416077553,0.477041693755704,0.191790386931961,-0.746152764701607,-0.243060684327435,-0.589401393740222,-0.519990064479930,0.577886521525936,-0.091168482783215,-0.492282160418755,0.591855487628799,-0.095942402060037,-0.027707904061175,-0.013968966102862,0.004773919276822,-0.024614201916308,0.029592887268915,-0.004797138402563,0.040087234204319
1403715911.334058046340942,0.418021374123178,-0.462272210419374,0.471653403747092,0.204027074154908,-0.742278347101238,-0.257563057961430,-0.584000924322898,-0.573652411510142,0.535583312787945,-0.084605889327794,-0.531343950075680,0.589964675797731,-0.107765902945814,-0.042308461434462,-0.054381363009786,0.023160013618020,-0.026567172167330,0.029498205658179,-0.005388290008612,0.040211697529135
1403715911.384057998657227,0.389284858912176,-0.435843954622518,0.466400968514795,0.216033437145059,-0.738680533285916,-0.271811421253654,-0.577753559102663,-0.616007873628668,0.501171092331994,-0.099820114076225,-0.574730852326110,0.528565620016569,-0.105048804828291,-0.041277021302558,-0.027394527684576,0.005228690752065,-0.028736515211003,0.026428255796856,-0.005252435232297,0.039957763808007
1403715911.434057950973511,0.359112079489914,-0.410738566589845,0.460408737846005,0.227203401214763,-0.735324733379775,-0.286086431338643,-0.570815823852427,-0.644444620663054,0.462279722252430,-0.111099589130381,-0.603456163945881,0.502108239501193,-0.119844727668639,-0.040988456717173,-0.039828517248763,0.008745138538258,-0.030172779422262,0.025105388032673,-0.005992230668790,0.039392898629220
1403715911.484057903289795,0.328869411361636,-0.388110684073357,0.455457781190146,0.238059015766678,-0.733272558252221,-0.299720858607791,-0.561966784820822,-0.679842300622066,0.411679090542985,-0.128095086167021,-0.604853939399216,0.452558081922788,-0.099019227549275,-0.074988361222851,-0.040878991379804,-0.029075858617746,-0.030242668128277,0.022627882516488,-0.004950956655859,0.039307572930855
1403715911.534058094024658,0.295745037051739,-0.366835018393423,0.448536210155827,0.247847528410316,-0.731619129296928,-0.312890330111093,-0.552634321799392,-0.703105123805915,0.375709393229010,-0.134299283865071,-0.662484959018384,0.425511690400404,-0.138430892614427,-0.040620164787531,-0.049802297171394,0.004131608749356,-0.033124374309897,0.021275665679934,-0.006921571034319,0.037899308601173
1403715911.584058046340942,0.262486522400932,-0.351181704986789,0.442271228773037,0.255433793588127,-0.730728285295251,-0.327227027938417,-0.541952232534594,-0.718803268489460,0.337049279213525,-0.130945464799107,-0.665170927372581,0.313066566696216,-0.125299747150941,-0.053632341116878,0.023982712517309,-0.005645717648166,-0.033258514650808,0.015653313406634,-0.006264981382790,0.038884694428146
1403715911.634057998657227,0.226543920983390,-0.333726723943351,0.435308088450055,0.261619724491118,-0.728273428222245,-0.342198133984980,-0.532985338072078,-0.732113932283258,0.304294266318995,-0.133306285253579,-0.718852713902207,0.349099953796416,-0.139262939271134,-0.013261218381052,-0.044805687477421,0.005956654017555,-0.035942601417542,0.017454981043438,-0.006963140322982,0.037354593703476
1403715911.684057950973511,0.190693381929399,-0.316625372293734,0.428550181738365,0.266106820680561,-0.725125689236210,-0.357806443492713,-0.524742264156501,-0.739289589451094,0.282003667275745,-0.099241725564969,-0.717011464875241,0.342027359175056,-0.135158263130757,-0.022278124575852,-0.060023691899311,0.035916537565787,-0.035850539053991,0.017101351649617,-0.006757906711690,0.036965909236663
1403715911.734057903289795,0.154771766959881,-0.301292927273726,0.424475893097313,0.269513144874180,-0.719601968375485,-0.373876486542285,-0.519376592330607,-0.743649451040538,0.269056373925561,-0.052446634798525,-0.718432984541446,0.306649192843614,-0.081485850532011,-0.025216466499093,-0.037592818918053,0.029039215733487,-0.035921614969518,0.015332445020008,-0.004074288641052,0.036285549916875
1403715911.784058094024658,0.119495340057563,-0.287027245618197,0.423443651254219,0.273197872953721,-0.713546153725871,-0.389015964698402,-0.514666287924856,-0.748608866536085,0.257573182760426,0.016537222090873,-0.705525846678829,0.285312544729601,-0.020644758108367,-0.043083019857256,-0.027739361969175,0.037181980199240,-0.035276426902317,0.014265681655529,-0.001032241843093,0.034736059713090
1403715911.834058046340942,0.082219446389561,-0.273143287348988,0.426040659894275,0.278903729550067,-0.707477600234490,-0.402246905903673,-0.509789742443324,-0.766260974847212,0.242994985628756,0.087024982789167,-0.745518584341977,0.277679430199914,0.051940222335173,-0.020742390505235,-0.034684444571159,0.035084760453994,-0.037275893668003,0.013883958269209,0.002597008640056,0.032755374367141
1403715911.884057998657227,0.048743299627482,-0.262050131457525,0.433126424698365,0.284950398732409,-0.700754335085104,-0.414411808112550,-0.505973799142368,-0.773337872074498,0.237231772267294,0.150542365824798,-0.669523573749012,0.221863329414629,0.141715431232157,-0.103814298325485,0.015368442852666,0.008826934592641,-0.033476146762079,0.011093155891463,0.007085764804090,0.031261205711767
1403715911.934057950973511,0.011571512259476,-0.248193828402368,0.442850619577397,0.291340640663360,-0.694648526320594,-0.425278312315545,-0.501719456521801,-0.778366571884901,0.235056779753790,0.209986060871491,-0.743436456356365,0.277126325391388,0.194484083055126,-0.034930115528535,-0.042069545637598,0.015501977816365,-0.037171787368006,0.013856303055156,0.009724194879033,0.029277996130488
1403715911.984057903289795,-0.025752729554235,-0.234966418590834,0.457104106773150,0.298734466804030,-0.688768429041841,-0.434440039253910,-0.497611918860077,-0.785991151862595,0.231874337571285,0.277586645590973,-0.746485548178330,0.264548448523747,0.285070015779002,-0.039505603684265,-0.032674110952463,-0.007483370188029,-0.037324241813712,0.013227409811534,0.014253487195752,0.027572183463753
1403715912.034058094024658,-0.062622005838085,-0.222459209384650,0.473388557423399,0.305592391881228,-0.683849952447014,-0.442793505933866,-0.492845253264472,-0.790775641331115,0.220175114381889,0.318038142212844,-0.737382712785175,0.250143229902978,0.325687770604741,-0.053392928545940,-0.029968115521090,-0.007649628391898,-0.036869276283850,0.012507209206184,0.016284450650249,0.025591114762532
1403715912.084058046340942,-0.100934994964981,-0.209172811865432,0.491202115730936,0.313109877235684,-0.679447300699891,-0.449792858446607,-0.487852390421034,-0.797200041411646,0.217320873134419,0.331673731376263,-0.766260513300880,0.265728203802520,0.356271505917718,-0.030939528110766,-0.048407330668101,-0.024597774541455,-0.038312989126895,0.013286397519218,0.017813558307537,0.024479984792513
1403715912.134057998657227,-0.136429869940810,-0.198182496774346,0.508959188097499,0.321250502290185,-0.675438163444161,-0.455343063706293,-0.482953513783728,-0.793136531838591,0.216420048778712,0.328211996088402,-0.709898176528243,0.219806511445560,0.355141786020858,-0.083238355310347,-0.003386462666848,-0.026929789932455,-0.035494874975829,0.010990315091087,0.017757072366563,0.023422066177813
1403715912.184057950973511,-0.173002572806070,-0.186781865105452,0.526590177593223,0.327895477663968,-0.671177403411184,-0.461748561579303,-0.478323859698827,-0.792849493421000,0.211127979929483,0.322296434752404,-0.731454754874819,0.228012850827864,0.352620126199237,-0.061394738546181,-0.016884870898381,-0.030323691446833,-0.036572702865260,0.011400631668893,0.017630989495724,0.022340561418371
1403715912.234057903289795,-0.209456312833594,-0.172106718979053,0.544355768340050,0.335300296337998,-0.666916478013188,-0.467441156277497,-0.473597812545722,-0.788824588256770,0.211939787447631,0.312232799265623,-0.729075495851055,0.293503202434453,0.355312153788610,-0.059749092405715,-0.081563414986822,-0.043079354522987,-0.036453740027524,0.014675146126399,0.017765590746827,0.022603481191474
1403715912.284058094024658,-0.246057630338610,-0.161648360764231,0.561099973729762,0.341883463397472,-0.662084400207643,-0.473478343971199,-0.469657537198463,-0.781201736332890,0.203897953874557,0.305167965684871,-0.732023557652054,0.209166366390071,0.334882830317638,-0.049178178680836,-0.005268412515514,-0.029714864632767,-0.036601317505016,0.010458358214822,0.016744205389713,0.021786385004459
1403715912.334058046340942,-0.284210371482868,-0.150376512545376,0.577705860854079,0.348135027123677,-0.657079237002651,-0.479635707555809,-0.465830942753966,-0.776286449740352,0.197327414281505,0.286890972579318,-0.763055550591631,0.225437179370751,0.332118059218803,-0.013230899148721,-0.028109765089246,-0.045227086639485,-0.038152741144258,0.011271848218855,0.016605887124317,0.021604702618776
1403715912.384057998657227,-0.321561245677623,-0.140031162370589,0.593295752687381,0.353523922478800,-0.652068328170451,-0.486425151150465,-0.461755675612594,-0.768531536430544,0.190283011443252,0.290437304181134,-0.747018196307176,0.206907200817832,0.311798134019914,-0.021513340123368,-0.016624189374580,-0.021360829838780,-0.037350874194755,0.010345350174787,0.015589891833302,0.021619887602767
1403715912.434057950973511,-0.359259535997513,-0.130730138086483,0.608193972323416,0.358724642335742,-0.647207268188617,-0.493688100449793,-0.456849474618497,-0.767236834786352,0.179027770882420,0.281924570698650,-0.753966525436309,0.186020663085238,0.297964676881944,-0.013270309350043,-0.006992892202818,-0.016040106183293,-0.037698290319890,0.009301024284105,0.014898219636034,0.022583178392570
1403715912.484057903289795,-0.397173225056240,-0.121794522479260,0.622513061786834,0.364367136868210,-0.641498125659984,-0.501207442379602,-0.452225434986235,-0.760011422709524,0.169966047072746,0.269864003944560,-0.758274504321455,0.178712482577978,0.286382062383582,-0.001736918388069,-0.008746435505232,-0.016518058439021,-0.037913689058727,0.008935615607224,0.014319089463418,0.023862605666585
1403715912.534058094024658,-0.437848047621723,-0.111898151783295,0.638312659399654,0.370264476724432,-0.635576145528426,-0.508847544489114,-0.447237472690528,-0.757155716086049,0.160347086304333,0.268990794858251,-0.813493348078808,0.197926658889005,0.315990746847373,0.056337631992759,-0.037579572584671,-0.046999951989123,-0.040674822565483,0.009896370695964,0.015799597612821,0.024746825856312
1403715912.584058046340942,-0.475650515737198,-0.103251808792254,0.651918830290606,0.376447684381297,-0.629403699639383,-0.517291830042056,-0.441075148218483,-0.759037132454020,0.161653309573365,0.268203216165784,-0.756050083335053,0.172927024736891,0.272123677336401,-0.002987049118967,-0.011273715163526,-0.003920461170617,-0.037802468115475,0.008646342991041,0.013606170890952,0.027248061774361
1403715912.634057998657227,-0.513572848076245,-0.095715361751501,0.665016017697973,0.383144944755817,-0.622185782851442,-0.526255162889494,-0.434902640205542,-0.751087584126242,0.149009587338091,0.261097588780015,-0.758447370092715,0.150729084561505,0.261943997956603,0.007359785966474,-0.001719497223414,-0.000846409176587,-0.037922332339047,0.007536447040752,0.013097187407367,0.029352797241046
1403715912.684057950973511,-0.550902532186410,-0.087933656937543,0.678271217127596,0.389669707282748,-0.613713647914963,-0.536157750401909,-0.429008093481989,-0.748280594031678,0.149864671515283,0.270602837115183,-0.746594394211201,0.155634244703544,0.265104241415552,-0.001686199820477,-0.005769573188260,0.005498595699632,-0.037329684110165,0.007781704813958,0.013255199429622,0.031442748456735
1403715912.734057903289795,-0.588335958515086,-0.080477255811773,0.690863077107001,0.397920631577120,-0.604334423507689,-0.546177511631458,-0.422053552664782,-0.749877509673740,0.143753170011616,0.273876854671130,-0.748669240560143,0.149128164735102,0.251837439759017,-0.001208269113597,-0.005374994723486,0.022039414912113,-0.037433426328676,0.007456401125770,0.012591859979406,0.034917995243309
1403715912.784058094024658,-0.625151205779793,-0.073410672601224,0.703622565797836,0.406556640360970,-0.593898973202160,-0.557121376370279,-0.414260159560520,-0.737346293537348,0.129906515431494,0.280818527537038,-0.736302136524393,0.141331125075525,0.255188800348679,-0.001044157012955,-0.011424609644031,0.025629727188359,-0.036815247264707,0.007066583210549,0.012759488690835,0.038157330263886
1403715912.834058046340942,-0.663092126050418,-0.066633254107712,0.716571167777216,0.414644982404267,-0.582121960171921,-0.569442952818262,-0.406125947876007,-0.735935357927186,0.124863164696171,0.246872474984881,-0.758819129078814,0.135548499139353,0.258972286562809,0.022883771151628,-0.010685334443182,-0.012099811577928,-0.037940920270625,0.006777418493512,0.012948601979380,0.041091157561589
1403715912.884057998657227,-0.699567469234098,-0.060503800872716,0.726482388911365,0.423888041203867,-0.569164206887509,-0.581928383530229,-0.397152855415086,-0.735696778029756,0.116047819704708,0.185402525722423,-0.729507559386222,0.122589181610073,0.198224611724710,-0.006189218643534,-0.006541361905365,-0.012822086002287,-0.036475343183680,0.006129453234996,0.009911221134149,0.044261037625825
1403715912.934057950973511,-0.736184066181885,-0.055141173770497,0.733500830239754,0.432287316790616,-0.555525604990725,-0.595300138091229,-0.387474803735963,-0.723327299163964,0.103598615349263,0.118292989840109,-0.732332637362580,0.107252644328476,0.140368960434037,0.009005338198616,-0.003654028979213,-0.022075970593928,-0.036616596947788,0.005362627102219,0.007018441328388,0.046002222581256
1403715912.984057903289795,-0.772204777764083,-0.050674269292191,0.737108816090708,0.440990911767685,-0.541503120708660,-0.607910243429262,-0.377818106944154,-0.716190034503527,0.090163517623281,0.037140600309794,-0.720414918685154,0.089338174765645,0.072159785836024,0.004224884181627,0.000825342857635,-0.035019185526229,-0.036020711582197,0.004466904478306,0.003607985850954,0.045811444866919
1403715913.034058094024658,-0.807463217203013,-0.046838120619556,0.737005187749670,0.450353441176492,-0.527889313077057,-0.619518157868346,-0.367031201985521,-0.704248724393706,0.077309470370813,-0.033169718436013,-0.705166098783414,0.076722680778908,-0.002072558914578,0.000917374389708,0.000586789591905,-0.031097159521435,-0.035258439438930,0.003836148672635,-0.000103628341038,0.045787186089124
1403715913.084058046340942,-0.841157924958086,-0.042678689098799,0.730091085485424,0.458351906776355,-0.513424324364863,-0.631320836476783,-0.357411519309631,-0.691278242080652,0.077758361610024,-0.095738387098716,-0.673894797777612,0.083188709750073,-0.138282177161068,-0.017383444303040,-0.005430348140050,0.042543790062352,-0.033694707755073,0.004159431520757,-0.006914102264245,0.044947708527993
1403715913.134057998657227,-0.876431003027211,-0.040940208242589,0.723482159758683,0.466067440760241,-0.498434264350538,-0.642805287449630,-0.348060033918484,-0.697165468714045,0.052925268586244,-0.132402725397501,-0.705462234163733,0.034769650283120,-0.132178640590210,0.008296765449688,0.018155618303124,-0.000224084807291,-0.035273078069126,0.001738480856210,-0.006608925726742,0.044881862293347
1403715913.184057950973511,-0.910278985676992,-0.038920091952959,0.715299226436769,0.474829029067470,-0.483101157686585,-0.652977615004671,-0.338778539608897,-0.676954497494279,0.035367033422855,-0.147995169301594,-0.676960298595265,0.040402364323301,-0.163658822515487,0.000005801100985,-0.005035330900446,0.015663653213893,-0.033847982649781,0.002020116289630,-0.008182933321914,0.044788968882572
1403715913.234057903289795,-0.943577005490648,-0.037550265215241,0.707317421872096,0.484388582092304,-0.467226519103580,-0.661264590199195,-0.331355131443063,-0.667211922482436,0.025641335908246,-0.135023405435462,-0.665961031383049,0.027396560881757,-0.159636243534439,-0.001250891099387,-0.001755224973511,0.024612838098977,-0.033298019813656,0.001369826737718,-0.007981804564673,0.043229079995247
1403715913.284058094024658,-0.975947873450772,-0.036487574930507,0.699721976906717,0.492315990827430,-0.449964706326550,-0.669889696154475,-0.326197061945892,-0.647173263370852,0.012424817465464,-0.137439121542889,-0.647414889510667,0.021253724618150,-0.151908319823328,0.000241626139815,-0.008828907152686,0.014469198280439,-0.032370867960124,0.001062690284734,-0.007595444965379,0.042980455879904
1403715913.334058046340942,-1.006464827062371,-0.036024087936390,0.692416340121412,0.498572694834458,-0.432524261363700,-0.677882331053787,-0.323764693168319,-0.625913526717295,0.003012871942422,-0.126503362520643,-0.610339654297233,0.009269748722664,-0.146112875050206,-0.015573872420063,-0.006256876780242,0.019609512529563,-0.030516953611599,0.000463486994117,-0.007305636785305,0.040651116528772
1403715913.384057998657227,-1.037071063874628,-0.036511293585426,0.685565116346457,0.502300914433797,-0.416237404732617,-0.685609047287134,-0.323079631884239,-0.617739579849792,-0.025567185048666,-0.131144409306847,-0.612125320013346,-0.009744122273451,-0.137024606175951,-0.005614259836446,-0.015823062775215,0.005880196869104,-0.030606236812257,-0.000487205649037,-0.006851223774955,0.036842495518691
1403715913.434057950973511,-1.068851886961779,-0.037550647465042,0.679893860225570,0.506221483863782,-0.401801025510416,-0.691255231114015,-0.323205740405456,-0.606951664003156,-0.059878340756369,-0.112027840526217,-0.635617067914693,-0.020787097416424,-0.113425230588461,0.028665403911537,-0.039091243339945,0.001397390062244,-0.031780823087151,-0.001039353879615,-0.005671256120887,0.031980034555220
1403715913.484057903289795,-1.097642930132880,-0.043326330968469,0.672659845606054,0.510146358761245,-0.389278470493954,-0.694800565317928,-0.324753967622287,-0.595773804419090,-0.107644691135812,-0.105470793002115,-0.575821412568102,-0.115513780231070,-0.144680430368339,-0.019952391850988,0.007869089095258,0.039209637366225,-0.028791043171100,-0.005775683503427,-0.007234014619516,0.027363358651417
1403715913.534058094024658,-1.128861457928216,-0.050542837266058,0.667908190527776,0.512275475039913,-0.377689081888423,-0.697973821744916,-0.328264130318418,-0.590804579361508,-0.168435907965008,-0.105078909094926,-0.624368174131159,-0.144329575378149,-0.095032739044426,0.033563594769651,-0.024106332586859,-0.010046170050500,-0.031218527795336,-0.007216506297589,-0.004751655078278,0.025396065002268
1403715913.584058046340942,-1.159661259855534,-0.059252939545334,0.663720011511783,0.511203957299492,-0.365020674841400,-0.701811455998352,-0.335992710053568,-0.585399501153304,-0.232911897597865,-0.114151317686068,-0.615996626006515,-0.174202211717699,-0.083763660203114,0.030597124853211,-0.058709685880166,-0.030387657482954,-0.030799801927318,-0.008710102279276,-0.004188179015993,0.030731073133376
1403715913.634057998657227,-1.190628923465333,-0.069995393121472,0.658064315962020,0.510513376390871,-0.355020803902690,-0.704201847583412,-0.342689479240886,-0.609850214425976,-0.287113986466645,-0.118813805701705,-0.619353862857849,-0.214849276418985,-0.113114018869192,0.009503648431873,-0.072264710047659,-0.005699786832513,-0.030967663609799,-0.010742453576137,-0.005655695549763,0.024579415067316
1403715913.684057950973511,-1.225078023778923,-0.082471181116835,0.655258086487219,0.509639332639295,-0.347199831935661,-0.705891007411010,-0.348479429790471,-0.636522365520484,-0.367113651184033,-0.097961683484390,-0.688982663336876,-0.249515997864254,-0.056124643020658,0.052460297816392,-0.117597653319778,-0.041837040463733,-0.034449100313590,-0.012475787995363,-0.002806229474801,0.019830194014833
1403715913.734057903289795,-1.259234404382053,-0.100342462838469,0.650106785330397,0.508413917068807,-0.344035571959284,-0.707672849219575,-0.349791298683728,-0.664721674578568,-0.448099974111857,-0.113216467311587,-0.683128263544484,-0.357425975300666,-0.103026121389794,0.018406588965916,-0.090673998811191,-0.010190345921794,-0.034156380603130,-0.017871281721635,-0.005151301156821,0.008101892910501
1403715913.784058094024658,-1.294544976460096,-0.119973575852791,0.645221060496437,0.507220678201295,-0.345020347016979,-0.709186850728661,-0.347479718117281,-0.706157402697683,-0.508727387086255,-0.113072641186089,-0.706208747588288,-0.392620762557076,-0.097714123929398,0.000051344890606,-0.116106624529180,-0.015358517256691,-0.035310572078043,-0.019631113014321,-0.004885724833960,0.006333787042857
1403715913.834058046340942,-1.333946198100523,-0.147241493942816,0.642019268033624,0.504108816516516,-0.348788232153416,-0.711890029971186,-0.342685942882453,-0.752704109496471,-0.584578814184198,-0.092186587901373,-0.788025184327913,-0.545358881895258,-0.064035910325673,0.035321074831442,-0.039219932288940,-0.028150677575700,-0.039401221640427,-0.027267918090025,-0.003201792462813,0.014719829493977
1403715913.884057998657227,-1.372214110402938,-0.177626156087570,0.639444967960036,0.500953139829115,-0.353939209739067,-0.714317178757736,-0.336933161971666,-0.782985462278215,-0.646180069001165,-0.070162502878287,-0.765358975951485,-0.607693822437090,-0.051486050572683,-0.017626486326731,-0.038486246564075,-0.018676452305604,-0.038267912302414,-0.030384662144755,-0.002574300073588,0.017375486135525
1403715913.934057950973511,-1.411599736390572,-0.212126004034544,0.638427534949724,0.498550301586471,-0.359444238200752,-0.715911312343998,-0.331237723199237,-0.813315929526804,-0.705528033817493,-0.039706442016082,-0.787713270974599,-0.689997616972475,-0.020348679612255,-0.025602658552206,-0.015530416845018,-0.019357762403827,-0.039385625987634,-0.034499847946973,-0.001017433010312,0.016859261604493
1403715913.984057903289795,-1.454614027602586,-0.248661114404418,0.636408801623569,0.497009169908110,-0.363962776001964,-0.716513891827370,-0.327293179780134,-0.843623073524031,-0.756273337566120,-0.030111411166748,-0.860286644673561,-0.730702904250066,-0.040374705027408,0.016663571149530,-0.025570433316054,0.010263293860659,-0.043014291212014,-0.036535110369874,-0.002018733326154,0.012444263004847
1403715914.034058094024658,-1.497015294581804,-0.288193831410107,0.636121543173961,0.494848721330953,-0.367675154042317,-0.717070916401880,-0.325190751633019,-0.877187588953044,-0.797655148299502,0.000863197598862,-0.848022104636760,-0.790651324018342,-0.005745147076160,-0.029165484316284,-0.007003824281161,0.006608344675022,-0.042401266979218,-0.039532717005689,-0.000287258449608,0.009629083867991
1403715914.084058046340942,-1.540706860915317,-0.330052935685770,0.636739612952763,0.492617574624070,-0.369487487538171,-0.717272794718763,-0.326077689639394,-0.899583095470240,-0.838418443977120,0.016068153137479,-0.873832160021541,-0.837182883913068,0.012361407364783,-0.025750935448698,-0.001235560064051,0.003706745772696,-0.043691566333513,-0.041859104275663,0.000618069778801,0.006029921755726
1403715914.134057998657227,-1.585972547331979,-0.373321499467601,0.637915143167885,0.490450193464685,-0.371733196640240,-0.717159474226086,-0.327040252528409,-0.941477938035312,-0.870482477333315,0.025957342012674,-0.905314591708525,-0.865372100919774,0.023510626723920,-0.036163346326788,-0.005110376413541,0.002446715288754,-0.045265686416663,-0.043268563781831,0.001175530215122,0.006536093272191
1403715914.184057950973511,-1.632490683584094,-0.419249223970823,0.639196642453025,0.490585663044391,-0.376388182619762,-0.715114705468122,-0.325988651984587,-0.962525294572312,-0.910633311045994,0.023425682381815,-0.930363612306182,-0.918555366067095,0.025630010145498,-0.032161682266131,0.007922055021101,-0.002204327763682,-0.046518136252115,-0.045927724503222,0.001281499285141,0.010387348090395
1403715914.234057903289795,-1.680543703116441,-0.466861940259125,0.639969537560123,0.489131452165261,-0.386923626475172,-0.713504299870461,-0.319299457945623,-0.984658518337498,-0.935541290584731,0.019129616547262,-0.961061307186429,-0.952255233907415,0.015457916883763,-0.023597211151069,0.016713943322683,0.003671699663499,-0.048053019532347,-0.047612716288303,0.000772895107097,0.025333864684326
1403715914.284058094024658,-1.728824820132900,-0.515644565179406,0.641342813564003,0.486220407183215,-0.398939981288279,-0.711791541834726,-0.312712980128488,-0.999659788095205,-0.951148260251782,0.024766675696329,-0.965618656786326,-0.975648776600892,0.027465415305372,-0.034041131308879,0.024500516349110,-0.002698739609043,-0.048281117016459,-0.048782624920281,0.001373276003881,0.028226618800194
1403715914.334058046340942,-1.778946549257731,-0.564636519622586,0.642532368107227,0.480840935194312,-0.411852571231508,-0.710785440137609,-0.306518372532285,-1.013815717316815,-0.953970344885619,0.023976242749525,-1.002435538493634,-0.979840023311870,0.023791113553445,-0.011380178823180,0.025869678426251,0.000185129196080,-0.050121729124830,-0.048991954443180,0.001189554543224,0.030663574896607
1403715914.384057998657227,-1.829664946335066,-0.613582885669246,0.644741134468699,0.473588188415317,-0.424827550725459,-0.710308891675928,-0.301159523084064,-1.019603311736688,-0.945695547553882,0.045834150559051,-1.014368908924286,-0.978928254511930,0.044175369358352,-0.005234402812402,0.033232706958048,0.001658781200700,-0.050718397077335,-0.048946366046660,0.002208766361472,0.031616577851582
1403715914.434057950973511,-1.880093580343615,-0.662031351688047,0.647254601393089,0.465832044932935,-0.437176739942806,-0.709430617764734,-0.297632663772860,-1.023734036190378,-0.925952866814659,0.050128380489806,-1.008573642021766,-0.968970244458054,0.050269386428419,-0.015160394168612,0.043017377643395,-0.000141005938613,-0.050428634008549,-0.048448466018801,0.002513466924390,0.030058249402665
1403715914.484057903289795,-1.930730180025148,-0.709622497516945,0.650164277933444,0.457997463029468,-0.447774635418683,-0.708060475068269,-0.297298777966433,-1.037390314245452,-0.898358719859049,0.065776114279946,-1.012732959448055,-0.951823824307888,0.058193586304836,-0.024657354797397,0.053465104448840,0.007582527975110,-0.050636599681532,-0.047591145828898,0.002909676540355,0.026509425117659
1403715914.534058094024658,-1.984844461522423,-0.755046412194922,0.653056347539579,0.450800775091180,-0.458126949329923,-0.706214246939956,-0.296917154933631,-1.053249465248814,-0.863439182016227,0.084637513617385,-1.082281501369235,-0.908474828003109,0.057841171476150,0.029032036120421,0.045035645986882,0.026796342141235,-0.054114281497276,-0.045423914677978,0.002892069606135,0.025496597111396
1403715914.584058046340942,-2.036524837525205,-0.797446551817749,0.657180747360101,0.445383931959421,-0.468508005053629,-0.702601214085207,-0.297464176530599,-1.051933925797950,-0.822923835737571,0.081723465211126,-1.033608505781520,-0.848003601175789,0.082488075077199,-0.018325420016430,0.025079765438218,-0.000764609866073,-0.051680376002782,-0.042400139622827,0.004124399820522,0.024532723704380
1403715914.634057998657227,-2.091655932713152,-0.839263352104244,0.659817156385341,0.440447410024478,-0.481028385124273,-0.697889209697435,-0.295919622018130,-1.071545393825878,-0.778249579787894,0.076562774661070,-1.102622955302127,-0.836336803322825,0.052728230790346,0.031077561476249,0.058087223534931,0.023834543870724,-0.055131095187947,-0.041816800286495,0.002636409025239,0.028685977526823
1403715914.684057950973511,-2.145541815094954,-0.878166024819751,0.663373569159576,0.436877999412134,-0.495815882215126,-0.691421832177468,-0.291959028908579,-1.075976329383984,-0.721506727672912,0.056501051213896,-1.077718675428662,-0.778054196320443,0.071128323317953,0.001742346044677,0.056547468647531,-0.014627272104057,-0.053885882381802,-0.038902672715507,0.003556412774235,0.033995940274636
1403715914.734057903289795,-2.200187887420539,-0.913769234904716,0.667195148601079,0.434071953974799,-0.511325193222053,-0.683720926812518,-0.287495703946271,-1.066568828601239,-0.658928786865687,0.051390532204573,-1.092922488803808,-0.712064880777287,0.076431661720970,0.026353660202569,0.053136093911600,-0.025041129516397,-0.054646072325585,-0.035603210084965,0.003821579441503,0.036202031876759
1403715914.784058094024658,-2.254337898957792,-0.945477809473389,0.669894054945293,0.433416476821245,-0.529633609204909,-0.673914416612581,-0.278348265132307,-1.058077637581817,-0.579655860683438,0.044068650724678,-1.082996099442807,-0.634169072210442,0.053977920974852,0.024918461860989,0.054513211527004,-0.009909270250174,-0.054150011537253,-0.031708574568673,0.002698906344214,0.045408949307831
1403715914.834058046340942,-2.308180431770005,-0.973162813469192,0.672582287375807,0.432713951715539,-0.545766764895760,-0.664969830251701,-0.269652367282328,-1.034543781370001,-0.495372434707952,0.046185639926693,-1.076851683210043,-0.553700607966100,0.053764699884295,0.042307901840042,0.058328173258148,-0.007579059957603,-0.053842532812213,-0.027685003995803,0.002688232430514,0.040812300513169
1403715914.884057998657227,-2.362051818354771,-0.997715062494504,0.675017819046458,0.432526618592901,-0.560208441161021,-0.656231825307800,-0.261623810295856,-0.993529237371759,-0.412575545258789,0.043559556281122,-1.077428759211464,-0.491045448803689,0.048710679867145,0.083899521839705,0.078469903544901,-0.005151123586023,-0.053871386584766,-0.024552249025313,0.002435531670651,0.037385437753850
1403715914.934057950973511,-2.413213669002908,-1.016295439266331,0.678034680399163,0.431848605526093,-0.570870238404257,-0.649364461214067,-0.256787362075317,-0.942142626222060,-0.306119445825157,0.055857051865682,-1.023237988798535,-0.371607889829440,0.060337284596224,0.081095362576475,0.065488444004284,-0.004480232730543,-0.051161850648137,-0.018580376771827,0.003016861352705,0.027180021017375
1403715914.984057903289795,-2.461768426341432,-1.030757494445065,0.681311478153087,0.431780301411236,-0.578654084458294,-0.643442566116057,-0.254375482236277,-0.881629467338677,-0.197684812760297,0.058528375121238,-0.971096072879848,-0.289241379416750,0.065536017578507,0.089466605541171,0.091556566656453,-0.007007642457270,-0.048554757338523,-0.014462055178734,0.003276797753925,0.020147435462689
1403715915.034058094024658,-2.505861758677038,-1.038377601336469,0.685362301012457,0.432236198294270,-0.585194506421644,-0.638069127975511,-0.252164720892150,-0.820062794688005,-0.084581225263970,0.065998963790932,-0.881863282670664,-0.152401556462273,0.081016148135303,0.061800487982659,0.067820331198303,-0.015017184344371,-0.044093332335606,-0.007620106891404,0.004050822859369,0.017521045109820
1403715915.084058046340942,-2.547253081638865,-1.040873841797390,0.689813380890968,0.433153481998094,-0.589918944013627,-0.633666006419084,-0.250681257447908,-0.749483321229650,0.034380909440199,0.068588231848765,-0.827827248714144,-0.049924856830469,0.089021682467928,0.078343927484493,0.084305766270668,-0.020433450619163,-0.041391322961828,-0.002496240460921,0.004451079878512,0.013379092654552
1403715915.134057998657227,-2.583839717738458,-1.036868644128502,0.694529972670518,0.433319012014487,-0.592348928347581,-0.630968508089052,-0.251467935753522,-0.669242943343184,0.146835211422314,0.082787300654984,-0.731733419827216,0.080104029770906,0.094331925552930,0.062490476484032,0.066731181651407,-0.011544624897946,-0.036586636099592,0.004005197668888,0.004716591779550,0.007437096202083
1403715915.184057950973511,-2.615409075041483,-1.026264783590758,0.699704507961580,0.435447993424010,-0.593001793294525,-0.628032318187525,-0.253592834055862,-0.589763377344701,0.269129234474955,0.104302964662162,-0.631387748198782,0.212077413007664,0.103490804517763,0.041624370854080,0.057051821467291,0.000812160144399,-0.031569357303025,0.010603860537744,0.005174535291062,0.008507696680190
1403715915.234057903289795,-2.644141653524718,-1.010384186626944,0.706829528792256,0.437684521615603,-0.588003564261652,-0.626842831873645,-0.264106289365370,-0.505527356931952,0.374681894510112,0.129824854141493,-0.574652117695662,0.317612242174928,0.142500552512626,0.069124760763710,0.057069652335184,-0.012675698371133,-0.028732578483235,0.015880596963814,0.007125020830675,0.023827182024596
1403715915.284058094024658,-2.669262085134043,-0.990346180536116,0.714597443378262,0.439814210847077,-0.579840973471595,-0.626917145605737,-0.278069771758872,-0.451142370468853,0.451759719761786,0.136230601124909,-0.502406715656984,0.400758593043850,0.155357699077533,0.051264345188131,0.051001126717936,-0.019127097952624,-0.025120431609325,0.020038006090828,0.007767914586006,0.032628437339927
1403715915.334058046340942,-2.691671891986887,-0.966102540807638,0.721408081649394,0.439836141333659,-0.568696802595129,-0.629561921518628,-0.294584287545292,-0.402175311619380,0.511784480532579,0.113301456590449,-0.448196564490428,0.484873256980716,0.136212895325376,0.046021252871047,0.026911223551863,-0.022911438734928,-0.022409806852844,0.024243639728477,0.006810638271132,0.040196054196568
1403715915.384057998657227,-2.710450116955047,-0.938516451635897,0.726382767645345,0.439792397246094,-0.557751408434047,-0.632014876441247,-0.309924522539483,-0.362853232386163,0.558642342245481,0.046340036904535,-0.375564857529756,0.551722309598223,0.099493814803722,0.012711625143593,0.006920032647258,-0.053153777899187,-0.018778224968160,0.027586089171741,0.004974685995951,0.038008116693682
1403715915.434057950973511,-2.726886905774846,-0.908471073088114,0.726747201080477,0.437914552736559,-0.547897372295046,-0.635604251032066,-0.322562474574601,-0.349953806051325,0.601432942774846,-0.022965912216503,-0.328736089903153,0.600908144026332,0.007288675653657,-0.021217716148172,0.000524798748514,-0.030254587870160,-0.016436788819799,0.030045378547783,0.000364433435132,0.033059703039269
1403715915.484057903289795,-2.742739219737813,-0.875324963714560,0.722632907720050,0.437956255691833,-0.540269354205869,-0.637404540874735,-0.331690811266504,-0.340149981855942,0.628041201259448,-0.117798978241441,-0.317046581618521,0.662922819683534,-0.082285945682520,-0.023103400237422,-0.034881618424085,-0.035513032558921,-0.015852313962967,0.033146109373553,-0.004114293360426,0.024063060454403
1403715915.534058094024658,-2.757334945614347,-0.842852670898003,0.715501279583515,0.438645266989277,-0.534574802995793,-0.638486148349143,-0.337869128681788,-0.328878025394571,0.654473300248517,-0.199250666190688,-0.291913403969423,0.649443378901257,-0.142632018632738,-0.036964621425148,0.005029921347260,-0.056618647557950,-0.014595725876534,0.032472292816557,-0.007131628136535,0.016999360670735
1403715915.584058046340942,-2.772076356434167,-0.808641233886863,0.704348618425062,0.439086619302629,-0.529169076012112,-0.639731110342580,-0.343405207010212,-0.325060874503147,0.672863886281113,-0.253380791735741,-0.294828497566754,0.684229392754808,-0.223053435889389,-0.030232376936393,-0.011365506473695,-0.030327355846352,-0.014741410819819,0.034211437011140,-0.011152661158453,0.015699055522891
1403715915.634057998657227,-2.786455836516208,-0.773879377126401,0.690509618543793,0.437614560096528,-0.523240060261745,-0.642190264039479,-0.349721318912234,-0.323765200312556,0.688782460336697,-0.300967391094790,-0.287589875907910,0.695237798239673,-0.276780261583598,-0.036175324404646,-0.006455337902977,-0.024187129511191,-0.014379480082042,0.034761856760462,-0.013838999881269,0.018249544678406
1403715915.684057950973511,-2.799968216541898,-0.738296750183240,0.676215961927988,0.436461067449579,-0.518333589263474,-0.644437474078786,-0.354305473913363,-0.329493830220807,0.691780839563682,-0.322176554160389,-0.270247858242233,0.711653217548612,-0.285873404946234,-0.059245971978574,-0.019872377984931,-0.036303149214155,-0.013512380025690,0.035582626943161,-0.014293656615806,0.014348331433294
1403715915.734057903289795,-2.814939042017990,-0.702659236316341,0.660873728213337,0.435072691123958,-0.516756176937194,-0.646829524579626,-0.353958151717839,-0.339579610150895,0.702921989480642,-0.323645025748248,-0.299416795067953,0.712750957070265,-0.306844966923174,-0.040162815082942,-0.009828967589623,-0.016800058825074,-0.014970825476092,0.035637513866899,-0.015342233714650,0.006405736661389
1403715915.784058094024658,-2.829238853117290,-0.666667155128151,0.646286638229964,0.434129498298363,-0.517670134763492,-0.648743771080171,-0.350258090221823,-0.346196673373983,0.718447315132731,-0.328319030135874,-0.285995131001147,0.719838877796396,-0.291740686765062,-0.060201542372835,-0.001391562663666,-0.036578343370812,-0.014299811099300,0.035992081188190,-0.014587089983373,0.008736076164891
1403715915.834058046340942,-2.844984705318334,-0.630287886520832,0.630504003685189,0.432589673851614,-0.519603959816680,-0.650844874078965,-0.345367701015768,-0.356515196802035,0.730966387290257,-0.329155180550438,-0.314917344349469,0.727586066026533,-0.315652991925665,-0.041597852452566,0.003380321263724,-0.013502188624773,-0.015745852201044,0.036379268607319,-0.015782634544776,0.011737355394121
1403715915.884057998657227,-2.860915387463476,-0.593584652627173,0.614567143179369,0.430706764201428,-0.521420412697859,-0.653320133486013,-0.340272302244757,-0.361985217284518,0.748180409109814,-0.321643574373173,-0.318613946756781,0.734065377932463,-0.318737514088181,-0.043371270527737,0.014115031177351,-0.002906060284992,-0.015930682145142,0.036703233893658,-0.015936860505820,0.012479579146066
1403715915.934057950973511,-2.877562280224256,-0.556303229518826,0.600080582716236,0.429511619641622,-0.522878560290091,-0.655194204775549,-0.335914176256864,-0.364112526168805,0.780079622342314,-0.300956774105819,-0.332938172730187,0.745629173254337,-0.289731485572128,-0.031174353438618,0.034450449087977,-0.011225288533691,-0.016646892760780,0.037281423108347,-0.014486560463133,0.010209804471759
1403715915.984057903289795,-2.895020327211582,-0.516455862331298,0.585478865889332,0.431209286182048,-0.522476866649980,-0.655179351216759,-0.334389732296275,-0.371410680941861,0.808980010584427,-0.295252741615093,-0.349161272732658,0.796948103779507,-0.292034615043993,-0.022249408209203,0.012031906804920,-0.003218126571100,-0.017458046987326,0.039847367187528,-0.014601716826904,0.004633608477690
1403715916.034058094024658,-2.913095942999280,-0.475325641805533,0.570530056657575,0.434316535729850,-0.521186062120777,-0.653855081598178,-0.334974279178119,-0.368287521344346,0.829882438097911,-0.297343729971691,-0.361510936699174,0.822601272540462,-0.298975044135861,-0.006776584645172,0.007281165557449,0.001631314164170,-0.018075615787698,0.041130220525764,-0.014948809231757,0.007325728950783
1403715916.084058046340942,-2.931271413203858,-0.432757831300600,0.556746439739385,0.437408036954390,-0.520344093828731,-0.651258860700651,-0.337310138573026,-0.366792247963619,0.842477092812647,-0.286660284802680,-0.363509750761460,0.851357022016002,-0.275672601265666,-0.003282497202160,-0.008879929203355,-0.010987683537015,-0.018175470204577,0.042567810504934,-0.013783616918189,0.009479015673793
1403715916.134057998657227,-2.949243573530403,-0.388357103033354,0.542655653053340,0.437545025043954,-0.521173797275509,-0.648942673510198,-0.340302263568946,-0.352266032575581,0.868644212441192,-0.291163924755843,-0.359443549322995,0.888015412222411,-0.281816002481588,0.007177516747414,-0.019371199781219,-0.009347922274254,-0.017972160326546,0.044400728267246,-0.014090786686045,0.007752348663580
1403715916.184057950973511,-2.966546856306337,-0.342694762795850,0.529241878594981,0.438662514536455,-0.523123664698045,-0.643767597405519,-0.345658950852089,-0.342909633303744,0.872518190787187,-0.293048020170050,-0.346065985552910,0.913247675690928,-0.268275745014881,0.003156352249166,-0.040729484903741,-0.024772275155169,-0.017303282775933,0.045662340237504,-0.013413774458360,0.015559766368164
1403715916.234057903289795,-2.982980413162581,-0.296592069733466,0.515120196420300,0.438478322373743,-0.527148241517667,-0.637686892371889,-0.351008432334926,-0.334290569303066,0.881940344324024,-0.289967379971253,-0.328671450570417,0.922054740587605,-0.282433912843582,-0.005619118732649,-0.040114396263581,-0.007533467127670,-0.016433556856245,0.046102693062384,-0.014121682174681,0.018091282883704
1403715916.284058094024658,-2.998313264829913,-0.251214434124168,0.501506344462392,0.436532090639294,-0.532736645047559,-0.630870017460702,-0.357259600199481,-0.322466457661755,0.889867686117118,-0.283217194778268,-0.306655863547340,0.907549250160308,-0.272276000507652,-0.015810594114415,-0.017681564043190,-0.010941194270616,-0.015332851667331,0.045377635609298,-0.013613851957908,0.021960525180173
1403715916.334058046340942,-3.013718412707109,-0.205172157830967,0.488249169402049,0.433476326776974,-0.539286831374520,-0.623151324817928,-0.364623660789632,-0.311519803413180,0.896923650080365,-0.285271490044749,-0.308103251374090,0.920846404051587,-0.265143754067647,-0.003416552039091,-0.023922753971222,-0.020127735977103,-0.015405147877197,0.046042276293201,-0.013257175060343,0.025772274712425
1403715916.384057998657227,-3.028781530244516,-0.159225009064018,0.475450401992575,0.430612168352348,-0.547212359046764,-0.614324798063189,-0.371129137980280,-0.299723417789844,0.899529683871676,-0.281710245043029,-0.301262638054580,0.918943851712128,-0.255975592306821,0.001539220264736,-0.019414167840451,-0.025734652736208,-0.015063117537407,0.045947148766949,-0.012798767409474,0.027658579023406
1403715916.434057950973511,-3.044589967414441,-0.112560864280647,0.463029000815879,0.427744021924729,-0.556259598488633,-0.604557467268405,-0.376988832151475,-0.296000408316634,0.905699144461824,-0.288259966651919,-0.316169044920797,0.933283785716208,-0.248428260453570,0.020168636604163,-0.027584641254384,-0.039831706198349,-0.015808437169925,0.046664144783372,-0.012421401176696,0.029652628805892
1403715916.484057903289795,-3.058270158977868,-0.064238854408258,0.450164828574194,0.423450796993973,-0.567189445385803,-0.594392942899251,-0.381683880979643,-0.281333952402929,0.915813544554707,-0.289961088379785,-0.273604092197741,0.966441119117843,-0.257283690198545,-0.007729860205188,-0.050627574563136,-0.032677398181240,-0.013680191563427,0.048322009872388,-0.012864172241685,0.032450586934152
1403715916.534058094024658,-3.071049244250874,-0.016144104855111,0.437706029875687,0.417847745535669,-0.578954958720525,-0.584172896368877,-0.385948758867898,-0.268512936503592,0.910166035992396,-0.286178561760398,-0.255580730496990,0.961891321738743,-0.249175023442859,-0.012932206006602,-0.051725285746347,-0.037003538317539,-0.012779085273005,0.048094749553147,-0.012458798698507,0.034203342069176
1403715916.584058046340942,-3.083493181748550,0.030544526716006,0.424978341633603,0.411291633628936,-0.589808776547164,-0.573902346109782,-0.391919502378316,-0.254990469468165,0.908293393296569,-0.273176411902119,-0.248878987303030,0.933773521938162,-0.254554007603304,-0.006111482165135,-0.025480128641593,-0.018622404298815,-0.012443937497677,0.046688631571117,-0.012727688242084,0.034752239763759
1403715916.634057998657227,-3.095823339290778,0.076818046296737,0.412647359250101,0.406170348873022,-0.601963789528419,-0.561917513179829,-0.396123657681223,-0.237178558046836,0.905997492213284,-0.275255444117118,-0.246603386023869,0.925471274212806,-0.246619882865089,0.009424827977033,-0.019473781999522,-0.028635561252029,-0.012330157542228,0.046273519580731,-0.012330982383502,0.036621982939599
1403715916.684057950973511,-3.106742184206304,0.123145273037959,0.400553911833735,0.401789704514090,-0.613894153625946,-0.549674272417005,-0.399446111175463,-0.215634751824591,0.910308336838232,-0.269916486148941,-0.218377106571162,0.926545418447007,-0.241869178991737,0.002742354746570,-0.016237081608775,-0.028047307157204,-0.010918844915526,0.046327226741222,-0.012093447416366,0.035914784669683
1403715916.734057903289795,-3.117846162207667,0.170590086958836,0.388191142070870,0.398978782096800,-0.624799802442051,-0.537671016951498,-0.401685219836714,-0.203965280869453,0.915504256913343,-0.257689435461291,-0.222079771819023,0.948897183356430,-0.247255631058648,0.018114490949570,-0.033392926443087,-0.010433804402643,-0.011103978001362,0.047444813920878,-0.012362769762865,0.033222435500275
1403715916.784058094024658,-3.126983939581429,0.217358593634273,0.376152820723702,0.397147079801613,-0.634949562693315,-0.526073427302563,-0.402939200037369,-0.172229841162685,0.921600944180500,-0.251308453508360,-0.182754850320816,0.935366565368447,-0.240765508495835,0.010525009158132,-0.013765621187947,-0.010542945012525,-0.009137777373762,0.046768506675436,-0.012038321347168,0.031141882865105
1403715916.834058046340942,-3.134331856793416,0.264539246615422,0.364564381076566,0.395064649396713,-0.643956736222376,-0.515756881666977,-0.404027825383392,-0.137748001540458,0.917212198312808,-0.230830982369485,-0.146958484390273,0.943613959523392,-0.231769013974884,0.009210482849815,-0.026401761210584,0.000938031605399,-0.007347917211987,0.047180652981150,-0.011588439647136,0.027791006974738
1403715916.884057998657227,-3.140194598976125,0.312438338520620,0.354247312522535,0.396795045473242,-0.652819162613292,-0.503829581674965,-0.403158263516945,-0.099750184454257,0.916461564204805,-0.196189753548472,-0.117254955477230,0.957982751707493,-0.206341567863262,0.017504771022973,-0.041521187502688,0.010151814314790,-0.005862742182710,0.047899091905197,-0.010317068554030,0.029970498641390
1403715916.934057950973511,-3.142987041232651,0.359521374917404,0.345480404247666,0.398013910438649,-0.658930515725418,-0.493325046574276,-0.405001112301754,-0.032326420140024,0.923947222288234,-0.170148868535152,-0.055848898392171,0.941661625974194,-0.175338332713040,0.023522478252147,-0.017714403685961,0.005189464177887,-0.002792442256526,0.047083036396784,-0.008766908274869,0.024704457733197
1403715916.984057903289795,-3.142945352051079,0.405482006291237,0.337220488386944,0.399116885228652,-0.664147393557099,-0.484118622850002,-0.406501058506013,0.022280716668009,0.908124728689403,-0.157135538581102,0.000833784426603,0.919213504106961,-0.165198474759988,0.021446932241406,-0.011088775417558,0.008062936178886,0.000041689181572,0.045960631373833,-0.008259915860722,0.021488746325724
1403715917.034058094024658,-3.139561351936657,0.450950190004636,0.330200792954664,0.400542568512389,-0.667752745844744,-0.476005054956913,-0.408767793351885,0.088951917889015,0.894891138040731,-0.120662580376601,0.067679744110693,0.909360205334089,-0.140393373087392,0.021272173778322,-0.014469067293359,0.019730792710791,0.003384000114421,0.045468183713399,-0.007019695432280,0.018547218129929
1403715917.084058046340942,-3.132347082903525,0.495886912970043,0.325176910482369,0.400049035838654,-0.667146456114088,-0.470098413975084,-0.416993832324996,0.167486058336750,0.897040487660550,-0.066790201478186,0.144285518264043,0.898735316408943,-0.100477745268935,0.023200540072707,-0.001694828748393,0.033687543790749,0.007214269033132,0.044936722965408,-0.005023882472295,0.020314347007235
1403715917.134057998657227,-3.121161551626798,0.539890192631114,0.323138244473095,0.399550681786258,-0.662271451710869,-0.463801081007968,-0.432023534299643,0.245725572476637,0.867929263570946,-0.023497201676116,0.223710838881809,0.880066432518160,-0.040773359069981,0.022014733594828,-0.012137168947214,0.017276157393865,0.011185531276726,0.044003279661070,-0.002038666009274,0.034033475056491
1403715917.184057950973511,-3.107152263987602,0.582037965831741,0.322006320549937,0.392818722503156,-0.654413808192249,-0.461176183662169,-0.452495907739622,0.298970686466758,0.824668996061674,-0.000070962167361,0.280186019990135,0.842956267918298,-0.022638500052926,0.018784666476623,-0.018287271856624,0.022567537885564,0.014009287639196,0.042147773200628,-0.001131923923158,0.046177643065965
1403715917.234057903289795,-3.091718338374241,0.623026000503547,0.321223000886169,0.383898805091730,-0.646705625623539,-0.459080746110478,-0.472904228979458,0.312128284412989,0.776309219877107,0.003970188553565,0.308678806646267,0.819761475221576,-0.015666408216000,0.003449477766722,-0.043452255344469,0.019636596769565,0.015433925613361,0.040988034671806,-0.000783319663767,0.047324309304465
1403715917.284058094024658,-3.075860992120459,0.660456064001709,0.319214627996490,0.374262956967128,-0.643207596350095,-0.456221119784566,-0.487927778367119,0.311177140572407,0.689916707133850,-0.019759843071481,0.317145715260749,0.748598414286921,-0.040167304567479,-0.005968574688343,-0.058681707153071,0.020407461495999,0.015857346253782,0.037430063498162,-0.002008372889679,0.036822810990406
1403715917.334058046340942,-3.060331568270874,0.694508695528925,0.317643540663738,0.366813753895389,-0.641080874000848,-0.451809695470348,-0.500330872545832,0.299142282798682,0.642305960802082,-0.021724233738430,0.310588773192229,0.681053280047327,-0.031421776621192,-0.011446490393547,-0.038747319245244,0.009697542882762,0.015529423849585,0.034052631527215,-0.001571087332753,0.030549338477257
1403715917.384057998657227,-3.045784551391885,0.725136766953072,0.315873714374747,0.360957627849166,-0.641160667473385,-0.447978714560484,-0.507875635055790,0.270914682837453,0.587279381642074,-0.022408876023806,0.290940615042376,0.612562012667606,-0.035396559536598,-0.020025932204922,-0.025282631025532,0.012987683512792,0.014547016878989,0.030628071424147,-0.001769826288990,0.020581678252209
1403715917.434057950973511,-3.033221729452655,0.753228450123179,0.314382677691994,0.356175055770592,-0.642961378101392,-0.445002702202127,-0.511578528624472,0.246253019694833,0.530408475113445,-0.016262098567865,0.251256678401641,0.561834199208984,-0.029820762094355,-0.005003658706807,-0.031425724095539,0.013558663526490,0.012562821939230,0.028091683170107,-0.001491036682753,0.013954758657867
1403715917.484057903289795,-3.021632259917293,0.777312995940089,0.312682900024922,0.354428556519538,-0.649346291859874,-0.441633886230872,-0.507631068891498,0.213980011300760,0.484444222439786,-0.011037373557158,0.231789611759039,0.481691375714891,-0.033995585762152,-0.017809600458279,0.002752846724895,0.022958212204994,0.011589469535362,0.024084545816910,-0.001699777667072,0.016822503957264
1403715917.534058094024658,-3.011603305334106,0.799520246010727,0.310907407658967,0.350836076346902,-0.656946631728748,-0.440647143176634,-0.501163911114951,0.196378768749251,0.431972584708070,-0.042840422937343,0.200578326518144,0.444143307140506,-0.035509711860309,-0.004199557768893,-0.012170722432437,-0.007330711077035,0.010028954583187,0.022207250070638,-0.001775492365955,0.021304454409638
1403715917.584058046340942,-3.001899558336205,0.818982492552082,0.308025964336889,0.351221595823629,-0.665038300549074,-0.437894986881164,-0.492560077446648,0.186803126732655,0.397763080370350,-0.053376056705561,0.194075125042498,0.389245302040356,-0.057628921400788,-0.007271998309843,0.008517778329994,0.004252864695227,0.009703746997902,0.019462246541355,-0.002881443322078,0.024267332272798
1403715917.634057998657227,-2.992864800088046,0.838054866161971,0.303955650314680,0.352437715145013,-0.670841287378734,-0.435376555635597,-0.486011192149203,0.196944447074533,0.378137630945856,-0.087092254978399,0.180695337287667,0.381447835974769,-0.081406358079325,0.016249109786866,-0.003310205028912,-0.005685896899074,0.009034758248158,0.019072373609888,-0.004070314022209,0.018372217103132
1403715917.684057950973511,-2.982602984527111,0.855609359288586,0.298678457894413,0.356566155280413,-0.673601195117118,-0.431321557795570,-0.482787448704020,0.210695625493650,0.361242397934202,-0.091031564459357,0.205236506947487,0.351090197358018,-0.105543949059894,0.005459118546163,0.010152200576184,0.014512384600537,0.010261815560935,0.017554493126616,-0.005277192420267,0.014352262393372
1403715917.734057903289795,-2.971974789194706,0.872097178855419,0.292479887949886,0.362410894235388,-0.672849415983411,-0.426894123765889,-0.483418467008080,0.220777016545794,0.327100447312024,-0.118656421654307,0.212564109365032,0.329756705817156,-0.123971517118990,0.008212907180763,-0.002656258505132,0.005315095464682,0.010628195332405,0.016487819566833,-0.006198569944527,0.014795506221694
1403715917.784058094024658,-2.960449694724686,0.886834858809303,0.286243695618839,0.366890319868405,-0.670057546615702,-0.423658691154818,-0.486752186250038,0.236349073592627,0.272936720388485,-0.104876124229365,0.230501010108837,0.294752474686220,-0.124723370839038,0.005848063483790,-0.021815754297735,0.019847246609674,0.011525094470020,0.014737679953884,-0.006236192331047,0.014062958499430
1403715917.834058046340942,-2.948441536649512,0.896848163282265,0.279876147925627,0.370394533440494,-0.665930689018347,-0.421634090486971,-0.491496592826617,0.243056181546078,0.218220393216788,-0.093098232497682,0.240163390541130,0.200266280448046,-0.127351075315693,0.002892791004948,0.017954112768742,0.034252842818012,0.012008158075174,0.010013304472962,-0.006367547693212,0.014955818746452
1403715917.884057998657227,-2.935008383129591,0.905774842864649,0.274429723787195,0.373214708242921,-0.661715507950995,-0.420500971904000,-0.496006351487660,0.249403083591037,0.147153726792817,-0.054110270002927,0.268663326615748,0.178533761910742,-0.108928586651033,-0.019260243024711,-0.031380035117925,0.054818316648106,0.013433153519922,0.008926679582384,-0.005446424138432,0.013761279741669
1403715917.934057950973511,-2.922088853193773,0.910532593344091,0.271226714194282,0.373666882210596,-0.657687117080122,-0.421281000520622,-0.500342918173321,0.250974563777005,0.076799619439533,-0.046254217495144,0.258390845137064,0.095155100335807,-0.064060252950877,-0.007416281360059,-0.018355480896275,0.017806035455734,0.012919529935818,0.004757750479442,-0.003203009592913,0.011974432203611
1403715917.984057903289795,-2.908783723064882,0.911994271435281,0.269114110037015,0.372716367416969,-0.653772779279985,-0.423508793326891,-0.504285598155275,0.251839866829425,-0.001923345170320,-0.018752753463500,0.266102856353282,0.029233589703129,-0.042252123440117,-0.014262989523857,-0.031156934873448,0.023499369976617,0.013305130128891,0.001461678091190,-0.002112604157268,0.012121619934507
1403715918.034058094024658,-2.896175252380963,0.909508413104082,0.268525294774488,0.368849725097265,-0.650573204997751,-0.426657951880527,-0.508593528597977,0.243424862584863,-0.081640197838755,0.002379004262902,0.252168451732079,-0.049716976968754,-0.011776260327661,-0.008743589147216,-0.031923220870001,0.014155264590563,0.012608470683919,-0.002485858331199,-0.000588815262526,0.014651130017227
1403715918.084058046340942,-2.883960674219122,0.903475161777850,0.267441843468643,0.361569645317679,-0.649363652289190,-0.429993803918000,-0.512542259001754,0.238499935004010,-0.152480643206801,-0.012520647462873,0.244291796211619,-0.120665141599900,-0.021669046782117,-0.005791861207609,-0.031815501606901,0.009148399319244,0.012214578161840,-0.006033251326233,-0.001083451305845,0.018020378375418
1403715918.134057998657227,-2.872542131148351,0.893123879772414,0.266196275686093,0.352274226056366,-0.650213475788643,-0.432785352683651,-0.515579425560920,0.216965476851272,-0.218164710249885,-0.012482577341941,0.228371079207061,-0.207025837543944,-0.024911379408332,-0.011405602355788,-0.011138872705941,0.012428802066391,0.011418543070771,-0.010351282005436,-0.001245567782549,0.020410296253448
1403715918.184057950973511,-2.862407211520009,0.880272336915188,0.265405897507189,0.344263185759125,-0.651150755618222,-0.432725032598951,-0.519840935816943,0.194262537216495,-0.274291529011764,0.004990090931648,0.202698585875280,-0.257031102268468,-0.015807578653376,-0.008436048658785,-0.017260426743296,0.020797669585024,0.010134919628342,-0.012851542857225,-0.000790378178905,0.018244993332496
1403715918.234057903289795,-2.853700455595443,0.864616914424846,0.264350277245282,0.340856768309671,-0.653801637738303,-0.428162178186302,-0.522529646201019,0.168490065497944,-0.324409527369069,0.003280506154682,0.174135284559663,-0.313108748410625,-0.021112425372518,-0.005645219061718,-0.011300778958443,0.024392931527200,0.008706755924566,-0.015655422490343,-0.001055620261907,0.013664529462537
1403715918.284058094024658,-2.846731553295568,0.845640163355357,0.262129904395632,0.339535733675064,-0.658400225579444,-0.421051248811600,-0.523393231126336,0.137233883478161,-0.380320060551837,-0.029778533260190,0.139377514314475,-0.379533573584093,-0.044407287592635,-0.002143630836315,-0.000786486967743,0.014628754332444,0.006968902299875,-0.018976751069489,-0.002220372849650,0.017228313554319
1403715918.334058046340942,-2.841466733469572,0.824224060491899,0.256169200918217,0.339328718814480,-0.667060650305639,-0.412489375041018,-0.519363673045980,0.112462422716177,-0.430920585748260,-0.123779519697205,0.105296496938492,-0.428322465749285,-0.119214183239800,0.007165925777685,-0.002598119998975,-0.004565336457404,0.005264819825996,-0.021416102863458,-0.005960703477415,0.025658611800614
1403715918.384057998657227,-2.837486492928850,0.800458520492589,0.245986036316102,0.338448026335492,-0.678400841411313,-0.403920671984955,-0.511930974434303,0.089600642179430,-0.475281613155621,-0.203352598072566,0.079604886731574,-0.475311253278345,-0.203663486270932,0.009995755447857,0.000029640122724,0.000310888198366,0.003980240540722,-0.023765539999311,-0.010183164602115,0.032127793781775
1403715918.434057950973511,-2.839112066971353,0.766977527320910,0.225901860238813,0.336739855315083,-0.690192308507993,-0.395372411678087,-0.503906244456882,0.078355180926306,-0.522857664228963,-0.279477058241604,-0.032511511855446,-0.669620502033456,-0.401683904621412,0.110866692781752,0.146762837804493,0.122206846379808,-0.001625574042503,-0.033480993171679,-0.020084176077289,0.033432445127979
1403715918.484057903289795,-2.833092478864787,0.738941756541062,0.206467753501518,0.333744386857944,-0.701717417896086,-0.387517031702907,-0.496022075922265,0.089027392139809,-0.561779997951619,-0.334121018379443,0.120391876945959,-0.560715950337345,-0.388682505422414,-0.031364484806150,-0.001064047614274,0.054561487042971,0.006019588106566,-0.028035770779847,-0.019434106737295,0.032599016399765
1403715918.534058094024658,-2.824135724726610,0.714914102069079,0.181852522076598,0.330096325277189,-0.711152721873935,-0.379870076511180,-0.490914399036309,0.112230101640189,-0.595193924244301,-0.393096353363278,0.179134399420032,-0.480551256282103,-0.492302750512457,-0.066904297779842,-0.114642667962199,0.099206397149178,0.008956754138177,-0.024027654471983,-0.024615231424921,0.027342312432723
1403715918.584058046340942,-2.816551524080663,0.686530082267392,0.159673308795561,0.326613941372951,-0.719159942550485,-0.372387607876570,-0.487298450471141,0.140589968932770,-0.623160246060931,-0.438393969872875,0.151684157576225,-0.567680937416471,-0.443584688656052,-0.011094188643455,-0.055479308644461,0.005190718783177,0.007584200645947,-0.028384019801687,-0.022179213281036,0.024108650813288
1403715918.634057998657227,-2.806393824648955,0.658833139581977,0.135211084580095,0.321658117525180,-0.724504323648402,-0.367462321790709,-0.486416470228046,0.179788134593624,-0.638569889757540,-0.436666324156707,0.203154182377088,-0.553939381986055,-0.489244950889665,-0.023366047783463,-0.084630507771485,0.052578626732959,0.010157699431708,-0.027696942685415,-0.024462224215466,0.017681565607170
1403715918.684057950973511,-2.794549907587478,0.631506492034828,0.110170497641823,0.314491956983738,-0.728077056841697,-0.365115038161400,-0.487534221569800,0.212650400711957,-0.666363070499181,-0.398548940879378,0.236878567134533,-0.546533472157924,-0.500812216377200,-0.024228166422576,-0.119829598341257,0.102263275497822,0.011843917061476,-0.027326647547149,-0.025040586938273,0.016837791602464
1403715918.734057903289795,-2.782229171671021,0.598785695073538,0.091288025604847,0.305474284239578,-0.730485620907375,-0.366020294629898,-0.488984011226264,0.250203516401673,-0.681067801965601,-0.304924999748922,0.246414953328761,-0.654416563326072,-0.377649800894429,0.003788563072912,-0.026651238639530,0.072724801145507,0.012320735916457,-0.032720796961290,-0.018882472036976,0.018978056541560
1403715918.784058094024658,-2.768298589096267,0.564745314308627,0.075369185976761,0.294622849657479,-0.730888059840798,-0.369168886079330,-0.492660485520006,0.267318103267669,-0.692485215606137,-0.259883306717543,0.278610588680038,-0.680805018233168,-0.318375578055266,-0.011292485412369,-0.011680197372970,0.058492271337722,0.013930582574754,-0.034040380764910,-0.015918839628086,0.023777917978456
1403715918.834058046340942,-2.753922316422127,0.530768541297999,0.063792161690267,0.282778323401046,-0.732506954293399,-0.374438388411258,-0.493219905326500,0.280768134836906,-0.698577981191789,-0.190676091329659,0.287525727688695,-0.679536108268706,-0.231540706544317,-0.006757592851789,-0.019041872923083,0.040864615214658,0.014376272674140,-0.033976773010629,-0.011577024286495,0.026153138509538
1403715918.884057998657227,-2.739077659334742,0.496539415290192,0.055167060008346,0.271059380898042,-0.734918196843018,-0.380716574441777,-0.491403038168768,0.292220470781409,-0.684083316034466,-0.126373610225148,0.296893424887335,-0.684583173025532,-0.172502198149327,-0.004672954105925,0.000499856991067,0.046128587924178,0.014844657087385,-0.034229126007807,-0.008625101681921,0.027266624946375
1403715918.934057950973511,-2.723465928697268,0.462544956986793,0.049526921621999,0.261429098114185,-0.738382444414909,-0.386083205419467,-0.487222691314862,0.291892634756337,-0.669600127046047,-0.064856925185082,0.312234910519884,-0.679889814461420,-0.112802875304152,-0.020342275763547,0.010289687415374,0.047945950119070,0.015611730637473,-0.033994458303398,-0.005640138386347,0.024578143641498
1403715918.984057903289795,-2.707895175997119,0.429806283330029,0.047257860078668,0.254202739221033,-0.742297768956325,-0.390445108373854,-0.481588628314577,0.310181699812585,-0.616940239939729,0.007830103969483,0.311415350991806,-0.654774097576528,-0.045381274145567,-0.001233651179220,0.037833857636799,0.053211378115049,0.015570752700149,-0.032738673656764,-0.002269061543331,0.021755004851613
1403715919.034058094024658,-2.691048155405862,0.399761627690114,0.048210431260137,0.247797488049842,-0.746145885791020,-0.394208309758580,-0.475880794475472,0.328399073073412,-0.567472963712660,0.075090924961228,0.336939126504384,-0.600890820581735,0.019051350954227,-0.008540053430972,0.033417856869075,0.056039574007001,0.016847020591257,-0.030044655639915,0.000952571181468,0.020256078038227
1403715919.084058046340942,-2.673275539610364,0.370596467323964,0.051870724716474,0.240991024418826,-0.748110718571504,-0.398990469112527,-0.472292583538380,0.339233424908326,-0.516956120347550,0.126126437482195,0.355452654896020,-0.583303763604805,0.073205938941368,-0.016219229987694,0.066347643257255,0.052920498540827,0.017772615795498,-0.029165160366149,0.003660293456337,0.018540057843335
1403715919.134057998657227,-2.655240532783290,0.346169673554831,0.059053292628427,0.234670735159487,-0.746723798192196,-0.404194086142925,-0.473244499175863,0.355910261672632,-0.449363793919965,0.155415406874398,0.360700480532261,-0.488536341287223,0.143651495235809,-0.004790218859628,0.039172547367258,0.011763911638589,0.018035006827074,-0.024426793769133,0.007182567911953,0.016715715320352
1403715919.184057950973511,-2.636982384368404,0.325406162859566,0.067787457703559,0.227794063636055,-0.742637135258967,-0.410405849264305,-0.477668283221916,0.365754107872701,-0.380776145659787,0.162009290934903,0.365163316544597,-0.415270609938215,0.174683468093766,0.000590791328104,0.034494464278428,-0.012674177158864,0.018258148414886,-0.020763510695265,0.008734165075131,0.022103984694381
1403715919.234057903289795,-2.618194869472409,0.310652048237831,0.079233904383957,0.221435038947510,-0.736562597550026,-0.416476200311548,-0.484757298027300,0.360357597073854,-0.300226801712525,0.167701974015523,0.375750656263665,-0.295082573847376,0.228929151931826,-0.015393059189811,-0.005144227865149,-0.061227177916303,0.018787514895996,-0.014754114621735,0.011446446680399,0.025647046578773
1403715919.284058094024658,-2.599182526994571,0.298749634785746,0.089544733199724,0.217478347300035,-0.728709860584051,-0.421356727558310,-0.494108910752043,0.342892079369796,-0.217459674373945,0.167837691186132,0.380245399035661,-0.238047360963085,0.206215789664526,-0.037353319665865,0.020587686589140,-0.038378098478394,0.019012342477837,-0.011902413452085,0.010310828815767,0.027466055954967
1403715919.334058046340942,-2.582485461415573,0.290608205185975,0.099133005846843,0.213942042905165,-0.720669839362391,-0.426056650018859,-0.503328437390197,0.308379349329221,-0.152227991279114,0.134404238187149,0.333941630051515,-0.162828747281014,0.191765635824346,-0.025562280722295,0.010600756001900,-0.057361397637197,0.016697065578998,-0.008141429599771,0.009588272647119,0.027146945407510
1403715919.384057998657227,-2.567733714906898,0.286037585638704,0.106132107529380,0.216863335456972,-0.716483256141151,-0.425602998406608,-0.508413340846949,0.268417153568775,-0.105088356790333,0.053772202216778,0.295035211541009,-0.091412478123146,0.139982167148126,-0.026618057972234,-0.013675878667187,-0.086209964931348,0.014751746508675,-0.004570619547271,0.006999101682536,0.014439348821515
1403715919.434057950973511,-2.553835421797713,0.282999898655365,0.108665054230214,0.224461113073389,-0.716277631129576,-0.421334661033010,-0.508960378883717,0.230305052015916,-0.057175276651274,-0.015960468634996,0.277966127272859,-0.060753797606124,0.050658982328864,-0.047661075256942,0.003578520954850,-0.066619450963860,0.013898293109185,-0.003037686983339,0.002532946700835,0.017468479713551
1403715919.484057903289795,-2.542232403826904,0.283452931617659,0.107801297415015,0.232967252666700,-0.716639638892639,-0.416162543309075,-0.508883704493748,0.202015029892904,-0.012481022258192,-0.097557816534341,0.232060580726393,0.009060667886822,-0.017275152778849,-0.030045550833489,-0.021541690145014,-0.080282663755492,0.011603017970809,0.000453032962295,-0.000863756815199,0.019924152365863
1403715919.534058094024658,-2.531641318734117,0.285682372518529,0.103278805396934,0.240531527280124,-0.717271435892945,-0.411162999021214,-0.508538356343202,0.182320828352196,0.022469884147757,-0.163429986746933,0.211820893823161,0.044588647925206,-0.090449495324186,-0.029500065470965,-0.022118763777449,-0.072980491422747,0.010591085092787,0.002229440900870,-0.004522492018081,0.018191503148224
1403715919.584058046340942,-2.521828495909966,0.289426815402729,0.095392185845934,0.246786613903687,-0.717711679706487,-0.406800450060533,-0.508428663473444,0.164273260568938,0.053467773959264,-0.223507031027660,0.196256643647944,0.074888929103634,-0.157732541445473,-0.031983383079006,-0.021421155144370,-0.065774489582187,0.009812822824151,0.003744442884199,-0.007886619551000,0.015279276567493
1403715919.634057998657227,-2.512702457508231,0.293823805714202,0.083732019993613,0.251277076932024,-0.718331215748252,-0.403412837568135,-0.508053321586781,0.149030908974049,0.082696870926718,-0.292964841449515,0.182520942100223,0.087939890095480,-0.233203539446643,-0.033490033126174,-0.005243019168762,-0.059761302002872,0.009126038401734,0.004396990311473,-0.011660165852321,0.011342833730821
1403715919.684057950973511,-2.503095041926480,0.297903329257338,0.070017822081571,0.253097838274206,-0.718539059799433,-0.401936191686649,-0.508025985177829,0.134720762046656,0.113968424391835,-0.341816828564642,0.192148494882108,0.081590548673528,-0.274284219818668,-0.057427732835452,0.032377875718307,-0.067532608745974,0.009607415581751,0.004079523543136,-0.013714197912043,0.004707272633046
1403715919.734057903289795,-2.496161078916955,0.304910487932290,0.052615484994236,0.252714147863801,-0.718376908445094,-0.401680174424979,-0.508648419201574,0.120416051249169,0.132534692117467,-0.388471048490670,0.138679392445468,0.140143307150121,-0.348047073670253,-0.018263341196299,-0.007608615032655,-0.040423974820417,0.006933963009525,0.007007158674952,-0.017402337087335,0.001583010268622
1403715919.784058094024658,-2.490229044192842,0.312974539327941,0.032789797034275,0.250192663477510,-0.717030862514866,-0.402810829295677,-0.510895105814633,0.104440165766530,0.157978296608237,-0.426598023220246,0.118640241905671,0.161280412677074,-0.396512246625032,-0.014200076139141,-0.003302116068837,-0.030085776595213,0.005932034724114,0.008064051395651,-0.019825687959961,0.007614649523306
1403715919.834058046340942,-2.485065020759843,0.321316046395481,0.011763056703837,0.248781801663115,-0.716252407850518,-0.403622380329024,-0.512034254232197,0.078427210231864,0.176306355931645,-0.431538938103324,0.103280567155992,0.166830300452564,-0.420535207662393,-0.024853356924127,0.009476055479081,-0.011003730440931,0.005164023432998,0.008341507067540,-0.021026740330438,0.004267457626121
1403715919.884057998657227,-2.481812517991255,0.331712586165889,-0.010227320967455,0.246898911798565,-0.715628078758379,-0.404771870722273,-0.512910433620986,0.045584221395306,0.201863401499893,-0.440211808066554,0.065050117408384,0.207930993706602,-0.439807972859397,-0.019465896013078,-0.006067592206708,-0.000403835207157,0.003252502768588,0.010396539770408,-0.021990377671291,0.004908801306495
1403715919.934057950973511,-2.480639201045395,0.342108436667724,-0.032158054040823,0.245848783202966,-0.716800577214268,-0.405786311516606,-0.510972384467753,0.007809870364357,0.225573945362315,-0.427738732327463,0.023466361296463,0.207917208322017,-0.438615079763302,-0.015656490932106,0.017656737040298,0.010876347435839,0.001173316945860,0.010395850501836,-0.021930733073368,0.005389861496108
1403715919.984057903289795,-2.480903172786728,0.353957929189129,-0.052512804421406,0.245154936743803,-0.720043643132787,-0.406734609240044,-0.505967554908963,-0.015390779503585,0.264638061572337,-0.371113379086954,-0.005279439861519,0.236990076439442,-0.407095395848077,-0.010111339642066,0.027647985132895,0.035982016761123,-0.000263971741333,0.011849492521405,-0.020354750380583,0.012156743099950
1403715920.034058094024658,-2.482024287253398,0.367490671616988,-0.069476560765711,0.244472688859378,-0.722463589586812,-0.407820967017941,-0.501957692424128,-0.035632677450352,0.294921830740337,-0.301812727843057,-0.022422203799477,0.270653816094811,-0.339273832659150,-0.013210473650875,0.024268014645525,0.037461104816093,-0.001121114466670,0.013532742427859,-0.016963756344306,0.009712017241115
1403715920.084058046340942,-2.484122231593584,0.382206135123789,-0.082087886011019,0.244802667638463,-0.724823377125221,-0.408462398007649,-0.497856601145072,-0.055120753680992,0.326738913999622,-0.235101308385581,-0.041958926818881,0.294309550811481,-0.252226745448321,-0.013161826862111,0.032429363188141,0.017125437062740,-0.002097944340187,0.014715463506801,-0.012611325245308,0.009572441766972
1403715920.134057998657227,-2.486964974958706,0.398354621145599,-0.091098444839359,0.245607854954127,-0.727242191568660,-0.408750987063245,-0.493678242342183,-0.070809342090768,0.358859596185983,-0.156464750536472,-0.056854921523512,0.322970028444420,-0.180211348429739,-0.013954420567256,0.035889567741562,0.023746597893267,-0.002842743365122,0.016148486021810,-0.009010558828340,0.009806325309256
1403715920.184057950973511,-2.490451052202486,0.416236951134176,-0.096240156940630,0.246838079352674,-0.728817333694246,-0.408693435453995,-0.490780941464829,-0.081914019091679,0.385471460508166,-0.102785358235290,-0.069721611367300,0.357646940850232,-0.102834340095888,-0.012192407724380,0.027824519657933,0.000048981860598,-0.003486077243779,0.017882329988577,-0.005141712101271,0.007040511954524
1403715920.234057903289795,-2.493670374410839,0.436791625532247,-0.097652042629925,0.250256229437690,-0.730271550869222,-0.407653049385206,-0.487744065002983,-0.076525560909086,0.452928267726751,-0.003207428806572,-0.064386505570825,0.411093880011095,-0.028237740715515,-0.012139055338261,0.041834387715656,0.025030311908943,-0.003219322208353,0.020554674398071,-0.001411885689295,0.009819076907185
1403715920.284058094024658,-2.496028171686000,0.460150757137477,-0.094564500383262,0.256303373703211,-0.729305391619732,-0.406024291672265,-0.487407941005045,-0.077061016007469,0.491817569504421,0.079639294512849,-0.047155765618249,0.467180849951085,0.061750609373396,-0.029905250389220,0.024636719553336,0.017888685139453,-0.002357797275161,0.023359131605230,0.003087542246664,0.012691317286141
1403715920.334058046340942,-2.499395039842574,0.484615417717176,-0.088260050065078,0.263648969772679,-0.727227316724197,-0.404652062559146,-0.487735951939733,-0.076638925177074,0.519792772415535,0.137127710236797,-0.067337427349454,0.489293678220810,0.126089126611634,-0.009301497827620,0.030499094194725,0.011038583625163,-0.003366868156574,0.024464660579700,0.006304450318184,0.015526375427069
1403715920.384057998657227,-2.502650311929214,0.510505820103253,-0.079726314302459,0.269632828895653,-0.724971051745414,-0.404020505759391,-0.488346744269686,-0.074656684267522,0.539647564165281,0.180408386959829,-0.065105503822258,0.517808541542234,0.170674878020633,-0.009551180445264,0.021839022623046,0.009733508939196,-0.003255272086641,0.025890402386076,0.008533735762619,0.012910364458722
1403715920.434057950973511,-2.505427002970776,0.536897374442158,-0.069662593224691,0.277231101819140,-0.722136492298249,-0.401947239157684,-0.490000224090604,-0.068665308941612,0.551568290154540,0.194791991109273,-0.055533873792453,0.527831590157536,0.201274613505779,-0.013131435149159,0.023736699997003,-0.006482622396506,-0.002776691041561,0.026391554338905,0.010063721077767,0.017064741459270
1403715920.484057903289795,-2.508051792629493,0.563809354232229,-0.059508599841358,0.283604749481395,-0.719042021516604,-0.400443370601576,-0.492130088803926,-0.062687104886293,0.559139092916053,0.201954237756759,-0.052495843238287,0.538240109107188,0.203080061338910,-0.010191261648006,0.020898983808865,-0.001125823582151,-0.002624789658717,0.026911979790071,0.010153993383334,0.015099317732441
1403715920.534058094024658,-2.510344476724751,0.590994680890008,-0.049744345250761,0.290254032866197,-0.715501108651392,-0.398487080457608,-0.494993744033103,-0.050021589574826,0.556207770965030,0.202286613691658,-0.045853506987903,0.543704459087661,0.195284346861276,-0.004168082586924,0.012503311877369,0.007002266830383,-0.002292684095258,0.027185326657779,0.009764254590597,0.016586623533557
1403715920.584058046340942,-2.512202132857507,0.617807990170320,-0.040494402148497,0.296178091008444,-0.711969004639298,-0.396322989705637,-0.498303885867155,-0.041615392896628,0.546746343768780,0.180277478707353,-0.037153158087148,0.536266697030027,0.184999038474099,-0.004462234809480,0.010479646738753,-0.004721559766747,-0.001857656132757,0.026813309280313,0.009249943102263,0.015901054598513
1403715920.634057998657227,-2.513769500534316,0.644418188291418,-0.031667046756675,0.301729454626263,-0.708738882370444,-0.394198877629421,-0.501254204673573,-0.042399650068127,0.531394132225276,0.189605279364850,-0.031347383431367,0.532204469971676,0.176547276205051,-0.011052266636760,-0.000810337746400,0.013058003159798,-0.001567367676809,0.026610198121097,0.008827355391822,0.014760461820498
1403715920.684057950973511,-2.515197779043977,0.669978261700583,-0.022204154553999,0.306961630152730,-0.705335815503523,-0.392603963291347,-0.504121089610309,-0.040592582381075,0.500526716522741,0.212463089742775,-0.028565597435485,0.511201955703480,0.189258024544038,-0.012026984945589,-0.010675239180739,0.023205065198737,-0.001428278509660,0.025560073409165,0.009462892202676,0.014102412818917
1403715920.734057903289795,-2.516795251153056,0.695260440641115,-0.010382049420612,0.311188532919532,-0.700966699512959,-0.392343070402047,-0.507813251363917,-0.042843882767140,0.481313742986916,0.274131814371683,-0.031949472650976,0.505644061030396,0.236442328156710,-0.010894410116164,-0.024330318043480,0.037689486214973,-0.001597472109079,0.025282178940532,0.011822105133387,0.014234636474546
1403715920.784058094024658,-2.518960100568847,0.717916593990179,0.004404576819912,0.316326787836954,-0.697164783242864,-0.393188820153633,-0.509216240912326,-0.053751433479616,0.441308551972915,0.312341391529601,-0.043296823151549,0.453121338460558,0.295731396684730,-0.010454610328067,-0.011812786487643,0.016609994844871,-0.002164849415791,0.022656153349064,0.014786626240524,0.013196978626031
1403715920.834058046340942,-2.521685628575180,0.738681767266035,0.021227819264713,0.319223183084620,-0.693452308486902,-0.396663981923526,-0.509782444460461,-0.063858047039753,0.408235623855556,0.359765154166735,-0.054510612112035,0.415303861581740,0.336465169774223,-0.009347434927719,-0.007068237726185,0.023299984392512,-0.002725528006333,0.020765173275856,0.016823242444802,0.011759083231875
1403715920.884057998657227,-2.525426439309244,0.757726000198235,0.040475286793439,0.322343410216307,-0.691253128783018,-0.400973617669410,-0.507428808574085,-0.077685575617324,0.368692578992435,0.418010723828822,-0.074816286031659,0.380885021884268,0.384949717691160,-0.002869289585666,-0.012192442891833,0.033061006137662,-0.003740810734064,0.019044232932200,0.019247467528725,0.012439436575760
1403715920.934057950973511,-2.529337444062027,0.773544947652481,0.062598277107392,0.326468470559224,-0.690584812487203,-0.405922063264898,-0.501735222051935,-0.085693865144010,0.321552082909669,0.453256879641423,-0.078220169652219,0.316379250807687,0.442460228242029,-0.007473695491791,0.005172832101982,0.010796651399394,-0.003911004752783,0.015818947454246,0.022122990313954,0.017247292155399
1403715920.984057903289795,-2.533021880405552,0.787226262026995,0.086860952098306,0.329215879910448,-0.691896570658549,-0.412587599228381,-0.492612944296726,-0.086836415827906,0.277981613156672,0.495009716356813,-0.073688797145607,0.273626548440890,0.485253962592513,-0.013147618682299,0.004355064715782,0.009755753764299,-0.003684436343525,0.013681314374514,0.024262674990914,0.023402209376211
1403715921.034058094024658,-2.536059702729837,0.798642523064879,0.113946872779522,0.331927119884126,-0.692759446221781,-0.419762501726032,-0.483433737859310,-0.069043818298040,0.240216681050521,0.531162068827180,-0.060756214719135,0.228324349769411,0.541716347140461,-0.008287603578905,0.011892331281111,-0.010554278313280,-0.003037822324285,0.011416261037884,0.027085920681216,0.023986175778359
1403715921.084058046340942,-2.538782466961965,0.808728002485508,0.142317572597807,0.333420339191466,-0.692511624156924,-0.428129952042394,-0.475355942410699,-0.054158365587582,0.222147700096967,0.552413700947357,-0.054455336575219,0.201709780778019,0.567414537494365,0.000296970987637,0.020437919318947,-0.015000836547008,-0.002722764232128,0.010085479420629,0.028370699818285,0.023456999008222
1403715921.134057998657227,-2.540280831305342,0.818228682057939,0.170819165029721,0.334441083758472,-0.691297006133688,-0.436146206910973,-0.469077922100613,-0.024105119347112,0.198319286240970,0.551948575297057,-0.029967315446608,0.190013772659858,0.570032392263524,0.005862196099496,0.008305513581112,-0.018083816966467,-0.001498364343377,0.009500679572430,0.028501592431914,0.020609904150246
1403715921.184057950973511,-2.540923098474809,0.826669829270899,0.199915460972244,0.335887320695423,-0.688603760681275,-0.442703536482205,-0.465852065958502,-0.002563854830660,0.188894062738615,0.550887344979582,-0.012845355639626,0.168823105261477,0.581926473818794,0.010281500808967,0.020070957477139,-0.031039128839213,-0.000642267169467,0.008441147212961,0.029096295942523,0.015843007218551
1403715921.234057903289795,-2.541078369152507,0.834131208969593,0.227933250912307,0.336486637591786,-0.686282151258840,-0.448724762769882,-0.463076277585914,0.019253547026413,0.181464200646825,0.554342243769267,-0.003105416515515,0.149227736288521,0.560356333198701,0.022358963541928,0.032236464358303,-0.006014089429434,-0.000155270677698,0.007461379698693,0.028017789940063,0.014100982103080
1403715921.284058094024658,-2.540000542976942,0.842088304732064,0.255896881701646,0.335660987906609,-0.683243416901572,-0.454534267602486,-0.462502685433605,0.042711543460267,0.168208727611608,0.535174495911260,0.021556441280008,0.159141308173515,0.559270482339218,0.021155102180258,0.009067419438093,-0.024095986427958,0.001077826175565,0.007957095762471,0.027963630789340,0.013265763385631
1403715921.334058046340942,-2.538430913420534,0.849814930226736,0.283938649011488,0.333211290992107,-0.680930525525716,-0.460641321456979,-0.461642099389791,0.059843429095946,0.164920910632817,0.541288824760306,0.031392621066502,0.154532657267270,0.560835881051602,0.028450808029444,0.010388253365547,-0.019547056291296,0.001569629556408,0.007726625494672,0.028041767309841,0.014055233881925
1403715921.384057998657227,-2.536278637284558,0.857919534024649,0.311889179624165,0.330155475813495,-0.678731671440984,-0.466408065455423,-0.461285374200639,0.065551143362102,0.164771693834345,0.542727156227874,0.043045563770969,0.162092230541446,0.559011145368112,0.022505579591133,0.002679463292899,-0.016283989140238,0.002152276135976,0.008104603797912,0.027950530612677,0.013792134476993
1403715921.434057950973511,-2.534413312144514,0.865232854588735,0.339955310212709,0.326775938655507,-0.676676396068145,-0.471535445843281,-0.461498498625313,0.072521438130268,0.168949989655665,0.545645524434905,0.037306538379163,0.146266550772374,0.561323147090359,0.035214899751105,0.022683438883291,-0.015677622655453,0.001865325140044,0.007313320564086,0.028066130588545,0.012958553436078
1403715921.484057903289795,-2.531740177748102,0.874227667614396,0.368643986016096,0.324685983814931,-0.675835595407513,-0.474733434914435,-0.460926703141231,0.074576341010380,0.190052862024372,0.565947240465690,0.053462738914279,0.179896432075831,0.573774063261315,0.021113602096100,0.010156429948541,-0.007826822795624,0.002673134396412,0.008994813025661,0.028688675803386,0.007906696280031
1403715921.534058094024658,-2.529222937847516,0.883634644186280,0.398246625353050,0.323801859081495,-0.674554172897037,-0.476742282639318,-0.461352164649104,0.068255937556226,0.191333678876005,0.591055478544054,0.050344605962301,0.188138813745060,0.592050528245566,0.017911331593924,0.003194865130944,-0.000995049701512,0.002517239900587,0.009406976571884,0.029602639336955,0.005153721197413
1403715921.584058046340942,-2.526578805551240,0.893396298622429,0.429676768099718,0.323056568650108,-0.674041620862018,-0.478059084464060,-0.461261160904652,0.068406339680624,0.215893166298367,0.660394614096978,0.052882696358376,0.195233274911952,0.628603454416324,0.015523643322247,0.020659891386414,0.031791159680654,0.002644132296275,0.009761654436150,0.031430142746668,0.003200260420011
1403715921.634057998657227,-2.524625386250559,0.903735893649090,0.464689948428836,0.322814872452231,-0.672925487367695,-0.478474080974273,-0.462627712540468,0.063562931861554,0.232218216379113,0.728901069217310,0.039068423272166,0.206792097745518,0.700264274406417,0.024494508589388,0.025426118633595,0.028636794810893,0.001953419300681,0.010339595026660,0.035013180329118,0.003657243463426
1403715921.684057950973511,-2.523081761110486,0.914088385200751,0.501038847653239,0.323044683335374,-0.673710088886088,-0.478227924864073,-0.461578704645318,0.057109309454920,0.247639637599906,0.767653893645843,0.030872532243808,0.207050028491516,0.726978677788949,0.026236777211112,0.040589609108390,0.040675215856894,0.001543625140073,0.010352491551661,0.036348899224403,0.002705123478146
1403715921.734057903289795,-2.521406992836549,0.925365411160297,0.538238504592319,0.323716322084624,-0.674318032063532,-0.477318233780702,-0.461161835097442,0.056840945947593,0.259327727888965,0.781432376069526,0.033495397422446,0.225540734283327,0.743993848309425,0.023345548525146,0.033786993605639,0.037438527760102,0.001674768273937,0.011277025959546,0.037199656939080,0.002699638405427
1403715921.784058094024658,-2.520099949945951,0.937270857948199,0.575901219246453,0.327855840139562,-0.675613260773967,-0.473978436152843,-0.459784419064907,0.048139631097131,0.272154342278038,0.778488861927990,0.026140758092871,0.238108027448004,0.753251419656544,0.021998873004260,0.034046314830033,0.025237442271447,0.001307042890597,0.011905446787902,0.037662714654134,0.011289789169857
1403715921.834058046340942,-2.519583398912705,0.950007347447156,0.612683762153886,0.330225570901230,-0.676803101036412,-0.471585528373158,-0.458798130095865,0.052420366597192,0.270415083927736,0.757035247182501,0.010331030517374,0.254730032908637,0.735651559720663,0.042089336079818,0.015685051019099,0.021383687461838,0.000516551033247,0.012736489498957,0.036782542907433,0.007410838822855
1403715921.884057998657227,-2.517997476657617,0.962765513026798,0.647331264955846,0.332862932282066,-0.678046041344414,-0.468974234137107,-0.457732456622062,0.055626386589866,0.281151032175596,0.698024457396802,0.031718475350842,0.255163554935765,0.692950716888493,0.023907911239024,0.025987477239830,0.005073740508308,0.001585922255087,0.012758165579642,0.034647502801960,0.008112981145308
1403715921.934057950973511,-2.516046256097711,0.975986346933134,0.678780128937866,0.334705798994038,-0.678385424088786,-0.466565701637181,-0.458346692536823,0.062544011027828,0.293454268538803,0.632573556207723,0.039024448414733,0.264416930294355,0.628977879480460,0.023519562613095,0.029037338244448,0.003595676727263,0.001951220559906,0.013220833906336,0.031448863982021,0.006225643983088
1403715921.984057903289795,-2.513847603045408,0.989123394288736,0.706941901613299,0.335655822434259,-0.679007602592385,-0.464824176320160,-0.458500086800436,0.072539488020059,0.288717357639197,0.594835673037554,0.043973102982084,0.262741197681558,0.563235990652347,0.028566385037975,0.025976159957639,0.031599682385207,0.002198653052303,0.013137047355601,0.028161772675432,0.004169456766064
1403715922.034058094024658,-2.510898627155025,1.000352948145689,0.734481944760388,0.335095643813573,-0.678925840177857,-0.464037382283866,-0.459825968034751,0.079456725076207,0.288183381392375,0.597081417183209,0.058979292819506,0.224590220395374,0.550798761811265,0.020477432256701,0.063593160997001,0.046282655371943,0.002948975890383,0.011229553856954,0.027540043147090,0.003284808480930
1403715922.084058046340942,-2.507746577851153,1.013268143103968,0.761531402468017,0.334829120609562,-0.677851589424857,-0.463193275109073,-0.462448562112322,0.084486229802531,0.284695820851280,0.612937609847616,0.063041046198078,0.258304145503611,0.540989670080516,0.021445183604453,0.026391675347669,0.071947939767100,0.003152049303873,0.012915194958279,0.027049457707628,0.005938205921994
1403715922.134057998657227,-2.504078591382363,1.026228267675053,0.790744516058369,0.336834965036157,-0.676836100969994,-0.460653692502981,-0.465008897050578,0.088488342392510,0.281584290670187,0.665506494279979,0.073359799337145,0.259202738616692,0.584262829003511,0.015128543055366,0.022381552053495,0.081243665276468,0.003667986468789,0.012960124571085,0.029213113590353,0.008499282476424
1403715922.184057950973511,-2.499741502135909,1.038892541839458,0.823278615898102,0.338827209462427,-0.675133112484435,-0.458391967639087,-0.468260831758273,0.097015813464156,0.270858428958238,0.719942255296195,0.086741867652577,0.253285724840190,0.650682617333953,0.010273945811580,0.017572704118048,0.069259637962242,0.004337089246454,0.012664274164405,0.032534099839733,0.009499416561193
1403715922.234057903289795,-2.495233936669597,1.052433790230169,0.858056847674317,0.341257440735217,-0.673330364650539,-0.455658260122421,-0.471746890996254,0.098344328996279,0.269683178120023,0.768013831001707,0.090151395301315,0.270825226093281,0.695565298867054,0.008192933694964,-0.001142047973258,0.072448532134653,0.004507565466312,0.013541248390711,0.034778231776215,0.010729726673342
1403715922.284058094024658,-2.490443566804748,1.064938431857139,0.896088641347310,0.342920224827177,-0.671374235341067,-0.453909817611073,-0.475003403146713,0.095857073200374,0.246230283848073,0.821478504629898,0.095807031822145,0.250091878514592,0.760632971875340,0.000050041378228,-0.003861594666519,0.060845532754557,0.004790369864848,0.012504641626970,0.038031793672993,0.009000722103385
1403715922.334058046340942,-2.485742541462686,1.076284219301179,0.936870570449575,0.343503105511214,-0.669312723633917,-0.453135680754510,-0.478219770934920,0.094928854667070,0.221121234324570,0.851350154969375,0.094020596506270,0.226915965284731,0.815639359899626,0.000908258160801,-0.005794730960161,0.035710795069749,0.004701025342062,0.011345787444040,0.040781929102266,0.007882616352659
1403715922.384057998657227,-2.481279767775125,1.086035418927798,0.977956186956227,0.342076963619371,-0.667353468626425,-0.454167665643080,-0.480993170801360,0.090903721976431,0.191477782966617,0.851143240984156,0.089255558871969,0.195024178521927,0.821713113779723,0.001648163104461,-0.003546395555311,0.029430127204433,0.004462773687562,0.009751199626619,0.041085616506652,0.007649658382949
1403715922.434057950973511,-2.477038043140880,1.094403316875497,1.018718652338506,0.339275374331474,-0.665810379952455,-0.456372426629059,-0.483024809437890,0.084791718653320,0.160823135642325,0.832031834143080,0.084834573589454,0.167358118559130,0.815250085128646,-0.000042854936134,-0.006534982916805,0.016781749014435,0.004241724634245,0.008367897947700,0.040762465382279,0.008767800756796
1403715922.484057903289795,-2.472934993033590,1.101953406531987,1.059135648822758,0.339151727645383,-0.665126954693189,-0.456900578606676,-0.483553617548872,0.072100705943128,0.137929368672345,0.811250669766907,0.082061080405328,0.151001937136464,0.808340700578814,-0.009960374462200,-0.013072568464118,0.002909969188093,0.004103050107289,0.007550089656490,0.040416996484252,0.002040530526701
1403715922.534058094024658,-2.468946211934594,1.108381155145495,1.098739728783930,0.340040950847569,-0.665422812857526,-0.456656153774647,-0.482752306152135,0.066701448674492,0.115420609304141,0.797609070984888,0.079775317661248,0.128554481873726,0.792078577683453,-0.013073868986756,-0.013133872569585,0.005530493301435,0.003988781098997,0.006427748613508,0.039604079961172,0.002514035494981
1403715922.584058046340942,-2.465176482907364,1.114113345141126,1.137633794241470,0.342873178226170,-0.665603413277135,-0.454939197459830,-0.482120738510094,0.055392682488805,0.095741771037789,0.778117736133141,0.075394652446531,0.114643909245569,0.777882050996938,-0.020001969957726,-0.018902138207780,0.000235685136202,0.003769729027229,0.005732189995631,0.038894065457540,0.006753060325715
1403715922.634057998657227,-2.462367816918862,1.121900128052772,1.174186155819195,0.345512940751047,-0.665479669203313,-0.453345596109627,-0.481908070215284,0.050373602995390,0.067486045917357,0.729418497239828,0.056173373341153,0.155735806754169,0.731047928736116,-0.005799770345763,-0.088249760836812,-0.001629431496288,0.002808665988502,0.007786782911646,0.036552361577724,0.006186585319803
1403715922.684057950973511,-2.459287830532803,1.124847302685425,1.207872600877976,0.346962809798450,-0.665322238160784,-0.452474582594993,-0.481902355390567,0.056514093221295,0.036691454074509,0.642202284415284,0.061599786467316,0.058943548865996,0.673729543694183,-0.005085693246022,-0.022252094791487,-0.031527259278899,0.003079986386059,0.002947174632652,0.033686445058781,0.003397412358528
1403715922.734057903289795,-2.456485847462959,1.127225144480815,1.238431209303171,0.346357309424782,-0.665186879206590,-0.453110983759793,-0.481926826744118,0.052070622548306,0.012232745617125,0.571895320478802,0.056039714840517,0.047556881261592,0.611172751363669,-0.003969092292212,-0.035324135644467,-0.039277430884867,0.002801983069844,0.002377841795391,0.030558608425196,0.001778266673668
1403715922.784058094024658,-2.454250968717671,1.129172482580787,1.265583211452677,0.344366235195341,-0.664339634477502,-0.454936818593942,-0.482801446981374,0.048076539495748,-0.004690579375860,0.494752732701150,0.044697404398697,0.038946613429886,0.543037971464655,0.003379135097051,-0.043637192805746,-0.048285238763504,0.002234878745288,0.001947338099971,0.027152002149506,0.005926496450472
1403715922.834058046340942,-2.452560612137498,1.129848207947175,1.288847206373123,0.341379780157305,-0.663700904139502,-0.457338870041311,-0.483530881633733,0.035321597382714,-0.024595002745735,0.410658470338475,0.033807163844473,0.013514520216225,0.465280342134833,0.001514433538241,-0.038109522961960,-0.054621871796358,0.001690356580172,0.000675725366389,0.023263994920446,0.007906664672797
1403715922.884057998657227,-2.451864850290739,1.131820863933042,1.308969783008737,0.338696583091667,-0.662972281275318,-0.459575549568910,-0.484296079997623,0.029047764919670,-0.031456854862143,0.331948819480749,0.013915250205804,0.039453157342795,0.402451916520330,0.015132514713867,-0.070910012204938,-0.070503097039581,0.000695761846759,0.001972655985867,0.020122576635614,0.007298963323326
1403715922.934057950973511,-2.451420226723246,1.132611124343878,1.325141392322372,0.336243471606827,-0.662736014414991,-0.461427429981562,-0.484567879517135,0.015074997582572,-0.038778388481597,0.277667390142854,0.008892479830382,0.015805223289748,0.323432494721968,0.006182517752190,-0.054583611771345,-0.045765104579114,0.000444623567493,0.000790260410836,0.016171609313635,0.006189320373401
1403715922.984057903289795,-2.451525705558346,1.134271774468847,1.339989421277432,0.334580308621730,-0.662169110311586,-0.462625597173027,-0.485351051582307,-0.002524253075392,-0.040509546326502,0.254037569228523,-0.002109578713852,0.033213034173810,0.296960862305140,-0.000414674361540,-0.073722580500312,-0.042923293076617,-0.000105478835100,0.001660650124970,0.014848028955060,0.004532750457877
1403715923.034058094024658,-2.452385263374117,1.133964173499660,1.354510741632308,0.333145283625976,-0.661666703195103,-0.463866162044383,-0.485839044942774,-0.012458761903745,-0.053092879918365,0.249861319968683,-0.017191090736606,-0.006151995915736,0.290425299212929,0.004732328832860,-0.046940884002629,-0.040563979244246,-0.000859557815771,-0.000307600969187,0.014521320354876,0.004044180887152
1403715923.084058046340942,-2.454136146038950,1.132086338008460,1.368407231605436,0.331533182167909,-0.661864740966478,-0.464892660414229,-0.485690877081274,-0.034512041555958,-0.069237931229618,0.239122417279893,-0.035017686692140,-0.037556745640915,0.277930064517328,0.000505645136182,-0.031681185588702,-0.038807647237436,-0.001750882664834,-0.001877835491201,0.013896489973128,0.003854215270253
1403715923.134057998657227,-2.457580793569898,1.128837798842576,1.383456185096857,0.330133776693818,-0.662510417464303,-0.466222748595710,-0.484487342382660,-0.060794058025423,-0.081869381121903,0.285969575158936,-0.068893016320460,-0.064970845278704,0.300979356864700,0.008098958295037,-0.016898535843199,-0.015009781705764,-0.003444647530948,-0.003248539165884,0.015048953491421,0.004729848525377
1403715923.184057950973511,-2.461589080020640,1.124575794768456,1.399918861240200,0.327971236574489,-0.664022985000877,-0.468062827977375,-0.482105312598968,-0.074065912527357,-0.095833749808262,0.340998856912577,-0.080165805466901,-0.085240162773743,0.329253836867789,0.006099892939544,-0.010593587034519,0.011745020044788,-0.004008286450742,-0.004262004074119,0.016462676143343,0.008006102607350
1403715923.234057903289795,-2.466546131811616,1.119750259928063,1.419187282654305,0.325433202127288,-0.665854088027014,-0.469941931523105,-0.479464436019217,-0.100444374635453,-0.092651640233544,0.406677602906284,-0.099141130367862,-0.096510788847737,0.385368795798427,-0.001303244267591,0.003859148614193,0.021308807107857,-0.004957051790976,-0.004825534840394,0.019268421414105,0.009011071131234
1403715923.284058094024658,-2.472115142244373,1.115907413130804,1.441879924117134,0.324741847255765,-0.668581902021158,-0.470901788489333,-0.475176260484708,-0.122196465533830,-0.082634040105346,0.496345064460075,-0.111379783774989,-0.076856642760357,0.453851097952020,-0.010816681758842,-0.005777397344988,0.042493966508054,-0.005569010432757,-0.003842846797259,0.022692641462828,0.010436240192600
1403715923.334058046340942,-2.478826637881129,1.111513807827278,1.467619572815298,0.326076551700747,-0.671194846407086,-0.470345133885904,-0.471112529675628,-0.139003727290500,-0.090552620890398,0.500036087141518,-0.134230040746858,-0.087872189871963,0.514793464908586,-0.004773686543642,-0.002680431018435,-0.014757377767068,-0.006711495636756,-0.004393605303526,0.025739648698164,0.010086176809368
1403715923.384057998657227,-2.485414283495066,1.107242880027506,1.494062792267497,0.329851490011427,-0.674616066337068,-0.468043604878609,-0.465860860675565,-0.146982186501743,-0.084378369155746,0.484769431771566,-0.131753037928230,-0.085418637456990,0.528864893408856,-0.015229148573513,0.001040268301244,-0.044095461637290,-0.006587645613937,-0.004270927799771,0.026443219452200,0.015340437614609
1403715923.434057950973511,-2.491749520064624,1.102426182971283,1.518994057494736,0.334445178466592,-0.677357173676366,-0.465180686320622,-0.461454885057997,-0.138351530492360,-0.071731308714510,0.451528744306125,-0.126704852226335,-0.096334032995764,0.498625780071373,-0.011646678266025,0.024602724281254,-0.047097035765248,-0.006335236569559,-0.004816697056224,0.024931265227239,0.014996643666716
1403715923.484057903289795,-2.498552813720293,1.097992720735494,1.539864794263031,0.339462717855803,-0.680078816335746,-0.461921074217518,-0.457041341621364,-0.127310788554912,-0.071231084600267,0.386047980637652,-0.136066002876019,-0.088669329277444,0.417415133443996,0.008755214321107,0.017438244677177,-0.031367152806344,-0.006803293655668,-0.004433462235789,0.020870736768295,0.015835126080547
1403715923.534058094024658,-2.504611439072360,1.093601176148266,1.557264878030583,0.344908615336259,-0.682395613993216,-0.458162744591253,-0.453278250678606,-0.103961787841313,-0.068331806867507,0.325967141038658,-0.121172044806688,-0.087830556697576,0.348000347835058,0.017210256965375,0.019498749830069,-0.022033206796399,-0.006058625352068,-0.004391544587228,0.017400083767552,0.015913714815235
1403715923.584058046340942,-2.509230224694370,1.088922176888041,1.570804988672603,0.350356142828680,-0.684085743212422,-0.454431741937459,-0.450298857466244,-0.083778001888523,-0.074444741310326,0.239919224215470,-0.092375800536626,-0.093580074449413,0.270802471097777,0.008597798648103,0.019135333139087,-0.030883246882307,-0.004618785622010,-0.004678999260225,0.013540110642021,0.014876762065304
1403715923.634057998657227,-2.513025880848049,1.084626199164213,1.579142585884754,0.354936043025414,-0.685313421312628,-0.451248691022018,-0.448040778033827,-0.055513418246957,-0.082067984328735,0.126922783365027,-0.075913195470048,-0.085919636415907,0.166752103270216,0.020399777223091,0.003851652087173,-0.039829319905189,-0.003795656153679,-0.004295977723828,0.008337597212151,0.012282269123987
1403715923.684057950973511,-2.515568857325537,1.080007711481047,1.580825987963665,0.358810793452842,-0.685890852089938,-0.448475496651833,-0.446853759550005,-0.032130630235144,-0.093546724965559,-0.001084995764638,-0.050859578053229,-0.092369841754067,0.033668073686587,0.018728947818085,-0.001176883211492,-0.034753069451225,-0.002542976477488,-0.004618487683166,0.001683402078910,0.009888738418354
1403715923.734057903289795,-2.516268472618457,1.074881947149078,1.575691321261693,0.362092964710852,-0.685881576258807,-0.446353701019545,-0.446344622283943,-0.009596674923424,-0.108804269657583,-0.124294515911138,-0.013992319202501,-0.102515384405676,-0.102693431975534,0.004395644279077,-0.006288885251908,-0.021601083935604,-0.000699615292919,-0.005125764331969,-0.005134666701972,0.007882637065670
1403715923.784058094024658,-2.515874943653841,1.070173436933647,1.562929622345800,0.365270678459381,-0.685225411098757,-0.444033048970437,-0.447077307480910,0.029022867783253,-0.120518126275215,-0.231792383276405,0.007870549268548,-0.094169845079160,-0.255233004681201,0.021152318514705,-0.026348281196055,0.023440621404796,0.000393528964616,-0.004708510215431,-0.012761698915892,0.008111890893642
1403715923.834058046340942,-2.513400040589137,1.064357876531974,1.547368778701062,0.366728466973343,-0.683106963596454,-0.443139469699269,-0.450002797982486,0.055988245186882,-0.135647016794210,-0.290255245670556,0.049498108499159,-0.116311318956581,-0.311217169694583,0.006490136687723,-0.019335697837629,0.020961924024027,0.002474903064704,-0.005815560401673,-0.015560843644738,0.007992488226553
1403715923.884057998657227,-2.510091566869572,1.058425382591312,1.527639792755206,0.368919717395944,-0.679396071538587,-0.441655381309594,-0.455257887635909,0.089372103237303,-0.156216623120597,-0.344873781689023,0.066169537495488,-0.118649991966694,-0.394580095218023,0.023202565741815,-0.037566631153903,0.049706313529000,0.003308473719565,-0.005932493940662,-0.019728985945856,0.013912724971557
1403715923.934057950973511,-2.504351343825681,1.051140134934073,1.506873505443181,0.371468513391201,-0.675487763415537,-0.439865649582719,-0.460701243054520,0.118921231412245,-0.174832264933293,-0.403554122458353,0.114804570363977,-0.145705092099983,-0.415326142326373,0.004116661048269,-0.029127172833311,0.011772019868020,0.005740223043890,-0.007285247657239,-0.020766287312025,0.014779003992172
1403715923.984057903289795,-2.497038038456243,1.042344680128803,1.483416920052753,0.372086399714892,-0.671284664143890,-0.439743644097833,-0.466426991401647,0.147259346728935,-0.204230741996248,-0.459183724758285,0.146266246879134,-0.175909263865547,-0.469132155207844,0.000993099849802,-0.028321478130701,0.009948430449559,0.007313305369439,-0.008795454805270,-0.023456585390428,0.014261433577474
1403715924.034058094024658,-2.488980703612521,1.031601999418658,1.457033968439108,0.371680592989764,-0.667922539231551,-0.440257124893176,-0.471069721338624,0.166779973606563,-0.237705190811966,-0.531423088417476,0.161146082150913,-0.214852794604531,-0.527657019421109,0.005633891455650,-0.022852396207435,-0.003766068996368,0.008057334843722,-0.010742680710145,-0.026382951613645,0.011539022342657
1403715924.084058046340942,-2.480161795184674,1.019272171422449,1.428613554853225,0.369379197839659,-0.664682700240856,-0.441703600542142,-0.476081763431411,0.180073169707764,-0.279951607591787,-0.583372063665901,0.176378336764437,-0.246596795097209,-0.568408813794556,0.003694832943326,-0.033354812494577,-0.014963249871345,0.008818908427847,-0.012329827996209,-0.028420413585883,0.013115790207456
1403715924.134057998657227,-2.471461612636823,1.004870262556292,1.399415486133206,0.366514319813831,-0.662131168675723,-0.444089440141934,-0.479618742329728,0.183175490483871,-0.316106949888070,-0.591182041314185,0.174003816899986,-0.288038452018020,-0.583961931309881,0.009171673583885,-0.028068497870050,-0.007220110004304,0.008700182547851,-0.014401908866157,-0.029198068720019,0.011475256871385
1403715924.184057950973511,-2.462280545598094,0.987867845731304,1.370303809108213,0.363824367726188,-0.660856120950901,-0.446173499485642,-0.481487513033417,0.194227446900898,-0.354646925528190,-0.594138527742219,0.183621515889715,-0.340048660795415,-0.582234095761565,0.010605931011183,-0.014598264732775,-0.011904431980654,0.009181067038730,-0.017002416824987,-0.029111677024993,0.008172446257535
1403715924.234057903289795,-2.452751513782512,0.969101666598353,1.340632003534679,0.359510512145036,-0.660537605321805,-0.449343653872222,-0.482216283774936,0.195367331260082,-0.389347492705315,-0.590166887464241,0.190580818063659,-0.375323940595835,-0.593436677415991,0.004786513196423,-0.014023552109479,0.003269789951750,0.009529031815581,-0.018766179132952,-0.029671805573534,0.010824390848427
1403715924.284058094024658,-2.443345339150658,0.948504550728862,1.311468247124308,0.357371648757219,-0.661159959489598,-0.450962380155698,-0.481441527411759,0.191046249426600,-0.421470489889084,-0.576938512382200,0.188122775005647,-0.411940745960576,-0.583272903197877,0.002923474420953,-0.009529743928509,0.006334390815677,0.009406174631854,-0.020597115869491,-0.029163756410371,0.005721045038840
1403715924.334058046340942,-2.433644437360217,0.926947241496779,1.282823507844910,0.353294653657257,-0.661976695057281,-0.453809346109241,-0.480652494305546,0.185715888684120,-0.454256510756843,-0.572317780283693,0.194018220839015,-0.431146595815104,-0.572895331943529,-0.008302332154894,-0.023109914941740,0.000577551659836,0.009700901790441,-0.021557309232083,-0.028644739279398,0.010201331446783
1403715924.384057998657227,-2.424180534479877,0.904281350049349,1.254666722189207,0.349356930896586,-0.663610085869920,-0.456417180425969,-0.478805541089745,0.180669119490859,-0.474871335839759,-0.557052169120715,0.189278238116595,-0.453318261266572,-0.563136250162625,-0.008609118625736,-0.021553074573187,0.006084081041910,0.009463902880340,-0.022665891447429,-0.028156785655702,0.010655651878182
1403715924.434057950973511,-2.414703029176421,0.880653556698685,1.226591993213458,0.346877741700391,-0.666625416140313,-0.457830783713229,-0.475055112963877,0.175847236999817,-0.481244998728767,-0.559855008952127,0.189550286838368,-0.472556317678106,-0.561495114998451,-0.013703049838551,-0.008688681050662,0.001640106046324,0.009477505303456,-0.023627793350664,-0.028074728975749,0.011189756520207
1403715924.484057903289795,-2.404893427254164,0.856298592392552,1.198381784102999,0.342848404552627,-0.669974059029827,-0.460516808731814,-0.470652738861978,0.182011522794529,-0.493542709610995,-0.552995263787478,0.196192225548629,-0.487099750657180,-0.564204720276727,-0.014180702754100,-0.006442958953815,0.011209456489248,0.009809601922257,-0.024354964306133,-0.028210209110459,0.014703038949632
1403715924.534058094024658,-2.394928934125458,0.831726124693538,1.170539145406434,0.339232858800290,-0.673825645983612,-0.462407926946541,-0.465895884744600,0.183992061963356,-0.493445884925287,-0.540461041135414,0.199289102346508,-0.491447479256925,-0.556850649714656,-0.015297040383151,-0.001998405668362,0.016389608579242,0.009964493128705,-0.024572467699014,-0.027842638696565,0.014712053064920
1403715924.584058046340942,-2.384932092210714,0.807117174200925,1.143452651653807,0.336848543287729,-0.676491261122258,-0.463290775511771,-0.462876106356607,0.193460882519167,-0.493315560145138,-0.540344240074261,0.199937028969703,-0.492179479231202,-0.541730391686904,-0.006476146450537,-0.001136080913936,0.001386151612644,0.009996841914745,-0.024608950492614,-0.027086493752627,0.009526592366881
1403715924.634057998657227,-2.374274089862021,0.783162481133359,1.116379260987485,0.337667500001743,-0.680446154939829,-0.461160162288443,-0.458590224915744,0.208026962207715,-0.485329139736134,-0.531042687358831,0.213160250259309,-0.479094318251249,-0.541468329710876,-0.005133288051593,-0.006234821484884,0.010425642352046,0.010658002348693,-0.023954693067565,-0.027073390666322,0.012525221886353
1403715924.684057950973511,-2.362942783712914,0.759248119236271,1.089411055231098,0.338974026039408,-0.685082560139209,-0.456460910075033,-0.455414023759935,0.239504790590340,-0.485775879665728,-0.527787984305329,0.226626339109862,-0.478287694072462,-0.539364629505942,0.012878451480478,-0.007488185593266,0.011576645200613,0.011331306149107,-0.023914361897089,-0.026968205756387,0.014882841682508
1403715924.734057903289795,-2.350076414899724,0.733964311762961,1.062505971203037,0.340139973275550,-0.689308825157244,-0.449637781800950,-0.454954950866093,0.265511566997634,-0.477750752589154,-0.529051125011836,0.257327621670544,-0.505676631717017,-0.538102193735456,0.008183945327089,0.027925879127863,0.009051068723619,0.012866368813190,-0.025283807473310,-0.026905084028061,0.016246469054132
1403715924.784058094024658,-2.335562926947065,0.709107939420066,1.035932267129186,0.339962634920608,-0.693701883404760,-0.442188568577552,-0.455710844327697,0.302539234158436,-0.476729242030199,-0.524682578423173,0.290268651766142,-0.497125550474416,-0.531472054072028,0.012270582392294,0.020396308444218,0.006789475648854,0.014513487952659,-0.024856372342895,-0.026573704073851,0.017365832649847
1403715924.834058046340942,-2.318855628725425,0.683422495526127,1.010000743631975,0.338841727177517,-0.697759653972938,-0.433309764118495,-0.458868605954360,0.336957252855780,-0.483931509893348,-0.518392002808678,0.334146283099539,-0.513709367790201,-0.518630964549243,0.002810969756242,0.029777857896854,0.000238961740565,0.016707298221641,-0.025685443893939,-0.025931523497211,0.020642432893250
1403715924.884057998657227,-2.300508663914119,0.658244961172990,0.984283941984027,0.335521768303427,-0.702579154207526,-0.424028507219825,-0.462609446652903,0.375062332383670,-0.503777916162856,-0.508870266443034,0.366939646167039,-0.503551167286557,-0.514336523468494,0.008122686216631,-0.000226748876299,0.005466257025461,0.018346964811306,-0.025177534353137,-0.025716801647948,0.023185067018751
1403715924.934057950973511,-2.281147907060233,0.631953349339225,0.958749083125355,0.332253247193787,-0.706693470747854,-0.412789548182397,-0.468825028174594,0.407339241943733,-0.518948462562112,-0.501839351342814,0.387215506355187,-0.525832738148476,-0.510697664212684,0.020123735588547,0.006884275586364,0.008858312869870,0.019360756853885,-0.026291611833765,-0.025534858858672,0.027753311493397
1403715924.984057903289795,-2.259635618339940,0.605221626980043,0.933647267238131,0.326276741227058,-0.709396405096303,-0.402277770080901,-0.477988309762311,0.438534511040328,-0.542589594006973,-0.475767900166114,0.430246184720613,-0.534634957051273,-0.502036796524095,0.008288326319714,-0.007954636955699,0.026268896357981,0.021512288720294,-0.026731722359182,-0.025101815887225,0.030821575959383
1403715925.034058094024658,-2.235666795439928,0.576709698385562,0.910041007410893,0.320245659733965,-0.711144093838881,-0.390248270340823,-0.489308780542134,0.474453342988808,-0.560426180145047,-0.431931726841455,0.479374629331137,-0.570236396610407,-0.472123395536927,-0.004921286342329,0.009810216465360,0.040191668695472,0.023968822900011,-0.028511928594481,-0.023606259827238,0.035343933568871
1403715925.084058046340942,-2.211448983001518,0.547134705700782,0.889496752715725,0.312707279109850,-0.711350478849003,-0.378774482990601,-0.502717161899424,0.472409092124319,-0.588698918498538,-0.382350435798490,0.484356710686765,-0.591500417794339,-0.410885485754287,-0.011947618562446,0.002801499295802,0.028535049955797,0.024217812438410,-0.029574992684779,-0.020544254695168,0.038382994589852
1403715925.134057998657227,-2.187175521917113,0.514895871161718,0.872349177297903,0.304399897934813,-0.712129063967316,-0.367450387809023,-0.514969038767680,0.476789074945820,-0.631788695953812,-0.295257864683140,0.485469684668067,-0.644777305688846,-0.342951835420799,-0.008680609722247,0.012988609735034,0.047693970737659,0.024273461084405,-0.032238834539065,-0.017147575417822,0.037308041253167
1403715925.184057950973511,-2.163165674532601,0.482383534273017,0.858678868657325,0.295414533254448,-0.714463876831350,-0.356046695297577,-0.524883199400447,0.471994367606852,-0.668103418549704,-0.244377701790768,0.480197405642178,-0.650247357898219,-0.273406433552264,-0.008203038035326,-0.017856060651486,0.029028731761495,0.024009847384512,-0.032512336888701,-0.013670308640578,0.035470052583219
1403715925.234057903289795,-2.139442621602123,0.446631173967079,0.847321293962410,0.288184729504918,-0.719057306906919,-0.343629857357398,-0.530871615549825,0.458784083735663,-0.700478483276510,-0.176098699754112,0.474461511091312,-0.715047888041566,-0.227151710527042,-0.015677427355648,0.014569404765056,0.051053010772930,0.023723052930478,-0.035752360305938,-0.011357574694914,0.032460094684960
1403715925.284058094024658,-2.115541394642245,0.408663106113756,0.839453473079010,0.279961140705274,-0.725224565838839,-0.331492110522647,-0.534587756556499,0.441850878798291,-0.747918201062190,-0.112520787262668,0.478022715685621,-0.759358460343822,-0.157355817403196,-0.036171836887330,0.011440259281633,0.044835030140527,0.023901226959878,-0.037968067853323,-0.007867820883400,0.032668212661235
1403715925.334058046340942,-2.093580754004273,0.368801356913382,0.833943543446908,0.273078654185825,-0.733361537460842,-0.318357213022089,-0.535030456065762,0.436210209731491,-0.781574143512580,-0.083698207480761,0.439213231625800,-0.797235744310733,-0.110198697735718,-0.003003021894310,0.015661600798153,0.026500490254957,0.021960640637971,-0.039861749200374,-0.005509929632103,0.033841233665210
1403715925.384057998657227,-2.071353306195867,0.328055761105740,0.829945319589792,0.265296252724550,-0.742455171879517,-0.305221057984026,-0.534058350559918,0.426067611361232,-0.818084633735134,-0.052558849956369,0.444549380123462,-0.814912693314142,-0.079964553402454,-0.018481768762231,-0.003171940420992,0.027405703446085,0.022227447808407,-0.040745595807642,-0.003998223857116,0.035596172810585
1403715925.434057950973511,-2.051349446959910,0.285037119770630,0.827465750934713,0.257774156210646,-0.751898685801487,-0.291700688210573,-0.532082286096206,0.417701792459754,-0.848726696895135,-0.047123596496075,0.400077566262840,-0.860373647218454,-0.049591420395645,0.017624226196914,0.011646950323318,0.002467823899570,0.020003859235957,-0.043018641335110,-0.002479568655079,0.036467867080033
1403715925.484057903289795,-2.030895549909568,0.240729515472595,0.824909858889738,0.249183177427248,-0.761681148800441,-0.279135866246990,-0.528992192592522,0.417383527835503,-0.883445291388245,-0.047281069184873,0.409078331134335,-0.886152931061985,-0.051117889649307,0.008305196701168,0.002707639673741,0.003836820464434,0.020453897050342,-0.044307604298035,-0.002555892044974,0.036711545209257
1403715925.534058094024658,-2.010005845741250,0.195488759375990,0.822519677779675,0.240616384489246,-0.770256909827314,-0.266151077965363,-0.527230169922469,0.425766154036258,-0.912939700945282,-0.041940663075957,0.417792489614480,-0.904811670349503,-0.047803439845623,0.007973664421778,-0.008128030595779,0.005862776769666,0.020889704168317,-0.045240756096605,-0.002390181110064,0.035701626322484
1403715925.584058046340942,-1.988777592359577,0.148287026934516,0.820666884726582,0.231041833676170,-0.777370988840432,-0.253618848111261,-0.527248989267423,0.433462994222826,-0.945951800920958,-0.041021958623665,0.424565472530660,-0.944035549131941,-0.037055896401115,0.008897521692166,-0.001916251789017,-0.003966062222550,0.021228253381674,-0.047201732441474,-0.001852793053093,0.034603280194754
1403715925.634057998657227,-1.966373673022470,0.100203940500344,0.818422470720822,0.221947387843011,-0.783188616032543,-0.240575423855383,-0.528657180206130,0.453752226458643,-0.968215200804376,-0.037443017728214,0.448078814063398,-0.961662645796396,-0.044888322924037,0.005673412395245,-0.006552555007980,0.007445305195823,0.022403919337107,-0.048083086434172,-0.002244414005760,0.033980853052769
1403715925.684057950973511,-1.942418013936153,0.049692226322419,0.815676602997650,0.212757529188713,-0.787542071961128,-0.227277727591285,-0.531842601909277,0.478681081999842,-0.994015779756821,-0.024975739748179,0.479113638644699,-1.010235246993909,-0.054917406836767,-0.000432556644857,0.016219467237088,0.029941667088587,0.023955659086316,-0.050511714177925,-0.002745867723172,0.034081592981207
1403715925.734057903289795,-1.917550929828534,-0.001530298404366,0.814491059675843,0.203468647234887,-0.791152178157078,-0.213639270779184,-0.535758343444742,0.495459863665409,-1.020752944066332,-0.024785498304837,0.497342156454836,-1.024451471528766,-0.023710889048592,-0.001882292789426,0.003698527462434,-0.001074609256245,0.024867084107620,-0.051222524726785,-0.001185543321806,0.034679346237234
1403715925.784058094024658,-1.892465656163611,-0.053178006681370,0.812522348381122,0.193857369203808,-0.795020148536351,-0.200166526545136,-0.538790910722771,0.508855173314163,-1.042030247473532,-0.024987859916109,0.501703559451250,-1.032950225147668,-0.039374075694254,0.007151613862914,-0.009080022325864,0.014386215778145,0.025085273664922,-0.051647708277003,-0.001968711294722,0.034528629559072
1403715925.834058046340942,-1.867318499953470,-0.107711552233852,0.810324017392731,0.184597413673910,-0.797757360042192,-0.185973695234656,-0.543066086258553,0.526423915140344,-1.066468772203850,-0.030083071251488,0.502943603847232,-1.090671951195467,-0.043966661697686,0.023480311293112,0.024203178991618,0.013883590446198,0.025147156210142,-0.054533545552482,-0.002198330988391,0.035381399162194
1403715925.884057998657227,-1.840809192437610,-0.162353508081506,0.807645872582679,0.174478716671017,-0.799885603169367,-0.172199208081973,-0.547802548375922,0.528953506128712,-1.095194439993530,-0.043213095345403,0.530186655942597,-1.092840159166678,-0.053562947282659,-0.001233149813885,-0.002354280826853,0.010349851937256,0.026509307515860,-0.054641955847654,-0.002678144810053,0.035726544903071
1403715925.934057950973511,-1.814372910633621,-0.218607898041420,0.805270391673454,0.162733103921583,-0.801615653882473,-0.159262371531527,-0.552780044278714,0.540639185804777,-1.123828580255979,-0.034283911313546,0.528726140312310,-1.125088872166644,-0.047509663493231,0.011913045492467,0.001260291910665,0.013225752179685,0.026436281803988,-0.056254389959914,-0.002375480909224,0.036501996979032
1403715925.984057903289795,-1.786481568205278,-0.274984403596334,0.803864981569093,0.150921353119839,-0.802814462645195,-0.145981009197282,-0.558033358047642,0.545576078284804,-1.142620830812465,-0.041973874172670,0.557827380552508,-1.127531186395809,-0.028108228893316,-0.012251302267704,-0.015089644416656,-0.013865645279354,0.027891342428343,-0.056376505554914,-0.001405410104361,0.037146004177550
1403715926.084058046340942,-1.729657123350561,-0.392164608675800,0.795614781507127,0.132335742594491,-0.802542327545417,-0.114100643805690,-0.570433262365613,0.544770561960298,-1.185034802946853,-0.116225862201168,0.568243635668125,-1.171800374520779,-0.082501882599773,-0.023473073707827,-0.013234428426074,-0.033723979601395,0.056824444854717,-0.117180205079466,-0.008250200061966,0.077866700541203
1403715926.134057998657227,-1.703263938314847,-0.451594737195262,0.790074428124650,0.123185140059729,-0.801071543876947,-0.096706362805900,-0.577717649247383,0.537619115748583,-1.207762416655484,-0.164303184627411,0.527864204124822,-1.188603703930065,-0.110807173323501,0.009754911623760,-0.019158712725419,-0.053496011303910,0.026393185035714,-0.059430128519462,-0.005540353382477,0.042025529433576
1403715926.184057950973511,-1.678329030129389,-0.512162750961217,0.780039435867970,0.113566712561705,-0.799652598380534,-0.078663127035508,-0.584354717741016,0.503673158555645,-1.233105772526576,-0.249084750856353,0.498698639305248,-1.211361430563393,-0.200700036536060,0.004974519250398,-0.021744341963183,-0.048384714320293,0.024934908185458,-0.060568013765955,-0.010034992256679,0.043088492297615
1403715926.234057903289795,-1.654831542749565,-0.574672077410155,0.765887175221803,0.103409099806152,-0.798502995229769,-0.060985238787339,-0.589898572075252,0.463679831100494,-1.269173508143925,-0.318871804666936,0.469950195775897,-1.250187721250677,-0.283045482856550,-0.006270364675403,-0.018985786893248,-0.035826321810385,0.023497487379823,-0.062509326448938,-0.014152260646167,0.042320559782118
1403715926.284058094024658,-1.632794829832716,-0.638790837558068,0.747842228959949,0.092566023918487,-0.797293673164514,-0.043418732589768,-0.594869013824100,0.433360714501632,-1.303630846554054,-0.379542036303811,0.440732577075638,-1.282370311103742,-0.360897548522194,-0.007371862574005,-0.021260535450312,-0.018644487781617,0.022036712916850,-0.064118760147913,-0.018044946261854,0.042536536594920
1403715926.334058046340942,-1.612144477119694,-0.704581730311879,0.727656407537262,0.079698914663306,-0.795664611457695,-0.027121902440059,-0.599858576235598,0.403988305731406,-1.331065209369887,-0.413972155936992,0.413007448135039,-1.315819109939101,-0.403716813468096,-0.009019142403634,-0.015246099430785,-0.010255342468896,0.020650352713022,-0.065790892753811,-0.020185821422687,0.042835325767407
1403715926.384057998657227,-1.593677213726836,-0.771468922522948,0.706587572792171,0.065848633872939,-0.794048650847711,-0.011471688610753,-0.604168103978037,0.355823538237051,-1.362861372748680,-0.428683407062840,0.369345620092587,-1.337745119994551,-0.421377096758326,-0.013522081855536,-0.025116252754129,-0.007306310304514,0.018467263392858,-0.066887192211069,-0.021068834745091,0.042800014297526
1403715926.434057950973511,-1.577671072774295,-0.839694966135407,0.685879634029877,0.049860731703082,-0.790706962589430,0.002363677897824,-0.610156389603047,0.300741016296051,-1.375048945963735,-0.427808957782820,0.320123124344016,-1.364522173558929,-0.414159170218844,-0.019382108047965,-0.010526772404806,-0.013649787563976,0.016006140952541,-0.068226043612459,-0.020707938762294,0.044455693435786
1403715926.484057903289795,-1.564707679425960,-0.907207282958035,0.665240998326814,0.033805286161483,-0.786771759121906,0.015571595112215,-0.616120870529009,0.240584934238124,-1.398869218718775,-0.441340059823406,0.259268114224034,-1.350247624149036,-0.412773107712383,-0.018683179985910,-0.048621594569739,-0.028566952111023,0.012963393348335,-0.067512316822628,-0.020638635703064,0.043968476565137
1403715926.534058094024658,-1.555245609859048,-0.974381083935476,0.644436244492047,0.018273636622417,-0.784544052862661,0.029005914059238,-0.619124672640342,0.182664898399852,-1.410520096975142,-0.460574617308790,0.189240669442378,-1.343470894614065,-0.416093489424648,-0.006575771042525,-0.067049202361077,-0.044481127884142,0.009462069566912,-0.067173800977441,-0.020804753834767,0.041747545347336
1403715926.584058046340942,-1.548685537177282,-1.043587416468281,0.622679087452335,0.002985287530724,-0.784467011201881,0.041847659912747,-0.618749844245777,0.108339605608467,-1.409760448044516,-0.469173409426190,0.131201578758902,-1.384127970663395,-0.435143555779463,-0.022861973150435,-0.025632477381121,-0.034029853646727,0.006560072681766,-0.069206332532805,-0.021757157039711,0.039940142202254
1403715926.634057998657227,-1.544618871707950,-1.112993448921569,0.599452600085167,0.011100217868488,0.786833914834750,-0.055367766942067,0.614575939988658,0.053526948272797,-1.406716497591794,-0.477552695268765,0.081333386952198,-1.388121972882041,-0.464530190353872,-0.027806438679401,-0.018594524709753,-0.013022504914893,0.004066665469332,-0.069406032453288,-0.023226487367168,0.040211047376138
1403715926.684057950973511,-1.542128382356480,-1.178983590858128,0.576243584668583,0.023416922047675,0.790071125729175,-0.069454244872556,0.608617590872980,0.008669481887169,-1.403821363623214,-0.473937694625367,0.049809834531758,-1.319804097394458,-0.464180751008935,-0.041140352644588,-0.084017266228755,-0.009756943616432,0.002490489351470,-0.065990141936559,-0.023209015416584,0.039805758223395
1403715926.734057903289795,-1.537580755260933,-1.247883670998625,0.550505928605685,0.036547370577390,0.793741221243160,-0.082300451306936,0.601552823215029,-0.023724152729581,-1.394162526641932,-0.456998498005522,0.090952628650137,-1.378002916975927,-0.514753612165262,-0.114676781379718,-0.016159609666005,0.057755114159739,0.004547627095548,-0.068900080140497,-0.025737656062898,0.040041360110518
1403715926.784058094024658,-1.538072270693446,-1.316267276286385,0.527743015413576,0.050694925231183,0.797022863793912,-0.093641526540597,0.594487883520516,-0.062982428075582,-1.374684406258829,-0.433105083836925,-0.009830271150763,-1.367666888520060,-0.455256527176350,-0.053152156924819,-0.007017517738769,0.022151443339426,-0.000491515432514,-0.068383605287760,-0.022762913192109,0.039469911637385
1403715926.834058046340942,-1.542867133945147,-1.385484103321278,0.509081730132324,0.065795324880587,0.800550294455358,-0.103185782710573,0.586636936714442,-0.092904402438814,-1.359059362321612,-0.351574206804405,-0.095897356488861,-1.384337860905313,-0.373226061561153,0.002992954050047,0.025278498583702,0.021651854756748,-0.004794863251701,-0.069216827034893,-0.018661285281252,0.039658941611472
1403715926.884057998657227,-1.547736758245999,-1.453054906290520,0.491895351456202,0.078105436235969,0.803326693454145,-0.113316271294499,0.579417972688395,-0.120521011919788,-1.332560300963562,-0.280243796720332,-0.097392578897844,-1.351417348196871,-0.343727901326912,-0.023128433021944,0.018857047233309,0.063484104606580,-0.004869624300852,-0.067570802969243,-0.017186378676122,0.035439847040417
1403715926.934057950973511,-1.555600351182642,-1.519745761291183,0.478231918379332,0.089506341944319,0.804701207864168,-0.123106468207390,0.573837414516690,-0.132821524848671,-1.306429486041548,-0.207315569743588,-0.157272008719128,-1.333818372041568,-0.273268922146954,0.024450483870457,0.027388886000020,0.065953352403365,-0.007863592936643,-0.066690855000662,-0.013663433076870,0.032178633295534
1403715926.984057903289795,-1.562061834358497,-1.585693977241498,0.467461238134845,0.098933777953070,0.805867660365179,-0.133116127981654,0.568392046063856,-0.135247895442471,-1.277461051877230,-0.156955433457791,-0.129229786760236,-1.318965576869910,-0.215413810324360,-0.006018108682235,0.041504524992679,0.058458376866569,-0.006461483175855,-0.065948215950316,-0.010770680244487,0.029670626821618
1403715927.034058094024658,-1.569284166000469,-1.648864880956515,0.460494592895936,0.107752744027467,0.804729280008051,-0.142434827585795,0.566138191560046,-0.127652103871373,-1.252654172333773,-0.096525590289937,-0.144446081821361,-1.263413254761238,-0.139332373267357,0.016793977949988,0.010759082427465,0.042806782977420,-0.007222331641972,-0.063170903715016,-0.006966645238909,0.026152669566354
1403715927.084058046340942,-1.575030659727422,-1.712860590078409,0.454490081674615,0.116771418933839,0.801308256183884,-0.151149864995002,0.566942001093333,-0.128008191200469,-1.226371917051746,-0.098030155566786,-0.114929984144828,-1.279915403060338,-0.120090338953484,-0.013078207055641,0.053543486008593,0.022060183386698,-0.005746493726953,-0.063995709121895,-0.006004511221321,0.026049206208297
1403715927.134057998657227,-1.578142171719669,-1.774714211099720,0.447587241005814,0.126250963446853,0.797786883422472,-0.159077026591302,0.567707039306957,-0.133617766871820,-1.200240927190114,-0.101899864500498,-0.062230299192390,-1.237073600191544,-0.138056945037386,-0.071387467679431,0.036832673001430,0.036157080536888,-0.003111511992248,-0.061853621021311,-0.006902840668801,0.025744070577402
1403715927.184057950973511,-1.584194076666631,-1.838331454016341,0.441092096699317,0.141613552875133,0.793535793115706,-0.162629727476719,0.569032616312244,-0.139653384024838,-1.169822723936056,-0.100175364291174,-0.121038214370273,-1.272346071736174,-0.129903010015111,-0.018615169654565,0.102523347800118,0.029727645723937,-0.006051904946962,-0.063617242916620,-0.006495144306497,0.032769849973305
1403715927.234057903289795,-1.585840606102388,-1.893325915942952,0.434779146875673,0.156820608569730,0.789315392073538,-0.166143184482635,0.569899070725323,-0.132202733898501,-1.110751837491683,-0.100145217274902,-0.032930620120228,-1.099890287469346,-0.126259116882946,-0.099272113778274,-0.010861550022337,0.026113899608043,-0.001646529435757,-0.054994461926611,-0.006312949823643,0.032383154807585
1403715927.284058094024658,-1.589113352112405,-1.949263872727719,0.427255722689712,0.172522759465293,0.785248798913534,-0.168897444376883,0.570170040035682,-0.122813848581087,-1.053192226905069,-0.099625186489841,-0.065454670510575,-1.118754867984202,-0.150467909729698,-0.057359178070512,0.065562641079132,0.050842723239857,-0.003272746010016,-0.055937956784767,-0.007523424185961,0.032909585461399
1403715927.334058046340942,-1.592336365812208,-1.996849493372358,0.421920866872476,0.187073200582864,0.780485591000722,-0.171972014576975,0.571201791021592,-0.116998714828627,-0.979749678900966,-0.086296708635202,-0.064460335470236,-0.951713320517330,-0.106697218099114,-0.052538379358391,-0.028036358383636,0.020400509463912,-0.003223013699803,-0.047585620644639,-0.005334855817236,0.031300222195299
1403715927.384057998657227,-1.596929366690925,-2.043495852148868,0.418130993229450,0.199156269378741,0.773367500425723,-0.176226855622305,0.575485521112293,-0.113588640401607,-0.901436465102816,-0.072354568169043,-0.091860105178962,-0.932928065239744,-0.075797545146697,-0.021728535222645,0.031491600136928,0.003442976977654,-0.004593000878717,-0.046646358776510,-0.003789873643026,0.030536948749001
1403715927.434057950973511,-1.598952007542000,-2.085485816064516,0.413166388981115,0.209730075564416,0.766302374315679,-0.181946313896171,0.579387180891581,-0.117677754666982,-0.818424868126514,-0.049300570521575,-0.040452855600342,-0.839800079208722,-0.099292179659098,-0.077224899066640,0.021375211082209,0.049991609137523,-0.002022640851075,-0.041989963915648,-0.004964604248335,0.028959295521395
1403715927.484057903289795,-1.604989741080908,-2.124236959443935,0.410365027554018,0.214462563833785,0.756960779630543,-0.191731643766163,0.586732616780153,-0.124617703090345,-0.731529057974567,-0.066915462663563,-0.120754785938909,-0.775023606708479,-0.056027281973719,-0.003862917151436,0.043494548733912,-0.010888180689843,-0.006037733538909,-0.038751143379419,-0.002801361427097,0.032210281078958
1403715927.534058094024658,-1.611879966366027,-2.158637839269164,0.407346175606799,0.215603255287890,0.747748558825523,-0.204623485172000,0.593731048876243,-0.155041573035584,-0.649222956072203,-0.067159571501576,-0.137803980021920,-0.688014971935745,-0.060376808625128,-0.017237593013664,0.038792015863542,-0.006782762876448,-0.006890225285119,-0.034400879825229,-0.003018851947219,0.034718950642870
1403715927.584058046340942,-1.620339543838330,-2.187602766605150,0.405154754614017,0.217577256652519,0.738471386631948,-0.217889560472876,0.599870225924232,-0.197560196010197,-0.554484972327282,-0.063912581702298,-0.169191710799833,-0.579299099182401,-0.043828461653729,-0.028368485210364,0.024814126855119,-0.020084120048569,-0.008459577472302,-0.028964927335986,-0.002191420992783,0.034851027960149
1403715927.634057998657227,-1.629767512470568,-2.212488891918597,0.401497543600543,0.219122410023451,0.729088367039847,-0.232473485913526,0.605286379179227,-0.253702232214451,-0.482421671601839,-0.066046859432288,-0.188559552469168,-0.497722980934557,-0.073144290025308,-0.065142679745284,0.015301309332718,0.007097430593021,-0.009427968632238,-0.024886125313447,-0.003657211013474,0.036467155843780
1403715927.684057950973511,-1.643665270919848,-2.235067676257262,0.397823397422797,0.223606536438060,0.721315190386205,-0.247162262487349,0.607136993587463,-0.306803042123291,-0.410322576773977,-0.081841669633818,-0.277955434064560,-0.451576117429852,-0.073482993633763,-0.028847608058730,0.041253540655875,-0.008358676000055,-0.013897758449280,-0.022578784338665,-0.003674146177746,0.034624966827422
1403715927.734057903289795,-1.660780617409197,-2.254480557244039,0.393638224259841,0.231160139819831,0.715382051523669,-0.261238005896536,0.605432254171732,-0.361063356465651,-0.343777326542395,-0.094193965450975,-0.342307256236627,-0.388257990007219,-0.083703543085035,-0.018756100229024,0.044480663464824,-0.010490422365940,-0.017115346489349,-0.019412880986777,-0.004185173162956,0.034251944086467
1403715927.784058094024658,-1.681333682995996,-2.271566331620321,0.388553495191960,0.242632021164665,0.710943151151658,-0.274743727222445,0.600171160993278,-0.419490974764062,-0.282484919798352,-0.101700710362229,-0.411059743667481,-0.341714183989459,-0.101694193425067,-0.008431231096582,0.059229264191107,-0.000006516937161,-0.020553065586798,-0.017085774376281,-0.005084729067881,0.038021172640721
1403715927.834058046340942,-1.705122582404893,-2.282523076540729,0.384125607704475,0.256208621502709,0.707125704100436,-0.287839901109607,0.592856282919694,-0.480864041171701,-0.215589955673114,-0.114300015233147,-0.475778441915639,-0.219135107391697,-0.088557834205023,-0.005085599256062,0.003545151718583,-0.025742181028124,-0.023788899408898,-0.010956744920409,-0.004427887487485,0.041179080444256
1403715927.884057998657227,-1.733402918255462,-2.288340114769438,0.381393723478070,0.269821822206787,0.703337921435286,-0.301882640569849,0.584276324913714,-0.540206232683376,-0.125001022855983,-0.111127784113473,-0.565607256416485,-0.116340875525486,-0.054637736634719,0.025401023733109,-0.008660147330497,-0.056490047478754,-0.028280335850569,-0.005817038228709,-0.002731884226406,0.043381986539494
1403715927.934057950973511,-1.762311866836678,-2.291534802966352,0.375819593983723,0.285022196984503,0.700134401129381,-0.315559338409150,0.573582140171841,-0.589789246258243,-0.045370395679452,-0.135576226816110,-0.578179523019276,-0.063893824872167,-0.111482696205112,-0.011609723238967,0.018523429192715,-0.024093530610999,-0.028908948581216,-0.003194688196913,-0.005574129494346,0.046594254369186
1403715927.984057903289795,-1.793075288487054,-2.290380888876338,0.369787086419531,0.298851276238897,0.696632800482470,-0.330785298416014,0.562113638274471,-0.620769005133698,0.026648309813322,-0.168056368700121,-0.615269019773783,0.023078303809463,-0.120650266344913,-0.005499985359915,0.003570006003859,-0.047406102355207,-0.030763421650376,0.001153914090014,-0.006032507564193,0.047618811982605
1403715928.034058094024658,-1.825609837451151,-2.286014021550053,0.361832593407431,0.311707674890690,0.691663315846317,-0.347542703034487,0.551048321378624,-0.647404812546385,0.105275438163187,-0.216981858523189,-0.650688497102312,0.087337013361427,-0.159089253364660,0.003283684555927,0.017938424801759,-0.057892605158529,-0.032534548964097,0.004366867326285,-0.007954493012100,0.048714020199140
1403715928.084058046340942,-1.859160993595641,-2.279246887618249,0.350187461564798,0.321123937082051,0.685330338030497,-0.366878002509556,0.540927237327283,-0.664087085659178,0.175546929025781,-0.298145109213610,-0.671023762827939,0.135342807709045,-0.232902858966137,0.006936677168762,0.040204121316735,-0.065242250247473,-0.033551156144491,0.006767133931804,-0.011645131842633,0.049197286945899
1403715928.134057998657227,-1.893107729819407,-2.269732021415148,0.335137742968580,0.328225929743755,0.678176094452947,-0.388438416439799,0.530528529478044,-0.682007031186467,0.230564929140602,-0.368760719446785,-0.678935371958529,0.190297505543856,-0.300994658975218,-0.003071659227939,0.040267423596746,-0.067766060471567,-0.033946736223765,0.009514866203101,-0.015049718596217,0.051947820072400
1403715928.184057950973511,-1.927950765444225,-2.256981945383280,0.316907427310475,0.335891405685100,0.670320702642038,-0.409922285596179,0.519433190090869,-0.682850697647057,0.289800661173208,-0.425104550187842,-0.696861377075161,0.255001763825992,-0.364606660878115,0.014010679428104,0.034798897347217,-0.060497889309727,-0.034843035624818,0.012750076031868,-0.018230315658105,0.053110124453434
1403715928.234057903289795,-1.962530284486572,-2.242127430925479,0.295664893292177,0.344051624998164,0.658828905264829,-0.430687156244100,0.511938986960400,-0.682550654645205,0.335840797524024,-0.466606879081063,-0.691591040399557,0.297090572483668,-0.424851085535528,0.009040385754352,0.038750225040356,-0.041755793545536,-0.034579519042347,0.014854514457801,-0.021242534018298,0.052384453379273
1403715928.284058094024658,-1.996688738897376,-2.224786342626392,0.272335956787037,0.354783351865136,0.645480860676236,-0.448894529031379,0.505941630571849,-0.687011174043726,0.385809636470353,-0.514306732812191,-0.683166482142764,0.346820442966758,-0.466576950252994,-0.003844691900961,0.038989193503595,-0.047729782559197,-0.034158454410804,0.017341088299088,-0.023328936505141,0.051414136440492
1403715928.334058046340942,-2.031137540845582,-2.204866787483196,0.247145231290042,0.367305952555189,0.629711671267827,-0.465089008852510,0.502236759040191,-0.696123093728724,0.433280516180789,-0.530361447857373,-0.688976696023502,0.398391482799647,-0.503814990415302,-0.007146397705222,0.034889033381142,-0.026546457442071,-0.034448801948206,0.019919555143196,-0.025190725496994,0.052211447634663
1403715928.384057998657227,-2.066943589982492,-2.181475885335670,0.221335438619092,0.380732509230733,0.614289021192257,-0.479337787798210,0.497922724974716,-0.702377684277852,0.498918473751351,-0.534632687988320,-0.716121665685033,0.467818489096990,-0.516196345702206,0.013743981407181,0.031099984654361,-0.018436342286115,-0.035806049136910,0.023390902147526,-0.025809792670950,0.050588665232437
1403715928.434057950973511,-2.103112179195220,-2.155154797586442,0.194626879793022,0.391394849751754,0.599331768642199,-0.493910079983067,0.493623678094089,-0.709603801683635,0.564354204612198,-0.566690987220185,-0.723372474116317,0.526422257019949,-0.534171685947223,0.013768672432682,0.037931947592249,-0.032519301272962,-0.036168589212728,0.026321087749228,-0.026708558826070,0.047676632548090
1403715928.484057903289795,-2.140668203652885,-2.123412370572751,0.169147230142560,0.398610039546612,0.586690194693982,-0.509612221033069,0.487031863430238,-0.723307661566160,0.637716925338136,-0.578297874292420,-0.751121205478296,0.634849145713145,-0.509593478995452,0.027813543912136,0.002867779624991,-0.068704395296968,-0.037556024457665,0.031742427013691,-0.025479649650462,0.044806187129895
1403715928.534058094024658,-2.177779462549612,-2.089436109374379,0.141229852137951,0.402672132218834,0.577944819300121,-0.525822050020106,0.476808254428487,-0.725925475856101,0.697342626313409,-0.596755099583638,-0.742222346580985,0.679522631794320,-0.558345430173394,0.016296870724884,0.017819994519089,-0.038409669410244,-0.037111258896727,0.033976261198372,-0.027917378004609,0.042908301250311
1403715928.584058046340942,-2.214676464392587,-2.052754491124330,0.112843277619073,0.403887309818012,0.570742693386776,-0.541439003106811,0.466874313737949,-0.732534517363094,0.758217933258981,-0.564736366634637,-0.737940740614637,0.733633064647985,-0.567732031809017,0.005406223251543,0.024584868610996,0.002995665174380,-0.036897001842975,0.036681618250049,-0.028386574518878,0.039796117348968
1403715928.634057998657227,-2.251680784447756,-2.013331666778239,0.086576299041930,0.406201817914765,0.564935466791105,-0.553414526377372,0.457799479552747,-0.734752947742850,0.799005257041132,-0.494573017542865,-0.740087106905438,0.788457238853238,-0.525340072546191,0.005334159162589,0.010548018187893,0.030767055003326,-0.037004320055169,0.039422824346091,-0.026266978577143,0.032548575825814
1403715928.684057950973511,-2.290927808014569,-1.970156065420823,0.065373547092528,0.407801125539680,0.562665298078521,-0.562971534693750,0.447402565338357,-0.746680713975547,0.836807853343444,-0.424564326682387,-0.784941219914541,0.863512850658344,-0.424055443398819,0.038260505938994,-0.026704997314900,-0.000508883283568,-0.039247023566813,0.043175601357416,-0.021202751949402,0.028785222584553
1403715928.734057903289795,-2.329036025781886,-1.926547952336904,0.045729874453558,0.405566259092859,0.564870414534656,-0.572537326037281,0.434325263555955,-0.751521747529125,0.869594010474219,-0.383057770910246,-0.762165082203619,0.872163093437922,-0.392873827453074,0.010643334674494,-0.002569082963703,0.009816056542827,-0.038108217767318,0.043608113083919,-0.019643672638970,0.033008092052255
1403715928.784058094024658,-2.367360760828185,-1.880963068723923,0.030388063143465,0.399039660450123,0.570392680030278,-0.582643134106810,0.419459793346064,-0.746869764505147,0.874604042979890,-0.259802998925907,-0.766491776991889,0.911694194422267,-0.306835055719021,0.019622012486742,-0.037090151442376,0.047032056793114,-0.038324735046299,0.045584883612981,-0.015341811310093,0.039810277534223
1403715928.834058046340942,-2.406031566280937,-1.830249323533965,0.024069110584223,0.389974794464715,0.578406428318437,-0.590744236397269,0.405446556928925,-0.738410076638200,0.880724621438491,-0.139102799866489,-0.773416846642828,1.014275871088003,-0.126379171709417,0.035006770004628,-0.133551249649512,-0.012723628157072,-0.038670805452752,0.050713745189958,-0.006318952559242,0.040418040996241
1403715928.884057998657227,-2.442222547519918,-1.785319979752332,0.021391945002182,0.378407597591821,0.588095521908995,-0.596793784919101,0.393431729118672,-0.723751857977891,0.839396803059349,0.014222509760128,-0.723820315068449,0.898587732592709,-0.053543362703751,0.000068457090557,-0.059190929533360,0.067765872463880,-0.036190981238980,0.044929343781633,-0.002677165582041,0.040429969996438
1403715928.934057950973511,-2.477986640588967,-1.743025828813360,0.025511303438396,0.367071987176375,0.598515215947224,-0.599075665494074,0.384897440265414,-0.700886944485013,0.796639971561326,0.133666140651517,-0.715282543527576,0.845883825477120,0.082387247294886,0.014395599042563,-0.049243853915794,0.051278893356631,-0.035764093069049,0.042294150938972,0.004119358436214,0.035502981691930
1403715928.984057903289795,-2.513884493497650,-1.705026151875342,0.036287943404608,0.354025609816917,0.610286058404988,-0.599447040492742,0.377994762073176,-0.696106516685314,0.706079798306012,0.282263633868009,-0.717957742871530,0.759994263547374,0.215533004872527,0.021851226186216,-0.053914465241362,0.066730628995482,-0.035897852908684,0.037999676938018,0.010776639966212,0.037765390198897
1403715929.034058094024658,-2.547412018691041,-1.671230204818811,0.054197536943467,0.342209773244061,0.621365757031511,-0.598090343653996,0.372941024711349,-0.691070314342398,0.614212793046992,0.395036318846380,-0.670547945930401,0.675916362714324,0.358190504388861,-0.020522368411997,-0.061703569667332,0.036845814457519,-0.033527525193391,0.033795947056531,0.017909593538860,0.034044770520775
1403715929.084058046340942,-2.580110262179009,-1.642706068630881,0.077467674015485,0.331080868185471,0.631166633493690,-0.596104974754833,0.369693114026130,-0.692963645772730,0.514156264658998,0.479020462131992,-0.653965493429453,0.570483267813832,0.465403185283423,-0.038998152343277,-0.056327003154835,0.013617276848569,-0.032698243487968,0.028524136187930,0.023270137072018,0.030620574748612
1403715929.134057998657227,-2.609543542113170,-1.620123380254356,0.103476123371191,0.322506481828605,0.641054774372744,-0.592725214757719,0.365670842729990,-0.678949300841153,0.410874358583468,0.508376500524765,-0.588666160079022,0.451654198261509,0.520169483186384,-0.090283140762131,-0.040779839678041,-0.011792982661619,-0.029433279934161,0.022582688376525,0.026008449355705,0.028206394467201
1403715929.184057950973511,-2.637275732468682,-1.603864335033361,0.129557382292074,0.314907017321413,0.650392029426374,-0.588805672496289,0.362121055085958,-0.661450857703116,0.292913533467248,0.503468396024301,-0.554644336060291,0.325181214536876,0.521625675878675,-0.106806521642824,-0.032267681069628,-0.018157279854374,-0.027732190355512,0.016259045220995,0.026081258920883,0.026298478119274
1403715929.234057903289795,-2.661831238299604,-1.596372820885870,0.155059301157930,0.311176474134201,0.659448143866789,-0.582770481688437,0.358714250021769,-0.642767401100001,0.157279593016848,0.485884972263539,-0.491110584977990,0.149830425839243,0.510038863728076,-0.151656816122011,0.007449167177604,-0.024153891464537,-0.024555505830922,0.007491514147491,0.025501918865856,0.023996811216130
1403715929.284058094024658,-2.690443205213036,-1.592273232345529,0.179788215192589,0.314915849172191,0.668159315242942,-0.572432763387437,0.355966106244491,-0.616698530102270,0.033056172718833,0.460931191095902,-0.572237155357131,0.081991458034229,0.494576394033973,-0.044461374745139,-0.048935285315396,-0.033645202938071,-0.028611966913432,0.004099588540341,0.024728914034660,0.028586124201055
1403715929.334058046340942,-2.714572388696311,-1.595543745154448,0.204429702228610,0.327823361230246,0.675060388406275,-0.556694906221287,0.356252855741180,-0.571151215659556,-0.078001741053994,0.447038015225377,-0.482584129893592,-0.065410318558516,0.492830210719935,-0.088567085765964,-0.012591422495477,-0.045792195494558,-0.024129183483275,-0.003270512808919,0.024641487036021,0.042988781755101
1403715929.384057998657227,-2.740577097256661,-1.601844914971089,0.226746778786203,0.346550481696953,0.681246698583535,-0.537183577046029,0.356706467360319,-0.516629009882431,-0.169308746595453,0.424140343402969,-0.520094667207932,-0.126023516518213,0.446341956816713,0.003465657325501,-0.043285230077240,-0.022201613413744,-0.026004708560350,-0.006301169816641,0.022317076557593,0.055494958380137
1403715929.434057950973511,-2.763584907594595,-1.611724853075943,0.247535791807404,0.368425709051943,0.685525599081490,-0.516040615272807,0.357797754747567,-0.434136111953889,-0.220122875539946,0.392416074510620,-0.460156645598243,-0.197598950542124,0.415780656943352,0.026020533644354,-0.022523924997822,-0.023364582432733,-0.023007810337933,-0.009879938104854,0.020789013021201,0.061485762191305
1403715929.484057903289795,-2.780792702212426,-1.625193371786529,0.267573212442702,0.390384163864022,0.687983531432731,-0.495454242037234,0.358892684696759,-0.326571891560055,-0.267757656988764,0.395426803160894,-0.344156220569570,-0.269370631103570,0.400748794889802,0.017584329009514,0.001612974114806,-0.005321991728908,-0.017207794617831,-0.013468518710586,0.020037420635298,0.060441122051034
1403715929.534058094024658,-2.794676361454032,-1.638664580715329,0.286766737872430,0.411501172665105,0.690089630354929,-0.475905422260951,0.357710939215545,-0.207286803719274,-0.286247020299980,0.383909491770684,-0.277672125597014,-0.269423150808244,0.383869044250360,0.070385321877740,-0.016823869491736,0.000040447520323,-0.013883659241606,-0.013471208928800,0.019193525429728,0.057757234984159
1403715929.584058046340942,-2.802141402451050,-1.652466427853934,0.306069537171898,0.430116635343595,0.690043235470473,-0.459443102326314,0.357424186236632,-0.064129920345506,-0.282227565512755,0.378176402083606,-0.149300962324872,-0.276037206021694,0.386056354161393,0.085171041979366,-0.006190359491061,-0.007879952077787,-0.007465040997019,-0.013801847138605,0.019302799299468,0.049705516772871
1403715929.634057998657227,-2.802036605264727,-1.665809310276045,0.324482751542503,0.443434024604950,0.690057743332663,-0.448356819250798,0.355193946064114,0.084025074217430,-0.251780919818655,0.364018871388857,0.002095945725329,-0.266857902937755,0.368264638616635,0.081929128492101,0.015076983119100,-0.004245767227778,0.000104797186324,-0.013342882422111,0.018413214370605,0.034942265244669
1403715929.684057950973511,-2.794149050690005,-1.677483038937044,0.342017468128326,0.445135846193061,0.686947293659690,-0.449204973260189,0.358011712330654,0.234718092165057,-0.218373880843850,0.333051939807936,0.157751241937746,-0.233474795878886,0.350694666164956,0.076966850227311,0.015100915035035,-0.017642726357020,0.007887554574722,-0.011673728660998,0.017534716585823,0.009215270674847
1403715929.734057903289795,-2.779281012734721,-1.686184317456084,0.357507990585973,0.436434042704582,0.681623556375385,-0.460120280773068,0.364971205691655,0.383299702989289,-0.203250863503830,0.309677393036159,0.297361042691263,-0.174025736344678,0.309810744611485,0.085938660298026,-0.029225127159152,-0.000133351575326,0.014868037955284,-0.008701278519040,0.015490522457647,0.032963506967948
1403715929.784058094024658,-2.756579187615295,-1.696602867704986,0.373089441968806,0.424151776588273,0.673620627321059,-0.473927696072795,0.376461232744792,0.510638175879527,-0.199773063579314,0.286799746127203,0.454034770383327,-0.208370210108774,0.311627838890789,0.056603405496201,0.008597146529460,-0.024828092763585,0.022701825119426,-0.010418550248902,0.015581451382833,0.046371993984915
1403715929.834058046340942,-2.728623482780117,-1.706483506193967,0.387840136774416,0.413523186537319,0.664078484347272,-0.485695468866394,0.389997759411135,0.612199492891337,-0.193562519797052,0.240567549843053,0.559114629916808,-0.197612958238021,0.295014177459647,0.053084862974529,0.004050438440969,-0.054446627616593,0.027955704835177,-0.009880638488981,0.014750694805610,0.045858935210078
1403715929.884057998657227,-2.696504050999528,-1.716019209263694,0.400198775447103,0.402076981782289,0.651332532477113,-0.497577946407932,0.408063990210188,0.675327071811313,-0.185015975089235,0.202270783528934,0.642389248241913,-0.190714243273815,0.247173009176299,0.032937823569400,0.005698268184580,-0.044902225647365,0.032119431780589,-0.009535703069727,0.012358638672687,0.055176267810499
1403715929.934057950973511,-2.661709107416847,-1.724229463333515,0.408973785562376,0.389827489300643,0.637810871296303,-0.509682472978365,0.425976053059871,0.715238786444451,-0.183912680836760,0.132099076041512,0.695899535315144,-0.164205237994738,0.175500369675650,0.019339251129307,-0.019707442842021,-0.043401293634138,0.034794943582682,-0.008210254069821,0.008775010115273,0.056579159347983
1403715929.984057903289795,-2.625849705900713,-1.732502738356529,0.414750484718190,0.379892127582685,0.624687836853774,-0.519296439300925,0.442468401150901,0.738829059120306,-0.188986105158685,0.082142560688021,0.717188714287136,-0.165465658260626,0.115534093298170,0.021640344833169,-0.023520446898058,-0.033391532610149,0.035859401516134,-0.008273275023014,0.005776699155814,0.050413687886537
1403715930.034058094024658,-2.589382851166461,-1.741005640763684,0.417081481314462,0.371008166470560,0.613441687591266,-0.527513561978551,0.455819787049701,0.731221285575596,-0.170395408901323,0.027704973312811,0.729334312495427,-0.170057399425613,0.046619754085196,0.001886973080169,-0.000338009475710,-0.018914780772386,0.036466854734252,-0.008502902407155,0.002330996596272,0.042482853648241
1403715930.084058046340942,-2.554034451186791,-1.747637710418035,0.417470814555379,0.361424882495065,0.602063484494884,-0.535940192968157,0.468678700724240,0.700101577920169,-0.150053407674411,0.010640763403069,0.706968673811271,-0.132641519583825,0.007786672244295,-0.006867095891102,-0.017411888090587,0.002854091158774,0.035348399979670,-0.006632069654351,0.000389333240917,0.042786916871161
1403715930.134057998657227,-2.520600700709953,-1.753664688500939,0.417835775526517,0.353981260310055,0.592493362371064,-0.542459232952562,0.478943486728919,0.656628614443620,-0.134902288994570,0.019641386269123,0.668675647235543,-0.120539676613675,0.007299226383838,-0.012047032791923,-0.014362612380894,0.012342159885285,0.033433750476838,-0.006026978082904,0.000364960971138,0.034343308410724
1403715930.184057950973511,-2.489899487348131,-1.758609805315027,0.418298231324547,0.346708196955419,0.583497397060314,-0.548768944125099,0.488033666616951,0.592759533687012,-0.112341828456458,0.031152937899015,0.614024852816173,-0.098902430602462,0.009249124781253,-0.021265319129161,-0.013439397853996,0.021903813117762,0.030701213361822,-0.004945116814088,0.000462455798030,0.032017129221682
1403715930.234057903289795,-2.462804463027717,-1.763034917427315,0.419390739891352,0.340200024866738,0.576587595822628,-0.554451722994023,0.494362189384576,0.512653404532347,-0.091757437245118,0.032587345639778,0.541901003205344,-0.088502326648161,0.021850192174077,-0.029247598672997,-0.003255110596957,0.010737153465701,0.027095024320414,-0.004425112112288,0.001092508566805,0.025491020558207
1403715930.284058094024658,-2.439926594735082,-1.766371083197667,0.420705696950154,0.335920573304486,0.570984051543633,-0.558826030518874,0.498846718870759,0.424407657697537,-0.061281673687132,0.021584350330827,0.457555620416534,-0.066723060878769,0.026299040853153,-0.033147962718997,0.005441387191637,-0.004714690522327,0.022877868292635,-0.003336165770352,0.001314957058802,0.018863684123431
1403715930.334058046340942,-2.421882482286942,-1.768705666952241,0.422280212922699,0.334831554473763,0.569826394076746,-0.561305900550106,0.498117854277289,0.325692263673820,-0.043536558232063,0.021204422722158,0.360882593127266,-0.046691719620175,0.031490349482429,-0.035190329453446,0.003155161388113,-0.010285926760271,0.018044112448140,-0.002334583754574,0.001574515972545,0.006068653509867
1403715930.384057998657227,-2.408332508414338,-1.769802838286439,0.423003601493115,0.334465063578837,0.572774319622113,-0.563400299712495,0.492587862528606,0.237499306372120,-0.035307849668777,0.016491204126880,0.270999735897562,-0.021943447610855,0.014467785205890,-0.033500429525442,-0.013364402057922,0.002023418920989,0.013549973872604,-0.001097171334198,0.000723388570417,0.013235113448813
1403715930.434057950973511,-2.398860360065081,-1.770629949586339,0.422099430812460,0.335297508439296,0.579058816804543,-0.564764632259735,0.483019024122082,0.155739955236727,-0.018748540523877,-0.032728686587476,0.189443147652205,-0.016542241773917,-0.018083430858811,-0.033703192415478,-0.002206298749960,-0.014645255728666,0.009472148349257,-0.000827111299900,-0.000904170680655,0.023118255015153
1403715930.484057903289795,-2.392568683145252,-1.770060451494729,0.417861781256254,0.335686642666791,0.585963440306164,-0.566680840871472,0.472053121109123,0.091281711300949,-0.003417004195555,-0.094661011932994,0.125833658400902,0.011389972694538,-0.084753071950954,-0.034551947099953,-0.014806976890093,-0.009907939982040,0.006291676919829,0.000569498091611,-0.004237649556206,0.026210730142720
1403715930.534058094024658,-2.389344614846929,-1.770051873324937,0.410958577076871,0.335706359566271,0.591963799444326,-0.568278319993225,0.462536324324779,0.046333929601327,-0.012527200146238,-0.163464539729635,0.064481119990515,0.000171562741372,-0.138063556916990,-0.018147190389187,-0.012698762887611,-0.025400982812644,0.003224068298323,0.000008578169792,-0.006903204179383,0.022726851837149
1403715930.584058046340942,-2.388593975290914,-1.770895168482156,0.401440601198190,0.333989982657114,0.598153593781030,-0.570898150721163,0.452480133524883,-0.014786100409720,-0.025056583220429,-0.198416617257506,0.015012805437633,-0.016865919228970,-0.190359699114769,-0.029798905847353,-0.008190663991459,-0.008056918142737,0.000750639556015,-0.000843295157219,-0.009517975878681,0.024433734581949
1403715930.634057998657227,-2.390136714715437,-1.773577670451419,0.391932838449996,0.331922778195119,0.603197381503438,-0.573533313383908,0.443891570883596,-0.052642069649925,-0.058352445320560,-0.170493222564151,-0.030854817915909,-0.053650090549976,-0.190155436310241,-0.021787251734015,-0.004702354770584,0.019662213746090,-0.001542739424523,-0.002682501969263,-0.009507762748194,0.021016339876666
1403715930.684057950973511,-2.393917014229517,-1.777568208581039,0.384406953466026,0.328429275008243,0.606398140647314,-0.576913869831733,0.437705258287828,-0.102465822732058,-0.103692160172264,-0.106659297938229,-0.075606062385162,-0.079810838705945,-0.150517843224403,-0.026859760346896,-0.023881321466319,0.043858545286175,-0.003780299514080,-0.003990538129620,-0.007525884983970,0.016988052604779
1403715930.734057903289795,-2.400231150768682,-1.784038350254120,0.380907169217739,0.326281603691580,0.607502207902998,-0.579406387516267,0.434476260100345,-0.151270384032134,-0.152509057657508,-0.026579063643372,-0.126282851216012,-0.129402956869897,-0.069995751718878,-0.024987532816122,-0.023106100787611,0.043416688075505,-0.006314136539165,-0.006470141673081,-0.003499784248286,0.009480627061281
1403715930.784058094024658,-2.408735095305808,-1.792950473619310,0.381247864297595,0.325035770286119,0.608365292448025,-0.581396822028607,0.431533491532436,-0.194095038070792,-0.207850087627580,0.055016549981712,-0.170078241945524,-0.178241787365347,0.006813875604242,-0.024016796125267,-0.029608300262233,0.048202674377470,-0.008503944537126,-0.008912123365190,0.000340695079856,0.007724959739708
1403715930.834058046340942,-2.419391691988520,-1.804738808751250,0.385997347585306,0.327479918717196,0.611483756316759,-0.580694295615354,0.426190865267562,-0.230123879425662,-0.267036938376748,0.143602656289866,-0.213132136912888,-0.235766927483666,0.094989756343509,-0.016991742512775,-0.031270010893082,0.048612899946357,-0.010656596682712,-0.011788335131940,0.004749483287711,0.013377001756262
1403715930.884057998657227,-2.431771886055501,-1.818655468492183,0.394808821471660,0.333082827257130,0.616805973068041,-0.577716380711515,0.418150696796708,-0.265036314364448,-0.305813498522847,0.230605534538474,-0.247604117473298,-0.278333460258115,0.176229645792778,-0.017432196891149,-0.027480038264731,0.054375888745696,-0.012380194066981,-0.013916659740932,0.008811473886355,0.023085262892159
1403715930.934057950973511,-2.445373375364106,-1.834890577220355,0.407029417390430,0.340064388183390,0.621651350358043,-0.573660963104265,0.410875784024522,-0.278734050161531,-0.353182907343478,0.275281689058033,-0.272030045600162,-0.324702484223865,0.244412151464988,-0.006704004561369,-0.028480423119613,0.030869537593045,-0.013601489308605,-0.016235108728172,0.012220595918770,0.023798513613422
1403715930.984057903289795,-2.459328505170070,-1.853564186161279,0.420359122362314,0.344430266224217,0.626511499413064,-0.570909114809411,0.403625959818548,-0.273282439874483,-0.395655066383844,0.273187971234232,-0.279102862292519,-0.373472534989659,0.266594353681862,0.005820422418036,-0.022182531394185,0.006593617552371,-0.013955129805964,-0.018673608940925,0.013329704971884,0.020279589825676
1403715931.034058094024658,-2.473083563300451,-1.874570617026837,0.432366510419647,0.345398065587294,0.631173053337697,-0.570631766469925,0.395853685247892,-0.275551901565907,-0.450633561099116,0.233641845839839,-0.275100113183973,-0.420127014653777,0.240146845059147,-0.000451788381933,-0.030506546445340,-0.006504999219308,-0.013755058130381,-0.021006430865558,0.012007388057333,0.018237595334394
1403715931.084058046340942,-2.486227088058005,-1.898558711839658,0.441637821895207,0.344428117690338,0.635065206398692,-0.571667968344903,0.388917972501257,-0.257720625889949,-0.505513120457306,0.177212238486730,-0.262870745844154,-0.479762353793460,0.185426406347605,0.005150119954205,-0.025750766663845,-0.008214167860875,-0.013143524757554,-0.023988094812821,0.009271311475560,0.016157702187184
1403715931.134057998657227,-2.498727496914325,-1.925534091838815,0.448109467058885,0.341959331716554,0.638180088778033,-0.573490008716812,0.383274313829170,-0.236621764881560,-0.568113097978910,0.135521205618033,-0.250008415553015,-0.539508114498172,0.129433026710506,0.013386650671455,-0.028604983480738,0.006088178907527,-0.012500408856321,-0.026975379999157,0.006471645163678,0.014278421092786
1403715931.184057950973511,-2.510275886526208,-1.955008338976338,0.454230594787179,0.340271303316156,0.640372663997184,-0.574535363279213,0.379535779191235,-0.216609250085676,-0.637113322426100,0.159024849498272,-0.230968012505914,-0.589485504927644,0.122422671317238,0.014358762420238,-0.047627817498456,0.036602178181034,-0.011548389611883,-0.029474247137523,0.006121127728294,0.009534416901429
1403715931.234057903289795,-2.520756238012575,-1.989334134358191,0.462455889622713,0.339829399870873,0.640979657456718,-0.575039828247718,0.378140521022153,-0.196083480430206,-0.723701629425359,0.222482832827089,-0.209607229624370,-0.686516562350277,0.164506053595871,0.013523749194165,-0.037185067075082,0.057976779231218,-0.010480351486367,-0.034325795381853,0.008225294835534,0.003325628129708
1403715931.284058094024658,-2.530246761860373,-2.026821475370559,0.473775913963013,0.339665297772896,0.640966407212022,-0.575429662889066,0.377717160560568,-0.175799839915500,-0.780092554721139,0.294087753474134,-0.189809752889215,-0.749743960201124,0.226399623159985,0.014009912973716,-0.030348594520015,0.067688130314149,-0.009490523847798,-0.037487341012368,0.011320024340300,0.001197180364007
1403715931.334058046340942,-2.538558034544419,-2.068769105755091,0.489198070347018,0.339442376901340,0.638917518375861,-0.575810969187987,0.380795227436993,-0.154961628178176,-0.870184849523606,0.365653359424375,-0.166225612206025,-0.838953407778959,0.308443421834664,0.011263984027849,-0.031231441744646,0.057209937589710,-0.008311272684046,-0.041947630384532,0.015422156384005,0.007447830662086
1403715931.384057998657227,-2.545982037018315,-2.114636106164955,0.508428435492262,0.340152325544878,0.636866609683281,-0.575465968103465,0.384104460338170,-0.138346373078825,-0.946406165419164,0.430937663513385,-0.148480191079657,-0.917340883041720,0.384607669695351,0.010133818000833,-0.029065282377444,0.046329993818034,-0.007424002473896,-0.045867000409864,0.019230365145245,0.007944890794862
1403715931.434057950973511,-2.552672071695234,-2.164516020970090,0.530377203784407,0.342482033777756,0.635456874847705,-0.573558753103391,0.387209211521011,-0.125304455392116,-1.013886035497996,0.447482266869001,-0.133800821140795,-0.997599247487471,0.438975784482831,0.008496365748679,-0.016286788010525,0.008506482386170,-0.006690034676919,-0.049879914805135,0.021948768292145,0.009097665063069
1403715931.484057903289795,-2.559377277948750,-2.217107611526358,0.551417454885835,0.343386222960241,0.634069641038627,-0.572429119360507,0.390341511374849,-0.112428173772612,-1.067774161850404,0.420087546411201,-0.134104252962089,-1.051832814231299,0.420805423339885,0.021676079189477,-0.015941347619105,-0.000717876928685,-0.006705206253515,-0.052591590556268,0.021040251101428,0.007437571222723
1403715931.534058094024658,-2.565608365756676,-2.272354374670523,0.570302712603245,0.345292691371909,0.633430757732049,-0.570414765368414,0.392639055487152,-0.100682502461734,-1.127826392121313,0.370332478074400,-0.124621280766059,-1.104931047905855,0.377703713522868,0.023938778304325,-0.022895344215458,-0.007371235448468,-0.006231087807926,-0.055246763144165,0.018885257717410,0.007315501227956
1403715931.584058046340942,-2.570993692090663,-2.330058420352080,0.585941891182589,0.348362109734704,0.633246972885601,-0.567318895991306,0.394704170339780,-0.079104487688147,-1.175853548954296,0.298564367315238,-0.107706629396785,-1.154082014249515,0.312783869880822,0.028602141708638,-0.021771534704781,-0.014219502565584,-0.005385326333987,-0.057704045681557,0.015639178579344,0.009654896740471
1403715931.634057998657227,-2.575478561047452,-2.389861278020800,0.597436497117341,0.350633983719674,0.633834407357536,-0.564460595986667,0.395845915842224,-0.061698445854966,-1.206666620798966,0.205664142156824,-0.089697464677946,-1.196058294024475,0.229892337937464,0.027999018822980,-0.010608326774491,-0.024228195780640,-0.004484868956789,-0.059802857668720,0.011494605934752,0.007740793517763
1403715931.684057950973511,-2.578798089661319,-2.451796668761761,0.605199445699638,0.354146428789421,0.634698237664125,-0.560344919293108,0.397180092028986,-0.042201323199356,-1.233222668582224,0.137322771803455,-0.066390635592388,-1.238708996144175,0.155259119712568,0.024189312393032,0.005486327561951,-0.017936347909113,-0.003319528613867,-0.061935390740961,0.007762948582297,0.011278719464971
1403715931.734057903289795,-2.581805037479271,-2.513590515824198,0.609960612937028,0.356870955973715,0.635760172544949,-0.556985942751917,0.397767247727591,-0.025352536401863,-1.261469659029105,0.062927308162675,-0.060139013712077,-1.235878119873967,0.095223435559951,0.034786477310213,-0.025591539155138,-0.032296127397276,-0.003006947817952,-0.061793847062437,0.004761167237390,0.008984044349318
1403715931.784058094024658,-2.583954776314498,-2.577264722545481,0.611906647909106,0.359043433954726,0.636477072244628,-0.553841750045308,0.399053962450764,-0.010036140638917,-1.284130584878148,0.028940439780400,-0.042994612693108,-1.273479276487746,0.038920550971443,0.032958472054190,-0.010651308390402,-0.009980111191044,-0.002149738835227,-0.063674206721283,0.001946034972078,0.008191510669622
1403715931.834058046340942,-2.585466004951309,-2.642010875508249,0.614275264203844,0.360562401704234,0.635455933123136,-0.551162204047246,0.403002154294070,0.009290395076581,-1.315935119980765,0.046535640138178,-0.030224601560648,-1.294924294191396,0.047372371072568,0.039514996637229,-0.021010825789369,-0.000836730934390,-0.001511228636811,-0.064746152962768,0.002368616294738,0.010221199648423
1403715931.884057998657227,-2.585987682917751,-2.709408756386882,0.617477191692372,0.364788320677829,0.633064152522536,-0.546498512139363,0.409265972342480,0.032511799448824,-1.340496234157865,0.069942996400998,-0.010433569279069,-1.347958903086443,0.064038610842543,0.042945368727893,0.007462668928577,0.005904385558456,-0.000521677966442,-0.067397880878633,0.003201927488528,0.018391850402107
1403715931.934057950973511,-2.585560150704083,-2.777276607653271,0.621072245870230,0.369155571142736,0.630157106136136,-0.541994635125680,0.415773978713666,0.040119278692017,-1.349546661320994,0.065508629026159,0.008550652427906,-1.357358319805558,0.071901152127442,0.031568626264111,0.007811658484564,-0.006392523101283,0.000427532213668,-0.067867851266390,0.003595054177858,0.018990895487140
1403715931.984057903289795,-2.583966895754980,-2.845411967637945,0.624652470383847,0.374481345167307,0.626720947454245,-0.536777949860412,0.422911348496810,0.054694545427497,-1.353784252704870,0.074465932664394,0.031865129371005,-1.362708499273575,0.071604558559772,0.022829416056492,0.008924246568704,0.002861374104622,0.001593254949102,-0.068135359984674,0.003580224513617,0.021755741753947
1403715932.034058094024658,-2.581906154550202,-2.913236962733510,0.628716050432897,0.378423248937496,0.622199985279143,-0.532505846903006,0.431393725031250,0.069624779329560,-1.344933464577852,0.089778158124480,0.041214666874095,-1.356494727294563,0.081271290955621,0.028410112455465,0.011561262716711,0.008506867168860,0.002060741204779,-0.067824995095564,0.004063580049050,0.022466028261567
1403715932.084058046340942,-2.578709176435822,-2.981334468709409,0.634230817151823,0.385041957983952,0.617043878497890,-0.526279054419908,0.440488251238387,0.083662356630209,-1.325467586066407,0.120239381296928,0.063939623265170,-1.361951418376064,0.110295439564449,0.019722733365038,0.036483832309657,0.009943941732479,0.003196978114380,-0.068097505975899,0.005514766718926,0.027704091124285
1403715932.134057998657227,-2.574318324618567,-3.048859906665544,0.641560734631797,0.393791751865293,0.610650631733720,-0.518517436743079,0.450747745329314,0.092586628606358,-1.292246364450690,0.153233564746790,0.087817120094038,-1.350510047069459,0.146598489406699,0.004769508512320,0.058263682618769,0.006635075340091,0.004390851817255,-0.067525437956136,0.007329917479974,0.033641587136413
1403715932.184057950973511,-2.569410665255409,-3.113002340973239,0.650156848404381,0.403525497802009,0.603567695624866,-0.510466187894767,0.460757507196480,0.108137604810290,-1.236465555351192,0.188153153281081,0.098153280869407,-1.282849909574912,0.171922439409696,0.009984323940883,0.046384354223720,0.016230713871384,0.004907659363157,-0.064142434307695,0.008596113772584,0.035210211000473
1403715932.234057903289795,-2.564072995965430,-3.172814028526675,0.660793471580131,0.415301883355358,0.595404798336116,-0.500651599256908,0.471556410158236,0.119661365864637,-1.169426263603895,0.220053381900479,0.106753487607655,-1.196234891887209,0.212732666392678,0.012907878256982,0.026808628283313,0.007320715507801,0.005337669289980,-0.059811687553436,0.010636623175750,0.040903456251202
1403715932.284058094024658,-2.557770396305691,-3.229105654028191,0.672914087208843,0.425449679018234,0.585853953646868,-0.491832440951720,0.483599592273493,0.127385688735472,-1.090998090546311,0.222683248071461,0.126051512346421,-1.125828215336501,0.242411387848180,0.001334176389051,0.034830124790190,-0.019728139776719,0.006302599659739,-0.056291625501516,0.012120615628712,0.040842461834172
1403715932.334058046340942,-2.550867989526967,-3.280888022436311,0.684183296117186,0.434432697246125,0.576763266485393,-0.483783697334046,0.494535843180610,0.137772891391840,-0.983637580353359,0.218488932155899,0.138048267227554,-1.035648355833633,0.225384393110172,-0.000275375835713,0.052010775480274,-0.006895460954273,0.006902406778723,-0.051782368408120,0.011269208908343,0.037294993951284
1403715932.384057998657227,-2.543591453245451,-3.326425500360558,0.695599551656352,0.442526724821000,0.568728713879387,-0.476368690510153,0.503776357652817,0.138728410505223,-0.861823178172907,0.229181874175143,0.145530864419379,-0.910750427044235,0.228325328531304,-0.006802453914157,0.048927248871328,0.000856545643838,0.007276536281517,-0.045537477924247,0.011416255539165,0.032890293203933
1403715932.434057950973511,-2.536444682217042,-3.365041973062364,0.706860598442268,0.448484289868950,0.562027066289260,-0.470913592860412,0.511104496711122,0.138831852030669,-0.719254789361057,0.225229770685811,0.142935556882136,-0.772330190587594,0.225221150505956,-0.004103704851467,0.053075401226537,0.000008620179856,0.007146771028408,-0.038616472701806,0.011261046785916,0.025602078964416
1403715932.484057903289795,-2.529754050978132,-3.398013549915533,0.716383192999605,0.452433465697967,0.556178361699950,-0.466417538414543,0.518096775663200,0.134155020541954,-0.570977390675555,0.224569135464936,0.133812752392001,-0.659432165946893,0.190452072775980,0.000342268149953,0.088454775271338,0.034117062688956,0.006690631238911,-0.032971576853169,0.009522594557337,0.021809262613737
1403715932.534058094024658,-2.522968358317546,-3.422012894568894,0.728000460495126,0.456828805125869,0.550019952283939,-0.461712676842998,0.524982760611544,0.121349301188630,-0.401065202422199,0.250097467689881,0.135713335506431,-0.479985062069513,0.232344463586647,-0.014364034317801,0.078919859647314,0.017753004103234,0.006785692660586,-0.023999344653361,0.011617267495522,0.022521000524969
1403715932.584058046340942,-2.516871498282621,-3.437279464936972,0.740588131074593,0.461791171781691,0.543179273121133,-0.456460914767841,0.532305010501870,0.108142225329234,-0.227638380692507,0.261175346887511,0.121937316986977,-0.305331698548570,0.251753651680322,-0.013795091657743,0.077693317856063,0.009421695207189,0.006096860034924,-0.015266570368079,0.012587670579467,0.024707752921165
1403715932.634057998657227,-2.511316189252519,-3.442994416540056,0.753812415615709,0.465330956543270,0.536279226442406,-0.451893930672144,0.540058855672732,0.095789388326356,-0.040685213497874,0.268853561765993,0.111106286561255,-0.114299141065837,0.264485943055767,-0.015316898234899,0.073613927567963,0.004367618710226,0.005555309030102,-0.005714951603084,0.013224284541116,0.023758942619327
1403715932.684057950973511,-2.506842822854652,-3.439473713155306,0.767619275332239,0.468754626264945,0.530646628718721,-0.448008389752517,0.545867876409690,0.080921301141817,0.163297622224819,0.282011342760133,0.089467413280107,0.070414134847151,0.276137457675798,-0.008546112138291,0.092883487377668,0.005873885084335,0.004473366397867,0.003520703384750,0.013806859716530,0.019213592213118
1403715932.734057903289795,-2.503505753897259,-3.423476675122478,0.782119431778692,0.472448107503448,0.525737233506874,-0.444023389543776,0.550669026329795,0.057001437364439,0.373905085172411,0.271508349786225,0.066741442797465,0.319941065776147,0.290003405497872,-0.009740005433027,0.053964019396264,-0.018495055711647,0.003337068957393,0.015997038032828,0.014500156446454,0.017512934894318
1403715932.784058094024658,-2.501280019393416,-3.396844233956272,0.796986773858917,0.474915532391248,0.523075167727218,-0.442117053734421,0.552612085280331,0.034147845523819,0.584583178096685,0.290035717542520,0.044514520267437,0.532646791437852,0.297345707320646,-0.010366674743618,0.051936386658833,-0.007309989778125,0.002225734503843,0.026632441166206,0.014867342080225,0.009074008905670
1403715932.834058046340942,-2.500635825448311,-3.361438136733787,0.811645598122041,0.474625725057308,0.524237973407399,-0.443759393174572,0.550438524560976,0.006826876709823,0.793526595165875,0.263168640685368,0.012883891189140,0.708122619768069,0.293176764857618,-0.006057014479317,0.085403975397807,-0.030008124172251,0.000644193945105,0.035406097222486,0.014658824263123,0.005952396800075
1403715932.884057998657227,-2.500985336182630,-3.313720507569810,0.825042550418411,0.470421908164927,0.531517577398245,-0.450782715463779,0.541282954354071,-0.017413249167673,0.998243316598958,0.242902723970094,-0.006990221352770,0.954353493421954,0.267939301454234,-0.010423027814903,0.043889823177004,-0.025036577484140,-0.000349510734319,0.047717629163977,0.013396952296370,0.028553087004268
1403715932.934057950973511,-2.503286160839319,-3.259096373168227,0.841270650648936,0.460735515424573,0.543254908458056,-0.463491930160896,0.527040909169687,-0.033148330843863,1.174875002630199,0.235456203928276,-0.046016537018572,1.092483729905320,0.324562314137243,0.012868206174709,0.082391272724878,-0.089106110208967,-0.002300824656689,0.054624134401582,0.016228100230525,0.048825433241733
1403715932.984057903289795,-2.505262999275216,-3.196625395722176,0.853793162000709,0.447223313635905,0.557894455730940,-0.479273630952874,0.508961561101080,-0.039607707093390,1.323574187443357,0.229718665500719,-0.039536806423188,1.249420740461509,0.250450465883645,-0.000070900670201,0.074153446981848,-0.020731800382926,-0.001976838435898,0.062470977446052,0.012522511351773,0.062382681034730
1403715933.034058094024658,-2.506767340877407,-3.127424854637626,0.866905069705347,0.433233966513555,0.572100371978545,-0.494322246728659,0.490566010879344,-0.039741797597949,1.439850324354625,0.240729178788741,-0.030086717272096,1.384005542128825,0.262237153737400,-0.009655080325853,0.055844782225801,-0.021507974948659,-0.001504341602191,0.069200541084549,0.013111907704638,0.062046569064256
1403715933.084058046340942,-2.508952999690721,-3.053567414526443,0.880220933158447,0.419689071785702,0.585160196995990,-0.508138594127012,0.472486821016094,-0.041577561732141,1.515608256208439,0.247074532475878,-0.043713217954453,1.477150210943893,0.266317523042184,0.002135656222313,0.038458045264546,-0.019242990566306,-0.002185658813314,0.073857440111184,0.013315863453100,0.059053707885215
1403715933.134057998657227,-2.510682410455918,-2.976223206918437,0.893617212948450,0.405782747556053,0.597363706437891,-0.521340913763217,0.454643393939886,-0.041210628765756,1.566422305647716,0.243032604107357,-0.034588248289865,1.546885627385204,0.267925851314066,-0.006622380475890,0.019536678262512,-0.024893247206709,-0.001729410765197,0.077344207608006,0.013396279790003,0.057794765801734
1403715933.184057950973511,-2.512749010665137,-2.897655442020145,0.906425159328833,0.390622426878820,0.609566977451711,-0.534417608063833,0.436165151990640,-0.035923395062808,1.586024162362076,0.242823410718315,-0.041332043601686,1.571356796528456,0.256159171900078,0.005408648538879,0.014667365833620,-0.013335761181763,-0.002066600209219,0.078567764898292,0.012807946380383,0.059708180351908
1403715933.234057903289795,-2.514354853399336,-2.818649234475312,0.919004665101381,0.376659816624012,0.620364869506452,-0.545635421802662,0.418994985288892,-0.029076427497143,1.569633059407876,0.243934319376418,-0.032116885313019,1.580125657821926,0.251590355386222,0.003040457815876,-0.010492598414050,-0.007656036009804,-0.001605842734199,0.079006207544833,0.012579505772548,0.054120148141750
1403715933.284058094024658,-2.515721900557019,-2.740663908335691,0.931472782228043,0.361699286215114,0.630598215251805,-0.556793526081721,0.401871231349296,-0.015124062168007,1.532261467263921,0.238078961931518,-0.027340838856650,1.559700573006901,0.249361391295019,0.012216776688643,-0.027439105742981,-0.011282429363502,-0.001367047157684,0.077985326139621,0.012468117126662,0.054637404376886
1403715933.334058046340942,-2.516534454840638,-2.664780725678326,0.943806993513574,0.345332712089106,0.639062660857863,-0.568392091882034,0.386360794264139,-0.000807082448889,1.471013553580298,0.252132408085545,-0.016251101170625,1.517665100505535,0.246684460967269,0.015444018721736,-0.046651546925237,0.005447947118277,-0.000812554283618,0.075883182657365,0.012334211285532,0.053466046614572
1403715933.384057998657227,-2.516966791995451,-2.591760122833630,0.955236325688063,0.326860987061849,0.645942307194677,-0.580938381339904,0.372063204306933,0.002717671039245,1.381813024363594,0.236827758286435,-0.008646751342452,1.460413449652719,0.228586861487198,0.011364422381697,-0.078600425289125,0.008240896799237,-0.000432337154813,0.073020602844696,0.011429332174489,0.054787281087136
1403715933.434057950973511,-2.516989993514013,-2.525316227994429,0.967205988381799,0.307362410289447,0.651618826476698,-0.593984301128676,0.357916056827395,0.005322437062539,1.268719610384005,0.227320652448703,-0.000464030813773,1.328879164101939,0.239393482178136,0.005786467876312,-0.060159553717935,-0.012072829729433,-0.000023201518562,0.066443894839201,0.011969662693736,0.055957349343425
1403715933.484057903289795,-2.516962572831590,-2.464801565633627,0.979192055346610,0.287904544920014,0.656357939688725,-0.606518624473594,0.344151690666531,0.011765991515732,1.113304873828587,0.238562176397257,0.000548414171475,1.210294401442729,0.239721567912509,0.011217577344257,-0.096989527614142,-0.001159391515252,0.000027420682423,0.060514662360802,0.011986066964810,0.054687524747461
1403715933.534058094024658,-2.515695828338062,-2.412953661855864,0.991590911999763,0.270976914557115,0.660251903718018,-0.617224919730984,0.331168135358641,0.016533043579457,0.919831743860075,0.267642942269918,0.025334793225983,1.036954119889211,0.247976187108990,-0.008801749646526,-0.117122376029135,0.019666755160927,0.001266744493527,0.051847903777763,0.012398856653154,0.048370801269213
1403715933.584058046340942,-2.514406140689529,-2.371582504051880,1.004388323935034,0.257749451531911,0.664306996832967,-0.625035515012715,0.318735061087659,0.013417937135565,0.704568585976852,0.304183843015435,0.025793777569525,0.827423945172644,0.255948482796907,-0.012375840433961,-0.122855359195792,0.048235360218528,0.001289687648533,0.041371157803984,0.012797411935271,0.040348982506014
1403715933.634057998657227,-2.513723685925030,-2.338841484104912,1.017125911843268,0.246903400827716,0.667593925782495,-0.631632860141335,0.307240932995102,0.004104852131674,0.477690382495274,0.329367251210602,0.013649108306780,0.654821023425365,0.254752001115127,-0.009544256175106,-0.177130640930091,0.074615250095475,0.000682454764499,0.032741019946969,0.012737587908234,0.034876259368476
1403715933.684057950973511,-2.511531520249508,-2.317271544023829,1.031946901627423,0.242038885103748,0.671548709451546,-0.634188883307887,0.297058864907939,0.003010995554137,0.223025666430465,0.366499062391095,0.043843355322734,0.431399213035995,0.296420078371301,-0.040832359768597,-0.208373546605530,0.070078984019795,0.002192165675523,0.021569940081082,0.014820989784154,0.024455138920357
1403715933.734057903289795,-2.511075744721800,-2.310223723274634,1.050522086958164,0.240354926389763,0.675591316911467,-0.634687942553973,0.288057455120684,0.006484069427707,-0.043310858050458,0.408829792301442,0.009115519247386,0.140956549410547,0.371504060908714,-0.002631449819679,-0.184267407461005,0.037325731392727,0.000455775527707,0.007047820749195,0.018575185330742,0.020045315784313
1403715933.784058094024658,-2.509828660752063,-2.313420735382528,1.070680445188340,0.241496203047829,0.677769798115776,-0.634249000142091,0.282906151390068,0.015369098839758,-0.318251418131060,0.462913488045977,0.024941584250159,-0.063939998246142,0.403165626648704,-0.009572485410401,-0.254311419884918,0.059747861397274,0.001247083969738,-0.003197012107894,0.020158358230176,0.011450237178569
1403715933.834058046340942,-2.507884883885812,-2.331537220362663,1.094382324594552,0.246177441942933,0.678628412063172,-0.632174224332537,0.281453185287727,0.034397023908156,-0.588815976884878,0.505624008394059,0.038875574399651,-0.362330045147553,0.474038040202136,-0.004478550491495,-0.226485931737325,0.031585968191923,0.001943776866251,-0.018116484980135,0.023701879406212,0.010782780915164
1403715933.884057998657227,-2.506128387906481,-2.351200890666490,1.121274817642554,0.256709760106659,0.676487304197403,-0.627729669012199,0.287089688020221,0.056341146997775,-0.842343835613160,0.571848960745658,0.035129953089150,-0.393273781131646,0.537850373894126,0.021211193908625,-0.449070054481513,0.033998586851532,0.001756495979331,-0.019663670303827,0.026892493048002,0.025848839745321
1403715933.934057950973511,-2.502550094777446,-2.389682999602241,1.152842568584346,0.272732477244823,0.669389992979764,-0.621706791929280,0.301686423332997,0.087056670151253,-1.073675444746033,0.677572418630036,0.071565930831297,-0.769642912703694,0.631355620943493,0.015490739319956,-0.304032532042339,0.046216797686543,0.003578293129035,-0.038482108935751,0.031567750941793,0.047179013347176
1403715933.984057903289795,-2.498601097890748,-2.436533591975259,1.190560552636161,0.297018915059195,0.658762951353057,-0.610520824653423,0.324153452374293,0.105935613520888,-1.252973492233438,0.743899208492763,0.078980013055168,-0.937012741065350,0.754360400450429,0.026955600465720,-0.315960751168088,-0.010461191957666,0.003948996886698,-0.046850592373018,0.037717984051814,0.073015241087746
1403715934.034058094024658,-2.492233615252013,-2.499407535053426,1.228819140000430,0.322894378453031,0.644141147793693,-0.598067664463722,0.350908066030639,0.126849549862375,-1.374206148887411,0.782172931718610,0.127349166976176,-1.257474064680461,0.765168828397945,-0.000499617113802,-0.116732084206950,0.017004103320665,0.006367482638735,-0.062873943078167,0.038258587364269,0.083773117372264
1403715934.084058046340942,-2.485370424434054,-2.569649397936836,1.268308995886368,0.351095267560896,0.628559377748361,-0.581966177634804,0.378101295726517,0.138073863902538,-1.426393843324295,0.769702620658139,0.137263947264278,-1.404838597426686,0.789797870928700,0.000809916638260,-0.021555245897609,-0.020095250270561,0.006863190817959,-0.070241862883410,0.039489855885938,0.090269754275289
1403715934.134057998657227,-2.478469572971447,-2.641689789101102,1.305667655474508,0.377703095021664,0.609896237184391,-0.565636385178457,0.406721565252722,0.144749791117234,-1.442120321960908,0.708773038504471,0.138017160875561,-1.440809197348059,0.747173904323369,0.006732630241672,-0.001311124612849,-0.038400865818898,0.006900851462607,-0.072040391164267,0.037358659588140,0.092573294831606
1403715934.184057950973511,-2.471233625558807,-2.713303139237590,1.339161126245247,0.404540532120414,0.589992265457298,-0.547316306253275,0.434397220849269,0.149185015569802,-1.411233780289054,0.602331196905906,0.144719086267685,-1.432268368647316,0.669870054252647,0.004465929302118,0.021034588358262,-0.067538857346741,0.007235947412640,-0.071613350136488,0.033493470770739,0.094199647568652
1403715934.234057903289795,-2.463360372296371,-2.782916855263911,1.365063160425905,0.425948669229869,0.572568997893896,-0.531507834872409,0.456324331261579,0.156009632723852,-1.355725271999135,0.436642511110308,0.157465215419250,-1.392275648303944,0.518041177655725,-0.001455582695398,0.036550376304809,-0.081398666545417,0.007873253262436,-0.069613716026321,0.025902034180658,0.077272769154095
1403715934.284058094024658,-2.455605034742416,-2.848733097525294,1.385177760096771,0.444831426397497,0.557593330962089,-0.516140259394903,0.474145454462586,0.156357507269174,-1.274209494203292,0.362530418112055,0.155106159396057,-1.316319823866024,0.402290458800999,0.001251347873117,0.042110329662731,-0.039760040688944,0.007755337553955,-0.065816242261383,0.020114599670866,0.067370355977323
1403715934.334058046340942,-2.448046764024864,-2.910282877754766,1.400269589035214,0.458584241594079,0.544220175426935,-0.504035283966064,0.489360119479621,0.147543800907705,-1.163524946581274,0.264224298936661,0.151165558513757,-1.230996778559460,0.301836866622944,-0.003621757606052,0.067471831978186,-0.037612567686283,0.007558270717552,-0.061549780229472,0.015091828938444,0.054627614158764
1403715934.384057998657227,-2.440653280850172,-2.965109766657916,1.412815784576034,0.470580174834524,0.531776472424655,-0.492443024262659,0.503257340019343,0.150401670275048,-1.026315041280922,0.223830556199095,0.147869804513462,-1.096538823803905,0.250924150116311,0.002531865761586,0.070223782522983,-0.027093593917217,0.007393483174691,-0.054826888903150,0.012546195540820,0.050051735986602
1403715934.434057950973511,-2.433415151834416,-3.012984141465493,1.421979271821141,0.481724167133448,0.520933330357236,-0.481220552643436,0.514778662957247,0.144985465475476,-0.869686880716263,0.159197820529411,0.144762718371614,-0.957488409283639,0.183269919681950,0.000222747103862,0.087801528567376,-0.024072099152540,0.007238129015756,-0.047874374807577,0.009163487245107,0.044742280573644
1403715934.484057903289795,-2.426400460756000,-3.052117107465646,1.428457558008734,0.490849026504777,0.510618408247748,-0.471178136526888,0.525668372642770,0.136179343503163,-0.690060769799608,0.119371646108551,0.140293955363064,-0.782660066405876,0.129565847315480,-0.004114611859902,0.092599296606267,-0.010194201206928,0.007014691078416,-0.039132966000154,0.006478286187593,0.040452961453612
1403715934.534058094024658,-2.420049672927244,-3.082191117753708,1.429159168736210,0.498129473637048,0.501687587991047,-0.462068295824686,0.535415242165810,0.139338497834970,-0.495121114391730,0.067382403855017,0.127015272050297,-0.601477911305094,0.014032161021078,0.012323225784673,0.106356796913364,0.053350242833939,0.006350787828755,-0.030074010288062,0.000701610727476,0.035256952321527
1403715934.584058046340942,-2.413797518976019,-3.103437585462375,1.428470262082792,0.504494618566585,0.493384654522387,-0.453381130681780,0.544520259366804,0.118669418183730,-0.269367283970009,0.030080306305737,0.125043198274987,-0.424929759417947,-0.013778146208231,-0.006373780091257,0.155562475447938,0.043858452513968,0.006252153951225,-0.021246467708667,-0.000688906653418,0.032730898442063
1403715934.634057998657227,-2.408080178808106,-3.110705221497002,1.429827020154041,0.508876552860031,0.486666947807884,-0.446354142060027,0.552239002359040,0.106091416750602,-0.016816652167320,0.036225440055639,0.114346912407976,-0.145352859311826,0.027135187303120,-0.008255495657374,0.128536207144506,0.009090252752519,0.005717340167913,-0.007267636034627,0.001356758071249,0.026327855707062
1403715934.684057950973511,-2.402993292537077,-3.104937072205675,1.432112664863835,0.510714344933543,0.482047449629499,-0.441299785626233,0.558619381503218,0.090726021963859,0.259766512717591,0.063172587429680,0.101737822445336,0.115363095845363,0.045712937791136,-0.011011800481477,0.144403416872228,0.017459649638544,0.005086886271029,0.005768149291327,0.002285644709794,0.019076025769606
1403715934.734057903289795,-2.398930175953191,-3.086197081025574,1.434965751025806,0.509880933438799,0.478957888650164,-0.438637388014114,0.564108160241909,0.067613218426350,0.532315465208719,0.069033460809779,0.081262409175584,0.374800181039330,0.057061777657761,-0.013649190749234,0.157515284169389,0.011971683152018,0.004063116583886,0.018739991180101,0.002853086161970,0.013777547316927
1403715934.784058094024658,-2.396164815282905,-3.053215302686995,1.439415096809231,0.506962873150444,0.477443942938633,-0.437983236347068,0.568512630710353,0.039490063816197,0.816093194596193,0.088732094704237,0.055307002426253,0.659633050471183,0.088986576211650,-0.015816938610056,0.156460144125010,-0.000254481507413,0.002765360670286,0.032981778338579,0.004449345783425,0.011069681148118
1403715934.834058046340942,-2.397058777842922,-3.011097168534269,1.445761776368199,0.499887497478073,0.482748509497279,-0.442789761174165,0.566571790546080,0.002727892534434,1.080230920090236,0.081811696274446,-0.017879268251349,0.842363486394945,0.126933712232794,0.020607160785783,0.237867433695292,-0.045122015958348,-0.000893962560018,0.042118134152726,0.006346679558969,0.020500714983232
1403715934.884057998657227,-2.404270723738388,-2.960012937680702,1.454990995204805,0.488605783516759,0.496542195649319,-0.454300359464174,0.555266980509781,-0.040663390437563,1.314776672282771,0.130845632364433,-0.144239055466399,1.021685591426645,0.184584552765669,0.103575665028836,0.293091080856126,-0.053738920401237,-0.007211945895466,0.051084230853567,0.009229218836606,0.048077573863278
1403715934.934057950973511,-2.409505493644926,-2.895274032537327,1.464106416567642,0.473120526100192,0.514347513776740,-0.469854364609092,0.539296281196293,-0.081804500787552,1.529010257794653,0.145764296544925,-0.104695497976164,1.294779337665302,0.182308601119772,0.022890997188612,0.234230920129351,-0.036544304574847,-0.005234769906538,0.064738905143375,0.009115421362837,0.064927818997831
1403715934.984057903289795,-2.413852063386491,-2.816816852454844,1.472417481821231,0.455036484681759,0.532205365407873,-0.487218928600274,0.521839977630251,-0.102492050613988,1.688911007954779,0.111719623126969,-0.086931477735626,1.569145098103046,0.166221463592919,-0.015560572878362,0.119765909851733,-0.054501840465950,-0.004346569741565,0.078457180082483,0.008311065253589,0.070776174569474
1403715935.034058094024658,-2.419717397584452,-2.730515666798173,1.477649115587414,0.436507698106866,0.550164156565995,-0.504489929882013,0.502265209795696,-0.126301570870716,1.801080498754844,0.063513281691642,-0.117306236471438,1.726017128900600,0.104632276183199,-0.008995334399279,0.075063369854244,-0.041118994491557,-0.005865334197961,0.086301185656671,0.005231633766183,0.073415105437344
1403715935.084058046340942,-2.424289924351852,-2.639861529802954,1.479223461706468,0.416967275859566,0.567734494640383,-0.521824447036055,0.481160140632199,-0.141747135438234,1.893536889036587,0.020023325154946,-0.091450622562109,1.813084468996462,0.031486952409370,-0.050296512876125,0.080452420040125,-0.011463627254424,-0.004572526767400,0.090654136995219,0.001574346119054,0.075805706751776
1403715935.134057998657227,-2.431951334343277,-2.544351033498368,1.479843980231375,0.399657055918734,0.583470674746408,-0.536947438348187,0.459917011880037,-0.151699152543952,1.945644058453857,-0.039189122939283,-0.153228345958428,1.910211747811600,0.012410382333609,0.001529193414476,0.035432310642257,-0.051599505272892,-0.007661409991425,0.095510496304586,0.000620518524907,0.070067738534522
1403715935.184057950973511,-2.439877710362581,-2.445683383692284,1.476859473201404,0.382059103304003,0.597458542919170,-0.551168922174909,0.439644117786184,-0.154515910049961,1.985349362317305,-0.076557056429066,-0.158527671569858,1.973354878059551,-0.059690197524428,0.004011761519897,0.011994484257754,-0.016866858904638,-0.007926376019304,0.098667649806084,-0.002984507029971,0.066893752029095
1403715935.234057903289795,-2.448266116899427,-2.346438982407493,1.471072075886438,0.367373139584225,0.609254225855629,-0.562538238544180,0.421185226194722,-0.170686255204767,1.970211461099947,-0.158800542314014,-0.167768290733222,1.984889918634362,-0.115748056685278,-0.002917964471546,-0.014678457534415,-0.043052485628735,-0.008388406536846,0.099244401284791,-0.005787397314966,0.057440905228006
1403715935.284058094024658,-2.457006706703610,-2.248492684971442,1.461804632917008,0.354059190937433,0.619209237957673,-0.572159975921584,0.404790033096198,-0.169097158668089,1.937986900307116,-0.214226045323499,-0.174811129232128,1.958918476040070,-0.185348152341500,0.005713970564039,-0.020931575732954,-0.028877892981999,-0.008740589804183,0.097946297436051,-0.009267442969429,0.050508517197985
1403715935.334058046340942,-2.465533967305799,-2.153111733565161,1.449540415176602,0.342726363061588,0.628297240816007,-0.579767763685649,0.389423365293494,-0.171591025799364,1.877825209422634,-0.263245744583102,-0.170545374688526,1.907620847374617,-0.245284588729737,-0.001045651110838,-0.029795637951983,-0.017961155853366,-0.008527260602189,0.095380951406280,-0.012264217740406,0.044947033465005
1403715935.384057998657227,-2.473904052205349,-2.060936447711586,1.435073147880608,0.333112151267684,0.635614570746649,-0.585850292830860,0.376576481637348,-0.162328203142040,1.811777262723061,-0.299357582816862,-0.167401857637858,1.843507475177225,-0.289345621861373,0.005073654495817,-0.031730212454165,-0.010011960955489,-0.008370084899550,0.092175285853575,-0.014467267295994,0.037310913127556
1403715935.434057950973511,-2.481942789680583,-1.973331938131330,1.418638759752467,0.324655646649338,0.642332922720122,-0.590837476676588,0.364579488785324,-0.155991549960899,1.718257859115703,-0.354828649992890,-0.160774902831562,1.752091862530138,-0.328688076024197,0.004783352870663,-0.033834003414435,-0.026140573968693,-0.008038737475233,0.087604509580256,-0.016434388128141,0.033790848118031
1403715935.484057903289795,-2.491564565991512,-1.890680207976773,1.400943001714803,0.317388676802868,0.647395938868009,-0.595108043969553,0.354949774161452,-0.145956169398562,1.597332690345534,-0.386433249729375,-0.192435709739582,1.653036179549281,-0.353915498273396,0.046479540341020,-0.055703489203747,-0.032517751455978,-0.009621776310929,0.082651730154557,-0.017695758037664,0.027525633277051
1403715935.534058094024658,-2.501044608520022,-1.814991038715176,1.379581707616238,0.311778044896200,0.651836562210548,-0.598156141115419,0.346572903920876,-0.136356654725571,1.464991972046785,-0.435236937835458,-0.189600127303104,1.513777610628643,-0.427224252240118,0.053243472577533,-0.048785638581858,-0.008012685595340,-0.009480042528510,0.075689169261598,-0.021361294098565,0.022861548505776
1403715935.584058046340942,-2.508629975801553,-1.746088303939834,1.357030949307226,0.307621987120343,0.655453415946250,-0.600192528087718,0.339880069719007,-0.120532090559388,1.325125362883901,-0.447046913089577,-0.151707490310169,1.378056009723457,-0.451015596302215,0.031175399750781,-0.052930646839556,0.003968683212637,-0.007585367281532,0.068902734775342,-0.022550758309011,0.017809646006723
1403715935.634057998657227,-2.514502133713740,-1.685828745224986,1.332981168800845,0.302315466455038,0.658477678220181,-0.603042137182832,0.333695500134172,-0.103735861998044,1.169825773077565,-0.445127644699147,-0.117443270246361,1.205192323657917,-0.480996068841227,0.013707408248318,-0.035366550580352,0.035868424142080,-0.005872157912187,0.060259558714848,-0.024049780506382,0.018294816782451
1403715935.684057950973511,-2.519253088724362,-1.632336164695476,1.310079669260060,0.297118126104465,0.661562867598789,-0.605670686077982,0.327442226019286,-0.086788577789533,0.998577038531889,-0.422524954545915,-0.095019190829814,1.069852630881188,-0.458030427627560,0.008230613040282,-0.071275592349298,0.035505473081645,-0.004750955010623,0.053492580529511,-0.022901499540785,0.018170747311311
1403715935.734057903289795,-2.519470024840018,-1.594229407863146,1.286453996654746,0.291899620647383,0.665230143452640,-0.607988167921525,0.320333974744050,-0.054532007482671,0.819422230821943,-0.419323702389693,-0.004338726450845,0.762135863475983,-0.472513902730642,-0.050193281031826,0.057286367345960,0.053190200340949,-0.000216936115656,0.038106756832329,-0.023625672605313,0.019655070286674
1403715935.784058094024658,-2.520118728879950,-1.562621337308157,1.266903406970265,0.286391292712876,0.667906443165602,-0.610966745873753,0.314007398117560,-0.028172903500050,0.623281773430153,-0.405910277538888,-0.012974031306641,0.632158999604583,-0.391010302103694,-0.015198872193409,-0.008877226174429,-0.014899975435194,-0.000648704039932,0.031608070554989,-0.019550589684481,0.018590575819832
1403715935.834058046340942,-2.521386848713050,-1.538151155924744,1.246528415417047,0.282637407944176,0.670702700464063,-0.612742228768197,0.307930096458584,0.003778163020932,0.416602234554930,-0.356921078785338,-0.025362420849479,0.489404094400379,-0.407500219686851,0.029140583870411,-0.072801859845448,0.050579140901513,-0.001268119833099,0.024470181383413,-0.020374991553218,0.015747629789823
1403715935.884057998657227,-2.520793343200687,-1.528104357247621,1.229496734482217,0.279830426363148,0.672541024470297,-0.614311734879757,0.303322592753797,0.023629964856501,0.204013898694102,-0.316322465310060,0.011870121567489,0.200936165170109,-0.340633943550445,0.011759843289012,0.003077733523993,0.024311478240385,0.000593505512363,0.010046798677122,-0.017031680934830,0.011823894852414
1403715935.934057950973511,-2.515627838282711,-1.530156553418031,1.215555038451554,0.280417434255406,0.672265467972244,-0.614921714616608,0.302153087077802,0.056047251149020,-0.022380070118016,-0.271497897859800,0.103310196883805,-0.041043962550757,-0.278834186530268,-0.047262945734785,0.018663892432740,0.007336288670469,0.005165504917976,-0.002052196170409,-0.013941696030663,0.002939611432327
1403715935.984057903289795,-2.511058069896489,-1.544422698151541,1.205513703241669,0.286634141899323,0.669355257706057,-0.612504773627121,0.307639903073196,0.088369594935727,-0.249646025874504,-0.201390982398333,0.091395454885934,-0.285323166775575,-0.200826895721138,-0.003025859950207,0.035677140901071,-0.000564086677195,0.004569768386222,-0.014266144733510,-0.010041335209884,0.018227902370388
1403715936.034058094024658,-2.505316170356745,-1.580196176628897,1.203186603683473,0.299556268380752,0.662639988273538,-0.607061546776096,0.320391270855586,0.114754535366958,-0.454099255933839,-0.139213324463432,0.114837552724373,-0.715466840257739,-0.046541813620993,-0.000083017357415,0.261367584323900,-0.092671510842439,0.005741899539744,-0.035773478477357,-0.002327099558196,0.040215216903881
1403715936.084058046340942,-2.498158564244062,-1.615192754560655,1.201383281242890,0.317483767902301,0.652682419970400,-0.598847704032939,0.338513135867161,0.134890613723496,-0.615985151523624,-0.096522385190282,0.143152258774302,-0.699932226142535,-0.036066483207350,-0.008261645050805,0.083947074618910,-0.060455901982932,0.007157606112683,-0.034996577931757,-0.001803322440584,0.057147988960959
1403715936.134057998657227,-2.490018899298832,-1.657714597071472,1.201053414552814,0.338974735373752,0.641515762265121,-0.587337110190124,0.358592769778212,0.153678423014417,-0.735477150242965,-0.069312613826654,0.162793454156525,-0.850437661256894,-0.006597340093228,-0.009115031142108,0.114960511013928,-0.062715273733426,0.008139664945229,-0.042521842510817,-0.000329866690076,0.067002876464659
1403715936.184057950973511,-2.479474726757187,-1.707864980093643,1.203073826163668,0.360038882817798,0.628723618070809,-0.575735791036361,0.378955028808167,0.167864858684845,-0.818634701203999,-0.058629588879299,0.210883651947229,-1.003008616986986,0.040408270753410,-0.043018793262383,0.184373915782988,-0.099037859632708,0.010544172541645,-0.050150383022171,0.002020411610854,0.068019436750267
1403715936.234057903289795,-2.469735875857598,-1.753148612350588,1.201974481885281,0.381132135033709,0.615135825679762,-0.563186631090762,0.398957429020394,0.193304357978899,-0.867140298752341,-0.040355546100773,0.194777203745797,-0.905673508856469,-0.021986906536090,-0.001472845766898,0.038533210104128,-0.018368639564683,0.009738850899589,-0.045283632256945,-0.001099344278387,0.068912938676403
1403715936.284058094024658,-2.458682723169267,-1.797707232064427,1.200927102580058,0.401062304920229,0.600656321137402,-0.550292583517521,0.418973846409734,0.211680608052435,-0.872776645842628,-0.058230399990291,0.221062210481216,-0.891168994736853,-0.020947506196062,-0.009381602428781,0.018392348894225,-0.037282893794230,0.011053152688331,-0.044558619713839,-0.001047379305223,0.068524330946347
1403715936.334058046340942,-2.446751365545470,-1.841222507581878,1.198446083511840,0.416376028063027,0.587138212657896,-0.540418337425346,0.435715208669348,0.215615800531076,-0.846555429829526,-0.083779107526733,0.238627380048733,-0.870306340337825,-0.049620428686099,-0.023011579517658,0.023750910508299,-0.034158678840634,0.011931357623796,-0.043515275517451,-0.002481019068219,0.056394183990137
1403715936.384057998657227,-2.434752592536249,-1.883080499010819,1.193790641172386,0.427251887985943,0.574038239608500,-0.533091416779605,0.451386159552478,0.227611854118481,-0.795584936370588,-0.112472464049133,0.239975689043076,-0.837160626957395,-0.093108935584663,-0.012363834924595,0.041575690586807,-0.019363528464470,0.011998773009221,-0.041857991428940,-0.004655442339453,0.048546267348532
1403715936.434057950973511,-2.422330363846993,-1.921609143801486,1.187310315597262,0.435746546247368,0.564619496646692,-0.527517842688600,0.461578484209449,0.229891539317344,-0.715981188129495,-0.149538821093966,0.248444810720562,-0.770573630689633,-0.129606635105013,-0.018553271403218,0.054592442560139,-0.019932185988954,0.012422228689256,-0.038528644790668,-0.006480325575125,0.034399269804522
1403715936.484057903289795,-2.409979527515677,-1.956144500449383,1.180027475676135,0.440955438920004,0.557718637086768,-0.524164637417330,0.468785297992699,0.234056928247656,-0.630120885120647,-0.158932716599420,0.247016962200040,-0.690707791668216,-0.145656937331822,-0.012960033952384,0.060586906547569,-0.013275779267598,0.012350836331315,-0.034535356647897,-0.007282839921127,0.023489415625726
1403715936.534058094024658,-2.397819548595065,-1.985561572529873,1.171989357723711,0.444424735168393,0.550949758892818,-0.522030258821212,0.475841808610285,0.223306790487303,-0.535870474277578,-0.175000651313334,0.243198650683015,-0.588339197273869,-0.160761745791089,-0.019891860195713,0.052468722996292,-0.014238905522246,0.012159978920612,-0.029417072080490,-0.008038117952424,0.021185343207528
1403715936.584058046340942,-2.385994720160350,-2.009918542122101,1.164081957743335,0.446337992738240,0.544780498850280,-0.520991692507575,0.482249168634775,0.214925349112182,-0.429107889431696,-0.157738450278625,0.236496794235216,-0.487139856417336,-0.158148150429332,-0.021571445123035,0.058031966985641,0.000409700150707,0.011824828434715,-0.024356969592228,-0.007907399980375,0.018314343277926
1403715936.634057998657227,-2.374670062791543,-2.028889697134650,1.156623614079356,0.447133771607178,0.539167225255041,-0.520380237725451,0.488440888628217,0.207269158733801,-0.323249110159172,-0.154487158856319,0.226493363377045,-0.379423462097384,-0.149167015536350,-0.019224204643244,0.056174351938212,-0.005320143319969,0.011324657368807,-0.018971155012549,-0.007458343663980,0.016834939411220
1403715936.684057950973511,-2.363931394863328,-2.041800055343189,1.149713596661207,0.447013294258976,0.534306155735871,-0.520634823281659,0.493594395718762,0.187934508718066,-0.205317987093679,-0.134747837407044,0.214773563388329,-0.258207410416565,-0.138200480161226,-0.026839054670263,0.052889423322886,0.003452642754183,0.010738667928215,-0.012910358208539,-0.006910017418149,0.014180010066702
1403715936.734057903289795,-2.354167167667315,-2.048769964683868,1.142802554760357,0.446410963103361,0.534205081548131,-0.521979944767662,0.492827677925696,0.176957012266277,-0.085311364650686,-0.146498947112800,0.195284730158287,-0.139398319754177,-0.138220969834785,-0.018327717892010,0.054086955103491,-0.008277977278015,0.009764227196013,-0.006969909340679,-0.006911041900850,0.003328800046677
1403715936.784058094024658,-2.346785821772039,-2.049355965394157,1.136146985509685,0.443060863964365,0.538135851863368,-0.525591747238574,0.487709125398675,0.155706847766319,0.032945247112044,-0.152164772179660,0.147626354755678,-0.011719969497643,-0.133110877235741,0.008080493010641,0.044665216609687,-0.019053894943919,0.007381345895277,-0.000586000710289,-0.006655569250672,0.016238125345436
1403715936.834058046340942,-2.339589562008197,-2.045583713591574,1.128614572709316,0.439997386630655,0.544407275249079,-0.529462351424316,0.479262596953175,0.143288930616829,0.110559687574481,-0.145340350481617,0.143925332534741,0.075445108001729,-0.150648399676891,-0.000636401917912,0.035114579572752,0.005308049195274,0.007196259763842,0.003772251802583,-0.007532412800369,0.023241564826982
1403715936.884057998657227,-2.333023946350629,-2.037759239390274,1.121279336676573,0.436951100784763,0.549766070358343,-0.533019841006893,0.471933101719636,0.129460392225279,0.200222762707509,-0.141962836431507,0.131312438380655,0.156489633266150,-0.146704860563504,-0.001852046155376,0.043733129441359,0.004742024131997,0.006565615657568,0.007824474201300,-0.007335236032742,0.020432785695793
1403715936.934057950973511,-2.327067764713443,-2.026260268045530,1.113726646364887,0.432695205680846,0.554452463273465,-0.537090937469380,0.465715202499404,0.123483926975996,0.263157721736924,-0.136453693165586,0.119123746348978,0.229979646220548,-0.151053950290002,0.004360180627018,0.033178075516376,0.014600257124417,0.005956181637186,0.011498971344743,-0.007552690311686,0.019525550013813
1403715936.984057903289795,-2.321692976108992,-2.010906722513038,1.106151897487470,0.428167253707873,0.558806999318837,-0.539745208019848,0.461608763764453,0.117103352136774,0.325467440584364,-0.147706206524728,0.107495874605063,0.307071203495765,-0.151495122025341,0.009607477531711,0.018396237088599,0.003788915500614,0.005374788604450,0.015353545532492,-0.007574748877417,0.015921389280122
1403715937.034058094024658,-2.316753275351053,-1.992781963254512,1.098753470561287,0.422964127239370,0.564285113632057,-0.541212657264991,0.458009298178610,0.114067073318373,0.379180504503019,-0.149655860514082,0.098793638290968,0.362493802366405,-0.147967974070645,0.015273435027405,0.016686702136614,-0.001687886443437,0.004939700757939,0.018124759258526,-0.007398426926184,0.016993205180351
1403715937.084058046340942,-2.311939244256919,-1.971872296011089,1.090628250976303,0.415950899788702,0.571388670907226,-0.542462077242420,0.454130741612678,0.105658447474353,0.424969697764826,-0.175651669523274,0.096280713703124,0.418193743689098,-0.162504546676082,0.009377733771228,0.006775954075729,-0.013147122847192,0.004814031094134,0.020909667243423,-0.008125219584983,0.021563975769181
1403715937.134057998657227,-2.307364011069511,-1.948790282882799,1.081900369521865,0.406253001981893,0.579962582242481,-0.543962670995418,0.450229401686367,0.110738832756975,0.455290958766289,-0.158302353263289,0.091504751013883,0.461640702820674,-0.174557795560043,0.019234081743092,-0.006349744054385,0.016255442296753,0.004575233187408,0.023082013128290,-0.008727881454438,0.027205607177374
1403715937.184057950973511,-2.302715357588800,-1.923962068774953,1.073095945771816,0.397622828314730,0.588325079927742,-0.542798450900728,0.448485817424342,0.104526235564446,0.482970016669355,-0.173243290806748,0.092973158280330,0.496564755717973,-0.176088642932202,0.011553077284116,-0.013594739048618,0.002845352125454,0.004648653480711,0.024828214107846,-0.008804423750049,0.024397426494876
1403715937.234057903289795,-2.297948873527027,-1.898021527842439,1.063571826708495,0.389824068114938,0.597050540132474,-0.539943939773398,0.447245335747420,0.112725806464246,0.500382351749718,-0.205487666371127,0.095329772149014,0.518811313427317,-0.190482562924758,0.017396034315232,-0.018428961677599,-0.015005103446369,0.004766484061773,0.025940540932515,-0.009524119063322,0.024219259857671
1403715937.284058094024658,-2.293148906215789,-1.871389925182374,1.051522209107835,0.380870855635232,0.605624601877363,-0.535887119904277,0.448309299088555,0.111879404465774,0.513071897566177,-0.248919105245233,0.095998980017731,0.532630021379010,-0.240991432703835,0.015880424448043,-0.019558123812833,-0.007927672541399,0.004799967311239,0.026631602660065,-0.012049617600660,0.026173788285173
1403715937.384057998657227,-2.283018030208096,-1.817539327472870,1.020925503817587,0.368313940105881,0.622484613398984,-0.520867318122897,0.453381720536526,0.110441729477843,0.528434690022952,-0.343171528235836,0.101308856692578,0.538506490654850,-0.305967344695674,0.009132872785265,-0.010071800631898,-0.037204183540162,0.010130876007692,0.053850597709504,-0.030596705290248,0.052661184016642
1403715937.434057950973511,-2.278574272804773,-1.788952556127099,1.000973012810060,0.361674255461334,0.630240958013478,-0.512699957699869,0.457303860855445,0.103625069936856,0.534260951383251,-0.411893104414649,0.088875232824485,0.571735972165320,-0.399050200714482,0.014749837112370,-0.037475020782068,-0.012842903700167,0.004443757403323,0.028586771345770,-0.019952491007528,0.027301146378357
1403715937.484057903289795,-2.274352159016544,-1.760456417810083,0.978282959834823,0.353950603416379,0.639055321384719,-0.506144126059785,0.458416175768518,0.098527534699144,0.543327164207373,-0.487359419311085,0.084442356295087,0.569923309861555,-0.453801492283556,0.014085178404057,-0.026596145654181,-0.033557927027529,0.004222113788229,0.028496138317017,-0.022690052975236,0.026949339338865
1403715937.534058094024658,-2.269843781685072,-1.731965360386357,0.951287736849235,0.342179847551674,0.648925402656771,-0.503683813714366,0.456192272532550,0.084915757546044,0.535127899356457,-0.562595258064638,0.090167202668872,0.569818974787636,-0.539902400147559,-0.005251445122828,-0.034691075431179,-0.022692857917079,0.004508377331473,0.028491057423726,-0.026995222985588,0.031430759667557
1403715937.584058046340942,-2.265478262395739,-1.704720764166312,0.921985541772522,0.330363155920869,0.660965799330929,-0.501824631576348,0.449618100690011,0.096718899733241,0.511883706328416,-0.585203497618632,0.087310469052408,0.544892444050814,-0.586044460429796,0.009408430680833,-0.033008737722398,0.000840962811164,0.004365519289333,0.027244596220044,-0.029302195076712,0.036402790708264
1403715937.634057998657227,-2.262233704209472,-1.679683240851564,0.893214598399875,0.318317967834182,0.672947292017866,-0.499249906875480,0.443356678087252,0.100875543876287,0.473549663538713,-0.573324887790323,0.064891225610435,0.500750943848282,-0.575419416215660,0.035984318265851,-0.027201280309569,0.002094528425337,0.003244558186267,0.025037523314748,-0.028770943372647,0.036577953288093
1403715937.684057950973511,-2.257417157112811,-1.655972806250553,0.863713021257181,0.307116687986626,0.683458533764090,-0.496186778563380,0.438591442420004,0.100022965579925,0.433397921035934,-0.577546989877671,0.096331033801658,0.474209144261307,-0.590032105552351,0.003691931778267,-0.040811223225373,0.012485115674680,0.004816547096661,0.023710434601011,-0.029501577142694,0.032744531565069
1403715937.734057903289795,-2.251740871033681,-1.634689093901740,0.835105903950203,0.298091082374609,0.692700060313177,-0.492031461031696,0.434986637042876,0.115075325008927,0.386104103798319,-0.560962168659628,0.113525829849258,0.425674652931239,-0.572142891777547,0.001549495159668,-0.039570549132920,0.011180723117919,0.005676286079130,0.021283712348813,-0.028607117306978,0.028080733153617
1403715937.784058094024658,-2.244981282950370,-1.616062679867187,0.806948346122501,0.289432285930778,0.700236322723490,-0.487496784850098,0.433872019102852,0.137655089968136,0.319209384318415,-0.536321091072643,0.135191245952546,0.372526859613865,-0.563149008311054,0.002463844015590,-0.053317475295450,0.026827917238411,0.006759588083311,0.018626414034553,-0.028157557827702,0.024785288676482
1403715937.834058046340942,-2.236895721128626,-1.600952044867365,0.779614284889423,0.282554372545989,0.707879253072579,-0.481465819326342,0.432736241196602,0.155750683235877,0.248097871903427,-0.517208056970828,0.161711390654874,0.302212988209205,-0.546681746017899,-0.005960707418997,-0.054115116305778,0.029473689047070,0.008085561821744,0.015110634999822,-0.027334061233078,0.023948638933996
1403715937.884057998657227,-2.228143539247775,-1.588123448759423,0.752703999074477,0.275097291444713,0.713944993877184,-0.475924858183058,0.433704456192147,0.182962603467536,0.184398220150253,-0.507326653175473,0.175043804551812,0.256572166845125,-0.538206229572388,0.007918798915724,-0.072173946694872,0.030879576396915,0.008752181880852,0.012828596107942,-0.026910285814946,0.022274850655334
1403715937.934057950973511,-2.217894520470634,-1.579520914596755,0.726926849697508,0.269332094523884,0.720573768245005,-0.468737355443733,0.434187700180679,0.212564874916140,0.115219267124921,-0.499331449894227,0.204980571027520,0.172050847333827,-0.515543479199941,0.007584303888620,-0.056831580208906,0.016212029305714,0.010249018777141,0.008602534162668,-0.025777149376968,0.022722082110083
1403715937.984057903289795,-2.205578703517983,-1.571458226900715,0.699733980565147,0.263647440096805,0.727502592376711,-0.460647586045477,0.434780182260002,0.246673201831166,0.048500053279919,-0.467337282894422,0.246316573958818,0.161253907704517,-0.543857901310547,0.000356627872348,-0.112753854424598,0.076520618416125,0.012315816952651,0.008062687696040,-0.027192869132362,0.024176110771310
1403715938.034058094024658,-2.191908142830540,-1.570336860889668,0.675346661826251,0.256900478274551,0.733682530280614,-0.452955639045438,0.436512632211580,0.286044869723636,-0.032295995914537,-0.451547976445801,0.273410170771820,0.022427234667842,-0.487744514180255,0.012634698951816,-0.054723230582378,0.036196537734454,0.013670560687443,0.001121366011048,-0.024387318738896,0.024156351651337
1403715938.084058046340942,-2.176300806840824,-1.573579681572277,0.652460503255684,0.250122468083360,0.740356756849839,-0.445024696786867,0.437336989970474,0.328120946437715,-0.120564034849564,-0.410660900770201,0.312147017480909,-0.064856475504143,-0.457723607930573,0.015973928956807,-0.055707559345421,0.047062707160372,0.015607335989716,-0.003242820682609,-0.022886158570566,0.024824835253748
1403715938.134057998657227,-2.158671233306166,-1.581239235496395,0.632980747160968,0.243882056244501,0.747027531168012,-0.436028017188399,0.438578360781438,0.375261543032202,-0.208344375038860,-0.344230929994255,0.352591806950908,-0.153191224576896,-0.389595493441544,0.022669736081294,-0.055153150461964,0.045364563447289,0.017629573534658,-0.007659553924118,-0.019479756094716,0.025762415218316
1403715938.184057950973511,-2.138765619159881,-1.593152109147194,0.617259025064273,0.236874464636526,0.753969661716469,-0.426751764564699,0.439662562262503,0.426156075927385,-0.292848728197757,-0.262280393409865,0.398112662595539,-0.238257700236237,-0.314434741802246,0.028043413331846,-0.054591027961520,0.052154348392381,0.019905614146286,-0.011912873650799,-0.015721722096695,0.027168121744251
1403715938.234057903289795,-2.117107862822238,-1.604953169892819,0.603818646963682,0.231975225005554,0.758910700565398,-0.415868050181650,0.444179927944827,0.481420318320180,-0.384326882909216,-0.143422821136832,0.433155539842164,-0.236021440000084,-0.268807818366916,0.048264778478016,-0.148305442909132,0.125384997230083,0.021657756337643,-0.011801060745625,-0.013440378100590,0.027370141993226
1403715938.284058094024658,-2.092287958233415,-1.625666644210348,0.597803049208030,0.231590084376065,0.762873801246394,-0.400893848382834,0.451302247412269,0.528315952189994,-0.457168231403644,-0.052638009706710,0.496396198175247,-0.414267906043927,-0.120311496161119,0.031919754014748,-0.042900325359717,0.067673486454409,0.024819904588823,-0.020713474317529,-0.006015597755653,0.034106638777018
1403715938.334058046340942,-2.064767239132104,-1.648921494255629,0.596255815287907,0.235137028071786,0.764542853257727,-0.382992136396876,0.462062579117006,0.576701836012752,-0.523130102020836,0.052852564601634,0.550414906942770,-0.465097444457102,-0.030944707913627,0.026286929069983,-0.058032657563734,0.083797272515261,0.027520719101310,-0.023254850045281,-0.001547233920123,0.042503626789153
1403715938.384057998657227,-2.034674859097827,-1.672042049509410,0.595429390209864,0.238784161727024,0.765923034844208,-0.364476219519283,0.472759044554721,0.627484616776304,-0.549645917295283,0.113851340162695,0.601848174652681,-0.462411546065644,-0.016528517323673,0.025636442123623,-0.087234371229639,0.130379857486368,0.030092380034277,-0.023120555253781,-0.000826425078043,0.043473147505162
1403715938.434057950973511,-2.002802067263413,-1.697466965197426,0.598609410211452,0.237996667236060,0.766054481976207,-0.349144013899088,0.484372351179468,0.660012319027271,-0.562905732238619,0.143179640088853,0.637456444614118,-0.508498798702564,0.063600460685875,0.022555874413153,-0.054406933536055,0.079579179402978,0.031872791834414,-0.025424915688016,0.003180020001587,0.038501651431143
1403715938.484057903289795,-1.968637495582745,-1.725570939636331,0.605021058722179,0.236245906574410,0.765355519004016,-0.334066662604619,0.496808077725333,0.693390839877481,-0.565124188231373,0.136158500071370,0.683292085251477,-0.562080024819372,0.128233092507146,0.010098754626004,-0.003044163412001,0.007925407564224,0.034164571680668,-0.028103974438904,0.006411648510727,0.039270340742312
1403715938.534058094024658,-1.932873986163196,-1.753756126682550,0.610532733458200,0.231534906541334,0.765140193672924,-0.321881001129907,0.507291525841566,0.713610766736460,-0.562358526952295,0.108452567861203,0.715267459862165,-0.563701590573465,0.110233074214620,-0.001656693125705,0.001343063621170,-0.001780506353416,0.035763509419549,-0.028185187046219,0.005511674736021,0.033504595472279
1403715938.584058046340942,-1.896394664049882,-1.781449779870270,0.613734752021113,0.226341985177500,0.765185973885405,-0.311617580367474,0.515901361425684,0.718805894395618,-0.555890621675385,0.076861608767787,0.729587138054790,-0.553873591969417,0.064040432331972,-0.010781243659172,-0.002017029705969,0.012821176435815,0.036479322113314,-0.027693653187720,0.003202018562913,0.028735981211994
1403715938.634057998657227,-1.859503552793753,-1.809418294616849,0.616638764420702,0.221334053904800,0.766168322069683,-0.303811031633542,0.521244852153724,0.732007694323278,-0.553817643651141,0.058990164918656,0.737822928765357,-0.559370828389184,0.058080303381477,-0.005815234442079,0.005553184738043,0.000909861537180,0.036891111256129,-0.027968514746580,0.002904012399589,0.021497961982275
1403715938.684057950973511,-1.821781579336805,-1.837817643781525,0.618743647477946,0.215417730224526,0.768504109720492,-0.298404935838985,0.523403409536620,0.747203482566485,-0.564964557710202,0.050145789565576,0.754440188629197,-0.567987524968637,0.042097701292372,-0.007236706062712,0.003022967258435,0.008048088273204,0.037721973456948,-0.028399349164676,0.002104883057244,0.017244650433746
1403715938.734057903289795,-1.783765180006918,-1.866159083128310,0.619151042583408,0.209105119370737,0.773390086883241,-0.295760076816630,0.520258396880919,0.743366252418570,-0.555377760859796,0.027648214962238,0.760328711703700,-0.566829327506274,0.008147909879700,-0.016962459285129,0.011451566646478,0.019500305082538,0.038016399329887,-0.028341439346785,0.000407395105462,0.017956475596081
1403715938.784058094024658,-1.745139453759079,-1.894166660555999,0.619384835624967,0.203143420535142,0.780134015339106,-0.294306895380787,0.513329446004696,0.767946842732382,-0.568037424104286,0.007769550960479,0.772511578058973,-0.560149411753353,0.004675842994250,-0.004564735326591,-0.007888012350934,0.003093707966229,0.038625726247839,-0.028007577427689,0.000233793041559,0.022903794779091
1403715938.834058046340942,-1.705232523068362,-1.923319758375435,0.618630752750259,0.196358240923672,0.787661724532538,-0.294531134157480,0.504265664049911,0.796227233969297,-0.582339860814329,0.003478764365550,0.798139374979366,-0.583062512440460,-0.015081671877172,-0.001912141010069,0.000722651626131,0.018560436242723,0.039906930690717,-0.029153097819436,-0.000754082874708,0.027196348557543
1403715938.884057998657227,-1.664560135851518,-1.953417905919554,0.617354020208817,0.189760876337325,0.794761909131765,-0.295295516752321,0.495121071447078,0.821985969518873,-0.599254960933685,-0.022201092882305,0.813448520101836,-0.601963524959517,-0.025534675180591,0.008537449417037,0.002708564025832,0.003333582298286,0.040672387216844,-0.030098147544118,-0.001276732541441,0.026694444378638
1403715938.934057950973511,-1.622544836662371,-1.984838448908841,0.616402009228523,0.184316844206282,0.801008482975467,-0.295678231382479,0.486813203014984,0.862514460921493,-0.631780625549359,-0.017970904586048,0.840306785161946,-0.628411459085610,-0.019040237764080,0.022207675759547,-0.003369166463749,0.001069333178033,0.042015299189147,-0.031420542989287,-0.000952010980295,0.023479855365190
1403715938.984057903289795,-1.577706081497334,-2.018708938818724,0.614863006029334,0.178756716109205,0.806438696155583,-0.296545604321595,0.479336385376988,0.907721014633181,-0.673693987085366,-0.040691513776449,0.896775958532928,-0.677410444226615,-0.030780093337949,0.010945056100253,0.003716457141249,-0.009911420438501,0.044838755165036,-0.033870489909884,-0.001539003199188,0.021638717090592
1403715939.034058094024658,-1.530415736523967,-2.053769973459460,0.611562558243542,0.174156709455068,0.810885667612502,-0.297028309139802,0.473189241405550,0.959694252989250,-0.718092160677279,-0.055390044082008,0.945803291514124,-0.701218017880262,-0.066008703912624,0.013890961475126,-0.016874142797018,0.010618659830615,0.047290344973368,-0.035061034640736,-0.003300447785792,0.017771496145611
1403715939.084058046340942,-1.479913463760737,-2.091914682615290,0.607324856977527,0.171511981333255,0.814459912283593,-0.296358914887653,0.468412302473746,1.022359517695169,-0.771103265761833,-0.054446930982061,1.010046418519929,-0.762894910669883,-0.084754106148109,0.012313099175240,-0.008208355091951,0.030307175166048,0.050502272763230,-0.038144709155830,-0.004237701266015,0.013120548826949
1403715939.134057998657227,-1.426888975672593,-2.131851404858816,0.605312696680651,0.170930042664732,0.814643515767547,-0.294561498029543,0.469438373603090,1.095027475014895,-0.827445070863686,-0.017742842785249,1.060490773125686,-0.798735206603769,-0.040243244316475,0.034536701889209,-0.028709864259917,0.022500401531227,0.053024488088144,-0.039936722243526,-0.002012160296876,0.004315504134638
1403715939.184057950973511,-1.370404500953559,-2.174446882435673,0.605108508251496,0.173983580766697,0.809499154146203,-0.290758095328122,0.479479470948801,1.167355138230093,-0.885031525916329,0.033537290923715,1.129690571737574,-0.851910363982176,-0.004083772477687,0.037664566492519,-0.033121161934153,0.037621063401402,0.056484474719035,-0.042595477576857,-0.000204188429155,0.024582917770952
1403715939.234057903289795,-1.310581065307365,-2.219263354698413,0.606084213660714,0.179861183656686,0.799775103403667,-0.285312452786825,0.496594948498306,1.219159224120012,-0.915807304575840,0.040861473689466,1.196469853966445,-0.896330300061986,0.019514126794486,0.022689370153567,-0.019477004513854,0.021347346894980,0.059823435646194,-0.044816472262740,0.000975705409218,0.042507174764880
1403715939.284058094024658,-1.249418305763644,-2.265350085558368,0.608380218308120,0.186251204478670,0.788468669082584,-0.279236933903943,0.515416706606711,1.246669579721865,-0.933136032039903,0.049303934196462,1.223250524543979,-0.921731101073990,0.045919917777539,0.023419055177885,-0.011404930965912,0.003384016418923,0.061162759543721,-0.046086730859955,0.002296004647406,0.047322909942038
1403715939.334058046340942,-1.187640362156455,-2.311656978411169,0.611013053478165,0.192608828347582,0.776158070430809,-0.273690795147780,0.534391090493723,1.258659121987500,-0.936348790020907,0.032350556682722,1.235560050465680,-0.926138740290741,0.052656753618278,0.023099071521820,-0.010210049730166,-0.020306196935555,0.061777943607190,-0.046306892852801,0.002632835170044,0.048281898144354
1403715939.384057998657227,-1.124289542238839,-2.357720698958077,0.613389668725476,0.198852031881290,0.762722779189714,-0.268489318474606,0.553737588923528,1.252586601624369,-0.921713429931970,0.035140022491825,1.267017606674466,-0.921275289534753,0.047532350276613,-0.014431005050098,-0.000438140397217,-0.012392327784789,0.063350819917616,-0.046063720546909,0.002376615247312,0.049834089684815
1403715939.434057950973511,-1.062743782516335,-2.403316513649049,0.614839141650491,0.205009264880029,0.750303908161560,-0.263690193914208,0.570510936217989,1.223123020260720,-0.890598855401152,0.015847367026106,1.230916368343406,-0.911917163491410,0.028989486146834,-0.007793348082685,0.021318308090258,-0.013142119120729,0.061545759722504,-0.045595814690972,0.001449472925015,0.044566229243553
1403715939.484057903289795,-1.002994437526676,-2.446805086261592,0.614637618638462,0.210408970291246,0.738717941218724,-0.259284163885199,0.585487481421166,1.179737500973760,-0.848628054307313,0.008691774312502,1.194988039422579,-0.869772281730340,-0.004030464084331,-0.015250538448819,0.021144227423026,0.012722238396833,0.059749344989659,-0.043488572612543,-0.000201523012029,0.040354195176385
1403715939.534058094024658,-0.945412097136222,-2.488455523724651,0.615278344859253,0.216534592961959,0.727954449072630,-0.254895171134743,0.598517787420185,1.124887555603852,-0.795145868623077,0.009355166168907,1.151642414641900,-0.833005571597110,0.012814475532465,-0.026754859038048,0.037859702974033,-0.003459309363558,0.057582340390454,-0.041650437463059,0.000640726220790,0.037010156440622
1403715939.584058046340942,-0.889971129951192,-2.526498648904351,0.616109669125768,0.221889611384121,0.717400618407192,-0.251485844991801,0.610619540170098,1.052425314046305,-0.720392075886360,0.042090570957608,1.108820401154151,-0.760863229209720,0.016626501186572,-0.056395087107846,0.040471153323360,0.025464069771037,0.055440967185031,-0.038043125179700,0.000831324266515,0.034533629739339
1403715939.634057998657227,-0.839585332788152,-2.560712282776980,0.619924602480699,0.228688530894476,0.703582647384475,-0.246753437819166,0.625927915227627,0.964918100282063,-0.632025281684634,0.092113409360875,1.007716904294517,-0.684273330026478,0.076298739862768,-0.042798804012455,0.052248048341844,0.015814669498106,0.050385797163039,-0.034213633872629,0.003814933354931,0.044448801287912
1403715939.684057950973511,-0.794462623481544,-2.590195035979143,0.625669603468637,0.234948606129065,0.689134867120048,-0.242424800120055,0.641188352735915,0.844010727782290,-0.529133065652290,0.130921247731742,0.902455046780360,-0.589655626382697,0.114900129336066,-0.058444318998070,0.060522560730407,0.016021118395677,0.045122709306608,-0.029482753202164,0.005745000987938,0.044701935108075
1403715939.734057903289795,-0.755582223650126,-2.613367752762174,0.630790261726343,0.240826010117196,0.676246618982252,-0.238874419503100,0.653936047999468,0.712013952055445,-0.405846608472906,0.151385345475891,0.777608738213842,-0.463454777645527,0.102413262823019,-0.065594786158397,0.057608169172621,0.048972082652872,0.038880399831418,-0.023172716783030,0.005120658257706,0.038769654196600
1403715939.784058094024658,-0.722772910245767,-2.631525685021212,0.639963180336151,0.244990886607437,0.665811177942504,-0.236771094257983,0.663787910201741,0.580442808404233,-0.283530890772598,0.198055479960850,0.656183764944766,-0.363157259845762,0.183457672360665,-0.075740956540533,0.079626369073164,0.014597807600185,0.032809313404359,-0.018157932259038,0.009172918609807,0.030181591316920
1403715939.834058046340942,-0.697503431699388,-2.643018197559880,0.651103936687243,0.249300836692662,0.657580902618593,-0.234985089892475,0.670983201625704,0.429135834410288,-0.143800935443310,0.244027276132592,0.505390052905110,-0.229850469975841,0.222815339515111,-0.076254218494822,0.086049534532531,0.021211936617480,0.025269478546380,-0.011492512538668,0.011140756351092,0.023771983103364
1403715939.884057998657227,-0.678166933413085,-2.647956533647587,0.664051586429396,0.252516985154953,0.651758636258050,-0.233893615621243,0.675825146648838,0.266135823042564,0.012393504099136,0.306218956584246,0.386730334540843,-0.098766815945518,0.258953241800109,-0.120594511498280,0.111160320044653,0.047265714784136,0.019336498286303,-0.004938336087707,0.012947649742153,0.016598619165428
1403715939.934057950973511,-0.665822471734565,-2.643660285534785,0.679013416526766,0.254526318931410,0.650324602461074,-0.234251663215601,0.676328635121859,0.103304441011207,0.172640380234623,0.339540383396465,0.246889469022543,0.085925044200547,0.299236887321940,-0.143585028011337,0.086715336034077,0.040303496074526,0.012344461678520,0.004296248112802,0.014961830097370,0.005089431155984
1403715939.984057903289795,-0.662508988446350,-2.632542591176446,0.697157012371658,0.254693638800790,0.653595681266900,-0.236358507666104,0.672367824659629,-0.039839476922484,0.311526120756478,0.368084310682764,0.066269728964043,0.222354099220180,0.362872262959791,-0.106109205886527,0.089172021536299,0.005212047722974,0.003313483288215,0.011117694358339,0.018143595844892,0.011109427507046
1403715940.034058094024658,-0.665838446036605,-2.614240817473324,0.715424945742910,0.252333185346932,0.666407799476132,-0.241706695090838,0.658639872706106,-0.169342134804724,0.448204161260575,0.376157280359263,-0.066588897788617,0.366034077753229,0.365357273697658,-0.102753237016107,0.082170083507345,0.010800006661605,-0.003329457590255,0.018301773703121,0.018267933371253,0.039334176203994
1403715940.084058046340942,-0.675320951802697,-2.589651046087749,0.734213216193579,0.246788157510470,0.684007900708781,-0.249116290386805,0.639663873408895,-0.291644130009910,0.564367720964412,0.385910123045470,-0.189650296186470,0.491795896724619,0.375765767371535,-0.101993833823440,0.072571824239793,0.010144355673935,-0.009482505766093,0.024589771385575,0.018788270450669,0.054974507506367
1403715940.134057998657227,-0.691256558588570,-2.557921253540922,0.753688866135390,0.240204390024804,0.703188065665662,-0.257145835781943,0.617822316251366,-0.383273714679597,0.672376153404843,0.410990273592168,-0.318712439665311,0.634596456134876,0.389513370305118,-0.064561275014286,0.037779697269967,0.021476903287050,-0.015935606785872,0.031729792546827,0.019475649941811,0.061735811153502
1403715940.184057950973511,-0.711790301327630,-2.521643127490913,0.773911448773642,0.232797089290851,0.721215237601421,-0.264751327627203,0.596289217401143,-0.455665514925513,0.750573450526626,0.412158006408267,-0.410675246431643,0.725563212951197,0.404452038480573,-0.044990268493871,0.025010237575429,0.007705967927694,-0.020533742739060,0.036278126050010,0.020222582638253,0.060047734261736
1403715940.234057903289795,-0.734610260587162,-2.482678504807940,0.794275340210971,0.225432296280235,0.738340550570372,-0.271906259697405,0.574543729505970,-0.501586405338046,0.814051275806958,0.401265368292037,-0.456399620447231,0.779293196851362,0.407278217157341,-0.045186784890815,0.034758078955597,-0.006012848865304,-0.022819959259532,0.038964622682973,0.020363891437328,0.059047070313770
1403715940.284058094024658,-0.759284107596500,-2.441041402675506,0.814151918131857,0.216796631921181,0.754417658646483,-0.278992295993708,0.553187595202703,-0.513443921101502,0.847824107195479,0.397066575279527,-0.493475057728819,0.832738866002009,0.397530041960961,-0.019968863372683,0.015085241193470,-0.000463466681434,-0.024673847009339,0.041637102132434,0.019876577920886,0.057944911791104
1403715940.334058046340942,-0.783132210871526,-2.399166295416949,0.834146846852852,0.207518336230971,0.769936003134811,-0.285801651808985,0.531462234808813,-0.505551255482369,0.861066893788763,0.396422722710999,-0.476962520367425,0.837502943876184,0.399898955793269,-0.028588735114944,0.023563949912580,-0.003476233082270,-0.023848103275026,0.041875107258557,0.019994928720995,0.058148910341385
1403715940.384057998657227,-0.807182303044024,-2.356627965742163,0.853680814771072,0.198479704081340,0.783699257529878,-0.292220534703934,0.510909424372118,-0.490004848006260,0.855466291391594,0.381604575177883,-0.481002302169492,0.850767404850736,0.390679730945628,-0.009002545836767,0.004698886540858,-0.009075155767745,-0.024050092172498,0.042538329674786,0.019533967918220,0.054213987455741
1403715940.434057950973511,-0.829008788749676,-2.315685440335169,0.872626881430132,0.189309350442669,0.797377013594261,-0.298552397680309,0.489099513254523,-0.446802765904063,0.832716635819048,0.357218337902608,-0.436530130420626,0.818851289057318,0.378921694549072,-0.010272635483437,0.013865346761730,-0.021703356646464,-0.021826485705653,0.040942525406994,0.018946066659059,0.056106781062496
1403715940.484057903289795,-0.848481532829240,-2.276187848953342,0.890434789432296,0.180037738587749,0.809748977577080,-0.304580565577107,0.468106489027670,-0.384637187122372,0.783746027364894,0.351880940931673,-0.389455253004739,0.789952580994027,0.356158499702494,0.004818065882367,-0.006206553629133,-0.004277558770822,-0.019472744079563,0.039497591381827,0.017807908002164,0.053520720765874
1403715940.534058094024658,-0.864718950155881,-2.239035286659584,0.907411324708640,0.169067579004239,0.821156939518490,-0.311701595751416,0.447168368309180,-0.301299032517084,0.720300299861593,0.339181414381067,-0.324747107720918,0.743048411370427,0.339529410324974,0.023448075203834,-0.022748111508834,-0.000347995943907,-0.016237417326641,0.037152562293759,0.016976535276344,0.054392850832229
1403715940.584058046340942,-0.876468638512785,-2.205671330961136,0.924051298508729,0.156912043564204,0.831973338827040,-0.319672703543202,0.425450745298293,-0.205815562524351,0.632790442328126,0.327554530972413,-0.234993991245813,0.667279750336528,0.332799793384397,0.029178428721461,-0.034489308008402,-0.005245262411984,-0.011749688356904,0.033363955698448,0.016639973800089,0.056568492156966
1403715940.634057998657227,-0.883372520698171,-2.176933227606679,0.939950302479783,0.144880693156199,0.841860678989532,-0.327444272578106,0.403807417313822,-0.083211968540631,0.527355223004152,0.316987826012284,-0.138077775388956,0.574762615225478,0.317980382670809,0.054865806848325,-0.047407392221326,-0.000992556658525,-0.006903882185386,0.028738103354457,0.015899003971054,0.055547939860165
1403715940.684057950973511,-0.883391078833125,-2.155054988433657,0.956101767073199,0.132177140175924,0.849824492672750,-0.335798429972168,0.384144438586119,0.059117811811573,0.385515984063198,0.320468023221816,-0.000371163053037,0.437565200755123,0.323029599933344,0.059488974864610,-0.052049216691925,-0.002561576711528,-0.000018558134953,0.021878239173021,0.016151464593416,0.052202143288423
1403715940.734057903289795,-0.876136033229629,-2.141081465161607,0.973787084841825,0.124384223235979,0.856550827489444,-0.340102968875331,0.367667261935730,0.213619493848233,0.208817875203881,0.358416036950624,0.145101050449052,0.279470731965071,0.353706692693516,0.068518443399182,-0.070652856761190,0.004709344257109,0.007255045603495,0.013973523272051,0.017685317768626,0.039800131090030
1403715940.784058094024658,-0.861890335514242,-2.135131836536274,0.991247794180254,0.121362678387141,0.861966161146397,-0.340891947155070,0.355074805777696,0.387886125415244,0.028650217862524,0.390577918749821,0.284912867451403,0.118992118587748,0.349212854627248,0.102973257963841,-0.090341900725224,0.041365064122573,0.014245697715387,0.005949628625333,0.017460709338428,0.028117700203823
1403715940.834058046340942,-0.836911186909462,-2.139835946124333,1.011966982710443,0.121609464874634,0.864885429379713,-0.340010571677166,0.348679140826262,0.585269242190489,-0.171450567115936,0.427210088699153,0.499583448535520,-0.094082281485033,0.414384165791326,0.085685793654970,-0.077368285630903,0.012825922907826,0.024979148604781,-0.004704109588059,0.020719188530190,0.014179505497172
1403715940.884057998657227,-0.801472320526073,-2.152195832403755,1.034126228389055,0.126650026150431,0.864253761196489,-0.337349796011204,0.351027523514917,0.801595017507599,-0.368228106828243,0.482519614832081,0.708778003611145,-0.247197961334793,0.443185336226711,0.092817013896454,-0.121030145493451,0.039334278605370,0.035438866383388,-0.012359886279422,0.022159245678612,0.012393710332619
1403715940.934057950973511,-0.755920862771199,-2.176058633837714,1.059893142453030,0.134956349503444,0.859044542046349,-0.333604109537054,0.364057078778963,1.011648468436571,-0.565140789525738,0.544410040298607,0.911030023923429,-0.477256483826431,0.515338772744841,0.100618444513142,-0.087884305699306,0.029071267553765,0.045551457754875,-0.023862801433959,0.025766914063974,0.033462634664470
1403715940.984057903289795,-0.701149926152911,-2.210174551251495,1.089114896135809,0.147534276278004,0.847778827152875,-0.328349256150780,0.389475883129689,1.167948090030074,-0.717600308272783,0.595399491153913,1.095419777039459,-0.682318998985731,0.584435631016836,0.072528312990615,-0.035281309287052,0.010963860137078,0.054770936618288,-0.034115917413781,0.029221753682779,0.061933070280526
1403715941.034058094024658,-0.641027343971270,-2.250528815982164,1.117890447555044,0.162011273634853,0.832534744991238,-0.321226929730899,0.421249932003848,1.293833333516383,-0.827658445906429,0.617645110536933,1.202447056661323,-0.807082215839052,0.575508832992736,0.091386276855060,-0.020576230067377,0.042136277544197,0.060122582181641,-0.040354264730669,0.028775551419235,0.077523449815581
1403715941.084058046340942,-0.575123090822322,-2.292871421300493,1.149343833381933,0.178925690960044,0.812470900524787,-0.312326075743387,0.458616457757076,1.374882570153017,-0.899746892838991,0.648642764607948,1.318086320004030,-0.846852913988461,0.629068316464064,0.056796250148987,-0.052893978850530,0.019574448143884,0.065904253148948,-0.042342605318329,0.031453385826888,0.093048981090556
1403715941.134057998657227,-0.505748611226211,-2.338638358136430,1.181840651430565,0.194730307903548,0.787875283230990,-0.303523078961182,0.499205754970234,1.402287718789557,-0.918592467167033,0.661315817992489,1.387490915136674,-0.915339609654604,0.649936980800846,0.014796803652883,-0.003252857512430,0.011378837191643,0.069374479596111,-0.045766936835936,0.032496818048632,0.101592694133088
1403715941.184057950973511,-0.435402913764051,-2.384807569263809,1.213755893709072,0.211053432615923,0.761411378509875,-0.293009709756017,0.538381343701119,1.403276449794549,-0.919093353872469,0.630861858100520,1.406915290982171,-0.923385103156247,0.638305454305666,-0.003638841187622,0.004291749283778,-0.007443596205146,0.070345697462160,-0.046169211127379,0.031915242278507,0.102227375959885
1403715941.234057903289795,-0.366111150677082,-2.429911950297232,1.243564102344680,0.223254969929368,0.737240611464577,-0.284538507845874,0.570676210089414,1.363513408379855,-0.880134435355549,0.572816860746864,1.385836583376133,-0.902088480967072,0.596164741259157,-0.022323174996278,0.021954045611523,-0.023347880512293,0.069291763086969,-0.045104381033423,0.029808208635608,0.085979247655841
1403715941.284058094024658,-0.299287246734061,-2.472527455258742,1.271269910795510,0.230782016416190,0.715260223089489,-0.278351902917277,0.598049071822023,1.306455573649213,-0.830013632315628,0.545021335767201,1.336472980620598,-0.852306847937598,0.554114055239236,-0.030017406971385,0.022293215621970,-0.009092719472035,0.066823903943021,-0.042615504961510,0.027705808450830,0.072869428089687
1403715941.334058046340942,-0.235933360224211,-2.511991998607697,1.296595860444159,0.236087309380933,0.697645522192069,-0.273305925566477,0.618754699994173,1.224646211065794,-0.752216442137898,0.471780324676934,1.267078938577648,-0.789291619706235,0.506519476027588,-0.042432727511854,0.037075177568337,-0.034739151350655,0.063353886509850,-0.039464543348954,0.025325949648649,0.056308475542989
1403715941.384057998657227,-0.177069980960549,-2.547440455195707,1.319863258226256,0.240247176286387,0.682251231318935,-0.269198212184343,0.635882751933851,1.138545895667418,-0.666186686532842,0.439748366359863,1.177268708004155,-0.708969807886510,0.465348399432769,-0.038722812336737,0.042783121353668,-0.025600033072906,0.058863379263661,-0.035448456588011,0.023267397782098,0.047520888740880
1403715941.434057950973511,-0.123554256091521,-2.578622460322900,1.338631815137518,0.242701916887071,0.668737720913912,-0.265957526382748,0.650501525230016,1.040173300680095,-0.590907224045182,0.328512251142248,1.070315518112989,-0.623640697293979,0.375371496207384,-0.030142217432893,0.032733473248797,-0.046859245065136,0.053515724869028,-0.031182005127193,0.018768556911261,0.040638183850320
1403715941.484057903289795,-0.074033229795553,-2.606185036949885,1.352117590618874,0.243020003752648,0.659905807891004,-0.264329822380235,0.659996475360451,0.935178664514620,-0.507326776485167,0.214753626478076,0.990421470458875,-0.551252058254619,0.269715766848119,-0.055242805944255,0.043925281769452,-0.054962140370043,0.049521026295968,-0.027562576626984,0.013485775481356,0.026146494936268
1403715941.534058094024658,-0.030075496116312,-2.629558500506728,1.360011540328221,0.243318548272329,0.652306354636086,-0.262840206201830,0.667987671871126,0.821691623566566,-0.426526785195976,0.101046868561723,0.879151319888689,-0.467467487889912,0.157878391928681,-0.057459696322124,0.040940702693936,-0.056831523366958,0.043957733679241,-0.023373463556843,0.007893949709348,0.022263896901991
1403715941.584058046340942,0.008374660910316,-2.647914710442503,1.363444646372843,0.243246886994442,0.645616504454481,-0.261515242801911,0.674996339935075,0.692795019154413,-0.329868884252222,0.005991413603426,0.769003873911811,-0.367124548832758,0.068662186373799,-0.076208854757398,0.037255664580536,-0.062670772770373,0.038450157026628,-0.018356209935775,0.003433106044622,0.019558829109333
1403715941.634057998657227,0.040508084507767,-2.660433907512732,1.362911189391359,0.243030508279387,0.636932955679805,-0.259993003664742,0.683853946438738,0.546125077616807,-0.221622919370803,-0.083682183788998,0.642669084846013,-0.250384180189546,-0.010669149804581,-0.096544007229206,0.028761260818743,-0.073013033984417,0.032133423597451,-0.012519197070229,-0.000533456981484,0.024998182168911
1403715941.684057950973511,0.063051492301736,-2.666781734060021,1.367368529109331,0.242346796045297,0.627305607175129,-0.258489090437577,0.693497725863594,0.369063567369784,-0.100990677385876,-0.109938010500238,0.450868585861165,-0.126956652021073,0.089146879376527,-0.081805018491381,0.025965974635197,-0.199084889876765,0.022543407793969,-0.006347826547289,0.004457339717972,0.027453269149188
1403715941.734057903289795,0.077773313656793,-2.668014569791953,1.366241843949919,0.241618605807771,0.616922217497718,-0.256581672359910,0.703699703207411,0.180326736177519,0.033801548465089,-0.127325888838813,0.294436707897878,-0.024656738153129,-0.022533724678062,-0.114109971720358,0.058458286618218,-0.104792164160751,0.014721821355058,-0.001232835731932,-0.001126685159411,0.029398470576873
1403715941.784058094024658,0.082510147092747,-2.663228684846964,1.364233324712565,0.241970952080269,0.606637777244428,-0.253897511027402,0.713426043443466,-0.007000712538722,0.158693416837129,-0.140216908919560,0.094736307328743,0.095717333767117,-0.040170231509808,-0.101737019867465,0.062976083070012,-0.100046677409752,0.004736833435954,0.004785884944988,-0.002008519237354,0.028823870018805
1403715941.834058046340942,0.076767544712148,-2.651151945221887,1.357618748746939,0.242940569694605,0.598740365629866,-0.251472659216370,0.720590976788166,-0.218187838237845,0.301657765297459,-0.157744232350386,-0.114852157143530,0.241535022847282,-0.132291645475673,-0.103335681094315,0.060122742450176,-0.025452586874713,-0.005742602380599,0.012076739625077,-0.006614575965626,0.021956926489665
1403715941.884057998657227,0.061631835176234,-2.631748536518572,1.354354038277680,0.243287566749016,0.594774560375862,-0.249793013917533,0.724332680743481,-0.437740507848686,0.452690114055766,-0.184164575100504,-0.302714479409314,0.388068544157309,-0.065294271654653,-0.135026028439373,0.064621569898458,-0.118870303445851,-0.015135709535914,0.019403408703315,-0.003264710469259,0.011431476550142
1403715941.934057950973511,0.038515968525076,-2.609604066766452,1.345809835325719,0.245867337488168,0.597816363668618,-0.248972069305984,0.721233496443424,-0.644874899228315,0.588876014817491,-0.236255561024948,-0.462317773923754,0.442889817415040,-0.170884222007107,-0.182557125304561,0.145986197402450,-0.065371339017841,-0.023115866651158,0.022144469752120,-0.008544202951961,0.010234595226836
1403715941.984057903289795,0.003084190956546,-2.578399172668667,1.333654549709298,0.245405302514547,0.609600429800718,-0.251501062388813,0.710570734763136,-0.843187394512396,0.733942964714649,-0.280533264660323,-0.708636227178750,0.624098477142387,-0.243105944172326,-0.134551167333646,0.109844487572262,-0.037427320487997,-0.035431777568529,0.031204894097785,-0.012155285616422,0.032197737878077
1403715942.034058094024658,-0.042002609320126,-2.540508898588365,1.318375117802022,0.243876355758633,0.629157379769752,-0.255989810006781,0.692209889958126,-1.014693872897094,0.847815930705844,-0.333060499196195,-0.901732565696687,0.757802590818578,-0.305587472421824,-0.112961307200407,0.090013339887267,-0.027473026774371,-0.045086800276672,0.037890274080302,-0.015279431907276,0.054484028571772
1403715942.084058046340942,-0.094852296903188,-2.496832961663603,1.300193222715304,0.239682272625043,0.652383533849615,-0.262380343757463,0.669406220587244,-1.154272031551352,0.954259395078868,-0.386418999496857,-1.056994759690004,0.873519571548423,-0.363638248526815,-0.097277271861348,0.080739823530445,-0.022780750970041,-0.052849687583062,0.043675936924762,-0.018181895086718,0.066872863871213
1403715942.134057998657227,-0.155697628808348,-2.447309153395503,1.279579222372634,0.232961878506652,0.677096710977796,-0.269852352598875,0.643776758622548,-1.267497007248765,1.040542551361469,-0.469387477030279,-1.216907798636907,0.990477109954576,-0.412280400034625,-0.050589208611858,0.050065441406893,-0.057107076995655,-0.060845331905160,0.049523808268100,-0.020614000342670,0.073993545017778
1403715942.184057950973511,-0.221100756180739,-2.394200186250394,1.254355051078748,0.225273099185365,0.701037394185204,-0.277413995910736,0.617122417037559,-1.340255607045257,1.096572942987056,-0.545607072422323,-1.308063794914667,1.062180355876310,-0.504483906991058,-0.032191812130590,0.034392587110746,-0.041123165431265,-0.065403127372391,0.053108967145109,-0.025224171293886,0.074835001347962
1403715942.234057903289795,-0.289462727868550,-2.339147060011132,1.224174594664603,0.216424619194060,0.723282830487169,-0.285047405462429,0.590567784397619,-1.397395721570566,1.140216965096824,-0.689002143870382,-1.367240737658599,1.101063574841287,-0.603609703929968,-0.030154983911968,0.039153390255537,-0.085392439940414,-0.068361971687811,0.055053126239262,-0.030180456414145,0.073122401104389
1403715942.284058094024658,-0.359799356605898,-2.282420727683949,1.186305552973972,0.205862404787993,0.746325303104910,-0.293603456466647,0.560728296584993,-1.429854225101370,1.156374645438409,-0.817344829191429,-1.406727208508531,1.134522318684472,-0.757377944645052,-0.023127016592839,0.021852326753937,-0.059966884546377,-0.070336628737348,0.056726332327183,-0.037869041690631,0.080158143014742
1403715942.334058046340942,-0.430576811520989,-2.225128764321024,1.144245247240817,0.196108083388399,0.765465606011106,-0.301112441009100,0.533793334084756,-1.423977991896789,1.160346724108870,-0.889262228166991,-1.415550448275918,1.145840360017017,-0.841206916900527,-0.008427543620871,0.014506364091853,-0.048055311266464,-0.070777454915091,0.057291963362925,-0.042060305733155,0.070526700992109
1403715942.384057998657227,-0.500886491362437,-2.168567033393067,1.098059580305027,0.186474067274612,0.781183426498413,-0.307833442438224,0.510116112385107,-1.389932727730830,1.129701173953048,-0.960024073078474,-1.406194937880957,1.131235697389582,-0.923714219638342,0.016262210150127,-0.001534523436534,-0.036309853440132,-0.070309679841448,0.056561730927958,-0.046185666935791,0.061505166125628
1403715942.434057950973511,-0.569675140563710,-2.112950426950355,1.048857764901478,0.178102024048102,0.792681381324460,-0.313425424738448,0.491630348797792,-1.352668283873210,1.087755673859061,-1.023931871421929,-1.375774296066081,1.112333189657829,-0.984037246522028,0.023106012192870,-0.024577515798768,-0.039894624899901,-0.068788649201273,0.055616606442712,-0.049201815403549,0.047971465527177
1403715942.484057903289795,-0.635867380250958,-2.059959936254013,0.997164702037913,0.168328253004773,0.803038419721146,-0.319390721177289,0.474114398555852,-1.290157273868637,1.027837855229449,-1.054081431359460,-1.323846056262940,1.059810824641206,-1.033862243239168,0.033688782394303,-0.031972969411756,-0.020219188120292,-0.066192239687248,0.052990490696342,-0.051693062863565,0.046699588444163
1403715942.534058094024658,-0.698767387893852,-2.010280408765696,0.944841828722459,0.160692674089083,0.811727763488915,-0.323752585689873,0.458759376726521,-1.226874096030122,0.956756376725403,-1.047100353403642,-1.257995353986428,0.993586759533642,-1.046453474405865,0.031121257956306,-0.036830382808239,-0.000646878997777,-0.062900007642893,0.049679527488317,-0.052322873315454,0.039426990923299
1403715942.584058046340942,-0.757938831690266,-1.964587373798632,0.892988423811926,0.154303579472964,0.820686071150892,-0.326587899806837,0.442724656734299,-1.131425410212807,0.867365243551775,-1.028084458155837,-1.183430004535090,0.913861570867591,-1.037069087236811,0.052004594322283,-0.046496327315816,0.008984629080974,-0.059171443796414,0.045693034967064,-0.051853404910533,0.039305749649576
1403715942.634057998657227,-0.812790170331564,-1.924954452964128,0.842416806452253,0.149939951505727,0.829042527295697,-0.327698497199828,0.427574781541893,-1.036932609262738,0.763781767321441,-1.013926415107015,-1.097027819033209,0.792659172628768,-1.011433311771436,0.060095209770471,-0.028877405307327,-0.002493103335579,-0.054851338641298,0.039632920834504,-0.050571617359673,0.035756524825126
1403715942.684057950973511,-0.861738600497133,-1.889746639764803,0.792353871717560,0.146559880476707,0.836092176264650,-0.327903327131402,0.414667918074032,-0.921177181295551,0.651209010467697,-0.998706493393138,-0.978969536929500,0.704156935522893,-1.001259649569477,0.057792355633949,-0.052947925055196,0.002553156176339,-0.048948430165570,0.035207813199325,-0.050062934734693,0.030183163076065
1403715942.734057903289795,-0.903113582496665,-1.860560971919146,0.743073701555706,0.144607775776654,0.840870035006517,-0.327102238535349,0.406239216420856,-0.780514703287977,0.514625356014336,-0.962756770377591,-0.827500429156527,0.583713913586099,-0.985604343182614,0.046985725868550,-0.069088557571763,0.022847572805023,-0.041374981999531,0.029185667845657,-0.049280170161853,0.019831712689413
1403715942.784058094024658,-0.938271225215650,-1.837473103387442,0.695196628201081,0.144009552822775,0.843938849602722,-0.325735743695262,0.401154199911098,-0.636918555450945,0.386367921197139,-0.930694973146629,-0.703150172074662,0.461755609176229,-0.957537814375633,0.066231616623717,-0.075387687979089,0.026842841229004,-0.035157642718985,0.023087868531704,-0.047877073354626,0.012247499658273
1403715942.834058046340942,-0.965943695305386,-1.822455024870433,0.649086489179850,0.144089656065545,0.845466958738784,-0.324168844073404,0.399172084730404,-0.485680034366433,0.254502742458280,-0.908901290466738,-0.553449929605713,0.300361856787579,-0.922203659906551,0.067769895239280,-0.045859114329299,0.013302369439812,-0.027672470089737,0.015018078517010,-0.046110139021230,0.005907789915022
1403715942.884057998657227,-0.986372890830860,-1.817392016926197,0.606418077156220,0.145201266452287,0.845967368380959,-0.321817499118169,0.399611437669862,-0.333428596895485,0.104437552681123,-0.890233425530258,-0.408584300165830,0.101260255454011,-0.853369054308748,0.075155703270345,0.003177297227112,-0.036864371221510,-0.020429195525474,0.005063007944235,-0.042668412023630,0.005369523589807
1403715942.934057950973511,-0.996827298287955,-1.819497931110307,0.564138186131697,0.145874805367727,0.845905285046985,-0.319813422800392,0.401103682961406,-0.171328616831733,-0.031727708658927,-0.855373796248788,-0.209088348544100,-0.042118323849368,-0.845598626916157,0.037759731712367,0.010390615190441,-0.009775169332631,-0.010454407457096,-0.002105914184110,-0.042279891024523,0.005177115277655
1403715942.984057903289795,-0.996927758562673,-1.828075647513879,0.524050677129950,0.148356012438959,0.845093124573330,-0.316570934541098,0.404463778076446,-0.013240297997329,-0.163065929174090,-0.773688800851217,-0.002009207410487,-0.171554491678545,-0.801750944644223,-0.011231090586842,0.008488562504456,0.028062143793006,-0.000100460274718,-0.008577716403572,-0.040087509001747,0.010699538441896
1403715943.034058094024658,-0.988613572006283,-1.842507034675641,0.489052239410157,0.152535904213640,0.844273079577954,-0.311823291851644,0.408291562102977,0.145762806400338,-0.296102318379341,-0.674883616821716,0.166283096808126,-0.288626642211974,-0.699966084237148,-0.020520290407788,-0.007475676167367,0.025082467415432,0.008314186556390,-0.014431387161762,-0.034998437719793,0.014877669962391
1403715943.084058046340942,-0.971533354283960,-1.864909262326473,0.458730762088317,0.159210671653035,0.843671730105517,-0.305085931930364,0.412058913252382,0.317087843976325,-0.427554098864192,-0.583598229489964,0.341604680226069,-0.448044980305635,-0.606430124773651,-0.024516836249743,0.020490881441443,0.022831895283687,0.017080217722323,-0.022402227650832,-0.030321477321841,0.020445048786192
1403715943.134057998657227,-0.942536638299694,-1.900005764019693,0.433564394463436,0.164903550725164,0.840576976069298,-0.299526139731222,0.420144329817911,0.496756042547781,-0.550512909499491,-0.480619890556517,0.579934872754327,-0.701930703277690,-0.503327832508439,-0.083178830206546,0.151417793778199,0.022707941951922,0.028996715984267,-0.035096501693220,-0.025166367624881,0.023517926634200
1403715943.184057950973511,-0.913073587250694,-1.930824044656965,0.410222501506003,0.171113808171594,0.833681414462345,-0.294040862252316,0.435011879330890,0.640697269587383,-0.642428284509467,-0.371248788381517,0.589261582943634,-0.616366200558048,-0.466838304360355,0.051435686643749,-0.026062083951419,0.095589515978838,0.029463051049000,-0.030818280637272,-0.023341892957433,0.036729162442496
1403715943.234057903289795,-0.872949051391343,-1.967827234522824,0.393420797983273,0.176684309780765,0.821480176828743,-0.290104710656313,0.458030818406065,0.768614899754198,-0.708254631445989,-0.277052274915650,0.802491482502535,-0.740064503097697,-0.336034390921980,-0.033876582748337,0.031809871651707,0.058982116006330,0.040124535859351,-0.037003189865859,-0.016801703522731,0.053863136630407
1403715943.284058094024658,-0.830582996512298,-2.005306541863893,0.381402631982664,0.183586020645558,0.805608982768060,-0.284274447543207,0.486290425960604,0.863730618122271,-0.747207938419419,-0.190705073623988,0.847317865319762,-0.749583287388060,-0.240362403102375,0.016412752802508,0.002375348968642,0.049657329478387,0.042366054879045,-0.037479307341069,-0.012018166000609,0.067297329102194
1403715943.334058046340942,-0.786264250270503,-2.042883160597647,0.372481653047051,0.189980977329372,0.787614164814678,-0.276885373245385,0.516629118148616,0.916928962738177,-0.763731925131911,-0.117101213729824,0.886375770149702,-0.751533091392888,-0.178419748866582,0.030553192588475,-0.012198833739022,0.061318535136758,0.044318746241795,-0.037576618733754,-0.008920978935613,0.073209103521977
1403715943.384057998657227,-0.739854228018225,-2.080317664855652,0.367235544812031,0.196818414487871,0.769259029660992,-0.267190173771178,0.545996765598146,0.923776284442391,-0.751606607186462,-0.081115612521213,0.928201330247324,-0.748690799167275,-0.104922264762077,-0.004425045804933,-0.002915808019187,0.023806652240865,0.046410022252278,-0.037434504258004,-0.005246108235020,0.073219309726729
1403715943.434057950973511,-0.693889041161294,-2.116712598939856,0.361900070142469,0.202312815916367,0.750491265167870,-0.257207645645979,0.574174722923234,0.905474727138223,-0.707651347310396,-0.081224390007954,0.919304613855821,-0.727899375863016,-0.106709595157442,-0.013829886717598,0.020248028552620,0.025485205149488,0.045965186856931,-0.036394934084204,-0.005335474669562,0.071447919389831
1403715943.484057903289795,-0.649052070875061,-2.150513978949346,0.358033170371747,0.205481467674961,0.735798576303030,-0.248016526549224,0.595705987976481,0.866151013956598,-0.663988916485903,-0.099922433768350,0.896740260922820,-0.676028244900585,-0.077338069169760,-0.030589246966222,0.012039328414682,-0.022584364598590,0.044836970286233,-0.033801380009491,-0.003866899770721,0.055643056408880
1403715943.534058094024658,-0.607061086799838,-2.182223603552990,0.352895780017713,0.207575515865030,0.725069316427843,-0.241496364074785,0.610627871724577,0.796506719979040,-0.616412216918855,-0.111510225812296,0.839816477858840,-0.634190072829737,-0.102747415130396,-0.043309757879800,0.017777855910882,-0.008762810681900,0.041990984075223,-0.031709624603644,-0.005137390354034,0.039227007053144
1403715943.584058046340942,-0.568817353697753,-2.210934667047473,0.347763890178967,0.210038424395704,0.716570515577526,-0.236410255107390,0.621707928019571,0.720276984389362,-0.543782304830243,-0.125502489092237,0.764875391483717,-0.574221817510258,-0.102637894658058,-0.044598407094356,0.030439512680015,-0.022864594434179,0.038243733102085,-0.028711063494483,-0.005131889838747,0.030128788749686
1403715943.634057998657227,-0.534752932589462,-2.236144686107718,0.341939729254367,0.211360523513166,0.708686322864856,-0.233177018606525,0.631441923598918,0.630629945885381,-0.476853853315023,-0.124915293621679,0.681289071893694,-0.504200862048310,-0.116483329579161,-0.050659126008313,0.027347008733287,-0.008431964042517,0.034064421108290,-0.025210019060245,-0.005824160924600,0.026008868667034
1403715943.684057950973511,-0.505682208989749,-2.257067761576594,0.336667203385572,0.213014197713632,0.701019124834937,-0.231489207338431,0.640007722667392,0.528897760663782,-0.390575960398984,-0.108262093841417,0.581415026474837,-0.418461908453891,-0.105450617941439,-0.052517265811055,0.027885948054907,-0.002811475899978,0.029070723599713,-0.020923075468876,-0.005272525868795,0.023472857998465
1403715943.734057903289795,-0.481759389768893,-2.274008391172056,0.332680622930208,0.213420584032599,0.692868473122526,-0.231451749181170,0.648702567487613,0.428377517111892,-0.310290540672633,-0.062184995536264,0.478456840709139,-0.338812915026423,-0.079731685145349,-0.050079323597247,0.028522374353789,0.017546689609084,0.023922819220857,-0.016940629595462,-0.003986580455364,0.023849669837568
1403715943.784058094024658,-0.463829000667417,-2.286645168783638,0.330243570032344,0.216177128854622,0.683601071379542,-0.230759508527202,0.657804738044049,0.296088707343687,-0.215418116226882,-0.033446612633849,0.358606414054600,-0.252734588125695,-0.048740872025604,-0.062517706710913,0.037316471898813,0.015294259391756,0.017930389101475,-0.012636777611582,-0.002437052897864,0.026594329143652
1403715943.834058046340942,-0.453591966579800,-2.293250488983637,0.331198543154682,0.219760403846956,0.675247859386134,-0.230468105759102,0.665304550956385,0.146761446178857,-0.099982951276070,0.022602200100206,0.204740877008457,-0.132106529986583,0.019099480661447,-0.057979430829600,0.032123578710514,0.003502719438759,0.010237034087617,-0.006605320199999,0.000954973122338,0.023575387885002
1403715943.884057998657227,-0.451395982323156,-2.294659753767546,0.335285708632584,0.222172597856651,0.668470208859387,-0.230941246575503,0.671157997240044,-0.009104275255748,0.019449236284339,0.107930643858027,0.043919727017993,-0.028185322557803,0.081743387514616,-0.053024002273741,0.047634558842142,0.026187256343411,0.002195984256644,-0.001409264783909,0.004087165477902,0.018573372557897
1403715943.934057950973511,-0.457074354047462,-2.290213506284195,0.343556837065339,0.225769900828520,0.663431634546152,-0.231070828000534,0.674901985928659,-0.182671404242635,0.150090670466488,0.205568755228862,-0.113567542792566,0.088925034472539,0.165422726414505,-0.069103861450069,0.061165635993949,0.040146028814357,-0.005678371724306,0.004446247483351,0.008271128432755,0.014472358606812
1403715943.984057903289795,-0.471722371725632,-2.280521150135388,0.353429785457096,0.225324634491363,0.664185433635595,-0.233963125164428,0.673311053600730,-0.347792438772294,0.274849553277205,0.250775229109940,-0.292960632952421,0.193847307843342,0.197459156146870,-0.054831805819873,0.081002245433863,0.053316072963070,-0.014648017678169,0.009692356148807,0.009872948391757,0.006830207923531
1403715944.034058094024658,-0.495154287815242,-2.261204019018848,0.365424718675114,0.219161800432329,0.674501448652794,-0.240489014176973,0.662707277051286,-0.502768977423889,0.397780068210155,0.261185626676806,-0.468636534085711,0.386341148556275,0.239897749223070,-0.034132443338177,0.011438919653880,0.021287877453735,-0.023431916089611,0.019317131116540,0.011994933218018,0.034608407401324
1403715944.084058046340942,-0.529288816880099,-2.235875438974703,0.380757892685488,0.208064809504286,0.694092189734520,-0.249275199764135,0.642500538504082,-0.640807316076379,0.509518381579325,0.297286839350434,-0.682691232362224,0.506572083987681,0.306663772664843,0.041883916285845,0.002946297591645,-0.009376933314410,-0.034134529064856,0.025328580044145,0.015333174010374,0.063008944578878
1403715944.134057998657227,-0.565839068161106,-2.207695331257226,0.396205856930196,0.195617864340352,0.716283597076739,-0.256775401811626,0.618658106496800,-0.732336504104580,0.574678078434420,0.299107550200600,-0.731005722761516,0.563602691842961,0.308959579540962,-0.001330781343065,0.011075386591458,-0.009852029340362,-0.036550251281007,0.028180107717477,0.015447964244707,0.071336792036373
1403715944.184057950973511,-0.605704423504015,-2.176865565674240,0.411439149735879,0.181076191703936,0.739069318363557,-0.262994980808481,0.593145509568413,-0.803585885327748,0.613370950379121,0.292009173403290,-0.797307867230225,0.616595899691395,0.304666146665940,-0.006278018097523,-0.003224949312275,-0.012656973262650,-0.039865355342909,0.030829765582986,0.015233292805683,0.075376209005288
1403715944.284058094024658,-0.689524449666884,-2.114447443719468,0.437805815107330,0.149494878702520,0.786065676937848,-0.270144963396560,0.535512587651713,-0.838215234463112,0.606305611897368,0.255388727744185,-0.838199062575313,0.624180326650598,0.263666276536878,-0.000016171887799,-0.017874714753229,-0.008277548792692,-0.083820026162869,0.062418121954772,0.026366665371451,0.162263030648297
1403715944.334058046340942,-0.731872952307737,-2.084483117479751,0.449046870014577,0.137152879684778,0.804526993103064,-0.267883300114073,0.512019474710395,-0.826919193518959,0.572991816731358,0.205698081172252,-0.846970860551410,0.599287096319054,0.224821312551259,0.020051667032451,-0.026295279587696,-0.019123231379007,-0.042348502640853,0.029964326239717,0.011241054907247,0.064816002077064
1403715944.384057998657227,-0.772139847621504,-2.056324073129553,0.457764746884013,0.126691647068475,0.820310203123197,-0.262271342644797,0.492193193819613,-0.769852877176384,0.529342885369023,0.163243570265388,-0.805338674306155,0.563181424095624,0.174357703669176,0.035485797129771,-0.033838538726601,-0.011114133403788,-0.040266895313767,0.028159044350198,0.008717876869436,0.055970481472822
1403715944.434057950973511,-0.809134289508440,-2.031135869017342,0.464894790754331,0.115875245058912,0.834198595680546,-0.255182551667086,0.474939465481462,-0.694368960753702,0.467447960255693,0.129827994066037,-0.739889543352373,0.503764562671530,0.142601013401298,0.045520582598671,-0.036316602415837,-0.012773019335260,-0.036994441886936,0.025188204112210,0.007130043870319,0.051297569671877
1403715944.484057903289795,-0.842502862218225,-2.009093270036507,0.469705704281975,0.105950046989134,0.846764936499811,-0.246095010754712,0.459566073094076,-0.621334102659248,0.405088196403961,0.093013914584242,-0.667372090651324,0.440852400046330,0.096218362313843,0.046037987992076,-0.035764203642369,-0.003204447729601,-0.033368572709785,0.022042598980836,0.004810913527643,0.047973937053833
1403715944.534058094024658,-0.870871880782494,-1.990720726386746,0.474505772393838,0.096339475752856,0.856968765773995,-0.235869238264735,0.447983194260538,-0.506034629406327,0.327850741939107,0.111141243233377,-0.567378206909283,0.367449471286714,0.096000996022538,0.061343577502956,-0.039598729347607,0.015140247210839,-0.028369018564269,0.018372543649760,0.004800068111864,0.041724165725872
1403715944.584058046340942,-0.892893967382427,-1.976783816239183,0.480427234660701,0.085495988454619,0.865111922234956,-0.225878834067683,0.439602718696473,-0.375317422911879,0.232954458033254,0.128216986551781,-0.440442152037026,0.278738468776979,0.118429358280284,0.065124729125147,-0.045784010743725,0.009787628271496,-0.022022086599933,0.013936910147563,0.005921462266862,0.037626756445949
1403715944.634057998657227,-0.907555888088416,-1.967514354668171,0.486940446993074,0.075992888692940,0.871698165104744,-0.214529821891324,0.433986572765104,-0.228999237468478,0.144460577198171,0.123638097704512,-0.293238693774003,0.185389408221363,0.130264370877256,0.064239456305525,-0.040928831023192,-0.006626273172744,-0.014661920705990,0.009269461571012,0.006513212332374,0.034294948748106
1403715944.684057950973511,-0.914171239459675,-1.963820157708635,0.495293436420742,0.065755966784881,0.876855709188144,-0.203773702083398,0.430437563922538,-0.065366084776525,0.034449200387462,0.153968026270166,-0.132307153603106,0.073884009652004,0.167059947874142,0.066941068826581,-0.039434809264542,-0.013091921603976,-0.006615351371259,0.003694196959536,0.008352989427668,0.032229801617207
1403715944.734057903289795,-0.910146731407328,-1.968422233151842,0.508020049682261,0.056598710098998,0.881373375727470,-0.191969608220323,0.427931335722951,0.099983757975269,-0.074003996887696,0.176462621212443,0.080490237808406,-0.092041596641860,0.254532507971496,0.019493520166863,0.018037599754165,-0.078069886759053,0.004024508052347,-0.004602075443208,0.012726613261519,0.031615671828958
1403715944.784058094024658,-0.899180073577224,-1.975478572120283,0.519279189806576,0.050733168555934,0.885203666094514,-0.176691634753064,0.427341410758890,0.263793448575267,-0.170688955182867,0.219193829544457,0.219332319915687,-0.141126241014922,0.225181943485355,0.044461128659580,-0.029562714167945,-0.005988113940898,0.010966657830104,-0.007056338968440,0.011259140124315,0.033636102831192
1403715944.834058046340942,-0.880674818083576,-1.982081385058912,0.533468124166089,0.046798725926033,0.886029863768790,-0.160142130863054,0.432568442774320,0.435481280121014,-0.256212844913944,0.265401593561975,0.370105462833030,-0.132056384711373,0.283778957822963,0.065375817287984,-0.124156460202571,-0.018377364260988,0.018505255493648,-0.006602812938630,0.014188934359513,0.035630255576898
1403715944.884057998657227,-0.841493197149520,-2.004837267076867,0.550549241571791,0.049082554569961,0.882245872017992,-0.139642392581420,0.446915122073797,0.616917603569392,-0.342986372193306,0.312677349053576,0.783633166011946,-0.455118074393514,0.341622673910813,-0.166715562442554,0.112131702200207,-0.028945324857238,0.039181620934056,-0.022755882017955,0.017081117405702,0.050818724098639
1403715944.934057950973511,-0.809203397988358,-2.022447254870438,0.569248355339622,0.053279646313953,0.873089193422771,-0.117145098412815,0.470269673203458,0.733501072020717,-0.383501217695749,0.350229388872947,0.645796599102869,-0.352200091755605,0.373982632014241,0.087704472917849,-0.031301125940144,-0.023753243141294,0.032289799161162,-0.017609987793571,0.018699113767831,0.067915666853619
1403715944.984057903289795,-0.771730790826743,-2.041466812801568,0.587981090378150,0.057663684410841,0.859461627110891,-0.095396655141209,0.498898876739501,0.815174251414540,-0.402365498477696,0.362126312283713,0.749452857966245,-0.380391521392230,0.374655058069476,0.065721393448295,-0.021973977085466,-0.012528745785763,0.037472607161615,-0.019019557931130,0.018732735038528,0.077401378809373
1403715945.034058094024658,-0.731088214628551,-2.060528373464228,0.608931829710167,0.062766019785981,0.841161577609672,-0.074603907527470,0.531922817798848,0.847043257872241,-0.398074917126983,0.353586783894618,0.812848423193181,-0.381229758977065,0.419013188231871,0.034194834679060,-0.016845158149918,-0.065426404337253,0.040642576198192,-0.019061560662659,0.020950739332017,0.086813374268789
1403715945.084058046340942,-0.688148728819612,-2.079911896763386,0.628126420051223,0.067151546782757,0.820697285689505,-0.056966759692131,0.564536467658859,0.874538700836839,-0.381849128791130,0.362377034220480,0.858790535185257,-0.387670835694882,0.383892172929230,0.015748165651582,0.005821706903752,-0.021515138708749,0.042939485808939,-0.019383523299158,0.019194590341056,0.085158983866380
1403715945.134057998657227,-0.644984029737197,-2.098390336878236,0.645593983217068,0.070273807909568,0.802063388804725,-0.043916926051690,0.591461931037949,0.857458887798910,-0.355200044902127,0.302770863111180,0.863294804950382,-0.369569154745618,0.349351596484535,-0.005835917151472,0.014369109843491,-0.046580733373355,0.043164699082415,-0.018478440114850,0.017467563165845,0.070777964454302
1403715945.184057950973511,-0.603153652404027,-2.115258850094762,0.661220288515818,0.073413072824811,0.786640163053859,-0.033251246388086,0.612129176908483,0.802851145734016,-0.312412460730853,0.294134236798588,0.836608344515290,-0.337370586072171,0.312526404023418,-0.033757198781275,0.024958125341317,-0.018392167224830,0.041830377333170,-0.016868513216525,0.015626305298751,0.056166697745930
1403715945.234057903289795,-0.564543702566997,-2.129967959350966,0.675929275633239,0.075357669055613,0.772744338583975,-0.025994812157185,0.629691733026433,0.741827078707929,-0.272884529947869,0.284712378355684,0.772199733167653,-0.294182465678359,0.294180022900349,-0.030372654459725,0.021297935730489,-0.009467644544665,0.038609949837030,-0.014709109256205,0.014708987117421,0.047244070692996
1403715945.284058094024658,-0.529827398858662,-2.142188550163992,0.690082461993413,0.077209394375500,0.760584843803166,-0.020940365217711,0.644291010259829,0.652369168003387,-0.222773589191877,0.279215263426125,0.694323425533016,-0.244410883906975,0.283062647405158,-0.041954257529629,0.021637294715099,-0.003847383979033,0.034716303708334,-0.012220590813025,0.014153186360173,0.039495883491827
1403715945.334058046340942,-0.500277697814942,-2.151728414901884,0.705100749232352,0.078393747561070,0.748092581379989,-0.017952099969802,0.658702992352570,0.541577622263395,-0.160538364623932,0.294773065934268,0.590994584490757,-0.190797476716496,0.300366031230166,-0.049416962227362,0.030259112092564,-0.005592965295898,0.029549701043720,-0.009539864737892,0.015018287238940,0.038683636475533
1403715945.384057998657227,-0.476006382108872,-2.158056185880925,0.720626222380290,0.080787176366703,0.735336504602617,-0.015380604134086,0.672693908215298,0.418923724432207,-0.093813655338934,0.297446049304550,0.485426777060463,-0.126555540273584,0.310509759083932,-0.066503052628256,0.032741884934650,-0.013063709779382,0.024271315706071,-0.006327770979041,0.015525473147938,0.038513154753233
1403715945.434057950973511,-0.458741835101070,-2.161003311425741,0.736665482945532,0.081756473918497,0.723133657412835,-0.014713629722776,0.685694612483963,0.274159042160716,-0.021472956980480,0.324536577817250,0.345291269451460,-0.058942567108335,0.320785517229755,-0.071132227290744,0.037469610127855,0.003751060587495,0.017264547007802,-0.002947125544816,0.016039260565242,0.035739092359967
1403715945.484057903289795,-0.448428580316317,-2.160702740332760,0.753316519468844,0.080753777380486,0.711132934166416,-0.015557186078160,0.698231158960968,0.106210293307370,0.044824388953851,0.325303077070346,0.206265292404972,0.006011427592557,0.333021048059852,-0.100054999097603,0.038812961361294,-0.007717970989506,0.010313254784753,0.000300571092981,0.016651036523312,0.034808446656258
1403715945.534058094024658,-0.449838283782883,-2.158112551178786,0.773319188950861,0.079771210447892,0.703043649410753,-0.017634935487034,0.706438383765532,-0.079621766098869,0.114055038483011,0.294482057964238,-0.028193961779902,0.051803585464491,0.400051863563597,-0.051427804318967,0.062251453018519,-0.105569805599359,-0.001409703466567,0.002590189153974,0.020002669482017,0.023501415791125
1403715945.584058046340942,-0.457354677584792,-2.151703470955350,0.787795201812503,0.073728957911024,0.709146996753674,-0.023751507422339,0.700792725173262,-0.233543515757702,0.168388831660648,0.215500617709333,-0.150328019402140,0.128181726712341,0.289520533341133,-0.083215496355562,0.040207104948307,-0.074019915631799,-0.007516393801908,0.006409080223436,0.014476012861642,0.023920475153283
1403715945.634057998657227,-0.470112770793544,-2.141785814661434,0.803083049306073,0.067553901951752,0.727144153615022,-0.031051002741583,0.682446837067422,-0.388294336515135,0.228467196385272,0.213764279731257,-0.255162107516589,0.198353315042779,0.305757241464229,-0.133132228998546,0.030113881342493,-0.091992961732972,-0.012758093208752,0.009917656293916,0.015287847493570,0.054842696101482
1403715945.684057950973511,-0.489400305972139,-2.130842451748138,0.815851407498592,0.060670716908037,0.747626745128836,-0.038540036188723,0.660218130384572,-0.506125135225552,0.260266796053368,0.218082730334061,-0.385751071452794,0.218867466994202,0.255367407387708,-0.120374063772758,0.041399329059166,-0.037284677053648,-0.019287535178595,0.010943362913296,0.012768358192519,0.063787209887470
1403715945.734057903289795,-0.514551647898024,-2.117277466673139,0.827821413158176,0.056150174301431,0.767111655647874,-0.044676856626503,0.637487916887113,-0.606797747208306,0.286761592853744,0.210102407303055,-0.503027318241947,0.271299960231785,0.239400341501645,-0.103770428966359,0.015461632621959,-0.029297934198590,-0.025151341925886,0.013564985074999,0.011970005659584,0.061789841676719
1403715945.784058094024658,-0.543522024149502,-2.102352038563481,0.839112653618327,0.052776221866222,0.786322438662507,-0.049608105977668,0.613555807309070,-0.673370622174193,0.319198642452096,0.205330996133183,-0.579405314773682,0.298507423477704,0.225823947753019,-0.093965307400511,0.020691218974392,-0.020492951619836,-0.028970376251478,0.014925428109658,0.011291240460151,0.062532566367423
1403715945.834058046340942,-0.575819804477170,-2.086617693413982,0.849725835911585,0.051445063464786,0.805886658220346,-0.053109132816387,0.587434693867359,-0.715986358878895,0.325441122733723,0.198800577007170,-0.645956222585225,0.314687203099090,0.212263848295741,-0.070030136293670,0.010753919634633,-0.013463271288571,-0.032297780327668,0.015734345149499,0.010613182293258,0.065702282397662
1403715945.884057998657227,-0.609321266116076,-2.070272738189567,0.860767385005051,0.049212096945127,0.823985414683695,-0.057352300691215,0.561548679553454,-0.708583995539643,0.335208554499407,0.209216904622635,-0.670029871768402,0.326899416243874,0.220831192470354,-0.038554123771241,0.008309138255534,-0.011614287847720,-0.033501461638906,0.016344955224415,0.011041549093466,0.063897673089025
1403715945.934057950973511,-0.641000481820567,-2.053971761173412,0.872550150945456,0.047532077883852,0.840759501421883,-0.060428434829339,0.535922164689002,-0.672143730655344,0.342158432129666,0.202011720782879,-0.633584918323478,0.326019851239856,0.235655543546756,-0.038558812331866,0.016138580889810,-0.033643822763877,-0.031679215704491,0.016300977016155,0.011782765940406,0.061658692567148
1403715945.984057903289795,-0.671055719087077,-2.037080696537120,0.884103127374505,0.043819598901327,0.854256677056169,-0.063162951843516,0.514135987819849,-0.609028086123102,0.341949064320832,0.203618989112192,-0.601105318588903,0.337821614897639,0.231059748936718,-0.007922767534200,0.004127449423193,-0.027440759824526,-0.030055237266510,0.016891064636292,0.011552976429049,0.052081077358258
1403715946.034058094024658,-0.697946281085653,-2.020196575260109,0.895531982539810,0.040713466266253,0.865623675668066,-0.062815064827781,0.495068008881786,-0.511283699306167,0.340581226644092,0.222383127200332,-0.537809188392284,0.337681137388913,0.228576231356984,0.026525489086116,0.002900089255179,-0.006193104156653,-0.026890561998576,0.016884121277011,0.011428855165305,0.044836887163900
1403715946.084058046340942,-0.719839313264705,-2.004050884603330,0.907323350563227,0.037158345626569,0.874551695306741,-0.060772526720745,0.479672064625801,-0.406959368859875,0.335323012049750,0.216197859420214,-0.437861061157880,0.322914121090487,0.235827585371039,0.030901692298005,0.012408890959263,-0.019629725950825,-0.021893032179052,0.016145690656779,0.011791368023416,0.036527510229985
1403715946.134057998657227,-0.735834696806077,-1.987613239905475,0.918193628320932,0.031930694317302,0.882940091344525,-0.058661048004915,0.464710778123235,-0.277164404869985,0.321215473004981,0.215963931063170,-0.319907975915460,0.328753207480589,0.217405762488396,0.042743571045475,-0.007537734475608,-0.001441831425226,-0.015995383541372,0.016437644697855,0.010870277757705,0.036110985517336
1403715946.184057950973511,-0.745344217525557,-1.972018634389145,0.929607689608997,0.027539183457372,0.890557537151068,-0.053634356640337,0.450857208199784,-0.137075019518755,0.312417374414840,0.222080608723322,-0.190190595769499,0.311892407770376,0.228281443467441,0.053115576250744,0.000524966644464,-0.006200834744119,-0.009509520719481,0.015594605516330,0.011414061288065,0.034322418431433
1403715946.234057903289795,-0.747647799220770,-1.957555806176148,0.942173687828259,0.022135045639459,0.896692227228214,-0.048250036550723,0.439459922354586,0.023459395013830,0.298170191332946,0.236909929598304,-0.046071677841632,0.289256840116751,0.251320204062879,0.069531072855462,0.008913351216194,-0.014410274464575,-0.002303581695213,0.014462828212997,0.012565998219263,0.030048787103003
1403715946.284058094024658,-0.740910150922447,-1.943264159449042,0.955665983004572,0.017353059714241,0.900649929058366,-0.042048400535400,0.432157967204272,0.207614729499114,0.282793551674698,0.272713259034613,0.134752451926648,0.285831844180164,0.269844874149748,0.072862277572465,-0.003038292505466,0.002868384884866,0.006737648298323,0.014291646727106,0.013492295176313,0.022830772787946
1403715946.334058046340942,-0.724737816175092,-1.929465030770572,0.970672509882301,0.013936623318812,0.901172649276630,-0.033080939205660,0.431971385843415,0.395474593597684,0.275555917347427,0.319706549641883,0.323447003410205,0.275982836767148,0.300130823781633,0.072027590187480,-0.000426919419721,0.019575725860250,0.016172334747355,0.013799128678470,0.015006526877729,0.019224584343355
1403715946.384057998657227,-0.700296618059628,-1.917618886623089,0.986715895446478,0.012742824104381,0.897044301977489,-0.021384147656416,0.441239004341834,0.594784111242011,0.258897669646082,0.373664967681623,0.488824428488591,0.236923108897146,0.320868017287144,0.105959682753420,0.021974560748937,0.052796950394479,0.024441198115464,0.011846144147483,0.016043385564178,0.031059745029200
1403715946.434057950973511,-0.665790423891486,-1.904996640888562,1.005604130101801,0.012674878153769,0.887874773158133,-0.009271708596777,0.459817105024245,0.752937314614301,0.254048539267640,0.418696320567215,0.690124541516887,0.252445155441007,0.377765053371282,0.062812773097414,0.001603383826633,0.040931267195933,0.034506194168142,0.012622245734527,0.018888234655323,0.047998730187550
1403715946.484057903289795,-0.622784186562287,-1.891541622308684,1.025211039249064,0.012681553699272,0.874661790259774,0.001851338771494,0.484564240736038,0.871004519279017,0.271511718462118,0.408617581876577,0.860125566863632,0.269100628231919,0.392138556917735,0.010878952415385,0.002411090230199,0.016479024958841,0.043006237329199,0.013455018579878,0.019606909147263,0.060358760662938
1403715946.534058094024658,-0.576867716797986,-1.878348547568773,1.044388862925434,0.009681922119768,0.859890770501153,0.009508794186526,0.510297664137431,0.965300678147438,0.291508321182250,0.419995501260564,0.918325892150750,0.263860488250336,0.383555010381137,0.046974785996689,0.027647832931915,0.036440490879427,0.045916469764301,0.013193074739911,0.019177823676369,0.061582511263146
1403715946.584058046340942,-0.528212463043789,-1.864047481979513,1.065994754261110,0.005840248282113,0.842613904356911,0.014953011124385,0.538278837725132,1.011733557615238,0.295859464335236,0.437403357410506,0.973106003110149,0.286021584556633,0.432118238813587,0.038627554505089,0.009837879778603,0.005285118596920,0.048655253754197,0.014301065589260,0.021605891335676,0.067110052186499
1403715946.634057998657227,-0.478113804709076,-1.849355580027547,1.087007573701131,0.002837803931052,0.824304850451971,0.019899517197340,0.565789244865537,1.021293321832350,0.307050324230098,0.440350664520457,1.001974122251252,0.293838319265387,0.420256789588535,0.019319199581098,0.013212004964711,0.020093874931922,0.050098658334713,0.014691901951966,0.021012819440021,0.067100883263406
1403715946.684057950973511,-0.428281970262509,-1.834478358214876,1.108107518750858,0.001945704878290,-0.806786945048844,-0.022995675453737,-0.590391597536505,1.002057382804960,0.305179249111145,0.434387102877901,0.996637639399055,0.297544720014172,0.421999303444435,0.005419743405904,0.007634529096974,0.012387799433466,0.049831834446567,0.014877221812671,0.021099945049727,0.061471791500190
1403715946.734057903289795,-0.379560173231897,-1.819178566178491,1.128552307632154,0.004347034999839,-0.792463512657844,-0.026184544234690,-0.609341492133863,0.954008239890779,0.317481548046408,0.385725250011431,0.974436869907653,0.305996132548354,0.408896167579688,-0.020428630016874,0.011485415498053,-0.023170917568258,0.048721797030612,0.015299792036385,0.020444788881296,0.048175618126716
1403715946.784058094024658,-0.333817615785416,-1.803390216001478,1.147579770532964,0.008285722965080,-0.780345285614690,-0.027639720239378,-0.624682821821573,0.901004660530948,0.322856240393711,0.369619984176368,0.914847659062751,0.315765798989327,0.380547806341524,-0.013842998531802,0.007090441404384,-0.010927822165156,0.045742557446481,0.015788350177013,0.019027462900810,0.039992596646687
1403715946.834058046340942,-0.290840312219179,-1.788049787659070,1.163865239673119,0.010970154570468,-0.772047644135034,-0.029136537420287,-0.634801664365651,0.837501532152288,0.311585950685237,0.325881991020690,0.859546891052535,0.306808859443878,0.325709693424079,-0.022045358900247,0.004777091241359,0.000172297596611,0.042977303566237,0.015340428342407,0.016285469140155,0.026884284184851
1403715946.884057998657227,-0.252688072817777,-1.772968662861056,1.178972354828654,0.012901817233143,-0.764434894322796,-0.030397962801733,-0.643854641445786,0.751816432458749,0.316752273355053,0.308703850024304,0.763045515724951,0.301622783610183,0.302142591256327,-0.011229083266201,0.015129489744870,0.006561258767977,0.038152239401402,0.015081124798014,0.015107115155535,0.024102665919104
1403715946.934057950973511,-0.219599325824921,-1.757818097120555,1.193620554100885,0.013997412080890,-0.757068430804051,-0.031713804456194,-0.652415280432520,0.641471705001426,0.306114614129079,0.286786292361120,0.661775570975502,0.303011603784415,0.292964264837118,-0.020303865974076,0.003103010344664,-0.006177972475998,0.033088746992857,0.015150565740502,0.014648199272231,0.022845788300232
1403715946.984057903289795,-0.191498575425062,-1.742784505306558,1.206576254830965,0.012963113740424,-0.750608116744301,-0.033077974450765,-0.659791831084594,0.538712926735221,0.303834268765102,0.263350347935964,0.562015543976966,0.300672123023212,0.259114261712208,-0.023302617241745,0.003162145741889,0.004236086223756,0.028100750399859,0.015033591813997,0.012955700730080,0.019907858567256
1403715947.034058094024658,-0.168523807639935,-1.727845994351771,1.219252728523639,0.013570548160616,-0.743169147368436,-0.032956434250016,-0.668153673988116,0.429558886493816,0.305114891230342,0.254014693660274,0.459493602873540,0.298769079382160,0.253528506718976,-0.029934716379724,0.006345811848182,0.000486186941298,0.022974767785127,0.014938510954787,0.012676473692674,0.022418184247344
1403715947.084058046340942,-0.151106321775411,-1.713430095069377,1.226065275165216,0.015198141923165,-0.734874879520417,-0.031450405915119,-0.677302591091833,0.301040129291319,0.302263283247980,0.262307192521723,0.348350049502980,0.288318260609599,0.136251062770687,-0.047309920211660,0.013945022638381,0.126056129751037,0.017417485864524,0.014415899282394,0.006812546641577,0.025093171270311
1403715947.134057998657227,-0.141262613911982,-1.698969081523490,1.239813227346066,0.016650223823881,-0.720175575067592,-0.029024448004218,-0.692984482178879,0.148612751853162,0.298044755465552,0.263809294234990,0.196874345022592,0.289220546739941,0.274959305838630,-0.048261593169430,0.008824208725611,-0.011150011603640,0.009843707863429,0.014461013545887,0.013747952180850,0.043359127362637
1403715947.184057950973511,-0.138074860262298,-1.684629833398811,1.252666517992151,0.016765544321055,-0.704340783496911,-0.026844145424629,-0.709156096415308,-0.008573961435601,0.287051487771391,0.231922843317512,0.063755133795310,0.286785235993288,0.257066058078992,-0.072329095230911,0.000266251778103,-0.025143214761480,0.003187753649684,0.014339248124679,0.012853290646085,0.045477512128561
1403715947.234057903289795,-0.143593284161622,-1.671307812009272,1.263017064269754,0.017716740878967,-0.693124868443765,-0.023588028224107,-0.720213606343243,-0.181770143887847,0.273601898755310,0.191033335846254,-0.110368583242171,0.266440681888417,0.207011122973251,-0.071401560645676,0.007161216866893,-0.015977787126997,-0.005518423899324,0.013322021389539,0.010350546277603,0.032222846889267
1403715947.284058094024658,-0.158032496325132,-1.658652550475521,1.270025837652200,0.018139111052294,-0.687887214987401,-0.020339407344889,-0.725305770427871,-0.351810980207093,0.263175852804111,0.080785447513637,-0.288783141649943,0.253104265158871,0.140174932923986,-0.063027838557150,0.010071587645240,-0.059389485410349,-0.014439212163510,0.012655261533751,0.007008773382446,0.016011923722653
1403715947.334058046340942,-0.182045699995766,-1.646543338287418,1.272429487191257,0.018942373358035,-0.691831138487091,-0.016878375562295,-0.721613457988138,-0.537658514157757,0.241931903788064,0.031939409721879,-0.480264531428611,0.242184474727191,0.048073036627159,-0.057393982729146,-0.000252570939127,-0.016133626905280,-0.024013203670633,0.012109212188104,0.002403649539057,0.012932412109349
1403715947.384057998657227,-0.214519290578150,-1.635981163165506,1.271892853466796,0.017810002519462,-0.704525688272708,-0.014376787644100,-0.709309288217178,-0.690791760547425,0.236592890854371,-0.055858624381427,-0.649472431032874,0.211243703895918,-0.010732684724706,-0.041319329514551,0.025349186958453,-0.045125939656722,-0.032473590582385,0.010562175121911,-0.000536633724461,0.035782282321842
1403715947.434057950973511,-0.254224975654376,-1.625145356312109,1.267428514494121,0.015832646140599,-0.724489378457987,-0.012773914278937,-0.688985700092346,-0.838521123476244,0.230847868432404,-0.122101128512522,-0.794114458851067,0.216716343744754,-0.089286864604086,-0.044406664625176,0.014131524687650,-0.032814263908436,-0.039705685076225,0.010835806853397,-0.004464338972675,0.057206016403017
1403715947.484057903289795,-0.303625114579616,-1.615200061060012,1.259540467266397,0.016691400240873,-0.745470420954385,-0.010509245848036,-0.666246804413947,-0.968860245770773,0.225190111527446,-0.169439126503534,-0.988003720738578,0.198906094733580,-0.157761095007195,0.019143474967805,0.026284016793866,-0.011678031496340,-0.049400138925240,0.009945295252097,-0.007888047227725,0.062071088722244
1403715947.534058094024658,-0.357050578719166,-1.606334348611515,1.247904604161252,0.018672388853635,-0.765433323613268,-0.008016370250305,-0.643194299418811,-1.074291579090373,0.214276140777457,-0.245802220657345,-1.068505206767104,0.177313572572330,-0.232716374360378,-0.005786372323269,0.036962568205126,-0.013085846296967,-0.053425464139550,0.008865712448497,-0.011635863105145,0.061323661597831
1403715947.584058046340942,-0.414692988369055,-1.597590028479433,1.234035481324665,0.023766770699908,-0.783628998771663,-0.004238144339963,-0.620759833612947,-1.132462816747554,0.201549703159439,-0.316848247455313,-1.152849292440553,0.174886569426479,-0.277382721264509,0.020386475692998,0.026663133732960,-0.039465526190805,-0.057642409649890,0.008744320132082,-0.013869122836587,0.059149955920755
1403715947.634057998657227,-0.472419414391228,-1.588217519311163,1.215787466104002,0.027114595350076,-0.803762313725629,-0.001245160385050,-0.594331045234085,-1.160425040708527,0.180891863953759,-0.366335076127836,-1.154529621488701,0.187450362131995,-0.364960652466865,-0.005895419219826,-0.006558498178235,-0.001374423660970,-0.057726426022173,0.009372509168270,-0.018248015220663,0.067055272891116
1403715947.684057950973511,-0.530808707997954,-1.579479901473710,1.195880403092138,0.031757688756226,-0.821579741288877,0.002398068892259,-0.569203326741994,-1.157343827488836,0.174236933452468,-0.418600889614717,-1.167786985822978,0.174752523406048,-0.398141639934747,0.010443158334142,-0.000515589953581,-0.020459249679970,-0.058389293606726,0.008737617837453,-0.019907063011865,0.062730376883968
1403715947.734057903289795,-0.587768054160921,-1.571998757303255,1.173472445043412,0.034548680347969,-0.837224562856295,0.004671708758836,-0.545746823328887,-1.135382323081823,0.142495648101630,-0.463923014991888,-1.139188009673681,0.149623026100741,-0.448159588372791,0.003805686591857,-0.007127377999111,-0.015763426619097,-0.056959346162967,0.007481144170455,-0.022407958048725,0.056850029654367
1403715947.784058094024658,-0.643131717419342,-1.565879776569639,1.149298578427345,0.033291327888006,-0.849370230460708,0.003989143868457,-0.526731417162270,-1.083962467528771,0.121652568355814,-0.501434305464676,-1.107269041272238,0.122379147832914,-0.483475488008734,0.023306573743467,-0.000726579477100,-0.017958817455942,-0.055363663258421,0.006118980733616,-0.024173866616068,0.045218205077083
1403715947.834058046340942,-0.695954295104827,-1.561117880561420,1.123879420946542,0.029921162790180,-0.859095035639027,0.000986167652773,-0.510939792178123,-1.010486338254996,0.099536042474179,-0.530936158366676,-1.056452561221386,0.095238010990433,-0.508383634448465,0.045966222966390,0.004298031483746,-0.022552523918211,-0.052822577685486,0.004761896008219,-0.025419157480802,0.038175080658342
1403715947.884057998657227,-0.743900677657987,-1.556913843288254,1.096155525472758,0.025601834990153,-0.868337207763247,-0.002882679768799,-0.495304683822408,-0.924164071864126,0.073953634586048,-0.570164980848842,-0.958928565568735,0.084080825649048,-0.554478438267534,0.034764493704609,-0.010127191063000,-0.015686542581309,-0.047946382553160,0.004204037273166,-0.027723895473784,0.038131873459046
1403715947.934057950973511,-0.786954010465595,-1.553970749230148,1.066600151704464,0.022709188337521,-0.876769747677173,-0.006377981181338,-0.480331576808362,-0.824788704790384,0.071607914561331,-0.600412358806198,-0.861067477330103,0.058861937297227,-0.591108039090428,0.036278772539719,0.012745977264105,-0.009304319715770,-0.043053332807608,0.002943094058105,-0.029555373768294,0.035546843199724
1403715947.984057903289795,-0.824649691412862,-1.550796178409711,1.036639683887316,0.019925623821485,-0.884689018172289,-0.010439827301908,-0.465638615931478,-0.695222057048215,0.058273505948246,-0.595306668296126,-0.753914337934075,0.063491476958934,-0.599209927794085,0.058692280885860,-0.005217971010688,0.003903259497959,-0.037695680947267,0.003174570820437,-0.029960467817148,0.034805310689470
1403715948.034058094024658,-0.852560580724998,-1.550301448862375,1.007053316172171,0.018297026100278,-0.892203319738563,-0.013767205139397,-0.451053122310468,-0.547442214149006,0.055077566684243,-0.578218859302378,-0.558215656818990,0.009894553202006,-0.591725097050784,0.010773442669984,0.045183013482238,0.013506237748406,-0.027910889312136,0.000494729547337,-0.029586367715145,0.033641153179523
1403715948.084058046340942,-0.873874050387701,-1.548031551156216,0.978330036569645,0.017668608697820,-0.898965104597125,-0.016350859855125,-0.437358217443506,-0.374041975546374,0.054963129331513,-0.559847900881655,-0.426269799776613,0.045397997418067,-0.574466139904129,0.052227824230238,0.009565131913446,0.014618239022474,-0.021313469662703,0.002269897706158,-0.028723279602526,0.031006266964453
1403715948.134057998657227,-0.887114410091548,-1.546064304313504,0.951823985655383,0.016291923346436,-0.903636506978893,-0.019606333010598,-0.427540908211760,-0.180550757227567,0.055281812624589,-0.529288046003058,-0.264807446616995,0.039344974376542,-0.530121523848525,0.084256689389428,0.015936838248047,0.000833477845467,-0.013240359703847,0.001967246842713,-0.026506050914262,0.022864501065372
1403715948.184057950973511,-0.887388363388725,-1.545217560148838,0.926381569632615,0.015460611197040,-0.907061245221207,-0.022338459448729,-0.420121244581401,0.019455531829952,0.064759119458543,-0.484496280472122,-0.005479071168791,0.016934899443699,-0.508848805731396,0.024934602998743,0.047824220014844,0.024352525259274,-0.000273953297177,0.000846744164666,-0.025442416022768,0.017313151432698
1403715948.234057903289795,-0.876820026851302,-1.541318055301978,0.903777801915943,0.016039423235932,-0.906861876797017,-0.023402114143275,-0.420471894861089,0.235077741331655,0.069116075723990,-0.415856015311340,0.211366932323669,0.077990171314418,-0.452075785466493,0.023710809007986,-0.008874095590428,0.036219770155154,0.010568336537423,0.003899504846860,-0.022603767716671,0.002552714863862
1403715948.284058094024658,-0.855893508266597,-1.538239873374065,0.884498954155802,0.016634451059312,-0.903146828718294,-0.024176673664466,-0.428327665770688,0.459624067721688,0.088964442387915,-0.359813111583882,0.418528775133525,0.061563403712518,-0.385575484349081,0.041095292588163,0.027401038675397,0.025762372765199,0.020926518584705,0.003078181927913,-0.019278847760141,0.017489334654913
1403715948.334058046340942,-0.822501803901559,-1.532931811449701,0.867767685089560,0.018278171817863,-0.895268867291101,-0.024442222657670,-0.444479629956041,0.660217820942258,0.099555145532336,-0.306180399448862,0.667834724197593,0.106161339730618,-0.334625700448776,-0.007616903255335,-0.006606194198282,0.028445300999914,0.033391704365038,0.005308061924364,-0.016731269066242,0.036095949857784
1403715948.384057998657227,-0.783903657953918,-1.528368162698394,0.853111330351947,0.020198817823189,-0.883639024780987,-0.024174746974767,-0.467107764066664,0.808617280333933,0.097428177425956,-0.270202242382629,0.771963655154727,0.091273062070919,-0.293127374300316,0.036653625179206,0.006155115355037,0.022925131917687,0.038598145947641,0.004563648751307,-0.014656354737613,0.051032595045792
1403715948.434057950973511,-0.738258587816708,-1.524691402278481,0.839841979554438,0.021659921649631,-0.869909740882553,-0.023733171364822,-0.492163211840086,0.922505402549675,0.103671310458787,-0.256231995287682,0.912902273355642,0.073535278526967,-0.265387269043189,0.009603129194033,0.030136031931820,0.009155273755507,0.045645070137210,0.003676760419913,-0.013269350797508,0.057224273204890
1403715948.484057903289795,-0.689233878378543,-1.520134051031183,0.827638212616808,0.020753496485963,-0.854782269323270,-0.024309917654867,-0.518001537003300,1.002991947863357,0.101551421125200,-0.235481359074805,0.980495123836329,0.091147111870607,-0.244075571521209,0.022496824027027,0.010404309254592,0.008594212446404,0.049024709438166,0.004557351247297,-0.012203766937630,0.059922644682666
1403715948.534058094024658,-0.636914142197451,-1.514931760042779,0.815820732311023,0.019044256102130,-0.840143158383457,-0.024017142839469,-0.541497891575596,1.046240385613686,0.091426125352887,-0.227664932622561,1.046390731957967,0.104045422866307,-0.236348704516943,-0.000150346344280,-0.012619297513420,0.008683771894382,0.052319736181092,0.005202290988405,-0.011817480305785,0.055477519849058
1403715948.584058046340942,-0.583848457753809,-1.510107993335526,0.803820560513096,0.016341126218911,-0.824496943555616,-0.023934798736623,-0.565123776769994,1.071214298099783,0.085052024970589,-0.249674769313369,1.061314701021426,0.096475426151179,-0.240003664843860,0.009899597078357,-0.011423401180590,-0.009671104469509,0.053065684443643,0.004823766707252,-0.012000171797926,0.056933466531318
1403715948.634057998657227,-0.530676553308635,-1.505452647731102,0.790895726179099,0.014309526760949,-0.811340089875160,-0.022894985179333,-0.583950610633196,1.062113001089830,0.083889375583479,-0.259689680497346,1.063439103078039,0.093107000882241,-0.258496933201845,-0.001326101988209,-0.009217625298762,-0.001192747295501,0.053171904445174,0.004655345604424,-0.012924834333998,0.046164260428045
1403715948.684057950973511,-0.479047023012367,-1.500777584092003,0.777175174578008,0.011503729437970,-0.798290936761431,-0.022042667547687,-0.601758560637867,1.027542927706985,0.076759464335141,-0.275373539040656,1.032591590681434,0.093501361951825,-0.274411293720818,-0.005048662974448,-0.016741897616683,-0.000962245319838,0.051629530296268,0.004675063639099,-0.013720551601091,0.044543144352696
1403715948.734057903289795,-0.429727495861612,-1.496201750956623,0.763385991844817,0.009070381857635,-0.785068643203689,-0.020747910408431,-0.618994731677871,0.974223036336303,0.078983367049842,-0.283185768367543,0.986391483711329,0.091516749984770,-0.275783917671845,-0.012168447375026,-0.012533382934927,-0.007401850695697,0.049319527150755,0.004575833135380,-0.013789182733190,0.043796409796476
1403715948.784058094024658,-0.383726969404095,-1.491790762106521,0.748923274657554,0.006254693640800,-0.774534228369331,-0.019649402593821,-0.632195783653681,0.888898555120351,0.073477067668755,-0.310471454338792,0.920007019602078,0.088219440471583,-0.289253240331730,-0.031108464481727,-0.014742372802827,-0.021218214007062,0.046000526457517,0.004410988850102,-0.014462717187264,0.034315227550831
1403715948.834058046340942,-0.342070908741180,-1.487440323704515,0.733262380318234,0.004986706547055,-0.766037942131303,-0.018383916426267,-0.642513062583076,0.810601764752446,0.067855349220567,-0.317691938080054,0.833122007785345,0.087008851018238,-0.313218185494524,-0.022520243032898,-0.019153501797671,-0.004473752585530,0.041656060662914,0.004350438402007,-0.015660894339319,0.026969992693846
1403715948.884057998657227,-0.305014855357090,-1.482913018947515,0.717464950772983,0.004832218809960,-0.758409969616377,-0.017633410048258,-0.651521320063994,0.718856005419673,0.071320499436752,-0.294489823981571,0.741121774470606,0.090546181491555,-0.315948892217377,-0.022265769050933,-0.019225682054803,0.021459068235806,0.037056053384090,0.004527304756999,-0.015797429545252,0.023657846508475
1403715948.934057950973511,-0.272312920963251,-1.478578004870845,0.702905962545727,0.007561111979280,-0.751686876752564,-0.017510059495978,-0.659244314894000,0.610600908950297,0.071760790525794,-0.281342743794990,0.654039311617279,0.086700364217311,-0.291180042236045,-0.043438402666982,-0.014939573691517,0.009837298441056,0.032701934393839,0.004335014076670,-0.014558988227256,0.021195070291920
1403715948.984057903289795,-0.245366360028942,-1.474280753808169,0.689495871825121,0.010565614663836,-0.744444428441438,-0.019356058576315,-0.667320165846700,0.495777191094626,0.076827728964137,-0.248483622699305,0.538931732651537,0.085945103217166,-0.268202070189549,-0.043154541556911,-0.009117374253029,0.019718447490245,0.026946560934309,0.004297251062676,-0.013410090720606,0.022813030120180
1403715949.034058094024658,-0.224444032182843,-1.469650854736794,0.676160499397642,0.014633476831428,-0.737785792399863,-0.022194221437555,-0.674511232244142,0.367345393497156,0.079421657004643,-0.249028682949299,0.418444960681134,0.092597628195579,-0.266706431145283,-0.051099567183977,-0.013175971190936,0.017677748195984,0.020922327846099,0.004629899071375,-0.013335372427479,0.021968409500285
1403715949.084058046340942,-0.210214128247364,-1.465261623394662,0.664113430553100,0.019140911341627,-0.733803194228362,-0.026275116126024,-0.678583904853209,0.234707419725109,0.075461892720185,-0.238540967942204,0.284598350123714,0.087784710560675,-0.240941606670662,-0.049890930398605,-0.012322817840490,0.002400638728458,0.014229903935479,0.004389231342133,-0.012047068844542,0.016663591362972
1403715949.134057998657227,-0.201782670558643,-1.460267171855525,0.650392064740428,0.025224985547378,-0.733654294825200,-0.030832686553896,-0.678354200420800,0.100623341065834,0.069815163855770,-0.223926542117134,0.168629314591866,0.099889126044428,-0.274427577967964,-0.068005973526032,-0.030073962188658,0.050501035850830,0.008431457688721,0.004994451539137,-0.013721365812672,0.015213496811789
1403715949.184057950973511,-0.200895366135086,-1.455799107907246,0.637982688572462,0.031298205536401,-0.739756026426951,-0.036781761026034,-0.671139736382098,-0.034295254622209,0.073499969831624,-0.264436072784584,0.017746105395143,0.089361364187214,-0.248187760049628,-0.052041360017352,-0.015861394355590,-0.016248312734956,0.000887304423557,0.004468063948279,-0.012409376167967,0.025421037198860
1403715949.234057903289795,-0.206066381414817,-1.452136594028531,0.624560947378089,0.035779547974896,-0.753453805654496,-0.044717401648462,-0.655001939448487,-0.142564704670219,0.057285455006446,-0.261755913176820,-0.103420404224003,0.073250347431283,-0.268435079887088,-0.039144300446216,-0.015964892424838,0.006679166710268,-0.005171015279731,0.003662513878715,-0.013421741194372,0.046092861760698
1403715949.284058094024658,-0.215704764379147,-1.449861710245982,0.611678282672634,0.041707626890098,-0.768734537231102,-0.052780106553032,-0.636020397062493,-0.231265111343735,0.045786867831648,-0.263610125682588,-0.192766923939146,0.045497502091779,-0.257652311243545,-0.038498187404589,0.000289365739869,-0.005957814439042,-0.009638382964330,0.002274883782549,-0.012882664705456,0.052687348501249
1403715949.334058046340942,-0.230059775069584,-1.448338499880818,0.598663591622610,0.046551482409399,-0.786199888975762,-0.061926401977597,-0.613096904900112,-0.293405874074911,0.032298872060513,-0.252085390716539,-0.287100487609101,0.030464236356238,-0.260294069236241,-0.006305386465810,0.001834635704275,0.008208678519702,-0.014355010690437,0.001523210365164,-0.013014691050024,0.061244295551802
1403715949.384057998657227,-0.246809227753189,-1.446901032082571,0.585884718294046,0.050046401147431,-0.804432044995596,-0.070767067337944,-0.587687387049255,-0.329370006629035,0.021332049503647,-0.254962205784374,-0.334989373142858,0.028749383382478,-0.255577710309175,0.005619366513822,-0.007417333878831,0.000615504524801,-0.016749452683605,0.001437467798246,-0.012778873328564,0.065376511779270
1403715949.434057950973511,-0.264446271387337,-1.445981188414827,0.573198237533194,0.053302518594782,-0.821878682754676,-0.078817859425253,-0.561660054998139,-0.343213619320420,0.021873689963004,-0.227815966410714,-0.352741209083202,0.018396890899522,-0.253729857192686,0.009527589762782,0.003476799063481,0.025913890781972,-0.017637043634149,0.000919843667744,-0.012686480760852,0.065032849965836
1403715949.484057903289795,-0.282160852847154,-1.445308868531350,0.562192793416344,0.055506358115402,-0.835620744572008,-0.087286490051909,-0.539479456609893,-0.310350394443655,0.023357049710179,-0.203001249560222,-0.354291967075486,0.013446410493037,-0.220109092249390,0.043941572631831,0.009910639217141,0.017107842689168,-0.017714581459817,0.000672319883477,-0.011005444116850,0.055043460294253
1403715949.534058094024658,-0.297641165986139,-1.444190372949665,0.551813639518918,0.058626539435016,-0.846641679773920,-0.095564362947234,-0.520219422434380,-0.260701952582347,0.035649882445711,-0.196453884643385,-0.309605081730047,0.022369826299598,-0.207582286084942,0.048903129147700,0.013280056146114,0.011128401441557,-0.015480313138985,0.001118495581686,-0.010379153897426,0.047778479713262
1403715949.584058046340942,-0.309588486387321,-1.442625411857633,0.542390381989786,0.060747949466735,-0.854394389645460,-0.105564158359815,-0.505149603630185,-0.186628758400171,0.052833570847964,-0.177489390893675,-0.238946635900899,0.031299251689921,-0.188465330317191,0.052317877500728,0.021534319158043,0.010975939423516,-0.011947320401181,0.001564961092031,-0.009423257529132,0.039583482635229
1403715949.634057998657227,-0.317586186040004,-1.439868614510546,0.533729791333468,0.065396938579188,-0.860566741852025,-0.114589719027865,-0.491952558216517,-0.102893243823440,0.080026145998601,-0.164361848721854,-0.159954145597819,0.055135999523540,-0.173211978314174,0.057060901774379,0.024890146475061,0.008850129592320,-0.007997699652683,0.002756797347088,-0.008660590656318,0.035515746996715
1403715949.684057950973511,-0.321116610875495,-1.435768891132443,0.525801237393205,0.069910268409541,-0.865931468870957,-0.124159856999381,-0.479436727316322,-0.000732862873878,0.105039239084259,-0.153495195387865,-0.070608564047392,0.081994545758144,-0.158571230030572,0.069875701173513,0.023044693326115,0.005076034642708,-0.003530424835491,0.004099723378103,-0.007928553940263,0.034490078348649
1403715949.734057903289795,-0.319431849453357,-1.430356766559445,0.518523101307533,0.074123244264920,-0.870310146664428,-0.134389134530189,-0.467980292098729,0.104424918462250,0.139282694819043,-0.150511962747138,0.033695260577066,0.108242594688149,-0.145562860532985,0.070729657885184,0.031040100130893,-0.004949102214153,0.001684761422138,0.005412124572998,-0.007278136085671,0.033034298164684
1403715949.784058094024658,-0.313095262077927,-1.422963676820699,0.512636384991794,0.076835192280906,-0.873253250231443,-0.146001349537659,-0.458485245259386,0.236291372836675,0.180628825558366,-0.116295116834334,0.126731264067183,0.147861230729078,-0.117733877195685,0.109560108769492,0.032767594829288,0.001438760361351,0.006336587375429,0.007393089738746,-0.005886716315739,0.031049690071837
1403715949.834058046340942,-0.298784972398892,-1.414025845363749,0.508502772402183,0.078895199636091,-0.873485249588423,-0.158233110155113,-0.453609247124076,0.367031436645847,0.222944393925348,-0.103160033144397,0.286206066528085,0.178756799614767,-0.082672330634696,0.080825370117761,0.044187594310581,-0.020487702509701,0.014310289679036,0.008937831456950,-0.004133612589611,0.026660188355963
1403715949.884057998657227,-0.276929812580598,-1.402074190044089,0.505874994090635,0.080033700439049,-0.872302083445924,-0.171480328779470,-0.450863814085382,0.503492968237542,0.280402998166798,-0.068518695656419,0.437103613220372,0.239033334353168,-0.052555616351916,0.066389355017170,0.041369663813630,-0.015963079304503,0.021855159818294,0.011951655319661,-0.002627778311549,0.027256202561494
1403715949.934057950973511,-0.249336068892789,-1.387390078721765,0.506296266686938,0.080724117025544,-0.868529161667002,-0.185520941068033,-0.452462918579735,0.641959045604354,0.339158551332975,-0.023187954238974,0.551875400065572,0.293682506523943,0.008425459961204,0.090083645538782,0.045476044809033,-0.031613414200178,0.027593743687809,0.014684111322324,0.000421272596303,0.029285585083883
1403715949.984057903289795,-0.215200723843213,-1.370263974874756,0.509561675402136,0.079319906757165,-0.862919341908213,-0.200717962222281,-0.456936386594530,0.773592022109550,0.405004567712043,0.019005835485596,0.682707552072174,0.342522403594998,0.065308236586765,0.090884470037376,0.062482164117044,-0.046302401101170,0.034135345049576,0.017126103847009,0.003265408715199,0.033728918923400
1403715950.034058094024658,-0.173895296203146,-1.350761841024803,0.514490775105169,0.079268332369266,-0.856438170971230,-0.215739958863779,-0.462262329133908,0.883874407241771,0.487219882493226,0.040261469860408,0.826105401459326,0.390041189110003,0.098581618001621,0.057769005782445,0.097178693383223,-0.058320148141213,0.041305427640067,0.019502133849953,0.004929099703032,0.034411718177073
1403715950.084058046340942,-0.129705764288781,-1.326361851055011,0.520684912714818,0.080824736816489,-0.845959361744050,-0.229743306719172,-0.474381843259084,0.972490018587543,0.561085491336749,0.078889504996960,0.883791481136533,0.488000264789154,0.123882870336893,0.088698537451010,0.073085226547595,-0.044993365339933,0.044189531914365,0.024399989969792,0.006194137609649,0.042671839896283
1403715950.134057998657227,-0.080790073108054,-1.296654680834062,0.526303192805440,0.085789525084666,-0.830876787440522,-0.240569018868101,-0.494378871554099,1.035085416388302,0.648295558672408,0.103982210199314,0.978314756608190,0.594143971038822,0.112365708972732,0.056770659780112,0.054151587633586,-0.008383498773418,0.048915691180727,0.029707170220949,0.005618280090622,0.055471061516335
1403715950.184057950973511,-0.026885499110555,-1.261974406316313,0.531528797023523,0.094646003401503,-0.815158274477239,-0.245814892136545,-0.515881924858112,1.076329592867942,0.716361818766642,0.111827516723662,1.078092508099121,0.693606151829349,0.104512184032240,-0.001762915231179,0.022755666937293,0.007315332691422,0.053904573997499,0.034680274517749,0.005225604218083,0.057112687186719
1403715950.234057903289795,0.025232069077316,-1.225438203132351,0.539588320256646,0.106661250291866,-0.796455411097693,-0.246648361202876,-0.541707247261208,1.072303905593012,0.755725801795285,0.108949181794158,1.042352357822098,0.730724760552690,0.161190618385810,0.029951547770914,0.025001041242595,-0.052241436591652,0.052117568187871,0.036536203183963,0.008059523233123,0.068173827951120
1403715950.284058094024658,0.077535775549219,-1.187000046078810,0.545701369517920,0.121613909522142,-0.779783661741953,-0.243036452383636,-0.563986507554772,1.042469131907411,0.790761140631286,0.117394191507559,1.046070138997160,0.768760208483347,0.122260518838624,-0.003601007089749,0.022000932147940,-0.004866327331065,0.052303706471903,0.038438157053541,0.006113049261275,0.063593262140007
1403715950.334058046340942,0.127728720832858,-1.147883241684562,0.551753271031075,0.134874588232757,-0.764201237743695,-0.238806836429363,-0.583760745986443,0.991320074572272,0.792832753284491,0.110850892240620,1.003859863028143,0.782336833979497,0.121038145694072,-0.012539788455871,0.010495919304994,-0.010187253453452,0.050192945283639,0.039116804394248,0.006051901513155,0.057536936757404
1403715950.384057998657227,0.174932394330492,-1.109387848151045,0.557280434330972,0.146970333570070,-0.749887158854092,-0.233527506519312,-0.601276869449436,0.932829628223726,0.775224693696424,0.074698913790566,0.944074370292161,0.769908604912408,0.110543371420316,-0.011244742068435,0.005316088784016,-0.035844457629750,0.047203673497634,0.038495393533517,0.005527163299897,0.052380340665462
1403715950.434057950973511,0.218488836827149,-1.072218483627067,0.562685957599622,0.155763822288024,-0.736361878924751,-0.228924862335943,-0.617334773309511,0.850120649883978,0.747458536196920,0.097790939299156,0.871129680707139,0.743387999429609,0.108110568475274,-0.021009030823161,0.004070536767311,-0.010319629176118,0.043556442496657,0.037169364523978,0.005405523268650,0.046446678657314
1403715950.484057903289795,0.258276691393756,-1.036641942326920,0.568049969202144,0.162711005227572,-0.722951108639811,-0.224628475655449,-0.632778690553823,0.751119030765053,0.702695235118430,0.088525747936714,0.795757850225963,0.711531504572261,0.107280334360928,-0.044638819460910,-0.008836269453831,-0.018754586424214,0.039787854566607,0.035576541300147,0.005364011602521,0.044050209491538
1403715950.534058094024658,0.292812712810166,-1.003251613781854,0.573800293932315,0.167597682036304,-0.710731583587347,-0.220363067928393,-0.646692934367360,0.647644668774083,0.650880827214017,0.087180589698148,0.690717793448935,0.667804023431139,0.115006055890129,-0.043073124674852,-0.016923196217123,-0.027825466191980,0.034536021416411,0.033390328545066,0.005750324730171,0.039243274032640
1403715950.584058046340942,0.320019223530086,-0.972500176659106,0.579921910785638,0.169930530650773,-0.702659213807417,-0.217469349569747,-0.655820650789528,0.520436184239565,0.600172188931227,0.088566306600381,0.544130733321898,0.615029328992630,0.122432453827149,-0.023694549082333,-0.014857140061403,-0.033866147226768,0.027206510719920,0.030751437122748,0.006121616853323,0.025479116510666
1403715950.634057998657227,0.337535244307763,-0.945446337363494,0.588248537567430,0.173179161996072,-0.696191084344898,-0.214445970533749,-0.662827185358938,0.372059202407182,0.532361185386940,0.122853538759702,0.350320749645449,0.541077301923766,0.166532694453802,0.021738452761733,-0.008716116536826,-0.043679155694099,0.017516020777677,0.027053839295612,0.008326626781792,0.021035557670267
1403715950.684057950973511,0.351973420765258,-0.920738932348288,0.595214967073229,0.175575035009939,-0.689945051564889,-0.211958192572122,-0.669494553752262,0.224060035448217,0.464383544008617,0.135567124662781,0.288763804536522,0.494148571560918,0.139328722990193,-0.064703769088305,-0.029765027552301,-0.003761598327412,0.014438176457495,0.024707405015206,0.006966429505798,0.019534250110140
1403715950.734057903289795,0.357623509872919,-0.900261878820601,0.605067333331035,0.178002050652125,-0.683180022378858,-0.209208166372780,-0.676618260253890,0.070000628101816,0.391401607193467,0.166195436926057,0.113001889920206,0.409541461122922,0.197047513075273,-0.043001261818390,-0.018139853929455,-0.030852076149216,0.005650089107660,0.020477053527687,0.009852366257806,0.020973017995098
1403715950.784058094024658,0.355848779334795,-0.883185268776224,0.614451538455453,0.180203365568028,-0.677033848709448,-0.207427588913595,-0.682733996588071,-0.098272859876704,0.317008954932335,0.171307247610640,-0.035494475361802,0.341530898050555,0.187683386533062,-0.062778384514902,-0.024521943118219,-0.016376138922422,-0.001774730538124,0.017076610044377,0.009384205124418,0.018242204023217
1403715950.834058046340942,0.345979788106163,-0.869098509606403,0.623476692243645,0.183219232746487,-0.671839879029774,-0.205643160087004,-0.687584744163567,-0.271870750299913,0.233050677723164,0.204192848184238,-0.197380012808873,0.281735452080270,0.180503247905156,-0.074490737491040,-0.048684774357106,0.023689600279082,-0.009868991228631,0.014086759169820,0.009025153788192,0.015847655052613
1403715950.884057998657227,0.326775806789553,-0.858752171746061,0.631060337818098,0.184436031576012,-0.668681563956684,-0.205461957031943,-0.690386631166580,-0.443907064474868,0.147797704045464,0.196503166012024,-0.384079992619441,0.206926954547764,0.151673056135763,-0.059827071855427,-0.059129250502300,0.044830109876261,-0.019203981316611,0.010346337860342,0.007583645574453,0.008795223700023
1403715950.934057950973511,0.300006266288530,-0.853833752715157,0.640243227627503,0.186000296182292,-0.671808698844357,-0.205970244567955,-0.686770136457438,-0.607402658530433,0.065355986642224,0.180231433578926,-0.535391320609395,0.098368474429580,0.183657971337992,-0.072011337921038,-0.033012487787356,-0.003426537759065,-0.026769540501022,0.004918419030905,0.009182889809405,0.010112040550000
1403715950.984057903289795,0.265568680534481,-0.853196869187995,0.647902961690621,0.187642814662001,-0.684163257978520,-0.207704691110914,-0.673475739599029,-0.766949428102133,-0.027923764376355,0.144541169337696,-0.688752371926445,0.012737682690842,0.153194827360331,-0.078197056175688,-0.040661447067198,-0.008653658022635,-0.034437585754050,0.000636883527162,0.007659734063118,0.036611017363149
1403715951.034058094024658,0.226017261302256,-0.856651322948472,0.654285027701650,0.186017924323114,-0.703046851157342,-0.211554740410624,-0.652967877248230,-0.897138184473122,-0.105147223174160,0.125278424513918,-0.791025367122184,-0.069088811656655,0.127640833309428,-0.106112817350939,-0.036058411517505,-0.002362408795510,-0.039551419232224,-0.003454453760478,0.006382066011028,0.056380077421126
1403715951.084058046340942,0.180771385510417,-0.863617623470006,0.660670377141357,0.182710008091406,-0.722910705187729,-0.216277055948329,-0.630270894408540,-0.998901929481870,-0.169923930042980,0.138911389852933,-0.904918378834200,-0.139326143302434,0.127707110585134,-0.093983550647670,-0.030597786740547,0.011204279267799,-0.045245875791839,-0.006966300521533,0.006385349439707,0.061417991149769
1403715951.134057998657227,0.129110338934056,-0.873717983610768,0.667905268823114,0.178927962500525,-0.741712003472117,-0.222607782641844,-0.606872196799352,-1.076095670704135,-0.218521304154018,0.148571101345088,-1.033221916884419,-0.202007395464516,0.144697971629883,-0.042873753819716,-0.016513908689502,0.003873129715205,-0.051661046576361,-0.010100360140763,0.007234891681757,0.061820576087717
1403715951.184057950973511,0.075244100852111,-0.887528113513539,0.674915190989670,0.172567278476811,-0.760527477442461,-0.231415875052562,-0.581605693943732,-1.124152376230462,-0.253443799475001,0.139915942628059,-1.077325789056850,-0.276202861462979,0.140198577034912,-0.046826587173612,0.022759061987978,-0.000282634406852,-0.053866238081946,-0.013810129902770,0.007009922166556,0.066650185164063
1403715951.234057903289795,0.018536579001573,-0.902603517306615,0.683011407848713,0.166604815083502,-0.779082228073465,-0.240795776911673,-0.554338444736228,-1.140665463126760,-0.263300110983429,0.157022614054955,-1.134151518621924,-0.301508363402312,0.161924491604072,-0.006513944504836,0.038208252418883,-0.004901877549117,-0.056707521850537,-0.015075403793076,0.008096216859042,0.069611420683203
1403715951.284058094024658,-0.038093180472452,-0.915546316557406,0.691105927014558,0.162056274060404,-0.794403300984894,-0.250086201274012,-0.529261798502685,-1.125768794975941,-0.251116123954975,0.144158903785513,-1.132590868989207,-0.258854997562360,0.161889765756463,0.006822074013267,0.007738873607384,-0.017730861970950,-0.056629759474025,-0.012942799250791,0.008094519165845,0.062310614928030
1403715951.334058046340942,-0.093623615409418,-0.927822143145083,0.698278304121690,0.159751239914710,-0.807182439398119,-0.258196779809079,-0.506231640426827,-1.093124157749546,-0.231213182440162,0.167841463622173,-1.110609757899319,-0.245516765896574,0.143447678945010,0.017485600149773,0.014303583456412,0.024393784677163,-0.055530434936966,-0.012275826587677,0.007172377107132,0.055311408335730
1403715951.384057998657227,-0.146868980210000,-0.939373540548179,0.706658901020792,0.157709719825332,-0.817063080704037,-0.266977273851915,-0.486064503610007,-1.036017857561886,-0.186335775784504,0.164779917953688,-1.064908311587361,-0.231028168387548,0.167612097829381,0.028890454025475,0.044692392603044,-0.002832179875693,-0.053245364800583,-0.011551397403096,0.008380596899101,0.048399749584103
1403715951.434057950973511,-0.197042617812457,-0.948450081359378,0.714868618643433,0.156428588329807,-0.824975800561842,-0.275982497375268,-0.467737839374795,-0.951834087782559,-0.133769924377045,0.178612616956154,-1.003473709036238,-0.181530989345431,0.164194509040917,0.051639621253680,0.047761064968386,0.014418107915237,-0.050173637602457,-0.009076540811199,0.008209717622642,0.043874019855118
1403715951.484057903289795,-0.242823279155766,-0.953951053810972,0.723300502456587,0.155545887176117,-0.831947904477281,-0.284848828946947,-0.450032560895330,-0.856295427406161,-0.069214652374384,0.198332280544526,-0.915614100063822,-0.110019553954711,0.168637837088658,0.059318672657661,0.040804901580328,0.029694443455868,-0.045780661343309,-0.005500972451594,0.008431883813154,0.042023534300460
1403715951.534058094024658,-0.283487346834831,-0.955809006591661,0.732703804753482,0.156355609692844,-0.837419554601578,-0.292896278831307,-0.434158015859718,-0.748369546978619,0.010799645717021,0.198002669084451,-0.813278251170976,-0.037158913863762,0.188065328525599,0.064908704192357,0.047958559580783,0.009937340558852,-0.040664067679065,-0.001857952780688,0.009403302296895,0.037275583997336
1403715951.584058046340942,-0.319490641871281,-0.957242588148960,0.738909574626942,0.156462993124092,-0.841033980957471,-0.301990011883469,-0.420693721583887,-0.644064643088342,0.087003160403868,0.213071301443172,-0.720066587438016,-0.028671658489398,0.124115515834977,0.076001944349674,0.115674818893265,0.088955785608195,-0.036003295036450,-0.001433581557299,0.006205769873460,0.033290551649899
1403715951.634057998657227,-0.348458483392687,-0.952438481059010,0.746465238815621,0.158348954041595,-0.843585749758740,-0.310038117169757,-0.408858236384873,-0.502990347395623,0.176989851406725,0.217690015967935,-0.579357382946374,0.096082233430150,0.151113427886571,0.076367035550752,0.080907617976574,0.066576588081363,-0.028967841521406,0.004804107089950,0.007555664188679,0.029320500028987
1403715951.684057950973511,-0.374236468217577,-0.948561056796580,0.753078583785432,0.159489972203245,-0.844245902630101,-0.319182164848866,-0.399918179508365,-0.370246526017987,0.274429652077957,0.224792058992588,-0.515560188174322,0.077548559204671,0.132267025535899,0.145313662156334,0.196881092873286,0.092525033456689,-0.025777984824891,0.003877424262430,0.006613344969812,0.025712115865252
1403715951.734057903289795,-0.389165361538954,-0.931481493408956,0.763134405765243,0.162686301415002,-0.844493629557718,-0.326679592437213,-0.391974643125541,-0.233411747026973,0.386484465138399,0.236278878566186,-0.298578151173848,0.341591593519613,0.201116631395987,0.065166404146875,0.044892871618786,0.035162247170200,-0.014928893321377,0.017079563387624,0.010055821979811,0.022767562824080
1403715951.784058094024658,-0.396002010648167,-0.911959424569252,0.772061299563559,0.165331965087372,-0.843166666961154,-0.334986453433434,-0.386677370765418,-0.088645991799952,0.490143450665832,0.243920952032682,-0.136732460591323,0.390439887384111,0.178537194900964,0.048086468791371,0.099703563281721,0.065383757131717,-0.006836649109213,0.019522068839704,0.008926893798316,0.020574385369417
1403715951.834058046340942,-0.386297580326624,-0.881335917529932,0.780506515489129,0.170685512540284,-0.840259290103602,-0.341712526488371,-0.384789982255757,0.089262794961607,0.628040802854254,0.262224347455079,0.194088791528369,0.612470724883985,0.168904479591267,-0.104825996566762,0.015570077970269,0.093319867863813,0.009704430321544,0.030623507039319,0.008445215925570,0.018538200536210
1403715951.884057998657227,-0.371570865120187,-0.844519159725377,0.793456325778168,0.179004398167325,-0.832832208207128,-0.347491906491615,-0.391914931244543,0.251333483524060,0.767237847662845,0.326204266594595,0.294534585018810,0.736335858315709,0.258996452779038,-0.043201101494749,0.030901989347137,0.067207813815557,0.014726715206437,0.036816757804556,0.012949810289039,0.028881492951119
1403715951.934057950973511,-0.341389424057048,-0.799603194201858,0.805827196281318,0.193382521759568,-0.819716170940562,-0.350301981909888,-0.409825720088989,0.389147673385723,0.874619806088316,0.370077336612151,0.603629396928633,0.898320167175246,0.247417646018857,-0.214481723542910,-0.023700361086930,0.122659690593294,0.030181441063139,0.044915965523519,0.012370870503150,0.053197573779281
1403715951.984057903289795,-0.316269182951474,-0.753432894783576,0.822907330383361,0.209479325663576,-0.802683261313005,-0.352642949127120,-0.432967602204113,0.489165766139369,0.959705282515880,0.383893122660086,0.502405301242512,0.923406868995061,0.341603007818884,-0.013239535103142,0.036298413520819,0.042290114841202,0.025120241105574,0.046170299418282,0.017080134102043,0.066040987591649
1403715952.034058094024658,-0.287002873891505,-0.703424729395415,0.839393621007087,0.226976706259271,-0.783396728936273,-0.354302399448138,-0.457428627933290,0.553710304399518,0.996265615165676,0.373721881346129,0.585323948365717,1.000159492457539,0.329724554675156,-0.031613643966199,-0.003893877291863,0.043997326670973,0.029266309059969,0.050008165388161,0.016486290623726,0.071536301415909
1403715952.084058046340942,-0.256098335652117,-0.652743438119854,0.857059188727983,0.246657006726708,-0.762096635394325,-0.353712082588567,-0.482966667570474,0.586706101373897,1.012428941371039,0.359294270617433,0.618091354245611,1.013626792181053,0.353311691362197,-0.031385252871714,-0.001197850810014,0.005982579255236,0.030904538239388,0.050681291275561,0.017665567720896,0.077297712292765
1403715952.134057998657227,-0.224775863939447,-0.601913432318768,0.874726262833013,0.264949550711798,-0.740112707291318,-0.353854342103625,-0.506776105058184,0.589466286158714,1.001878502019221,0.363665545105370,0.626450031682693,1.016601085528054,0.353341819073618,-0.036983745523979,-0.014722583508833,0.010323726031753,0.031322471712669,0.050830005801085,0.017667074105030,0.074430629489266
1403715952.184057950973511,-0.193778002496779,-0.552213076877205,0.891114793514838,0.280832155916535,-0.720716293611002,-0.355251994698589,-0.524878409338358,0.575706968194407,0.965454224911963,0.329232482947527,0.619957820091210,0.994008056791222,0.327770926223223,-0.044250851896802,-0.028553831879259,0.001461556724304,0.030997861442668,0.049700355441563,0.016388530681825,0.061909655945443
1403715952.234057903289795,-0.163922072739374,-0.505277604621709,0.906667667336437,0.295412772979967,-0.704183611766060,-0.355667907353091,-0.538847913756253,0.563478359368246,0.904248439397331,0.301955133603362,0.597119164605322,0.938710340333860,0.311057773079786,-0.033640805237077,-0.034461900936529,-0.009102639476425,0.029855929757406,0.046935472255496,0.015552873821599,0.052202784520214
1403715952.284058094024658,-0.134172196595241,-0.461342450725454,0.920595128606333,0.307305283743507,-0.690367261511041,-0.356628272515020,-0.549338494973747,0.549429624195392,0.833394887148466,0.285752261788749,0.594995253155884,0.878699725951664,0.278548162821002,-0.045565628960492,-0.045304838803198,0.007204098967747,0.029749876144132,0.043935153896255,0.013927461269896,0.042110061468107
1403715952.334058046340942,-0.108079124878288,-0.421816410907381,0.935327692214388,0.317313596112538,-0.678421011136293,-0.357794722740101,-0.557709556803784,0.511740567625153,0.746998450261271,0.286887112077344,0.521861932025375,0.790521550261556,0.294651553162722,-0.010121364400222,-0.043523100000285,-0.007764441085378,0.026093071716953,0.039526039818073,0.014732563608055,0.035458298319415
1403715952.384057998657227,-0.084061978272863,-0.386845180609518,0.949412737222327,0.325746982715347,-0.667697862066799,-0.358934288099635,-0.565008535395424,0.471022814911014,0.642983569778302,0.271233583591194,0.480343390199672,0.699425272981183,0.281701168809957,-0.009320575288659,-0.056441703202881,-0.010467585218764,0.024017146605426,0.034971230297863,0.014085045007939,0.031028145977952
1403715952.434057950973511,-0.062769290486399,-0.356910574126979,0.962855817985078,0.333765573532042,-0.657393068575863,-0.358986368047543,-0.572331794389646,0.420059060227425,0.544772517791222,0.263863507406687,0.425854161855453,0.598692700608626,0.268861871661684,-0.005795101628028,-0.053920182817404,-0.004998364254998,0.021292687786464,0.029934606482539,0.013443080762751,0.029941515533489
1403715952.484057903289795,-0.039182924689937,-0.330958783729424,0.970456675345508,0.340513462301412,-0.649408826076404,-0.361058294903848,-0.576155939209775,0.372984054409667,0.434340092234038,0.264950647803905,0.471727765803889,0.519036302942701,0.152017292183586,-0.098743711394222,-0.084696210708662,0.112933355620319,0.023586365796462,0.025951790397555,0.007600857360430,0.022645128857569
1403715952.534058094024658,-0.021874595808262,-0.312062303336581,0.982605091149004,0.345615027794279,-0.641217869322230,-0.364364766905452,-0.580196702216201,0.313048792249195,0.318726247079339,0.250155629997446,0.346165257117849,0.377928166175303,0.242967389222885,-0.033116464868654,-0.059201919095964,0.007188240774561,0.017308328881675,0.018896480392842,0.012148415803496,0.021943515980290
1403715952.584058046340942,-0.007745815535794,-0.298914346268822,0.995434421842236,0.352194606763534,-0.633018758006930,-0.366984156321532,-0.583582761900158,0.250692850393001,0.197391305176965,0.260199237120750,0.282575874934711,0.262959392132805,0.256586858564935,-0.031883024541709,-0.065568086955840,0.003612378555815,0.014128780272468,0.013147957067759,0.012829330693232,0.022701918004187
1403715952.634057998657227,0.007211567080567,-0.291344381278488,1.004129857901379,0.360002879729741,-0.624311746522338,-0.367945576512091,-0.587578779795277,0.195097848963749,0.059108218050209,0.271276664305256,0.299147937616918,0.151399444192436,0.173908887035286,-0.104050088653169,-0.092291226142227,0.097367777269970,0.014957382616361,0.007569964990334,0.008695436059142,0.024793195156310
1403715952.684057950973511,0.016520008811032,-0.293573556833259,1.018416290197868,0.367764185592055,-0.614209023498578,-0.367021886999916,-0.593962720809780,0.128549968552000,-0.101722696180755,0.292386105579200,0.186169012153910,-0.044583553613607,0.285728918422126,-0.057619043601911,-0.057139142567147,0.006657187157075,0.009308441730465,-0.002229175554771,0.014286432296490,0.028559709482843
1403715952.734057903289795,0.020747709757689,-0.303414076254827,1.033586373129989,0.375497380171797,-0.602595713203656,-0.364877308226876,-0.602282885240651,0.050476935444248,-0.269425896211568,0.283393644773470,0.084554099570220,-0.196810576124539,0.303401947989054,-0.034077164125972,-0.072615320087028,-0.020008303215584,0.004227700946657,-0.009840519421567,0.015170082932120,0.032772039081611
1403715952.784058094024658,0.021193597649081,-0.321325474232213,1.048923997177262,0.382197640725915,-0.591678958210610,-0.362613747074414,-0.610206722567856,-0.026846974203927,-0.436651819028800,0.287251479316334,0.008917723809418,-0.358226593021727,0.306751310782072,-0.035764698013345,-0.078425226007073,-0.019499831465738,0.000445887891392,-0.017911397977387,0.015337624047273,0.030462069716052
1403715952.834058046340942,0.019996548449134,-0.346776921908622,1.062808075934394,0.386919270849920,-0.583949166844491,-0.361010837108038,-0.615603788062700,-0.096942266166840,-0.607406416662469,0.264421673194232,-0.023941006830858,-0.509029438976474,0.277681839960682,-0.073001259335982,-0.098376977685995,-0.013260166766450,-0.001197049199947,-0.025451447676409,0.013884078757132,0.021329995781556
1403715952.884057998657227,0.013602321577011,-0.381798073338803,1.075935337832291,0.385820162530738,-0.586537435424956,-0.364877722719473,-0.611539766894126,-0.179232649502769,-0.790254637763225,0.198345956422551,-0.127884659402777,-0.700423696579716,0.262545488340834,-0.051347990099991,-0.089830941183509,-0.064199531918283,-0.006394226872123,-0.035021151430181,0.013127261897897,0.012550119511833
1403715952.934057950973511,0.003360079758478,-0.425141126285721,1.085610777211296,0.378176875029370,-0.600579698236496,-0.375275967720544,-0.596199819951826,-0.246589504437867,-0.950603850559924,0.143032346826179,-0.204845031726113,-0.866861885642268,0.193508972124642,-0.041744472711754,-0.083741964917656,-0.050476625298464,-0.010242241818533,-0.043343052946918,0.009675439379005,0.048951909736086
1403715952.984057903289795,-0.008984610742080,-0.474216089495266,1.093420288205085,0.365905064804408,-0.620210447691099,-0.389807036553052,-0.574023482428215,-0.306071986677368,-1.074391409914388,0.100760400068319,-0.246894045467678,-0.981500200222438,0.156190368830519,-0.059177941209690,-0.092891209691950,-0.055429968762200,-0.012344690500558,-0.049074963209545,0.007809510993789,0.070399814945898
1403715953.034058094024658,-0.024522468264540,-0.529543230100247,1.099703950416323,0.352887225678985,-0.640443844056975,-0.405351507872704,-0.548627782405740,-0.346503069318904,-1.167966271627907,0.047904252853582,-0.310755965009266,-1.106538590989878,0.125672764821196,-0.035747104309638,-0.061427680638029,-0.077768511967614,-0.015537857522460,-0.055327140604981,0.006283662211237,0.076566458021129
1403715953.084058046340942,-0.041877861686178,-0.588876504160688,1.103035425868813,0.338795160848538,-0.660864182266407,-0.420747016856705,-0.521007024318435,-0.375503280667126,-1.249535780812174,-0.039127229895792,-0.347108199460925,-1.186666612902299,0.066629572592721,-0.028395081206202,-0.062869167909875,-0.105756802488514,-0.017355393421637,-0.059333274060441,0.003331475452490,0.080392089479477
1403715953.134057998657227,-0.060723602108645,-0.651746990569966,1.100951515449467,0.322535811394458,-0.680266181327077,-0.435851156450507,-0.493196048576579,-0.384463163467358,-1.280380101369841,-0.102942677254393,-0.376915167903666,-1.257410927346068,-0.041678248134399,-0.007547995563692,-0.022969174023773,-0.061264429119994,-0.018845740422468,-0.062870486409278,-0.002083910419346,0.081058355595399
1403715953.184057950973511,-0.078800076883217,-0.716727729612071,1.096182574025515,0.308022728233239,-0.697928724199583,-0.447978377709207,-0.466189733835830,-0.365804659026688,-1.285734861141987,-0.135085359344438,-0.361529840273164,-1.299616020252520,-0.095378919439470,-0.004274818753525,0.013881159110533,-0.039706439904968,-0.018076474774572,-0.064980739042105,-0.004768941423952,0.074810926119273
1403715953.234057903289795,-0.096398270993977,-0.780368923986717,1.089819321725821,0.294293772971754,-0.711863393098221,-0.458053690383166,-0.443653582745704,-0.342472155266144,-1.260800191031654,-0.177493307031554,-0.351964217874420,-1.272825101353531,-0.127265167363400,0.009492062608276,0.012024910321876,-0.050228139668154,-0.017598194110759,-0.063641194374646,-0.006363252299694,0.062996230542661
1403715953.284058094024658,-0.113125348539513,-0.841851109635169,1.082683817393340,0.283619404932681,-0.722331731283973,-0.465806590666313,-0.425230670598625,-0.308802910074317,-1.190205124875942,-0.213952752669773,-0.334540274740856,-1.229639022268417,-0.142709542255915,0.025737364666540,0.039433897392475,-0.071243210413858,-0.016727077545536,-0.061482185648452,-0.007135504332481,0.049922810139070
1403715953.334058046340942,-0.128173945262966,-0.900158450523991,1.072529336285181,0.275407341395555,-0.730199475148303,-0.472206309344358,-0.409854515912605,-0.272865883280992,-1.117891395666338,-0.267685285304865,-0.300972221498534,-1.166147929901778,-0.203089815844719,0.028106338217542,0.048256534235440,-0.064595469460146,-0.015048596723453,-0.058307340888822,-0.010154481108159,0.040335378967491
1403715953.434057950973511,-0.152230709854957,-1.004085972089537,1.042290432301536,0.261555675072586,-0.742022826386017,-0.486682331799493,-0.379645969126024,-0.177500289775951,-0.917652788806932,-0.337736991378072,-0.240567875343312,-1.039276206786481,-0.302389328217388,0.063067585567362,0.121623417979549,-0.035347663160684,-0.024056764591991,-0.103927521565546,-0.030238903983645,0.076261339476307
1403715953.484057903289795,-0.161474526407689,-1.047710319442576,1.026632619548481,0.257478724164922,-0.744934941423011,-0.494461429625700,-0.366448542447653,-0.114212959646153,-0.779580807344939,-0.326953933186966,-0.184876507366630,-0.872487779129968,-0.313156553710469,0.070663547720477,0.092906971785030,-0.013797379476497,-0.009243816552733,-0.043624347353039,-0.015657812753055,0.032236252944423
1403715953.534058094024658,-0.166890746982719,-1.083327262464626,1.011487737063780,0.254516092008154,-0.745996206044668,-0.503251796952424,-0.354187589195351,-0.043775105917218,-0.623028324145886,-0.291570426168662,-0.108323998277345,-0.712336143094256,-0.302896494235577,0.064548892360127,0.089307818948369,0.011326068066915,-0.005416220575030,-0.035616943022050,-0.015144882484700,0.030822699762004
1403715953.584058046340942,-0.166164504633271,-1.111944015305531,0.999461979394584,0.252177670911937,-0.745593491194836,-0.512927113683890,-0.342640546680105,0.038018391045871,-0.458971323778821,-0.258446313783370,0.014524860840947,-0.572335602639876,-0.240515382757270,0.023493530204924,0.113364278861055,-0.017930931026100,0.000726242349448,-0.028616752840906,-0.012025757669196,0.030501202924610
1403715953.634057998657227,-0.165796170386525,-1.132492866893783,0.991939813021676,0.251093877818766,-0.743177230351138,-0.523415562573376,-0.332679451823437,0.107014550722792,-0.267264447558790,-0.206641180757453,0.007366691960356,-0.410977423703643,-0.150443470932239,0.099647858762437,0.143712976144853,-0.056197709825214,0.000368334246747,-0.020548851588251,-0.007522166372908,0.029410732169185
1403715953.684057950973511,-0.158420928113562,-1.143877686370727,0.986188793356213,0.250615141485638,-0.739850363061219,-0.533887996288895,-0.323692907792162,0.182661262503003,-0.071186559271049,-0.165880251415713,0.147504986130972,-0.227696606687289,-0.115020503001350,0.035156276372031,0.156510047416240,-0.050859748414363,0.007375242272963,-0.011384819476944,-0.005751019665463,0.028406370217608
1403715953.734057903289795,-0.148192604326742,-1.144985557614323,0.981499851131980,0.250485690004241,-0.736156439949937,-0.543430869342722,-0.316249119000746,0.266628084358379,0.119906226244875,-0.118549164144517,0.204566670826390,-0.022157446002901,-0.093778933919232,0.062061413531989,0.142063672247776,-0.024770230225285,0.010228323786820,-0.001107871243596,-0.004688942224234,0.025309316892963
1403715953.784058094024658,-0.135966233336156,-1.139513265394109,0.979939556863619,0.249984776911978,-0.731199713370396,-0.552486997346465,-0.312430325420576,0.337003984354594,0.338357905554814,-0.077217683810989,0.244526487017192,0.109445426903104,-0.031205766326653,0.092477497337402,0.228912478651710,-0.046011917484336,0.012226370990586,0.005472292220214,-0.001560294268360,0.022037959947240
1403715953.834058046340942,-0.122765920377416,-1.127887343740696,0.983993117972916,0.250925774378647,-0.723557033780727,-0.560890861517203,-0.314488340142210,0.401209838136977,0.544707694361262,0.010340121399890,0.264006510951033,0.232518654815332,0.081071299501552,0.137203327185944,0.312189039545930,-0.070731178101662,0.013200312958740,0.011625921653413,0.004053561109297,0.023165308976326
1403715953.884057998657227,-0.102791869859785,-1.100436641880931,0.985286319203539,0.251324894587797,-0.711916802964522,-0.570188765040565,-0.323875030279770,0.452047049124775,0.743892689249757,0.044068698065576,0.399481391327751,0.549014560776376,0.025864049278345,0.052565657797024,0.194878128473381,0.018204648787231,0.019974050517630,0.027450701859765,0.001293201230623,0.035226311294466
1403715953.934057950973511,-0.081716874902406,-1.065809543911168,0.986697150335254,0.252220481723230,-0.695650267204425,-0.579791435308717,-0.341024084018082,0.476215078374018,0.922070422300533,0.043915792963772,0.421500301121608,0.692542619855368,0.028216649543795,0.054714777252410,0.229527802445165,0.015699143419978,0.021074994957380,0.034627097969763,0.001410831131715,0.051058357927203
1403715953.984057903289795,-0.057928447033240,-1.016078879984253,0.987510455612136,0.255418371706355,-0.674155781280899,-0.588061024381007,-0.366687427606096,0.477115110691429,1.075095335958436,0.037198173280216,0.475769011111992,0.994614227076349,0.016266121050216,0.001346099579437,0.080481108882088,0.020932052230000,0.023788427869165,0.049730663926915,0.000813305276882,0.069263340917517
1403715954.034058094024658,-0.035741088718095,-0.959491312718844,0.987217486081196,0.259489266106762,-0.650634887395413,-0.593976490322368,-0.395640610938330,0.429587109941944,1.187715179129512,-0.005598058073708,0.443745473548261,1.131747028035881,-0.005859368267080,-0.014158363606317,0.055968151093632,0.000261310193372,0.022187358315145,0.056587567265409,-0.000292969530940,0.075980465046294
1403715954.084058046340942,-0.015613454503392,-0.896007938953215,0.984087143046682,0.269920315723716,-0.630830500284348,-0.593202151537104,-0.421078508692096,0.377758574842386,1.277710120932677,-0.080380474585076,0.402553068198588,1.269668686163004,-0.062606920396903,-0.024794493356202,0.008041434769673,-0.017773554188173,0.020127634214703,0.063483373765629,-0.003130343034515,0.067788399157768
1403715954.134057998657227,0.001539607869377,-0.828801551577762,0.978986032977958,0.283079277049128,-0.611759083595980,-0.588981163712000,-0.445778123437667,0.303677119094993,1.354082799735575,-0.102307211976897,0.343061574624391,1.344129029370385,-0.102022298670511,-0.039384455529398,0.009953770365190,-0.000284913306386,0.017153062372769,0.067206387375453,-0.005101110068723,0.068260617590689
1403715954.184057950973511,0.014869764423396,-0.759577260688237,0.973324642289893,0.299318290378962,-0.594855578802808,-0.580799822609167,-0.468216795372562,0.223571237808733,1.388711981190621,-0.111755802161336,0.266603385333181,1.384487138140327,-0.113227921743864,-0.043032147524448,0.004224843050294,0.001472119582528,0.013330156554019,0.069224290889525,-0.005661390688065,0.066931812822095
1403715954.234057903289795,0.023767464240163,-0.689851154258915,0.967916206012997,0.317286397575201,-0.581140111071305,-0.569426744438416,-0.487194720759626,0.132491019463780,1.401219470184574,-0.119626499192379,0.177954166045652,1.394523458507648,-0.108168828695770,-0.045463146581872,0.006696011676926,-0.011457670496609,0.008897699816767,0.069726106429322,-0.005408436276897,0.063263225150592
1403715954.284058094024658,0.027793418460869,-0.619845614203721,0.961373449972535,0.335557642176998,-0.570730062148263,-0.556587386078224,-0.501875230107508,0.045729005082829,1.379741798948576,-0.128162286754960,0.080518777259355,1.400105460125409,-0.130854621638467,-0.034789772176526,-0.020363661176834,0.002692334883507,0.004025954220706,0.070005540055194,-0.006542756040462,0.057363067126528
1403715954.334058046340942,0.027339780442722,-0.551642729722994,0.954239907572244,0.355376291227517,-0.564035208242990,-0.542136221259050,-0.511527411870195,-0.037213237976028,1.328042568830468,-0.159356011497049,-0.009072769015399,1.364058990482569,-0.142670984067479,-0.028140468960629,-0.036016421652101,-0.016685027429570,-0.000453638018147,0.068202884480727,-0.007133542400291,0.054392877658982
1403715954.384057998657227,0.022910801908639,-0.486722758014134,0.946969115841499,0.377323426781649,-0.560680101412239,-0.526069810062384,-0.516251305492821,-0.115490594530828,1.260797276200967,-0.153766221219756,-0.088579655157801,1.298400672428567,-0.145415973294376,-0.026910939373027,-0.037603396227600,-0.008350247925380,-0.004428978534083,0.064919971708860,-0.007270791730745,0.055621150241288
1403715954.434057950973511,0.014808177312557,-0.426355333600574,0.939939227056694,0.398242069435515,-0.556573794614312,-0.510316863181725,-0.520774005143026,-0.184930952857547,1.164166416994285,-0.138913313896884,-0.162052646467093,1.207349639689539,-0.140597909780718,-0.022878306390454,-0.043183222695254,0.001684595883834,-0.008102624596082,0.060367424413560,-0.007029888784805,0.053781226684139
1403715954.484057903289795,0.003593775349812,-0.371126755142440,0.933581707561529,0.416814735811090,-0.550863201334592,-0.495462842731241,-0.526622996933113,-0.238464728515910,1.033954229217465,-0.119165689568109,-0.224288253152832,1.104572622565237,-0.127150511163476,-0.014176475363077,-0.070618393347773,0.007984821595366,-0.011214401962744,0.055228578458135,-0.006357519495165,0.050296750252200
1403715954.534058094024658,-0.009933827196428,-0.323171585547143,0.928401482996228,0.431584085299980,-0.543223844732304,-0.482850615252587,-0.534320423697458,-0.283530175983427,0.891358540560828,-0.105410573525111,-0.270551018854579,0.959099733230807,-0.103604096087753,-0.012979157128849,-0.067741192669978,-0.001806477437357,-0.013527602546241,0.047955169595297,-0.005180224565301,0.044489662573955
1403715954.584058046340942,-0.026228620545117,-0.283310390636647,0.924620567119653,0.443776894928382,-0.534475494943498,-0.472002240369469,-0.542781630049165,-0.327283034793732,0.723492997829093,-0.080898581160330,-0.325896177772595,0.797224658502590,-0.075618389646803,-0.001386857021137,-0.073731660673497,-0.005280191513526,-0.016294793348689,0.039861194910495,-0.003780915876574,0.040718143275395
1403715954.634057998657227,-0.043788279591434,-0.251608671736833,0.920374968528312,0.453577246589204,-0.527210036623703,-0.463417894921304,-0.549145803340513,-0.370398993725631,0.538881345590290,-0.075082799657146,-0.351193515850571,0.634034982659163,-0.084912052805273,-0.019205477875060,-0.095153637068873,0.009829253148127,-0.017559659046317,0.031701718899814,-0.004245598591341,0.032436598540373
1403715954.684057950973511,-0.064664632871635,-0.230949114928079,0.916762116326534,0.461649461729189,-0.521223652651431,-0.456587149822391,-0.553835583019830,-0.415097944383977,0.333001046122928,-0.092120365304759,-0.417527463789244,0.413191530225228,-0.072257112945312,0.002429519405268,-0.080190484102300,-0.019863252359446,-0.020876353280201,0.020659556808754,-0.003612852201778,0.026050179337065
1403715954.734057903289795,-0.087343384721251,-0.221562238575716,0.912125823979962,0.463893995627212,-0.519848806080065,-0.454929248618940,-0.554616045917497,-0.456073069468655,0.116525818565076,-0.100149592441928,-0.453575469555601,0.187737706087898,-0.092725935361793,-0.002497599913054,-0.071211887522823,-0.007423657080135,-0.022678751849616,0.009386876352363,-0.004636292346572,0.006414328668116
1403715954.784058094024658,-0.111724710264123,-0.221550703913695,0.907458910662859,0.462220971930416,-0.522150170224566,-0.457106428756254,-0.552054966132777,-0.491417462345832,-0.073055393680266,-0.111581212877158,-0.487624650717017,0.000230692360396,-0.093337910286182,-0.003792811628816,-0.073286086040662,-0.018243302590976,-0.024381325542872,0.000011534662021,-0.004666913317103,0.008807850946721
1403715954.834058046340942,-0.139878100586918,-0.234810515477217,0.903903044360079,0.456782960624297,-0.529229850868485,-0.462814554290129,-0.545039246449513,-0.527247352458039,-0.276995474241153,-0.106648238223530,-0.563068343439706,-0.265196484181526,-0.071117393878435,0.035820990981667,-0.011798990059627,-0.035530844345095,-0.028153390322794,-0.013259811563523,-0.003555866302780,0.025416454375313
1403715954.884057998657227,-0.167766224490633,-0.254235300692203,0.899031568172550,0.448363077126964,-0.537974498689007,-0.470550208106969,-0.536783467964541,-0.557144395047712,-0.458241471648833,-0.111261668453101,-0.557763009998570,-0.388496074798435,-0.097429616666704,0.000618614950857,-0.069745396850398,-0.013832051786397,-0.027888123903716,-0.019424785214985,-0.004871476187529,0.033188422130384
1403715954.934057950973511,-0.196359770019928,-0.283670583713110,0.894587997061194,0.437022079906387,-0.550975844600032,-0.480842051257444,-0.523668064793062,-0.589240431011773,-0.616966596546850,-0.105517993479548,-0.571871455965022,-0.588706221852149,-0.088871506981595,-0.017368975046751,-0.028260374694701,-0.016646486497953,-0.028593545529295,-0.029435283020907,-0.004443571111356,0.047984024838323
1403715954.984057903289795,-0.227040635637180,-0.318646525114953,0.890132800824332,0.421793887864035,-0.565359375424160,-0.493002346293359,-0.509320507470286,-0.619658967109352,-0.752856605017275,-0.080701278440043,-0.613617897536670,-0.699519495150628,-0.089104009713440,-0.006041069572682,-0.053337109866647,0.008402731273398,-0.030680865617252,-0.034975941401843,-0.004455196236862,0.056304930976771
1403715955.034058094024658,-0.259174723926754,-0.357835529137880,0.886125397627381,0.407819184153268,-0.579368050913591,-0.503667281989778,-0.494302987721276,-0.648449123854129,-0.836537479682245,-0.070219076859108,-0.642679314164450,-0.783777090586222,-0.080147758199591,-0.005769809689679,-0.052760389096024,0.009928681340483,-0.032134088289574,-0.039189004022927,-0.004007403196951,0.054068349185228
1403715955.084058046340942,-0.291428299645549,-0.403370792787012,0.882981507115892,0.393838843647081,-0.593231333169655,-0.513396380685939,-0.478948543038876,-0.664254825265637,-0.918394871487594,-0.061393463998021,-0.645072129564617,-0.910706141499707,-0.062877870194790,-0.019182695701021,-0.007688729987886,0.001484406196769,-0.032253575718795,-0.045535263649133,-0.003143890511489,0.053594694496224
1403715955.134057998657227,-0.324592184716023,-0.450983096876025,0.879087709333500,0.381323294476314,-0.608714704288262,-0.521614828974757,-0.460409517784568,-0.682533007006013,-0.962587890834942,-0.074702832726947,-0.663278333960995,-0.952246989913747,-0.077876029916202,-0.019254673045018,-0.010340900921194,0.003173197189255,-0.033163885070474,-0.047612304089013,-0.003893797782392,0.056838946537056
1403715955.184057950973511,-0.357670809080367,-0.499759739819635,0.873559289408824,0.369203030822094,-0.624701988609322,-0.528761930521519,-0.440281010594932,-0.678183169013797,-0.973505910183136,-0.080170859097183,-0.661573118212161,-0.975533789213731,-0.110568503939867,-0.016610050801635,0.002027879030594,0.030397644842684,-0.033078624364344,-0.048776642943611,-0.005528419924676,0.058610353077205
1403715955.234057903289795,-0.390284429885634,-0.549701355111973,0.869112281224793,0.356582483882302,-0.640340101014788,-0.535536670859372,-0.419540178511618,-0.664026495054407,-0.956986563984938,-0.064611306251828,-0.652273038161400,-0.998833258408381,-0.088940248500639,-0.011753456893007,0.041846694423443,0.024328942248812,-0.032613620805268,-0.049941615292338,-0.004447008184030,0.059328661344370
1403715955.284058094024658,-0.420769678554127,-0.600920238750073,0.866554638010169,0.344304017500610,-0.652927347180809,-0.541629090013740,-0.402217045495662,-0.637912869880545,-0.918118791141677,-0.044055229750434,-0.609702647538830,-1.024373765086188,-0.051152669160531,-0.028210222341715,0.106254973944512,0.007097439410098,-0.030485248668493,-0.051218883638099,-0.002557643214624,0.050850480219928
1403715955.334058046340942,-0.450345886461962,-0.647864551016950,0.863520375060974,0.332378403546197,-0.662919732759572,-0.547299937416326,-0.387975261167699,-0.613043869199952,-0.857153661250462,-0.026655601569469,-0.591524722278638,-0.938887140730099,-0.060685316857943,-0.021519146921314,0.081733479479637,0.034029715288474,-0.029576207907835,-0.046944312266877,-0.003034262949196,0.043684044463783
1403715955.384057998657227,-0.479551243772180,-0.689808559450943,0.861587227660861,0.322593023424951,-0.671820946720547,-0.551127489149229,-0.375298344639466,-0.580892839659777,-0.776905980027580,-0.023024190216765,-0.584107703252863,-0.838880968699089,-0.038662984874157,0.003214863593086,0.061974988671508,0.015638794657392,-0.029205357310217,-0.041944008433993,-0.001933147400113,0.037435270409637
1403715955.434057950973511,-0.507243250177681,-0.727126348074952,0.860173777375868,0.313566269983502,-0.679632581039214,-0.554915081519030,-0.363104670062696,-0.552487645384217,-0.680363587492717,-0.008081580840201,-0.553840656293648,-0.746356484261202,-0.028269032659305,0.001353010909432,0.065992896768485,0.020187451819104,-0.027692006405502,-0.037317788624010,-0.001413450284993,0.034959590598785
1403715955.484057903289795,-0.533885453229096,-0.758586764959122,0.859311717774025,0.307083662781452,-0.687191109899055,-0.557699823200450,-0.349912717303358,-0.520493407273232,-0.565190930317020,-0.002012549204893,-0.532844569188462,-0.629208937743790,-0.017241208479345,0.012351161915230,0.064018007426771,0.015228659274452,-0.026642203051414,-0.031460416884169,-0.000862059601842,0.033522800355699
1403715955.534058094024658,-0.559339167449341,-0.781785511700415,0.860070033454263,0.302805619355298,-0.694970660302905,-0.559783724555684,-0.334614285301098,-0.472637492400386,-0.429211135061746,0.009927243832330,-0.509072342448030,-0.463973164908702,0.015166255750074,0.036434850047643,0.034762029846956,-0.005239011917745,-0.025453714220245,-0.023198746741293,0.000758315680237,0.035621123623169
1403715955.584058046340942,-0.581760989933327,-0.800514270082680,0.860243180027197,0.299714490536448,-0.701074354063405,-0.562284211272987,-0.320160022473407,-0.418195343029154,-0.274945982293377,0.037214388093065,-0.448436877342458,-0.374575524868354,0.003462934761187,0.030241534313304,0.099629542574978,0.033751453331878,-0.022421822483986,-0.018728758382265,0.000173146572934,0.032372458827491
1403715955.634057998657227,-0.600732993575726,-0.809912611656404,0.863107407388003,0.297000796478383,-0.704414375785346,-0.566468593041017,-0.307740551725440,-0.350243862668937,-0.098778767165131,0.066811989102818,-0.379440434710571,-0.187967010733786,0.057284601846983,0.029196572041634,0.089188243568655,0.009527387255834,-0.018972003642399,-0.009398341573724,0.002864227360806,0.027588055532731
1403715955.684057950973511,-0.617251581193677,-0.808531532080088,0.866776598754980,0.295343301451942,-0.704137311529384,-0.572313814897662,-0.299031567024156,-0.271784887368161,0.115471033494629,0.109799082897667,-0.330372067426389,0.027621617868338,0.073383897323877,0.058587180058228,0.087849415626292,0.036415185573789,-0.016518587617952,0.001381079576316,0.003669191366977,0.021245060459140
1403715955.734057903289795,-0.630524510501457,-0.799752047570071,0.872542671936625,0.296903736215484,-0.697067598530848,-0.579840668957497,-0.299549216528178,-0.211013115270704,0.315695980982390,0.174114387555755,-0.265458839316866,0.175589857655873,0.115321573612130,0.054445724046162,0.140106123326518,0.058792813943625,-0.013272929307779,0.008779484510017,0.005766073181645,0.020912990012424
1403715955.784058094024658,-0.639978916913333,-0.777136177574981,0.883283633774507,0.306341196806319,-0.683714319765688,-0.585281160429237,-0.310057677429896,-0.154902164201298,0.503224941969880,0.234129157283023,-0.189087406926304,0.452315674454445,0.214818417290404,0.034185242725006,0.050909267515435,0.019310739992619,-0.009454406411876,0.022615869995091,0.010740961837882,0.040369109294388
1403715955.834058046340942,-0.643658242528024,-0.739223735954785,0.897541205276550,0.325322524018475,-0.666565939474499,-0.585478339030297,-0.327215858761540,-0.106375994737301,0.667404235739871,0.282112712921385,-0.073586582471464,0.758249555527051,0.285151701982703,-0.032789412265837,-0.090845319787180,-0.003038989061318,-0.003679325614692,0.037912441620196,0.014257571502042,0.061607623660351
1403715955.884057998657227,-0.647201873164490,-0.702778914917672,0.911554917789966,0.346391866714494,-0.645763495812703,-0.585437659848577,-0.346792342160013,-0.086925614869182,0.752155464332218,0.277950901733185,-0.070872680318773,0.728897115872719,0.280274517558933,-0.016052934550409,0.023258348459499,-0.002323615825749,-0.003543630636466,0.036444821037113,0.014013712513416,0.070993845424896
1403715955.934057950973511,-0.649614686707351,-0.663362004694579,0.925336271571037,0.369059550887825,-0.624709717832794,-0.584024740927398,-0.363933947754855,-0.066046961707311,0.800536656224091,0.275753015830437,-0.048256316878038,0.788338956280473,0.275627338480143,-0.017790644829274,0.012197699943618,0.000125677350293,-0.002412813542861,0.039416910223093,0.013781353781071,0.070796816136059
1403715955.984057903289795,-0.651974940331498,-0.621127675909231,0.939942356228410,0.391575463936098,-0.600827123960899,-0.582864546189022,-0.382026627281358,-0.063445581682776,0.828855876983439,0.279839751937052,-0.047205117501234,0.844687381263613,0.292121971736677,-0.016240464181543,-0.015831504280174,-0.012282219799625,-0.002360253624146,0.042234328785348,0.014606084657373,0.074998680263747
1403715956.034058094024658,-0.654278781905634,-0.578291700026189,0.954134719552856,0.412014247818996,-0.574525894473423,-0.583034359083016,-0.400293882419300,-0.064395374505403,0.841678782136956,0.275336541178704,-0.046076655714225,0.856716249547699,0.283846183701667,-0.018318718791178,-0.015037467410742,-0.008509642522963,-0.002303841574136,0.042835975883042,0.014192363324446,0.075984040769938
1403715956.084058046340942,-0.657227630445084,-0.536670480454295,0.968123458286416,0.429414060817640,-0.549043390325495,-0.584603097695452,-0.415203730807988,-0.066046356551207,0.813900872416222,0.269164206707088,-0.058977027033887,0.832425185300404,0.279775041485469,-0.007069329517320,-0.018524312884182,-0.010610834778381,-0.002948848539451,0.041621219571894,0.013988738733560,0.068614618492704
1403715956.134057998657227,-0.660728034507806,-0.496932956567868,0.980901132890338,0.443387725286814,-0.526359164360199,-0.588117429260585,-0.424819072734428,-0.078707512748334,0.766084627594220,0.243858676488038,-0.070008148019415,0.794751235662374,0.255553735793458,-0.008699364728919,-0.028666608068154,-0.011695059305420,-0.003500404062722,0.039737523886427,0.012777674603921,0.057085831609132
1403715956.184057950973511,-0.663844875624672,-0.458887267796002,0.992089505317267,0.455947844275929,-0.505024110382804,-0.592301642536260,-0.431556456887206,-0.097519716732767,0.698275824058508,0.217245963422616,-0.062336881786398,0.760914501101943,0.223767661940064,-0.035182834946370,-0.062638677043435,-0.006521698517448,-0.003116841116866,0.038045688771866,0.011188372426930,0.051995352486965
1403715956.234057903289795,-0.668778670144389,-0.426253791750873,1.002745504458302,0.466615722966860,-0.486221243033000,-0.598010948968083,-0.433868153726281,-0.111099613111133,0.604622510350885,0.196541178071229,-0.098675984499096,0.652670143337328,0.213120186067950,-0.012423628612037,-0.048047632986444,-0.016579007996721,-0.004933794519717,0.032633476045129,0.010655999141035,0.044958329889444
1403715956.284058094024658,-0.674660587715844,-0.398645082043134,1.012813782090079,0.475708228982007,-0.470706873578835,-0.604869036511221,-0.431590278753390,-0.134166988738166,0.504953540586164,0.201940333479175,-0.117637902676102,0.552172087785436,0.201364784489836,-0.016529086062064,-0.047218547199273,0.000575548989340,-0.005881917571454,0.027608709707739,0.010068277631776,0.038760968030600
1403715956.334058046340942,-0.682018578661453,-0.376442333749815,1.023853168991065,0.487924355217192,-0.454626439229886,-0.609545988927550,-0.428600410314055,-0.153339848027672,0.387688973691478,0.206661598460125,-0.147159959254866,0.444055389350588,0.220787948579528,-0.006179888772806,-0.056366415659110,-0.014126350119403,-0.007357990945610,0.022202748293318,0.011039386900987,0.041887627767524
1403715956.384057998657227,-0.690875472774924,-0.360762056321380,1.036367884019181,0.502614451640030,-0.437822174258738,-0.611938102404618,-0.425702026722187,-0.167313626292019,0.258300099235455,0.232646640020734,-0.177138051201428,0.313605847646547,0.250294539261788,0.009824424909409,-0.055305748411092,-0.017647899241054,-0.008856894113471,0.015680277428435,0.012514715028116,0.045269281475856
1403715956.434057950973511,-0.701241586741031,-0.351849207791665,1.052305580937259,0.520447951816447,-0.419863108013420,-0.611150437586919,-0.423490309944270,-0.176655879502697,0.112918511940166,0.262446089746063,-0.207322477040263,0.178257140593558,0.318754242349285,0.030666597537566,-0.065338628653393,-0.056308152603222,-0.010366113966107,0.008912848529715,0.015937696918078,0.050837336012159
1403715956.484057903289795,-0.710768669610011,-0.350824939469643,1.065922285620796,0.539236451693075,-0.401213838543925,-0.608715022379465,-0.421565566022509,-0.171211535766758,-0.038652374485427,0.266223217764480,-0.190541839094444,0.020485385976829,0.272334353389021,0.019330303327686,-0.059137760462256,-0.006111135624541,-0.009527082868979,0.001024268322022,0.013616704683537,0.053309696304650
1403715956.534058094024658,-0.718694445702085,-0.356767666079849,1.087249986893351,0.555283729460326,-0.384838769602146,-0.607250927704280,-0.418097371445971,-0.145039474431976,-0.189783850264590,0.283090954420982,-0.158514917155077,-0.118854078811786,0.426552398282828,0.013475442723101,-0.070929771452803,-0.143461443861847,-0.007925776092075,-0.005942726610206,0.021327701272555,0.046469527213956
1403715956.584058046340942,-0.725165435105138,-0.369540564178539,1.101736987159054,0.568269476994477,-0.371395525840101,-0.606466228780781,-0.413924966933375,-0.099053840467419,-0.366023611773048,0.268680140255714,-0.129419911485493,-0.255458205597729,0.289740281631928,0.030366071018073,-0.110565406175319,-0.021060141376214,-0.006470989403052,-0.012772898098690,0.014487000265703,0.038334652797508
1403715956.634057998657227,-0.729239552039963,-0.391478495745996,1.118665329749229,0.578174723491311,-0.362207352413835,-0.606709283282327,-0.407950571211943,-0.063826737783663,-0.540952776352816,0.266577967162272,-0.081482416404200,-0.438759049782380,0.338567174686322,0.017655678620537,-0.102193726570436,-0.071989207524050,-0.004074116934826,-0.021937931567457,0.016928342590175,0.029549476459266
1403715956.684057950973511,-0.732896700232928,-0.422435931489662,1.133107247609443,0.580552478193105,-0.358134263927453,-0.611536353962669,-0.400901430337971,-0.015332176621510,-0.720425192047534,0.243292630338534,-0.073143033613922,-0.619149305340120,0.288838632662261,0.057810856992413,-0.101275886707413,-0.045546002323727,-0.003657148192964,-0.030957435743666,0.014441917860214,0.019517737724299
1403715956.734057903289795,-0.732539772731364,-0.460870370175446,1.145283728151431,0.578953855494107,-0.360290267222268,-0.619435072559473,-0.388977566752448,0.032425211918312,-0.880444750283064,0.226064275775057,0.007138556839141,-0.768689506795115,0.243529843087924,0.025286655079171,-0.111755243487948,-0.017465567312867,0.000356927501564,-0.038434438685784,0.012176480541988,0.029105048387759
1403715956.784058094024658,-0.729111920781578,-0.502780303397955,1.156739560093535,0.573236112751416,-0.365548473823832,-0.629391591459144,-0.376352091695049,0.085128975288230,-1.018276178128017,0.227194540852155,0.068556777472353,-0.838195466988218,0.229115764834805,0.016572197815877,-0.180080711139799,-0.001921223982650,0.003427851949785,-0.041909933222509,0.011455831942104,0.035714685025836
1403715956.834058046340942,-0.724347763603188,-0.555167270672961,1.167558351666872,0.565399063079574,-0.373088354029923,-0.639835973367672,-0.362958546862623,0.126992580933738,-1.142032509706194,0.213010286441339,0.095283234436977,-1.047740344703177,0.216376037818999,0.031709346496761,-0.094292165003017,-0.003365751377659,0.004764157178390,-0.052386967275006,0.010818791573336,0.040336340190873
1403715956.884057998657227,-0.717990663230660,-0.610548881170830,1.177387992246822,0.553975656141789,-0.382261784731089,-0.651783516427959,-0.349521312725392,0.158056603631415,-1.234197553506182,0.207801735644125,0.127142128702750,-1.107633266278779,0.196592999084704,0.030914474928666,-0.126564287227403,0.011208736559421,0.006357100372528,-0.055381610497869,0.009829640579951,0.046388499472648
1403715956.934057950973511,-0.709643192248034,-0.671488542359595,1.186078478588400,0.540023132563699,-0.391922522400366,-0.664326449514324,-0.336811699926111,0.189614675452374,-1.306466379299955,0.177562459209115,0.166949578868052,-1.218794386108204,0.173809892589581,0.022665096584322,-0.087671993191751,0.003752566619534,0.008347470982626,-0.060939661188765,0.008690486341578,0.049270392206885
1403715956.984057903289795,-0.700005304166883,-0.736481125312266,1.192869473500125,0.523037786033733,-0.402668666015219,-0.678049585683673,-0.323323644580249,0.210293442256062,-1.357652683276702,0.127592076434642,0.192757945451323,-1.299852898689746,0.135820027762574,0.017535496804739,-0.057799784586956,-0.008227951327931,0.009637888081151,-0.064992582952671,0.006790994911725,0.055651906022304
1403715957.034058094024658,-0.688742776685982,-0.803937600828359,1.197109129481058,0.504697130283424,-0.412891382289469,-0.691335237754293,-0.311218736829875,0.223539641476289,-1.390811919822443,0.074237565267971,0.225249690358632,-1.349124363820832,0.084792796159821,-0.001710048882343,-0.041687556001611,-0.010555230891851,0.011262527480901,-0.067456475516093,0.004239655980933,0.055279998559350
1403715957.084058046340942,-0.677414729715437,-0.872976684897513,1.199146665123455,0.487373919223061,-0.422460494108740,-0.702688110269679,-0.300371792058075,0.223214203914886,-1.392094007733052,0.030069272755007,0.226561155476462,-1.380782998200369,0.040750751710880,-0.003346951561576,-0.011311009532682,-0.010681478955873,0.011328046970545,-0.069039084069154,0.002037535642397,0.050526801314077
1403715957.134057998657227,-0.666284233303820,-0.941195354172208,1.199055489654646,0.471133238647261,-0.432102567375458,-0.712504606900609,-0.289236975255047,0.206763584252227,-1.372626711498696,-0.029146197411177,0.222610140529914,-1.364374686662990,-0.001823511115213,-0.015846556277687,-0.008252024835706,-0.027322686295964,0.011130496411617,-0.068218669274695,-0.000091175468809,0.048046010757001
1403715957.184057950973511,-0.655861689149864,-1.009477549913618,1.195330843257188,0.455392251313118,-0.441550150466400,-0.721521918678377,-0.277592296243507,0.190955069561538,-1.349201452632034,-0.104495230166249,0.208451081873560,-1.365645217208981,-0.074492998991217,-0.017496012312022,0.016443764576947,-0.030002231175032,0.010422544153956,-0.068282195741411,-0.003724646397458,0.047073200134549
1403715957.234057903289795,-0.646281589722431,-1.075085560022185,1.187977200229614,0.439578391607621,-0.450879653562638,-0.729907324310199,-0.265920427107847,0.167907162639172,-1.289807326167778,-0.169382549515403,0.191602171274723,-1.312161453546017,-0.147073000811228,-0.023695008635550,0.022354127378239,-0.022309548704175,0.009580099427433,-0.065608010108567,-0.007353643027574,0.046634321108990
1403715957.284058094024658,-0.638782842797062,-1.138202423304672,1.177715954209417,0.423947452650374,-0.460586911873330,-0.737652632395585,-0.252975982895833,0.133598269913614,-1.213766987215726,-0.242393071735619,0.149974366400579,-1.262332450233594,-0.205224137535992,-0.016376096486965,0.048565463017868,-0.037168934199627,0.007498746925369,-0.063116863282487,-0.010261246020197,0.047587067915485
1403715957.334058046340942,-0.632737087312850,-1.197495135599205,1.164643341068822,0.407343441976145,-0.470196265762626,-0.745414005119143,-0.239467644816889,0.102184643142702,-1.124116539397849,-0.289736802086140,0.120915224997979,-1.185855376810472,-0.261452512152436,-0.018730581855277,0.061738837412623,-0.028284289933704,0.006045755484212,-0.059292712294533,-0.013072613140594,0.049427848170867
1403715957.384057998657227,-0.628456039320825,-1.251849158036013,1.149525042017455,0.390511220862410,-0.478220241411708,-0.752949921554405,-0.227756015762247,0.057731754457254,-1.004450854729725,-0.311968929664227,0.085621041495093,-1.087081485457857,-0.302366269386294,-0.027889287037839,0.082630630728131,-0.009602660277933,0.004281047992025,-0.054354022436808,-0.015118299051367,0.046548237168771
1403715957.434057950973511,-0.626478723704612,-1.299701414803567,1.133417349581636,0.375643869463798,-0.484487530700399,-0.759264648331460,-0.218359130159927,0.002604331162247,-0.858898432243353,-0.332674406922102,0.039546350038608,-0.957046048061300,-0.322154155946520,-0.036942018876362,0.098147615817947,-0.010520250975582,0.001977315616214,-0.047852256767553,-0.016107692435819,0.039421154924688
1403715957.484057903289795,-0.627880728954110,-1.338681389672420,1.115497191880080,0.361428241250834,-0.490284552942487,-0.764930888406863,-0.209455053730871,-0.061220551805985,-0.689197443960090,-0.346256615960384,-0.028040131731117,-0.779600240861788,-0.358403495831319,-0.033180420074868,0.090402796901698,0.012146879870935,-0.001402005249498,-0.038979974868853,-0.017920157701556,0.037260619699303
1403715957.534058094024658,-0.632273829544660,-1.369898911160353,1.097530026147187,0.349706756945852,-0.494951699165240,-0.769308146007810,-0.202220118004822,-0.129212966024609,-0.508015015108074,-0.365956533110802,-0.087861676645304,-0.624348048059870,-0.359341943877139,-0.041351289379305,0.116333032951797,-0.006614589233663,-0.004393100590550,-0.031217521487933,-0.017967165732893,0.030376606908685
1403715957.584058046340942,-0.640268087945361,-1.390890143868407,1.078563063233991,0.338832311173931,-0.497207740368777,-0.773998734156977,-0.197238655808908,-0.205472832251981,-0.314925755017709,-0.380894673047596,-0.159885320492542,-0.419825054537455,-0.379339620030379,-0.045587511759440,0.104899299519745,-0.001555053017217,-0.007994258400701,-0.020991232708054,-0.018966962913196,0.026089253609300
1403715957.634057998657227,-0.650957227458148,-1.403651735924569,1.059664848128623,0.330588178680131,-0.499485523121468,-0.777192356366950,-0.192867077319627,-0.286391666063251,-0.097110570177953,-0.368521754568514,-0.213782994135090,-0.255232084531531,-0.377964662562548,-0.072608671928162,0.158121514353577,0.009442907994034,-0.010689139512787,-0.012761592056162,-0.018898215105368,0.020244980718051
1403715957.684057950973511,-0.666572069737319,-1.404748012698601,1.040934747534049,0.326055493476948,-0.498200268643505,-0.779826822260191,-0.193272954084674,-0.374640604269817,0.114933847162205,-0.366676948373852,-0.312297143413195,-0.021925556390478,-0.374602369140132,-0.062343460856622,0.136859403552683,0.007925420766281,-0.015614842279172,-0.001096276774032,-0.018730100594574,0.010826325741882
1403715957.734057903289795,-0.687871005450184,-1.395824852844248,1.022830326192776,0.329549367646059,-0.494620945550758,-0.779383937107972,-0.198262485318412,-0.479559087669133,0.350205311166682,-0.327839215371377,-0.425979120502636,0.178463367282987,-0.362088772140220,-0.053579967166497,0.171741943883694,0.034249556768843,-0.021298935712864,0.008923159854353,-0.018104421341273,0.014157752499194
1403715957.784058094024658,-0.712249408083590,-1.384427254547474,1.008983213178554,0.342029115743504,-0.489673923385401,-0.774859435040227,-0.206950208188357,-0.586066525337381,0.563608397368316,-0.266079078117870,-0.487566192750704,0.227951096371060,-0.276941203837599,-0.098500332586677,0.335657300997255,0.010862125719729,-0.024378402633406,0.011397598296774,-0.013847113014223,0.033236795532824
1403715957.834058046340942,-0.743493224251479,-1.356678109022512,0.998812999468737,0.364559509801012,-0.480974484236698,-0.765976619358176,-0.221449154262345,-0.696668966239525,0.771781592479936,-0.191194995655566,-0.624876919286857,0.554983439772695,-0.203404468177950,-0.071792046952668,0.216798152707242,0.012209472522384,-0.031243816167889,0.027749145524962,-0.010170213709817,0.059075754206024
1403715957.884057998657227,-0.779363541116864,-1.320630519928023,0.990338922583829,0.392434032390992,-0.469843750082194,-0.754285736386080,-0.237266534965544,-0.765872620283957,0.893375526980724,-0.159227989139443,-0.717407021480346,0.720952469443640,-0.169481699328512,-0.048465598803610,0.172423057537084,0.010253710189069,-0.035870316865385,0.036047589094489,-0.008474076884908,0.071774277969286
1403715957.934057950973511,-0.819024532415687,-1.276440050960236,0.983709129604996,0.420612671062161,-0.455826288481541,-0.742383402167036,-0.253326389975451,-0.822958001701528,0.978418227028639,-0.140951735291543,-0.793220582450560,0.883810222222850,-0.132595986030043,-0.029737419250968,0.094608004805789,-0.008355749261501,-0.039660991298823,0.044190468967787,-0.006629792978833,0.074572661838553
1403715957.984057903289795,-0.860825423598345,-1.229296670070613,0.977669594623909,0.448470401826821,-0.440227512024716,-0.730071458300592,-0.268458008106787,-0.854942104186774,1.020219458096173,-0.134624074271465,-0.836018620942644,0.942868516981942,-0.120790814816842,-0.018923483244130,0.077350941114232,-0.013833259454623,-0.041800891182658,0.047143380889623,-0.006039534981087,0.074835504024006
1403715958.034058094024658,-0.904209239664860,-1.180488694657581,0.971560661390078,0.475959286987141,-0.424002031421829,-0.717461127051441,-0.280952959854370,-0.877788704522558,1.031742212791406,-0.126204730297266,-0.867673011420429,0.976155784521841,-0.122178198603775,-0.010115693102130,0.055586428269565,-0.004026531693491,-0.043383816066515,0.048807975413032,-0.006108933233831,0.073053340381400
1403715958.084058046340942,-0.948649959891810,-1.134721336165500,0.962972400678981,0.501896565220260,-0.405472412657326,-0.705235186625746,-0.293828677870118,-0.888478563895729,1.008362294178212,-0.151243483354734,-0.888815252179291,0.915348042785539,-0.171765378030160,0.000336688283562,0.093014251392673,0.020521894675426,-0.044440720226951,0.045767358492081,-0.008588260711097,0.072979302290120
1403715958.134057998657227,-0.992670652778882,-1.087886816757477,0.953929089021831,0.525726275513554,-0.389213662027518,-0.693813520716602,-0.301243102819980,-0.876600438590714,0.964860929716064,-0.175973094112902,-0.880414697370318,0.936691281458875,-0.180866405630657,0.003814258779604,0.028169648257189,0.004893311517755,-0.044020692887072,0.046834519408023,-0.009043311657151,0.063803339207194
1403715958.184057950973511,-1.036088574733748,-1.043540642634312,0.943695980902982,0.548265668867570,-0.373036030528434,-0.682602655621596,-0.307087106220907,-0.850147238178158,0.896465885356409,-0.190560495820625,-0.868359267229254,0.886924328300243,-0.204662357558199,0.018212029051096,0.009541557056166,0.014101861737574,-0.043417921954866,0.044346174123165,-0.010233108118848,0.060980255946299
1403715958.234057903289795,-1.077505906776079,-1.002661819719232,0.933316679662383,0.566919370923335,-0.357117929910068,-0.673695484521503,-0.311774927061134,-0.808409029510044,0.809246635862339,-0.213410368607269,-0.828347430820281,0.817577238004028,-0.207586222781637,0.019938401310237,-0.008330602141688,-0.005824145825632,-0.041417332042331,0.040878822915081,-0.010379301240599,0.053017017532719
1403715958.284058094024658,-1.116772576278327,-0.965661618730905,0.922018002802868,0.581961916339910,-0.342383962348227,-0.667297278810406,-0.314337226476494,-0.760563634035604,0.713461135290667,-0.229326961925749,-0.785330394247250,0.740001196885991,-0.225972675172957,0.024766760211646,-0.026540061595324,-0.003354286752793,-0.039266669502248,0.037000200988327,-0.011298676859515,0.044312096232550
1403715958.334058046340942,-1.154690249174560,-0.934349475761080,0.909373255860305,0.595994133896300,-0.328497305119203,-0.661558577451800,-0.314993272135408,-0.699292513863260,0.604724692603269,-0.243686703741961,-0.758354181147568,0.626243456628805,-0.252895180030903,0.059061667284308,-0.021518764025536,0.009208476288941,-0.037917672896233,0.031312142969825,-0.012644746942563,0.041139780590740
1403715958.384057998657227,-1.188532137276504,-0.909011316702302,0.894989958150514,0.608706943492281,-0.315086570614846,-0.656167461860091,-0.315658948801625,-0.638053134583023,0.466601449207813,-0.248758793429897,-0.676838407522286,0.506763664463047,-0.287666228535718,0.038785272939263,-0.040162215255234,0.038907435105821,-0.033841888101944,0.025338159058778,-0.014383297709791,0.038521788605860
1403715958.434057950973511,-1.218880253192760,-0.890334354460916,0.881182797870427,0.624141337460079,-0.302459849259155,-0.648416730365939,-0.313881146680105,-0.556470742723247,0.325326335161643,-0.237348656956354,-0.606962897170054,0.373539601062847,-0.276143468952658,0.050492154446807,-0.048213265901203,0.038794811996305,-0.030348115916256,0.018676962241386,-0.013807160280086,0.042937476920338
1403715958.484057903289795,-1.244268385732276,-0.877686816090022,0.868423770918352,0.638185148332671,-0.289493858616682,-0.641647299493175,-0.311771976489145,-0.455244141265616,0.180926130671294,-0.253357524350109,-0.507763135030985,0.252951008650752,-0.255180782400862,0.052518993765369,-0.072024877979458,0.001823258050753,-0.025388132539516,0.012647538370894,-0.012759026952075,0.040774194101225
1403715958.534058094024658,-1.265117628592420,-0.872762366941533,0.854586598849378,0.649166063728058,-0.279472253292201,-0.637717011532332,-0.306260827638582,-0.343399802144628,0.016047742762779,-0.261240477725175,-0.416983266537951,0.098488607265572,-0.276742385691061,0.073583464393323,-0.082440864502794,0.015501907965886,-0.020849242860144,0.004924449148490,-0.013837172068974,0.032670410762048
1403715958.584058046340942,-1.278676176154041,-0.877197432145976,0.839181414430927,0.654709831869836,-0.272722853840731,-0.639165069874140,-0.297397536134254,-0.229056551488904,-0.145313986545342,-0.278121160236637,-0.271171209841432,-0.088701388681110,-0.308103982199876,0.042114658352528,-0.056612597864232,0.029982821963239,-0.013558547561621,-0.004435065204444,-0.015405184418451,0.025055507980545
1403715958.634057998657227,-1.286408377317998,-0.889845442301532,0.824468658771881,0.657585084748484,-0.268216540374728,-0.643295990213378,-0.286027992967700,-0.105582706060371,-0.304110555020880,-0.298441349594412,-0.154644170759321,-0.252960444353002,-0.294255393804728,0.049061464698949,-0.051150110667878,-0.004185955789684,-0.007732201163957,-0.012648010155556,-0.014712755659046,0.026450520161717
1403715958.684057950973511,-1.283405940758049,-0.912831380770026,0.809247381828586,0.657898329404716,-0.266298982596059,-0.650375817030041,-0.270676812189913,0.031021478120589,-0.450128250736669,-0.305536247343820,0.060048788465972,-0.459719207792269,-0.304425829188990,-0.029027310345383,0.009590957055600,-0.001110418154829,0.003002436559949,-0.022985938468493,-0.015221276943295,0.034033209447474
1403715958.734057903289795,-1.277278233067700,-0.940659325277127,0.794182762538728,0.654264907221268,-0.265490889614316,-0.660990127047691,-0.254055251187653,0.151246063891805,-0.577288392095980,-0.318881077696215,0.122554270683836,-0.556559420918452,-0.301292673132242,0.028691793207970,-0.020728971177528,-0.017588404563973,0.006127707690349,-0.027827944507101,-0.015064619289858,0.040140162398887
1403715958.784058094024658,-1.261260723938529,-0.976835500548088,0.779603057495930,0.646758493808273,-0.266620201162556,-0.675073446483043,-0.234292468663417,0.275643895698005,-0.699154509303660,-0.332767375517170,0.320348960549134,-0.723520745406603,-0.291592988516992,-0.044705064851129,0.024366236102943,-0.041174387000179,0.016017509129172,-0.036176175270961,-0.014579705042798,0.050855240934959
1403715958.834058046340942,-1.242311920720511,-1.017127820569574,0.765358861993412,0.637359337151747,-0.269898206337660,-0.690371259487085,-0.210512606832500,0.389409457387190,-0.785515485893916,-0.326897917015459,0.378976425780436,-0.805847168945463,-0.284884181737085,0.010433031606754,0.020331683051547,-0.042013735278374,0.018948803218018,-0.040292320021486,-0.014244195502518,0.059955372488877
1403715958.884057998657227,-1.217483835605773,-1.062772730849733,0.750729253014356,0.625278941252504,-0.273891681060230,-0.706801218532954,-0.185584563346420,0.493229882964953,-0.841762192581861,-0.316133814398925,0.496562175853345,-0.912899076211588,-0.292592458619028,-0.003332292888391,0.071136883629727,-0.023541355779897,0.024828085114738,-0.045644910280159,-0.014629608979056,0.064910004364971
1403715958.934057950973511,-1.189516944371407,-1.107474946061753,0.735508632902266,0.612789271885527,-0.276798870065888,-0.722209295788533,-0.162127810288318,0.587261689977212,-0.868250462672152,-0.310206323918613,0.559338358113947,-0.894045156868313,-0.304412692552378,0.027923331863265,0.025794694196161,-0.005793631366235,0.027966891234366,-0.044702215212020,-0.015220620112091,0.061713766498355
1403715958.984057903289795,-1.158335362897779,-1.151955173003394,0.720272054676207,0.599345799152272,-0.278056226173704,-0.737318485093873,-0.140821872105999,0.661136703343232,-0.860745218645316,-0.331477997594463,0.623632224214596,-0.889605387226627,-0.304731855136118,0.037504479128637,0.028860168581311,-0.026746142458345,0.031181581473628,-0.044480226941641,-0.015236578226059,0.058808189890681
1403715959.034058094024658,-1.121740454380961,-1.196933614482185,0.706185726941103,0.581347995854339,-0.275884725343218,-0.755323902391676,-0.124128677243618,0.723614806430000,-0.835014338588339,-0.323576812209621,0.731895378377066,-0.899565398006157,-0.281725480004668,-0.008280571947067,0.064551059417818,-0.041851332204952,0.036594908516818,-0.044978441478791,-0.014086327735104,0.061043147427032
1403715959.084058046340942,-1.083969628283527,-1.237963479257463,0.691230822166002,0.564400806992916,-0.270913690362740,-0.771781826237630,-0.111401589437023,0.769001090206914,-0.784847209195900,-0.306011093246252,0.755417242370695,-0.820598078088859,-0.299098380744450,0.013583847836219,0.035750868892958,-0.006912712501802,0.037770826097434,-0.041029864775277,-0.014954904775100,0.054582291903818
1403715959.134057998657227,-1.044153901201304,-1.275976963985944,0.676892440771477,0.548814590780187,-0.261543965049596,-0.786966583595240,-0.105265833000780,0.787591971228024,-0.715045251312716,-0.291473171819383,0.796315301069911,-0.760270419619997,-0.286767901373685,-0.008723329841887,0.045225168307281,-0.004705270445698,0.039815727082223,-0.038013484728481,-0.014338381394525,0.048947978443768
1403715959.184057950973511,-1.004031821929101,-1.310723416395868,0.662865801450550,0.533486018957531,-0.248451925028458,-0.801795805990680,-0.103864305814142,0.781562666345523,-0.652000120176459,-0.273903892037293,0.802442350712721,-0.694929710935100,-0.280533053955717,-0.020879684367198,0.042929590758641,0.006629161918423,0.040122079272203,-0.034746452409924,-0.014026639320927,0.050130614766537
1403715959.234057903289795,-0.964688928503733,-1.342458077552935,0.650214308275649,0.519310056895369,-0.234638920124892,-0.815168756529112,-0.103737844342044,0.760711288535300,-0.588973885611610,-0.272070268703376,0.786858618914229,-0.634693828432548,-0.253030104806321,-0.026147330378929,0.045719942820938,-0.019040163897055,0.039342893425369,-0.031734661157067,-0.012651493174900,0.047775974648044
1403715959.284058094024658,-0.926994787067801,-1.371517956031868,0.636932491026641,0.504448829784087,-0.221920573442009,-0.828191808013635,-0.101887027396722,0.729448873030733,-0.537496592448097,-0.291411007784256,0.753879952894829,-0.581195352494336,-0.265635331661800,-0.024431079864096,0.043698760046238,-0.025775676122456,0.037694141435931,-0.029059878478933,-0.013281817249009,0.047145033105068
1403715959.334058046340942,-0.889033717491809,-1.399725384356103,0.625299970408275,0.485858684513851,-0.211202051805158,-0.842477438699763,-0.097810006020089,0.677868830908785,-0.482333068658005,-0.304391611291819,0.759222115570472,-0.564149104499217,-0.232650634240258,-0.081353284661687,0.081816035841212,-0.071740977051561,0.037961069575992,-0.028207428324235,-0.011632520618366,0.052200391781113
1403715959.384057998657227,-0.856087985541634,-1.423240599047704,0.610827257580860,0.465923165070006,-0.203558857061755,-0.856138283485597,-0.092231423675423,0.588289830990161,-0.410328825732459,-0.296445173288111,0.658915267394070,-0.470304742349567,-0.289454532593641,-0.070625436403910,0.059975916617108,-0.006990640694471,0.032945731950175,-0.023515214691601,-0.014472712827414,0.051908397604984
1403715959.434057950973511,-0.828400931837206,-1.444180626368585,0.597337088169138,0.448565461056542,-0.197447739433019,-0.867298926508343,-0.087154973566627,0.486557273359514,-0.344659492110511,-0.297507371389090,0.553741602177702,-0.418800945817323,-0.269803645539249,-0.067184328818189,0.074141453706812,-0.027703725849841,0.027687053704428,-0.020940027320881,-0.013490169411722,0.044226049832795
1403715959.484057903289795,-0.805981972207559,-1.461579725891194,0.584135804254412,0.432504965808985,-0.193033336757947,-0.876861442628425,-0.082411139309317,0.367495567924868,-0.274061961435207,-0.284368872792895,0.448379620201070,-0.347982322313996,-0.264025930089272,-0.080884052276202,0.073920360878789,-0.020342942703623,0.022418959629647,-0.017399099522610,-0.013201283914726,0.039566900388758
1403715959.534058094024658,-0.789749818025921,-1.474535434789194,0.573927800788702,0.419832862612505,-0.188948580429975,-0.884298266779803,-0.077816301597566,0.184048583407534,-0.191545486188502,-0.225573247130379,0.324641845222399,-0.259113189521623,-0.204159290508303,-0.140593261814865,0.067567703333120,-0.021413956622077,0.016232154181638,-0.012955708898000,-0.010208003465709,0.031855403559232
1403715959.584058046340942,-0.785806120578839,-1.483152412437937,0.566567678646242,0.411318360564554,-0.181276311355976,-0.890006605757329,-0.076448328379221,-0.012794680424613,-0.096943923331247,-0.134384609858606,0.078874024161769,-0.172339717330823,-0.147202583232529,-0.091668704586382,0.075395793999576,0.012817973373923,0.003943697447082,-0.008616977648743,-0.007360122142460,0.025754163453620
1403715959.634057998657227,-0.794146712123054,-1.485202895301730,0.565111252051757,0.408654483651195,-0.173900585001356,-0.892844730692395,-0.074755510852293,-0.236449654606432,-0.007986285828959,-0.015985698911722,-0.166811989968603,-0.041009696385738,-0.029128559668861,-0.069637664637829,0.033023410556779,0.013142860757139,-0.008340591544215,-0.002050482863792,-0.001456426594485,0.017019823833450
1403715959.684057950973511,-0.812628682702037,-1.483563182171483,0.568578441706180,0.414612688496083,-0.164588356845356,-0.891840097511427,-0.075021542238241,-0.463796920092256,0.074806501104014,0.100605214149617,-0.369639764095615,0.032794293880003,0.069343859219914,-0.094157155996642,0.042012207224011,0.031261354929703,-0.018481970578983,0.001639713130246,0.003467189654423,0.022208027883077
1403715959.734057903289795,-0.847143026882033,-1.475011325625440,0.578030017655526,0.431969965325453,-0.156570659909086,-0.885063265837266,-0.074502301829098,-0.675336164434800,0.143487459236369,0.230115160663736,-0.690287541909404,0.171037294034729,0.189031699261603,0.014951377474604,-0.027549834798360,0.041083461402133,-0.034514344179995,0.008551856546043,0.009451575949346,0.040584120561073
1403715959.784058094024658,-0.887541979178154,-1.464847235306807,0.592676814561411,0.458803452496977,-0.147796053578549,-0.872981213652965,-0.074562182991499,-0.830409560754245,0.196101155689135,0.281812533487944,-0.807975963738738,0.203281030917073,0.292934820660041,-0.022433597015507,-0.007179875227938,-0.011122287172096,-0.040398952296122,0.010164090318633,0.014646796905885,0.061419327109467
1403715959.834058046340942,-0.933371974074547,-1.453383869859907,0.608848306198313,0.488743763258393,-0.139091459748480,-0.858049175074773,-0.074395650777193,-0.937661183771169,0.227497894740789,0.308649284623207,-0.916600772066471,0.229267527584550,0.323430141185046,-0.021060411704698,-0.001769632843761,-0.014780856561839,-0.045829994896393,0.011463365446900,0.016171491636901,0.069146358670706
1403715959.884057998657227,-0.984616523290581,-1.441151801890049,0.626586600791689,0.521105024464024,-0.129439513296177,-0.840203074930716,-0.075853534874569,-0.992183165922562,0.239362469885573,0.301739035600313,-1.024891961733820,0.244641592705572,0.354766230198965,0.032708795811258,-0.005279122819999,-0.053027194598653,-0.051244549216034,0.012232067969858,0.017738294593376,0.076451237525972
1403715959.934057950973511,-1.034666638689037,-1.429241948845917,0.642017705815692,0.553307635216902,-0.120245919526608,-0.820592954793069,-0.077580810719276,-1.014369751535160,0.240006841351117,0.284225119432126,-1.001003262600210,0.238197288045266,0.308622394805314,-0.013366488934950,0.001809553305851,-0.024397275373188,-0.050050115398455,0.011909853044132,0.015431105024003,0.077698401838321
1403715959.984057903289795,-1.084439405208637,-1.417764788023493,0.656420502345365,0.584658970733117,-0.112204179167137,-0.799577917813229,-0.079115507103114,-0.991461247083492,0.235868290143751,0.240355070584125,-0.995456279733099,0.229543435358168,0.288056205305261,0.003995032649607,0.006324854785583,-0.047701134721135,-0.049772766519601,0.011477160822424,0.014402796529673,0.077246315962634
1403715960.034058094024658,-1.132101000542216,-1.406771476284095,0.669366074500527,0.611437750684317,-0.104795142548239,-0.780105603451168,-0.081222549827531,-0.950168328575701,0.216786595231834,0.212932961917962,-0.953228270394296,0.219865396068037,0.258910455438245,0.003059941818595,-0.003078800836202,-0.045977493520283,-0.047661595333579,0.010993311739398,0.012945572155163,0.067991730021624
1403715960.084058046340942,-1.175951655679649,-1.397151700373446,0.679826173544328,0.635056331738715,-0.099078764487920,-0.761697696134072,-0.081874743664704,-0.871330950788190,0.186991694532885,0.177180059598269,-0.877013939134336,0.192395701695813,0.209202180386768,0.005682988346146,-0.005404007162927,-0.032022120788499,-0.043850655137433,0.009619775910649,0.010460099043801,0.060987303900098
1403715960.134057998657227,-1.216288657139151,-1.389145588113564,0.689028128635139,0.652748031947862,-0.094044338441819,-0.747106083646123,-0.083115395530469,-0.780534644802234,0.157517634814632,0.154567225910558,-0.806740798558018,0.160122397902263,0.184039277329752,0.026206153755784,-0.002604763087632,-0.029472051419195,-0.040337001459502,0.008006112259882,0.009201955090811,0.047024314609474
1403715960.184057950973511,-1.251283392208851,-1.382165138384388,0.697609827059726,0.667927695016533,-0.089387356361914,-0.733901766541484,-0.085268351806629,-0.652484059993013,0.111922936760541,0.141480650917959,-0.699895368866232,0.139609127725162,0.171634132174793,0.047411308873219,-0.027686190964621,-0.030153481256833,-0.034994735069700,0.006980449729176,0.008581698424586,0.041526586759507
1403715960.334058046340942,-1.315509425185517,-1.376417934213150,0.720171642948163,0.699493540174617,-0.079275437352129,-0.704167326199822,-0.092588168786319,-0.193742049524779,-0.039160565927993,0.151087784391755,-0.428173280952535,0.038314670115109,0.150412010293536,0.234431231427756,-0.077475236043102,0.000675774098219,-0.064226032976666,0.005747204171238,0.022561815888438,0.090259975857713
1403715960.384057998657227,-1.320638395649381,-1.379602941585773,0.727934438997329,0.708521438806506,-0.077215153513507,-0.695141451941499,-0.093880523071129,-0.018988765518559,-0.099300476718328,0.153134842270112,-0.102579507104725,-0.063700208201720,0.155256069047045,0.083590741586166,-0.035600268516608,-0.002121226776932,-0.005128970463864,-0.003185007372623,0.007762796049166,0.025991282062007
1403715960.434057950973511,-1.317905717021516,-1.385872697445428,0.734966817437382,0.715466964411431,-0.075740139914152,-0.687985023572498,-0.095116041662937,0.166690085291050,-0.167518686051785,0.161353878756777,0.054653624679075,-0.125395236779307,0.140647702933160,0.112036460611975,-0.042123449272479,0.020706175823617,0.002732678627866,-0.006269755859655,0.007032378440053,0.020313330699829
1403715960.484057903289795,-1.304474889259863,-1.395628237806240,0.742606553696533,0.716705246839386,-0.075586527028875,-0.686642300567709,-0.095617033815590,0.360055196352640,-0.232294313735699,0.150400071882676,0.268616811406015,-0.195110993288589,0.152794870899563,0.091438384946625,-0.037183320447110,-0.002394799016887,0.013430827761653,-0.009755540360812,0.007639736259151,0.003800441858900
1403715960.534058094024658,-1.278030027630253,-1.409041972853858,0.753252877847559,0.711118725547328,-0.076532200494890,-0.692273978680267,-0.095967280390494,0.541379279970451,-0.289434869760821,0.128611217699696,0.528895215017070,-0.268273677569496,0.212925670773538,0.012484064953381,-0.021161192191325,-0.084314453073843,0.026444861629610,-0.013413735047618,0.010646324151026,0.015992789649683
1403715960.584058046340942,-1.244518118990918,-1.424329959251544,0.762650991249368,0.696362601324743,-0.078717462821122,-0.706851680716667,-0.096142550368012,0.707487428423558,-0.356272136971576,0.114144730229374,0.670238811976235,-0.305760019549194,0.187962447291135,0.037248616447323,-0.050512117422382,-0.073817717061761,0.033511908639335,-0.015287986397686,0.009398113401809,0.041716877335370
1403715960.634057998657227,-1.202606155603034,-1.443224093541084,0.771246111840243,0.674495043150074,-0.082246988343600,-0.727512142836008,-0.094962896441439,0.863900907911110,-0.402561839195965,0.112214112136117,0.838240067165702,-0.377883046168167,0.171902575756582,0.025660840745408,-0.024678793027798,-0.059688463620465,0.041911963387884,-0.018894134289541,0.008595120590876,0.060628847977417
1403715960.684057950973511,-1.156506795028123,-1.465041297822044,0.778965493413651,0.651718247046880,-0.086595541441082,-0.747750224467013,-0.092920075754381,0.968263774666118,-0.448061134074541,0.128664318250502,0.921988090774572,-0.436344501749734,0.154387778703822,0.046275683891547,-0.011716632324807,-0.025723460453320,0.046099360574910,-0.021817204280959,0.007719381573408,0.061693463711075
1403715960.734057903289795,-1.105289093983386,-1.489740182225152,0.788773769439118,0.628732590027237,-0.089194460266972,-0.766893970945419,-0.092807951291328,1.050059487582964,-0.491063385429665,0.147749164167569,1.024354997795797,-0.493978159156447,0.196165707587539,0.025704489787167,0.002914773726782,-0.048416543419970,0.051217701044737,-0.024698884403108,0.009808276025467,0.060055246422901
1403715960.784058094024658,-1.051345352946323,-1.514807133900811,0.797800793890375,0.602890806558789,-0.093194009477134,-0.787023134723340,-0.091826670280029,1.104379133163501,-0.517717000356299,0.124226216826815,1.078870705176133,-0.501337121063830,0.180539800320458,0.025508427987368,-0.016379879292468,-0.056313583493643,0.053943741037063,-0.025066951675659,0.009027024451257,0.066031487198639
1403715960.834058046340942,-0.994514564210355,-1.542906125692386,0.806361754947460,0.570525218959927,-0.098061436076093,-0.810435097822393,-0.089888161083818,1.118437388622028,-0.551245286199014,0.133525150436627,1.136616858681664,-0.561980371777748,0.171219384429219,-0.018179470059636,0.010735085578734,-0.037694233992592,0.056830788735968,-0.028098991791575,0.008560961057084,0.080580903989674
1403715960.884057998657227,-0.938667071271140,-1.571646859326475,0.813749944160933,0.539532525647194,-0.101609733996821,-0.831049651467312,-0.089087555370629,1.099982065943780,-0.572927080926897,0.155972361535908,1.116950923991704,-0.574815220868293,0.147763925188124,-0.016968858047924,0.001888139941396,0.008208436347785,0.055847492939215,-0.028740733634089,0.007388189213473,0.074803778457217
1403715960.934057950973511,-0.884878013558280,-1.599517876398254,0.820471859284682,0.509593836756540,-0.106586733219575,-0.849385307373692,-0.086590931736682,1.043799694686539,-0.577226859197588,0.170118538681833,1.075782180203034,-0.557420873033547,0.134438430685454,-0.031982485516495,-0.019805986164040,0.035680107996379,0.053789057712860,-0.027871017071779,0.006721915123749,0.071095937564656
1403715960.984057903289795,-0.834500411764443,-1.628878837124136,0.828509133798767,0.485804444925532,-0.109753866653644,-0.862889944917243,-0.085843304956688,0.951432605596279,-0.576127653542109,0.181388175797026,1.007552996754157,-0.587219774534062,0.160745643580705,-0.056120391157878,0.011092120991953,0.020642532216321,0.050377601793837,-0.029360960725882,0.008037274514086,0.055098024568255
1403715961.034058094024658,-0.788754101764657,-1.658765049145170,0.835408414987686,0.463679316756657,-0.113004104588363,-0.874664032447200,-0.084819773057146,0.836187147930711,-0.572873702566724,0.173402765375986,0.914922709842561,-0.597721960292355,0.137985097407007,-0.078735561911850,0.024848257725632,0.035417667968979,0.045746309999786,-0.029886212021034,0.006899281188919,0.050588386363083
1403715961.084058046340942,-0.749344829499901,-1.687115194835722,0.843981229965358,0.443534841509580,-0.115926619643415,-0.884774037711992,-0.083742255856535,0.695744305780205,-0.553496290743283,0.178598846059030,0.788186196968052,-0.567003454547666,0.171456463067064,-0.092441891187847,0.013507163804383,0.007142382991966,0.039409272264756,-0.028350145690552,0.008572814977672,0.045507650530822
1403715961.134057998657227,-0.718717162157185,-1.714131510136333,0.851700343864223,0.424146863547754,-0.120119418444846,-0.893892583639645,-0.081405235514164,0.528197283689495,-0.530917946304661,0.194019759398569,0.612553931031284,-0.540326821308047,0.154382425207843,-0.084356647341789,0.009408875003386,0.039637334190726,0.030627667342717,-0.027016315300612,0.007719113898864,0.043913649968213
1403715961.184057950973511,-0.696936003178790,-1.739663591807669,0.861588515418713,0.406815670626865,-0.125278354927043,-0.901522189624783,-0.077872238527764,0.317831097424360,-0.495074202808298,0.228776582727891,0.435623595010933,-0.510642120412996,0.197763619691882,-0.117792497586573,0.015567917604698,0.031012963036009,0.021781158978395,-0.025532081671336,0.009888171554490,0.039884383337488
1403715961.234057903289795,-0.687141091942777,-1.761861200891745,0.873150125343093,0.395659921016061,-0.131700139516288,-0.905963357907606,-0.073066369019739,0.115194864485800,-0.446427663256706,0.257508049428538,0.195898411543549,-0.443952605067706,0.231232419008024,-0.080703547057750,-0.002475058189000,0.026275630420514,0.009794911236013,-0.022197609084075,0.011561609924380,0.028880030975367
1403715961.284058094024658,-0.686117885016058,-1.781541046753841,0.885625228067043,0.392946527636546,-0.138734693340344,-0.906562798439207,-0.067004505581465,-0.117037698094223,-0.389689630394264,0.307283420611981,0.020464060470169,-0.393595415794567,0.249501102707833,-0.137501758564391,0.003905785400303,0.057782317904148,0.001023206926718,-0.019679845862096,0.012475102723950,0.019385943777533
1403715961.334058046340942,-0.698771787153833,-1.797650511433058,0.901292685824348,0.401259956246128,-0.144062468335010,-0.902515133605262,-0.060851346279740,-0.341524855240580,-0.323439175042257,0.366962802178785,-0.253078284109761,-0.322189600848279,0.313349453979421,-0.088446571130819,-0.001249574193978,0.053613348199364,-0.012653902137775,-0.016109464679217,0.015667457757305,0.024636977128988
1403715961.384057998657227,-0.722552044486578,-1.810688288853490,0.920177598219368,0.417557484933146,-0.146933602045864,-0.894999623872218,-0.055063024206103,-0.555502900435455,-0.254054757288950,0.425446989655322,-0.475605600227728,-0.260755797084760,0.377698608101860,-0.079897300207726,0.006701039795810,0.047748381553463,-0.023780257332744,-0.013037777420433,0.018884912395020,0.038149780667989
1403715961.434057950973511,-0.762175792783403,-1.817943409443004,0.940318451953225,0.438643610724969,-0.146893091907027,-0.885149761311315,-0.050240445566077,-0.727456570500880,-0.191067644108475,0.454958566121919,-0.792475721700245,-0.145102550170859,0.402817458833804,0.065019151199365,-0.045965093937617,0.052141107288114,-0.039623748296825,-0.007255120589514,0.020140853733857,0.047536512037715
1403715961.484057903289795,-0.806544332868497,-1.824076418748195,0.962542651850515,0.461806280339887,-0.142498954074124,-0.874246099968271,-0.046073465429542,-0.873941095362655,-0.130872233611288,0.492281108311719,-0.887371647965431,-0.122660303081801,0.444484421839190,0.013430552602776,-0.008211930529487,0.047796686472529,-0.044368540085094,-0.006133009305191,0.022224199897291,0.052616012101352
1403715961.534058094024658,-0.854792320258300,-1.828833669917486,0.987025850356377,0.486450161779485,-0.135172843575667,-0.862149523418594,-0.042340780973814,-0.969262132273888,-0.075687751727019,0.518342499931679,-0.964956066780792,-0.095144660437736,0.489662102204547,-0.004306065493096,0.019456908710717,0.028680397727133,-0.048247987389803,-0.004757251169291,0.024483198505861,0.057316981628817
1403715961.584058046340942,-0.905025816458369,-1.831749990926256,1.013104444775407,0.511642186344645,-0.124059376203974,-0.849245630148297,-0.040167200579250,-1.037486415587404,-0.027809813744288,0.527538352311252,-1.004670882130199,-0.058326475799852,0.521572385790798,-0.032815533457205,0.030516662055564,0.005965966520453,-0.050233496200069,-0.002916321008769,0.026078594419030,0.060973901307537
1403715961.634057998657227,-0.958855311287486,-1.832423576411450,1.039028554118797,0.536309381515522,-0.110731809314253,-0.835861616728831,-0.038027245284067,-1.078828209472291,-0.007415132176848,0.523030192998314,-1.076590923299462,-0.013471722551521,0.518482681331403,-0.002237286172829,0.006056590374673,0.004547511666911,-0.053829494829117,-0.000673585485194,0.025924109343389,0.062285926749137
1403715961.684057950973511,-1.013288615829830,-1.832212656195845,1.065360171407629,0.560801196851641,-0.096582351039745,-0.821533744674252,-0.035442537139769,-1.100938258947012,0.016596579511478,0.518241307678308,-1.088667129080748,0.004218408335094,0.526632848012869,-0.012271129866264,0.012378171176384,-0.008391540334560,-0.054433304542343,0.000210920215605,0.026331617288832,0.063627358353533
1403715961.734057903289795,-1.068204465393254,-1.831120910837798,1.089389548016747,0.584419734787433,-0.080721035231017,-0.806677699404162,-0.034767475407732,-1.072390679991788,0.020930614216680,0.472253170564243,-1.098318038706187,0.021834927984341,0.480587990506783,0.025927358714399,-0.000904313767662,-0.008334819942540,-0.054915849563424,0.001091745358047,0.024029376609118,0.064207880574213
1403715961.784058094024658,-1.120644112085770,-1.830235596394519,1.111558461556964,0.606893770541456,-0.064280479566437,-0.791367484567480,-0.035853529728937,-1.031168067312247,0.023479614947524,0.419173131030839,-1.048788933038043,0.017706221321710,0.443376579456915,0.017620865725796,0.005773393625814,-0.024203448426076,-0.052439646692516,0.000885314443279,0.022168913540217,0.063593758399506
1403715961.834058046340942,-1.170193090726119,-1.829141475624051,1.130487412949296,0.627059987321845,-0.050028490352909,-0.776585237282728,-0.034760490322569,-0.971266504049696,0.021436922168751,0.337732072525668,-0.990980517879651,0.021882436278077,0.378579388888086,0.019714013829955,-0.000445514109326,-0.040847316362418,-0.049548978640349,0.001094120770468,0.018928951392332,0.057604250257701
1403715961.884057998657227,-1.216359674794284,-1.828662225978957,1.145859102538199,0.643900250876593,-0.036903913394350,-0.763444478965710,-0.034396157256569,-0.889304468404556,0.014022485154982,0.253336612067048,-0.923332561921852,0.009585002042842,0.307434084970053,0.034028093517295,0.004437483112140,-0.054097472903005,-0.046166584068165,0.000479249645094,0.015371689588903,0.050147550369158
1403715961.934057950973511,-1.258290993977357,-1.828397492270894,1.157451391800312,0.658136255928332,-0.025525410597342,-0.751700796150327,-0.033926908397895,-0.790524029982017,-0.001330871094708,0.210140135656959,-0.838627183438662,0.005294679210669,0.231846006347832,0.048103153456645,-0.006625550305377,-0.021705870690873,-0.041931319183073,0.000264733708063,0.011592289262113,0.043372197399604
1403715961.984057903289795,-1.296307777663152,-1.828879157359097,1.166631160293222,0.675845715291508,-0.016146543343629,-0.736219216268140,-0.030872704087725,-0.679703729688063,-0.030999563003717,0.179468736380179,-0.760336398829190,-0.009633310951108,0.183595544948561,0.080632669141128,-0.021366252052609,-0.004126808568382,-0.038016783685795,-0.000481665088203,0.009179768492910,0.051014933400313
1403715962.034058094024658,-1.327956126357347,-1.830547654860609,1.173161303698543,0.694894605691705,-0.007688968892477,-0.718616722364975,-0.025541595004230,-0.530998361334691,-0.053971030282775,0.133802893264204,-0.632964559315744,-0.033369822734473,0.130602369897910,0.101966197981053,-0.020601207548302,0.003200523366294,-0.031648348694196,-0.001668497501512,0.006530143405321,0.055595289803106
1403715962.084058046340942,-1.352890128351050,-1.834830008315116,1.177571770007835,0.712755769764569,-0.000464175044291,-0.701184753574275,-0.017858851134078,-0.357195716192036,-0.078151726185676,0.081652401300560,-0.498680515452860,-0.085647150769626,0.088209410308891,0.141484799260823,0.007495424583950,-0.006557009008331,-0.024934001993703,-0.004282353454507,0.004410466309292,0.054190841754468
1403715962.134057998657227,-1.366467781164811,-1.839727581839047,1.180085823294428,0.725730242524799,0.006790053739200,-0.687867437678139,-0.010387417254903,-0.176972238899366,-0.099654593619663,0.024026328995662,-0.271553315248638,-0.097951563892514,0.050281113683676,0.094581076349271,-0.001703029727149,-0.026254784688015,-0.013577652813761,-0.004897573523931,0.002514053286593,0.042621646756191
1403715962.184057950973511,-1.372325887514831,-1.842792242980186,1.177379458650179,0.734034475917612,0.013877009649102,-0.678967094302036,-0.002121702761210,0.022132032533166,-0.114748943016001,-0.037385798978671,-0.117162238735019,-0.061293281276593,-0.054127344504854,0.139294271268185,-0.053455661739408,0.016741545526183,-0.005858106350020,-0.003064661141138,-0.002706364644250,0.032663699317277
1403715962.234057903289795,-1.366262884007001,-1.848185983684799,1.173536254088833,0.737097594063960,0.020110859487863,-0.675444121445527,0.007611107702743,0.230464226331668,-0.119865208971039,-0.088980654901690,0.121260185799333,-0.107874916969801,-0.076864164530289,0.109204040532335,-0.011990292001238,-0.012116490371402,0.006063003507830,-0.005393740704613,-0.003843204561345,0.024930665926443
1403715962.284058094024658,-1.349743861734795,-1.854567444022795,1.167271023544117,0.734849638017856,0.025805198283717,-0.677484204841977,0.018580996641692,0.437460935430898,-0.135035962425657,-0.135815388826404,0.330379185147538,-0.127628719894998,-0.125304132896995,0.107081750283361,-0.007407242530658,-0.010511255929410,0.016519022272206,-0.006381460337996,-0.006265230544716,0.025454382003100
1403715962.334058046340942,-1.323114802814246,-1.859933691082106,1.157798183404061,0.728535238912932,0.029492222914626,-0.683621026150177,0.032076581099147,0.632981637849533,-0.119791795877387,-0.173545731258744,0.532581686320458,-0.107325043539362,-0.189456983481373,0.100399951529075,-0.012466752338025,0.015911252222629,0.026629058920549,-0.005366247059311,-0.009472840140056,0.033061360225192
1403715962.384057998657227,-1.286502468201399,-1.864980612055821,1.146576202756352,0.719931907037767,0.031768833378168,-0.691864211113032,0.044863167918646,0.844935636831823,-0.092355906874123,-0.202508480381429,0.732247390582480,-0.100938515736765,-0.224439826996678,0.112688246249343,0.008582608862641,0.021931346615249,0.036612334612848,-0.005046920973715,-0.011221980647709,0.035250827934652
1403715962.434057950973511,-1.238908191747301,-1.865733156992783,1.127646719391395,0.708116334206636,0.032567450495082,-0.702841228677325,0.059370242288147,1.021944283947633,-0.070675861861720,-0.262775061989868,0.951886436871589,-0.015050913092907,-0.378590028350720,0.070057847076044,-0.055624948768813,0.115814966360852,0.047594276454097,-0.000752544936962,-0.018929483364957,0.043414936382402
1403715962.484057903289795,-1.186048183751670,-1.863857329512914,1.104001696535714,0.693635909537250,0.032883880115829,-0.715632586823186,0.075218854722176,1.172163582268854,-0.033044831399408,-0.327909142184337,1.057201168138238,0.037516585375978,-0.472900908107071,0.114962414130616,-0.070561416775386,0.144991765922734,0.052860007995632,0.001875827479869,-0.023645022855681,0.049984505466595
1403715962.584058046340942,-1.058048130107884,-1.861687375255791,1.066923381371088,0.650834985948371,0.032997681297490,-0.750717452359006,0.108389486658882,1.393775566091835,0.083757523488346,-0.435363014751880,1.279998705385017,0.021699511529832,-0.370782621237469,0.113776860706817,0.062058011958514,-0.064580393514411,0.128000053643785,0.002169954257123,-0.037078315164626,0.129067668426405
1403715962.634057998657227,-0.986515272674678,-1.855616815260466,1.045765234750196,0.628269061491209,0.034226971767375,-0.767511084843800,0.122610095092056,1.460194246014894,0.157956197501769,-0.472675791066843,1.430658513046404,0.121411315693349,-0.423163335977847,0.029535732968489,0.036544881808420,-0.049512455088996,0.071532857433206,0.006070559995325,-0.021158146620892,0.063089346430894
1403715962.684057950973511,-0.912011839777638,-1.845283880648880,1.022923658930595,0.607760547643886,0.035565920628501,-0.781600054333046,0.135880598629940,1.498646993429526,0.244022575224232,-0.518552464616255,1.490070078982368,0.206658889316998,-0.456831952060915,0.008576914447158,0.037363685907235,-0.061720512555340,0.074503432897040,0.010332934611586,-0.022841575819601,0.056464154613008
1403715962.734057903289795,-0.836805342653459,-1.830365009629883,0.996841704713424,0.588726528257609,0.038218340871183,-0.793994926516538,0.146671367392530,1.521402424143005,0.326543858020717,-0.579107773234650,1.504131376935044,0.298377704935097,-0.521639581817700,0.017271047207961,0.028166153085620,-0.057468191416950,0.075206497124179,0.014918871018997,-0.026081954217171,0.050574177072396
1403715962.784058094024658,-0.758271488051124,-1.811674242535971,0.969528414742718,0.569173037250067,0.043421050054355,-0.806443121301984,0.154292443704886,1.524343437563920,0.419521604106501,-0.620604517799343,1.570671100411936,0.373813915891309,-0.546263715583407,-0.046327662848017,0.045707688215191,-0.074340802215935,0.078533854602334,0.018690767093912,-0.027313289970705,0.049899011622277
1403715962.834058046340942,-0.682835790072433,-1.787890832011485,0.937383793589892,0.551496015097201,0.051907394920917,-0.817742943565014,0.156378534121720,1.505634741828870,0.503269554045109,-0.653861543294870,1.508715398396950,0.475668664122718,-0.642893036167106,-0.003080656568081,0.027600889922390,-0.010968507127764,0.075435697978691,0.023783410524487,-0.032144621152826,0.045455699452371
1403715962.884057998657227,-0.608885837441175,-1.759311589264348,0.904932374191880,0.535747658963200,0.062794403595753,-0.827557568885201,0.155498485437384,1.466698721247663,0.581667459926461,-0.704029305403916,1.479000463109916,0.571585400049042,-0.649029006922534,-0.012301741862254,0.010082059877420,-0.055000298481382,0.073949952631258,0.028579242747136,-0.032451419398012,0.043065389779185
1403715962.934057950973511,-0.536407939620065,-1.727224270687779,0.869904973292870,0.518641139408330,0.078858552659783,-0.838261674939818,0.148694524151781,1.420640816559289,0.653054760785216,-0.756024957673868,1.449559338829723,0.641746983549002,-0.700548686075479,-0.028918522270434,0.011307777236214,-0.055476271598390,0.072477897821111,0.032087318576569,-0.035027400899009,0.053351808568203
1403715962.984057903289795,-0.465075988100124,-1.693561310150638,0.832686489137212,0.502248404129380,0.100324173240871,-0.848161036666654,0.135293963995348,1.350701782553813,0.691749158148683,-0.833136603560991,1.426640390949114,0.673259852813459,-0.744370393000088,-0.075938608395300,0.018489305335224,-0.088766210560904,0.071331951519941,0.033662960537141,-0.037218484155658,0.063471301818767
1403715963.034058094024658,-0.400881040638596,-1.656976695068536,0.789396613782283,0.483206585955957,0.120502252201288,-0.858343073057713,0.123441368418563,1.254149142614844,0.699266644713428,-0.913721469106926,1.283894051563427,0.731689510468067,-0.865794204355812,-0.029744908948584,-0.032422865754639,-0.047927264751114,0.064194947461528,0.036584615082102,-0.043289875354930,0.063686396511334
1403715963.084058046340942,-0.340798048572628,-1.622101316902602,0.742662516584509,0.463995838510596,0.139408516505248,-0.867361532118813,0.113829257975095,1.147157968371330,0.685364438890385,-0.986783575222218,1.201660987312576,0.697508228514361,-0.934682835338476,-0.054503018941246,-0.012143789623976,-0.052100739883742,0.060082992065968,0.034875378165934,-0.046734097197773,0.060009747881607
1403715963.134057998657227,-0.286405729135430,-1.587673758323819,0.693300550955493,0.443986566765871,0.156181584924169,-0.875756078660298,0.107398937385649,1.038043671014189,0.666796178769885,-1.043947972142263,1.087847426196108,0.688551828229841,-0.987240254085998,-0.049803755181919,-0.021755649459956,-0.056707718056265,0.054392319437198,0.034427558578782,-0.049361965629016,0.056340986622621
1403715963.184057950973511,-0.245929784810151,-1.546985610744556,0.646432776883003,0.425102459159335,0.170486858974911,-0.882851245991715,0.103902875727433,0.898812404050014,0.636023780708755,-1.096254830383868,0.809519658523689,0.813763727650842,-0.937356375382505,0.089292745526325,-0.177739946942086,-0.158898455001363,0.040475944325279,0.040688147579264,-0.046867774072490,0.049953845246247
1403715963.234057903289795,-0.209263981858283,-1.514676171029594,0.594579645369640,0.408548722148113,0.184455442996054,-0.888038972997421,0.102229710055146,0.738460793451380,0.583301806081159,-1.143580977663374,0.733316758382725,0.646189410553487,-1.037063619288190,0.005144035068654,-0.062887604472328,-0.106517358375184,0.036665802951868,0.032309439714962,-0.051853131513363,0.044671256227161
1403715963.284058094024658,-0.183913689581747,-1.487220491009105,0.537602534327322,0.392442621659743,0.196384571622304,-0.892676508490019,0.102715821194311,0.573959603931090,0.517364526864109,-1.199453805989207,0.507003911464281,0.549111505715604,-1.139537873854368,0.066955692466809,-0.031746978851495,-0.059915932134840,0.025350292276536,0.027455680020488,-0.056977111042319,0.041156703745497
1403715963.334058046340942,-0.164078518961692,-1.468102358554036,0.474090747667903,0.383637848222535,0.209091254785802,-0.893373083155201,0.104820717785425,0.356684975902325,0.404044161189633,-1.175622890572066,0.396703790727316,0.382363013751163,-1.270236944580726,-0.040018814824991,0.021681147438470,0.094614054008660,0.019835170620055,0.019118132455069,-0.063511786659419,0.031234890467889
1403715963.384057998657227,-0.154478619054604,-1.451318708726270,0.417514443485535,0.389185055040682,0.219321916037071,-0.887574507385345,0.112447249492685,0.125354869707128,0.291639728027315,-1.124405735381738,0.191998181245492,0.335673316678359,-1.131527162755747,-0.066643311538364,-0.044033588651044,0.007121427374009,0.009599899907088,0.016783649827767,-0.056576304182368,0.030148280395922
1403715963.434057950973511,-0.154984329474778,-1.441691982687731,0.361210368510450,0.412036086159321,0.230277416610120,-0.873051216809673,0.122393414565599,-0.072703195356846,0.175439128328943,-1.054103802924167,-0.010114218049133,0.192534704386173,-1.126082573417738,-0.062588977307713,-0.017095576057230,0.071978770493571,-0.000505710420173,0.009626726038539,-0.056304074975085,0.061712894173675
1403715963.484057903289795,-0.162443859179707,-1.435181022080460,0.310806269860318,0.441430287996043,0.239396007664482,-0.854068134553478,0.135633601641996,-0.209403080638192,0.091022933002568,-0.996419487651121,-0.149190736377963,0.130219336332267,-1.008082934385439,-0.060212344260229,-0.039196403329699,0.011663446734319,-0.007459529704929,0.006510960607272,-0.050404098650132,0.077019764682837
1403715963.534058094024658,-0.179313975560027,-1.434340285340181,0.265019711252701,0.475070931646543,0.247651329846049,-0.830919902798922,0.150161725691334,-0.305408553923748,0.017007985683266,-0.973280001927564,-0.337401040523566,0.016814670662697,-0.915727678928456,0.031992486599818,0.000193315020569,-0.057552322999109,-0.016870116380320,0.000840736740279,-0.045786558607616,0.088251145556685
1403715963.584058046340942,-0.205941064547082,-1.438462008922944,0.224723893168035,0.504030089076426,0.254162310102661,-0.808761586822131,0.165105678611724,-0.378786979900495,-0.039217908857845,-0.919920663074791,-0.532542287613002,-0.082434550270979,-0.805917130275798,0.153755307712508,0.043216641413135,-0.114003532798993,-0.026627088987055,-0.004121723582763,-0.040295818084667,0.079888684954267
1403715963.634057998657227,-0.223373431457493,-1.439259052093289,0.182819032241510,0.528070887531881,0.261196037534082,-0.788232367942375,0.177784987683838,-0.387013896634732,-0.055581915091129,-0.864087169807496,-0.348647670704560,-0.015940878609307,-0.838098017803059,-0.038366225930172,-0.039641036481822,-0.025989152004437,-0.017432366910412,-0.000797043170345,-0.041904860926525,0.069563466709012
1403715963.684057950973511,-0.240404239434439,-1.442380442442334,0.144156488450996,0.547151579808066,0.268021983687763,-0.770277848043065,0.188311979936907,-0.366016181688176,-0.060211526952681,-0.810661642376862,-0.340616484376110,-0.062427866516753,-0.773251613240480,-0.025399697312066,0.002216339564072,-0.037410029136382,-0.017030807976946,-0.003121390349045,-0.038662543790514,0.058100191258659
1403715963.734057903289795,-0.262868702796163,-1.448574282056430,0.112766459827709,0.560271765636961,0.274275538304251,-0.756295406059144,0.197194666489208,-0.337034138331944,-0.056290495380597,-0.731790098201351,-0.449289695710530,-0.123876910420137,-0.627801171183591,0.112255557378587,0.067586415039540,-0.103988927017760,-0.022464463361724,-0.006193839614095,-0.031390028623287,0.044076146939035
1403715963.784058094024658,-0.277019305460374,-1.450858304196740,0.078886156462671,0.566868105761567,0.278818071139104,-0.747362451569055,0.205840714780274,-0.289221821046786,-0.053037373576250,-0.668171314977638,-0.283010973683020,-0.045680268549809,-0.677603482448595,-0.006210847363766,-0.007357105026441,0.009432167470957,-0.014150602664210,-0.002284022140310,-0.033880303365037,0.029577161488159
1403715963.834058046340942,-0.288566815665640,-1.453119993903524,0.047737271938703,0.570903711026988,0.282793307094241,-0.740662029408442,0.213346329686932,-0.237873638819332,-0.037307996796009,-0.603732643326461,-0.230950424356817,-0.045233837274028,-0.622978284597760,-0.006923214462515,0.007925840478019,0.019245641271299,-0.011547510205266,-0.002261689706784,-0.031148884523969,0.023092856401345
1403715963.884057998657227,-0.297246931088123,-1.453888362920262,0.020109182633651,0.571316883512691,0.286561179417836,-0.737421052730841,0.218380173214840,-0.174817695602863,-0.014169311430813,-0.526250978265200,-0.173602474009881,-0.015367394990258,-0.552562313065530,-0.001215221592981,0.001198083559444,0.026311334800330,-0.008680115422483,-0.000768369016738,-0.027628089305052,0.014171985596223
1403715963.934057950973511,-0.303772355630677,-1.453603122028999,-0.005083418479564,0.567264978057164,0.290362246174582,-0.738109811177293,0.221571923560000,-0.134042778697938,0.006692231504407,-0.485964640923008,-0.130508615313780,0.005704823265808,-0.503852502775478,-0.003534163384158,0.000987408238599,0.017887861852470,-0.006525424542553,0.000285240891263,-0.025192601113214,0.012888420925163
1403715963.984057903289795,-0.308154229039679,-1.452191405152254,-0.027462109628237,0.560344991291051,0.292808714454219,-0.741253817276778,0.225431421606008,-0.083873134994155,0.037526116971333,-0.419954228509579,-0.087637551757724,0.028234364461291,-0.447574249813541,0.003764416763569,0.009291752510042,0.027620021303962,-0.004381873409002,0.001411716876745,-0.022378691148674,0.017737242054264
1403715964.034058094024658,-0.306044319556203,-1.446553541392102,-0.042713019191692,0.552685995338846,0.299019263794832,-0.744984879713494,0.223882110572006,-0.046793010128874,0.052120326567061,-0.352609380981260,0.042198028696808,0.112756845069811,-0.305017027721463,-0.088991038825682,-0.060636518502750,-0.047592353259796,0.002109909483476,0.005637863760152,-0.015250909563454,0.021312288307162
1403715964.084058046340942,-0.307254854022514,-1.443039977263691,-0.057739802157090,0.538321307412239,0.307638609953773,-0.753975845073921,0.217000185937141,-0.025495696192062,0.064956836630794,-0.283559211973324,-0.024210712415351,0.070271349584196,-0.300535945921378,-0.001284983776711,-0.005314512953403,0.016976733948054,-0.001210534466311,0.003513564128411,-0.015026782965398,0.040440062407285
1403715964.134057998657227,-0.306597289539427,-1.439266131297992,-0.065213304746092,0.524887406875705,0.320986400686619,-0.761819532314598,0.202711471953401,-0.003278838861594,0.049888881541433,-0.169908318878207,0.013151302203805,0.075476991294458,-0.149470194325920,-0.016430141065399,-0.025588109753026,-0.020438124552287,0.000657564483087,0.003773845965700,-0.007473502589002,0.049974251863088
1403715964.184057950973511,-0.305611113159756,-1.437137516016967,-0.067603716563713,0.511747862463161,0.329251167404857,-0.769278828185702,0.194725135850917,0.011965028115396,0.005025976522859,-0.005740861207039,0.019723546403252,0.042572346220652,-0.047808281945953,-0.007758518287856,-0.037546369697793,0.042067420738914,0.000986176379671,0.002128615281025,-0.002390411817621,0.037967748347361
1403715964.234057903289795,-0.303348562080775,-1.436690243364114,-0.060657821370558,0.505366566534844,0.333632973630956,-0.772478693568279,0.191233732165625,0.017553128867754,-0.051789207816720,0.147138368930066,0.045251064734405,0.008945461588109,0.138918036345659,-0.027697935866651,-0.060734669404829,0.008220332584407,0.002262551078981,0.000447272652853,0.006945895193155,0.018149464655866
1403715964.284058094024658,-0.302470067785336,-1.440398942853540,-0.046438382422091,0.505329742287790,0.330028335138940,-0.772389756981462,0.197831273753405,0.006908890373748,-0.107453196935310,0.282683893129752,0.017569818885234,-0.074173706838292,0.284387694116370,-0.010660928511486,-0.033279490097018,-0.001703800986618,0.000878494295439,-0.003708699489426,0.014219438948466,0.015037354249956
1403715964.334058046340942,-0.303318336117590,-1.447276936240946,-0.027244883429888,0.508057296600552,0.326718646469758,-0.770509011163157,0.203589226474000,-0.014526783957292,-0.156620168990122,0.325825488771779,-0.016965382824533,-0.137559998935556,0.383870345931360,0.002438598867241,-0.019060170054566,-0.058044857159581,-0.000848268332254,-0.006877993387406,0.019193498992203,0.014843863222862
1403715964.384057998657227,-0.303814048980454,-1.455533481297050,-0.008339751487470,0.512666527248039,0.322430118882260,-0.767322205678981,0.210780651267972,-0.018978704381830,-0.180006834106424,0.318860609070251,-0.009914266712262,-0.165131058603326,0.378102999435473,-0.009064437669568,-0.014875775503098,-0.059242390365222,-0.000495712862864,-0.008256545056104,0.018905131942418,0.020150399943734
1403715964.434057950973511,-0.304399637268421,-1.465190851043274,0.009640101789530,0.514510555596802,0.319694615599953,-0.765992008122801,0.215245172832907,-0.017020965140161,-0.207883881903114,0.289063152286217,-0.011711776928563,-0.193147579124359,0.359597408478812,-0.005309188211598,-0.014736302778756,-0.070534256192595,-0.000585588287967,-0.009657369746224,0.017979853277000,0.011416634457087
1403715964.484057903289795,-0.305207824271355,-1.476229353584668,0.024775671811958,0.516414711784873,0.319001884393555,-0.764420666388814,0.217289410701923,-0.023454526381089,-0.234103408951208,0.280621202555204,-0.016163755473630,-0.220770261370811,0.302711689136929,-0.007290770907460,-0.013333147580397,-0.022090486581724,-0.000808187002934,-0.011038502541394,0.015135570022428,0.006558573094733
1403715964.534058094024658,-0.306332490092521,-1.488478585555564,0.038927323767328,0.519163892636291,0.319842611402869,-0.762309404178760,0.216919175764503,-0.024162997409025,-0.253308368401952,0.259540068386911,-0.022493230618462,-0.244983704879246,0.283031959426167,-0.001669766790562,-0.008324663522705,-0.023491891039256,-0.001124665821166,-0.012249231970896,0.014151651955370,0.007171982450262
1403715964.584058046340942,-0.307181684015316,-1.501545040519512,0.052237508140296,0.518752390413954,0.320211887059004,-0.762503015951440,0.216678230311398,-0.018697368019934,-0.273637441778790,0.270852438410650,-0.016983894652995,-0.261329348502059,0.266203941331219,-0.001713473366939,-0.012308093276731,0.004648497079431,-0.000849193922795,-0.013066454963949,0.013310184372968,0.001266868315576
1403715964.634057998657227,-0.308222957604040,-1.515873435996041,0.066906154127896,0.519484908155212,0.317718426104130,-0.761917916857724,0.220616227608196,-0.021179034047295,-0.295781588778534,0.306302421542348,-0.020825491635227,-0.286568182823282,0.293373199534477,-0.000353542412068,-0.009213405955252,0.012929222007870,-0.001041273588725,-0.014328395476528,0.014668645987600,0.009508761436138
1403715964.684057950973511,-0.308802916820055,-1.530614003278576,0.082981893159466,0.519803165399801,0.313388010412220,-0.761526650780737,0.227309886104609,-0.035872382281993,-0.298105388962096,0.358468575188213,-0.011599195382153,-0.294811626804988,0.321515087252095,-0.024273186899840,-0.003293762157107,0.036953487936118,-0.000579959216015,-0.014740567282536,0.016075739031571,0.015976517803444
1403715964.734057903289795,-0.310176702884056,-1.545358906221850,0.101506794987115,0.520685428120496,0.308741394882618,-0.760750943348891,0.234144054425227,-0.033069839819347,-0.292762917220752,0.399442060183280,-0.027475747482932,-0.294898340102458,0.370498389887765,-0.005594092336416,0.002135422881705,0.028943670295516,-0.001373786064001,-0.014744902943274,0.018524901827648,0.016694598721716
1403715964.784058094024658,-0.311731716247525,-1.560500350353090,0.123943281182970,0.522170026028376,0.302177806654464,-0.759241790182780,0.244087978243642,-0.049048016200339,-0.301578726649097,0.494909492879594,-0.031100148631722,-0.302827727428680,0.448728012155581,-0.017947867568617,0.001249000779583,0.046181480724013,-0.001555013363469,-0.015141444131239,0.022436486195855,0.024202947981446
1403715964.834058046340942,-0.314393623024014,-1.575680737052520,0.150507095473464,0.524032294968070,0.295827511033661,-0.756996793601587,0.254621468111084,-0.068611756432448,-0.286322124370701,0.572321442993696,-0.053238186301682,-0.303608023531779,0.531276792474913,-0.015373570130766,0.017285899161077,0.041044650518783,-0.002661906776490,-0.015180386699430,0.026563814290494,0.025281680819163
1403715964.884057998657227,-0.317756215603217,-1.589788512437792,0.178472202073774,0.528640407543794,0.291588587757974,-0.752646834278540,0.262751132921887,-0.077491844532550,-0.256144786070372,0.555746823287696,-0.067251915720478,-0.282155776790168,0.559302665398791,-0.010239928812071,0.026010990719796,-0.003555842111094,-0.003362592579203,-0.014107775385273,0.027965106600310,0.022290630671574
1403715964.934057950973511,-0.322123893012111,-1.602486092739242,0.204893751022934,0.534562174734442,0.290164537060546,-0.747405420536839,0.267269452290708,-0.094815668184994,-0.225524827632051,0.512030777088641,-0.087353631484807,-0.253951848216350,0.528431482934739,-0.007462036700187,0.028427020584299,-0.016400705846097,-0.004367677408895,-0.012697580301450,0.026421548949160,0.018437296637686
1403715964.984057903289795,-0.327113731505919,-1.613301040645087,0.229226558572659,0.540840724708183,0.288870792673349,-0.741619060436644,0.272114212849070,-0.102067860116341,-0.187809408635134,0.466987763570090,-0.099796865049849,-0.216299164395845,0.486656615106402,-0.002270995066492,0.028489755760711,-0.019668851536312,-0.004989838493807,-0.010814947905844,0.024332807549724,0.019803881792322
1403715965.034058094024658,-0.332093914842076,-1.621913228733893,0.250632606296630,0.549541212548939,0.289394134971376,-0.733935589862306,0.274943703852044,-0.097400264779701,-0.140341153285870,0.392421056113405,-0.099603286766764,-0.172243104720831,0.428119321333820,0.002203021987063,0.031901951434961,-0.035698265220414,-0.004980183336157,-0.008612188088807,0.021406047723971,0.023917844357971
1403715965.084058046340942,-0.336530105282297,-1.628139273131119,0.268521657086144,0.559025401128403,0.289977446215246,-0.725372745745411,0.277917364174095,-0.076636795760967,-0.089142269117788,0.336301495580556,-0.088723893418127,-0.124521006696996,0.357781356997173,0.012087097657160,0.035378737579208,-0.021479861416617,-0.004436190440221,-0.006226044397226,0.017889050789514,0.026264616391720
1403715965.134057998657227,-0.339806440040300,-1.631490616219187,0.282548383088275,0.567721830830484,0.290011805630477,-0.717475146539238,0.280739184104986,-0.053825169350593,-0.035457707424213,0.226928476148883,-0.065526757651228,-0.067026925683232,0.280534787581443,0.011701588300635,0.031569218259019,-0.053606311432560,-0.003276334758002,-0.003351343088069,0.014026726002131,0.024163243703073
1403715965.184057950973511,-0.341853932373154,-1.631949791761286,0.291222272422049,0.565897037810849,0.296034952654627,-0.718450789615242,0.275594470744452,-0.025768777047365,0.024229357948800,0.145263078643094,-0.040949885709942,-0.009183519600064,0.173477952116944,0.015181108662577,0.033412877548864,-0.028214873473850,-0.002047492332854,-0.000459175542099,0.008673889333774,0.016374186882249
1403715965.234057903289795,-0.342492193122822,-1.629373151786751,0.296422325836806,0.554513258156830,0.305798607656101,-0.727165720585374,0.265013722077633,-0.000552944764455,0.095474861089941,0.084828563920481,-0.012765227167224,0.051532848636251,0.104001167478389,0.012212282402769,0.043942012453690,-0.019172603557908,-0.000638260749668,0.002576639974535,0.005200053414757,0.040636725505656
1403715965.284058094024658,-0.341846994987114,-1.624673536283505,0.299724224778588,0.537671601179462,0.317569722888557,-0.739988368822280,0.249951864160561,0.019944518002091,0.133306303290644,0.067443326656320,0.012903913489639,0.093991951514078,0.066037726921694,0.007040604512452,0.039314351776566,0.001405599734626,0.000645198135708,0.004699615503246,0.003301898941782,0.057045090485711
1403715965.334058046340942,-0.340896126853647,-1.617949530944351,0.302727745972905,0.514193810473973,0.328289883613511,-0.756841533558180,0.234566345984642,0.024288156037856,0.147447950666460,0.067293709496718,0.019017380805709,0.134480235033439,0.060070481174016,0.005270775232147,0.012967715633022,0.007223228322702,0.000950868133466,0.006724005339155,0.003003521194317,0.068905420420908
1403715965.384057998657227,-0.340304286425209,-1.611452765265307,0.306184242263449,0.489094567701586,0.336819538582015,-0.773784928575475,0.220444974049408,0.010358895424816,0.126699933414872,0.076528788795301,0.011836819857233,0.129935437496956,0.069129991738380,-0.001477924432417,-0.003235504082085,0.007398797056921,0.000591840428438,0.006496765679043,0.003456496290544,0.068973521116651
1403715965.434057950973511,-0.340931164118810,-1.606088581720772,0.311222691846255,0.466260790312304,0.342667719426801,-0.788654066233980,0.207856857699690,-0.032607547856280,0.090006428583426,0.128452295703583,-0.012537565828772,0.107283773204489,0.100769087757010,-0.020069982027508,-0.017277344621063,0.027683207946572,-0.000626877693601,0.005364183544535,0.005038449582806,0.061162322360611
1403715965.484057903289795,-0.344627393805926,-1.603911689178086,0.318306142628339,0.447076311984344,0.347198019183146,-0.800667674262692,0.196233488804914,-0.095784937530458,0.009831433567140,0.166694917363079,-0.073924664242360,0.043537892374697,0.141669150747920,-0.021860273288098,-0.033706458807558,0.025025766615159,-0.003696229687115,0.002176892542686,0.007083450782084,0.051692726578338
1403715965.534058094024658,-0.351325171568663,-1.605894758616840,0.327133528315290,0.433068153600974,0.350491103936555,-0.809171425604067,0.186680380286359,-0.169075902250478,-0.077880107405729,0.193422735410398,-0.133955044256799,-0.039661237479473,0.176547040265505,-0.035120857993679,-0.038218869926256,0.016875695144892,-0.006697777762737,-0.001983069438754,0.008827385686951,0.038505065986687
1403715965.584058046340942,-0.362315655459136,-1.613174737036501,0.337520311503727,0.424898202367357,0.352025978974465,-0.814199267215021,0.180606702584876,-0.269077433175655,-0.195098534801667,0.254973701035011,-0.219809887436509,-0.145599707247928,0.207735861881084,-0.049267545739146,-0.049498827553739,0.047237839153928,-0.010990483890473,-0.007279978419661,0.010386783188436,0.022914984852375
1403715965.634057998657227,-0.377506183905140,-1.625675919660050,0.350030559664785,0.427381252321604,0.351666689268067,-0.813283150066689,0.179572611054296,-0.364634715168125,-0.313838129925514,0.335196035099590,-0.303810858656704,-0.250023890912331,0.250205201835443,-0.060823856511421,-0.063814239013183,0.084990833264147,-0.015190528446005,-0.012501182623548,0.012510248161058,0.005728262458622
1403715965.684057950973511,-0.398368540038787,-1.644384247750651,0.367410576344145,0.443180181438508,0.348842504938192,-0.804967616707761,0.184193836977263,-0.456925307655287,-0.427459262963149,0.383608991147731,-0.417247520591182,-0.374166918645415,0.347600665085024,-0.039677787064105,-0.053292344317734,0.036008326062707,-0.020862356133647,-0.018708328090602,0.017380016679360,0.037314667352231
1403715965.734057903289795,-0.423234897972465,-1.668241180238488,0.388397990507384,0.467883010499182,0.343883550475041,-0.790772888205360,0.193669387044664,-0.510579695782571,-0.523428856089921,0.436135164844477,-0.497327632962147,-0.477139104792046,0.419748683568317,-0.013252062820424,-0.046289751297875,0.016386481276160,-0.024866357933678,-0.023856932487837,0.020987414163239,0.060866044375869
1403715965.784058094024658,-0.450131526043162,-1.695921361551797,0.410182820044325,0.495180024604942,0.337112642468351,-0.773774929595292,0.205971279187308,-0.533443043409627,-0.568172429013462,0.434376280526013,-0.537930509371902,-0.553601514443996,0.435694928694573,0.004487465962275,-0.014570914569466,-0.001318648168561,-0.026896628070697,-0.027680181313309,0.021784829536941,0.070181640660674
1403715965.834058046340942,-0.477169260141166,-1.724431250345881,0.431130806098660,0.523380238208366,0.328834870239918,-0.754630487094507,0.220167169021084,-0.532856061227433,-0.576136748239531,0.431071774037729,-0.540755197664426,-0.570198319665164,0.418960120638204,0.007899136436993,-0.005938428574367,0.012111653399525,-0.027037734098004,-0.028509888794084,0.020947986054335,0.075682954460464
1403715965.884057998657227,-0.503585209952274,-1.753153055087209,0.450777355938054,0.548916831946915,0.320583610227560,-0.735922933806406,0.233096323344233,-0.506872670841354,-0.566970906445689,0.397317481363318,-0.528319500066879,-0.574436642652028,0.392931371516443,0.021446829225525,0.007465736206340,0.004386109846875,-0.026415949811107,-0.028721804741328,0.019646549839394,0.070355215801436
1403715965.934057950973511,-0.527759072082834,-1.780856381433659,0.469324025813429,0.570609345642765,0.313332602955383,-0.718792968622910,0.244058031723203,-0.463481557722612,-0.532032439009415,0.360348088877365,-0.483477703691483,-0.554067055328532,0.370933751257486,0.019996145968871,0.022034616319117,-0.010585662380122,-0.024173862130561,-0.027703326346451,0.018546669875375,0.061214708913241
1403715965.984057903289795,-0.549293300030250,-1.806056467593905,0.486127275174157,0.588897933682353,0.308374512771970,-0.703526305436163,0.251306826681344,-0.406267082585049,-0.494101375613187,0.329808551476055,-0.430684969681516,-0.504002203858867,0.336065307711414,0.024417887096467,0.009900828245680,-0.006256756235359,-0.021534227947416,-0.025200086160245,0.016803249360728,0.050782114187404
1403715966.034058094024658,-0.567466031452245,-1.828965298869502,0.501162982160885,0.601232772621920,0.304640604313463,-0.692300134740975,0.257747509719329,-0.332897266992785,-0.427836178402926,0.321928417210647,-0.363453241975799,-0.458174877713490,0.300712992605519,0.030555974983014,0.030338699310564,0.021215424605128,-0.018172731421994,-0.022908831275597,0.015035706986727,0.036529927729821
1403715966.084058046340942,-0.581122710761104,-1.848482927404880,0.517536871190745,0.616207001097438,0.300366333409347,-0.678160234970794,0.264891852002066,-0.226305213421681,-0.349309965450200,0.343105082094324,-0.273133846657920,-0.390352942977144,0.327478092904665,0.046828633236239,0.041042977526944,0.015626989189659,-0.013656679308859,-0.019517628535378,0.016373889029861,0.044429521575354
1403715966.134057998657227,-0.589758062510767,-1.863619821033904,0.534630802326354,0.630907233655129,0.294683012854542,-0.663441221656039,0.273795050839389,-0.112698837666160,-0.257337207686535,0.347430148208324,-0.172707199699679,-0.302738161294092,0.341878948753348,0.060008362033519,0.045400953607557,0.005551199454976,-0.008635351749663,-0.015136893629024,0.017093931135609,0.046662102987861
1403715966.184057950973511,-0.592874756033106,-1.873335571864285,0.551009972780022,0.639429773141999,0.291826041958088,-0.654284334969608,0.279068334764130,0.007808199905511,-0.134501839170224,0.336719687350774,-0.062333929893041,-0.194315201921035,0.327583721481537,0.070142129798553,0.059813362750812,0.009135965869237,-0.003116693522339,-0.009715750830381,0.016379170453668,0.027745640789844
1403715966.234057903289795,-0.590856097796901,-1.877281112094847,0.566664729504447,0.639807876822938,0.292561393527467,-0.653442839447018,0.279403234319164,0.120741428870620,-0.017181972786555,0.320901813060305,0.040373203226986,-0.078910879866522,0.313095433079566,0.080368225643634,0.061728907079967,0.007806379980739,0.002018658236205,-0.003945540230562,0.015654756724425,0.002452734750229
1403715966.284058094024658,-0.582989835015412,-1.874720542432005,0.581437030051608,0.630926847547880,0.296815132656093,-0.662234340956711,0.274367942236829,0.231221746503578,0.095094266441881,0.301145319594811,0.157324655483844,0.051211197901626,0.295444883910444,0.073897091019735,0.043883068540255,0.005700435684368,0.007866262781489,0.002560569662842,0.014772300547162,0.028257031917550
1403715966.334058046340942,-0.569560420505750,-1.867976589115121,0.595201319897031,0.611923982756629,0.303529118171453,-0.680266266469291,0.265813695006967,0.331161246445757,0.186196570541303,0.301583126864388,0.268588546339244,0.134879194968518,0.275286059441700,0.062572700106513,0.051317375572785,0.026297067422688,0.013429414509662,0.006743953316885,0.013764289845423,0.056729741672104
1403715966.384057998657227,-0.552679283454637,-1.857224305606578,0.610219366887932,0.591384851669403,0.310259055284853,-0.699061312908914,0.255571040268211,0.408551481767648,0.269746137456094,0.307737781651884,0.337623063004689,0.215045875254587,0.300361226264814,0.070928418762959,0.054700262201507,0.007376555387069,0.016881137051112,0.010752283508543,0.015018046990901,0.060840284857712
1403715966.434057950973511,-0.531019901845124,-1.843350457708082,0.625037248761419,0.569247548034337,0.317135202248535,-0.718509283176094,0.243160240461822,0.465081389663320,0.308258212338920,0.294121145931642,0.433188045310570,0.277477222592809,0.296357920098677,0.031893344352749,0.030780989746110,-0.002236774167035,0.021659381609513,0.013873847898495,0.014817881873487,0.065412184125823
1403715966.484057903289795,-0.508158339632907,-1.828845664318877,0.637498896924957,0.542519242965297,0.323685116160603,-0.740546239233569,0.229111510285877,0.497795211659634,0.336909895992552,0.273243010604087,0.457231680294457,0.290096144441339,0.249233200958063,0.040563531365176,0.046813751551213,0.024009809646024,0.022861562212217,0.014504793389205,0.012461648163538,0.075907070044042
1403715966.534058094024658,-0.482967845716173,-1.812251242747480,0.649723257718259,0.512629949734458,0.329816068353748,-0.763283961220488,0.214078233911070,0.504040961133619,0.324934960485475,0.274899948947135,0.503807956459838,0.331887165378885,0.244486283224882,0.000233004673781,-0.006952204893409,0.030413665722253,0.025190493916734,0.016594421571397,0.012224360793302,0.081833865577302
1403715966.584058046340942,-0.458402365503433,-1.797630690274375,0.664135063336286,0.487013743812191,0.333740516216093,-0.781697996840528,0.200955524704734,0.489592602916834,0.288899725538608,0.279170809531718,0.491310072804609,0.292411328327281,0.288236387244175,-0.001717469887775,-0.003511602788673,-0.009065577712457,0.024565480212741,0.014620552473105,0.014411805618027,0.068789246809141
1403715966.634057998657227,-0.435171547259459,-1.785570577751540,0.677820584062807,0.464633592365971,0.335930033567068,-0.797146981211304,0.189270514709570,0.436193362771734,0.219353153729895,0.293850374024229,0.464616807972591,0.241202480485293,0.273710675561263,-0.028423445200857,-0.021849326755399,0.020139698462966,0.023230818243974,0.012060112522834,0.013685520726521,0.059361280683494
1403715966.684057950973511,-0.414773583516760,-1.776615142127155,0.690983987119439,0.447594734878124,0.336602789250980,-0.808597796815346,0.180352761451579,0.372554506773078,0.139155859597728,0.302598003476443,0.407959663914643,0.179108883299243,0.263268312204863,-0.035405157141565,-0.039953023701515,0.039329691271579,0.020397963742699,0.008955435624385,0.013163403056632,0.044785878101762
1403715966.734057903289795,-0.398151320599227,-1.771892060492867,0.704264260989633,0.434870319771293,0.336258038670920,-0.817120172736282,0.173588478069911,0.293926576757422,0.052512232132088,0.282416017527884,0.332445575395452,0.094461722771497,0.265605730705253,-0.038518998638030,-0.041949490639409,0.016810286822630,0.016622262917532,0.004723081634289,0.013280273870194,0.033491644736282
1403715966.784058094024658,-0.384367581640571,-1.771097456884991,0.715597441941599,0.423169620174242,0.336113853311730,-0.824579991995304,0.167400080569132,0.201372714415907,-0.053276865390076,0.275954155058682,0.275673727561319,0.015892011534300,0.226662754389526,-0.074301013145412,-0.069168876924376,0.049291400669156,0.013783738958657,0.000794603607876,0.011333180951966,0.030389259250978
1403715966.834058046340942,-0.376942940219282,-1.776416635595989,0.728592182506287,0.417158082094562,0.335917658701655,-0.828661695973323,0.162659935885272,0.080635110760565,-0.175626494602094,0.320193571367393,0.148492970039710,-0.106383675675345,0.259895059148991,-0.067857859279145,-0.069242818926749,0.060298512218402,0.007424641421289,-0.005319178710998,0.012994740564687,0.017355902049574
1403715966.884057998657227,-0.375606562069651,-1.788224714664338,0.743962902953345,0.421212760181065,0.335296312354381,-0.827141491170837,0.161223903829073,-0.028994872449554,-0.298718798535112,0.357805505459783,0.026727588482031,-0.236161806588425,0.307414702114664,-0.055722460931585,-0.062556991946686,0.050390803345119,0.001336378149631,-0.011808079068349,0.015370720447058,0.009208633737692
1403715966.934057950973511,-0.379772197583657,-1.806661299560009,0.762582314032385,0.437885547412371,0.331399199241234,-0.818984807006961,0.166417258724591,-0.130343365742131,-0.411089686051745,0.398106956331854,-0.083312789733381,-0.368732049563708,0.372388576718221,-0.047030576008749,-0.042357636488037,0.025718379613633,-0.004165635514006,-0.018436584895671,0.018619411079040,0.039328575693849
1403715966.984057903289795,-0.387374656235461,-1.829615026688427,0.782205350019360,0.460077429664931,0.326377427652056,-0.807113330541774,0.174283117638809,-0.202014818218650,-0.506281723577823,0.416027257404621,-0.152049318041613,-0.459074980376368,0.392461094019572,-0.049965500177037,-0.047206743201455,0.023566163385049,-0.007602458651804,-0.022953727128417,0.019623035986975,0.053685930450598
1403715967.034058094024658,-0.398227177291308,-1.856828385526121,0.802490737284204,0.486744290063355,0.322114107449257,-0.791353393591674,0.181885415368659,-0.247840099186465,-0.575155272133657,0.435618287323677,-0.217049593138457,-0.544265100547301,0.405706197650552,-0.030790506048008,-0.030890171586356,0.029912089673125,-0.010852521055847,-0.027213358837695,0.020285387264844,0.064360150649951
1403715967.134057998657227,-0.421495630820229,-1.915465801318078,0.842766840724226,0.542224473820817,0.307778113197040,-0.754697060203537,0.204199902905821,-0.243581103182814,-0.617436043804220,0.422014413052433,-0.232684757194683,-0.586374717130077,0.402761418503440,-0.010896345988131,-0.031061326674143,0.019252994548993,-0.023268453528921,-0.058637415791957,0.040276103440022,0.143211523529453
1403715967.184057950973511,-0.433678358052604,-1.945975380192596,0.862192431962643,0.567154976934067,0.300840973078791,-0.736273851875619,0.213847506649395,-0.209850427298383,-0.606000925379538,0.406258661137064,-0.243654777014803,-0.610192159414950,0.388512195282449,0.033804349716420,0.004191234035413,0.017746465854614,-0.012182727232375,-0.030509578874518,0.019425591238417,0.066400180824688
1403715967.234057903289795,-0.442649866556141,-1.975078001034932,0.881581595039864,0.592239116854456,0.293294979923959,-0.716534621812221,0.223179342599793,-0.145006900420008,-0.565298272286190,0.411137141842440,-0.179430341188855,-0.582052971935689,0.387783631363706,0.034423440768847,0.016754699649499,0.023353510478734,-0.008971508503537,-0.029102620842336,0.019389163077221,0.068205253802101
1403715967.284058094024658,-0.448036835487465,-2.001620078970801,0.901545830017555,0.615570113060245,0.285127282044855,-0.696629244671032,0.233417146777565,-0.058492897481278,-0.514436231526747,0.402937120604887,-0.107738967634939,-0.530839533725261,0.399283176409382,0.049246070153661,0.016403302198514,0.003653944195504,-0.005386968931324,-0.026542077935869,0.019964234977691,0.066698918197503
1403715967.334058046340942,-0.448134744565175,-2.024565931445749,0.921139053999665,0.636625274392974,0.277118852817245,-0.677821483157912,0.241808681372138,0.050614393715958,-0.424246563936041,0.387911891217718,-0.001958183421655,-0.458917487156789,0.391864853353656,0.052572577137613,0.034670923220748,-0.003952962135938,-0.000097909077709,-0.022945852474948,0.019593223982110,0.061046763593967
1403715967.384057998657227,-0.442519646628393,-2.044061184774986,0.940079602412511,0.649079766010384,0.270343859570544,-0.665855245925179,0.249492377483414,0.174999170493549,-0.330840789072222,0.360638449544728,0.112302065835234,-0.389905438427537,0.378811329519546,0.062697104658316,0.059064649355315,-0.018172879974819,0.005615097936782,-0.019495253329237,0.018940548412846,0.040162592827044
1403715967.434057950973511,-0.430610422056801,-2.057932217364825,0.957456345969245,0.654961203595562,0.266998925737951,-0.660477418903354,0.252005901832074,0.301500112542949,-0.231393243420924,0.331752759187476,0.238184718582485,-0.277420916365988,0.347535202570070,0.063315393960464,0.046027672945063,-0.015782443382595,0.011909224571592,-0.013871032589839,0.017376743556734,0.018002140489276
1403715967.484057903289795,-0.412210488739556,-2.066693055508290,0.973360126092115,0.652655558165916,0.265427262804385,-0.662451602842542,0.254454248238572,0.438208549307645,-0.126630178267626,0.311336098238854,0.367999017296101,-0.175216929969185,0.318075905798233,0.070209532011544,0.048586751701559,-0.006739807559379,0.018399933317244,-0.008760838143465,0.015903780122871,0.008409031720253
1403715967.534058094024658,-0.386662359429057,-2.070013351710086,0.988579945684560,0.644537677053643,0.265745551901655,-0.668651948448047,0.258563447415539,0.575955883284601,-0.020285040521821,0.300692281735547,0.510960637049840,-0.066405670718380,0.304395230673235,0.064995246234761,0.046120630196559,-0.003702948937688,0.025548129310499,-0.003320296201796,0.015219819592444,0.022030191283358
1403715967.584058046340942,-0.355467736728262,-2.068076521761006,1.002989588118395,0.630853468304521,0.268225043953483,-0.678793422215630,0.263284479757356,0.680242908783941,0.079276372234179,0.266510561784487,0.623893049006674,0.038736635923723,0.288193123519096,0.056349859777266,0.040539736310457,-0.021682561734609,0.031194622700795,0.001936829949079,0.014409642433836,0.035696024576566
1403715967.634057998657227,-0.321456037208988,-2.060551103297514,1.013491454508745,0.611699199563290,0.273874202500546,-0.692398317588943,0.267210741285455,0.770797928481931,0.176993837319386,0.256877579071401,0.680234639107795,0.150508512805945,0.210037528114387,0.090563289374136,0.026485324513441,0.046840050957014,0.034011699519275,0.007525418463492,0.010501866390350,0.048962746826945
1403715967.684057950973511,-0.280814420833863,-2.049883045659558,1.025694779934044,0.588830964366630,0.281354733833158,-0.707464044231066,0.271315748295159,0.841513780877817,0.254919330567317,0.245225238888348,0.812833102680549,0.213361356236376,0.244066741266161,0.028680678197268,0.041557974330941,0.001158497622188,0.040641616375125,0.010668057637957,0.012203325425299,0.057368916555398
1403715967.734057903289795,-0.238325367629971,-2.037549327081635,1.035506523958398,0.564437203798152,0.288175154057866,-0.721947743464884,0.277771811489595,0.872504537445893,0.325903389802693,0.235949854540802,0.849781874492997,0.246674606805694,0.196235067631427,0.022722662952896,0.079228782996998,0.039714786909375,0.042489053203892,0.012333718577923,0.009811744024354,0.059769505567228
1403715967.784058094024658,-0.195984418714886,-2.020749079768759,1.049563163168335,0.537488927660572,0.296914353709695,-0.737013053468799,0.282416851869784,0.887610772216745,0.395399047433082,0.213676879447221,0.846815747955969,0.336003664505266,0.281131711766373,0.040795024260776,0.059395382927815,-0.067454832319152,0.042340948915084,0.016800247312876,0.014056639209937,0.064844899492673
1403715967.834058046340942,-0.151961231507859,-2.000109235480672,1.061018281720233,0.508922305442209,0.305912130524907,-0.751836761625636,0.286631015923567,0.870276189881590,0.449444842637067,0.197436454189160,0.880464583816998,0.412797279435896,0.229102589527212,-0.010188393935408,0.036647563201171,-0.031666135338052,0.044023187207027,0.020639844288087,0.011455118551898,0.067368261698097
1403715967.884057998657227,-0.109343728282702,-1.977541499609452,1.071337242799331,0.485148868346078,0.314950126799513,-0.762256870602956,0.290519287466563,0.823759500002354,0.476062344782392,0.164960810807918,0.852350877368284,0.451355147870207,0.206379418400709,-0.028591377365930,0.024707196912185,-0.041418607592791,0.042617503225157,0.022567735871220,0.010318961079098,0.055519672185571
1403715967.934057950973511,-0.070099330273072,-1.954119620302004,1.078816509427544,0.464195110440558,0.324893307632617,-0.770706400921802,0.291511374866880,0.739356012956858,0.493034901054954,0.114594701488964,0.784888708720805,0.468438032886283,0.149585475220078,-0.045532695763947,0.024596868168671,-0.034990773731114,0.039244398009630,0.023421879307448,0.007479266628213,0.049409985120415
1403715967.984057903289795,-0.034745330495247,-1.929728847602119,1.083437704462710,0.446777887027066,0.337992632080574,-0.777280000263325,0.286332501671610,0.666757186132590,0.501497808363036,0.055259506026699,0.707080669881181,0.487815919215220,0.092423988845718,-0.040323483748590,0.013681889147816,-0.037164482819019,0.035353999777825,0.024390772699885,0.004621195035167,0.046690883941723
1403715968.034058094024658,-0.003387439966595,-1.904008761858133,1.084826561667769,0.431291424300491,0.353937477617304,-0.782790322882108,0.275599854254099,0.572453844927024,0.495805606923859,0.005311283214884,0.627155418164978,0.514399752600388,0.027777038140173,-0.054701573237954,-0.018594145676529,-0.022465754925289,0.031357890528652,0.025720085743986,0.001388857205058,0.050582846849754
1403715968.084058046340942,0.021166575671147,-1.880421191748939,1.084139963794592,0.418594434151922,0.370099783216667,-0.786713794051185,0.262461914207752,0.456863265301805,0.450469353550273,-0.025560887112899,0.491080781085964,0.471751852081511,-0.013731970559353,-0.034217515784158,-0.021282498531238,-0.011828916553546,0.024554015637742,0.023587570109194,-0.000686597873176,0.049415132527237
1403715968.134057998657227,0.042096310992411,-1.857260514978874,1.081441542388549,0.408238736902575,0.384478214807299,-0.789233718183855,0.250255417748489,0.359535564061606,0.393992181484001,-0.055818354756058,0.418595105628690,0.463213977156572,-0.053968479589227,-0.059059541567084,-0.069221795672571,-0.001849875166831,0.020929735321264,0.023160676770065,-0.002698421406044,0.043328821395295
1403715968.184057950973511,0.058553844364154,-1.838202273299947,1.078065154266205,0.403249069762868,0.394968793580920,-0.789195850154182,0.241991218708515,0.265846702438964,0.319705901004008,-0.062122047090632,0.329150981337683,0.381165197086001,-0.067527826846418,-0.063304278898718,-0.061459296081993,0.005405779755786,0.016457533371742,0.019058241678927,-0.003376388122343,0.028513216828962
1403715968.234057903289795,0.067642955178393,-1.821798766409203,1.074515880862119,0.407285875524026,0.400274183017941,-0.784990400311540,0.240185064953414,0.165709471827436,0.226089908804650,-0.059932056523686,0.181782389645991,0.328070450687229,-0.070985535778808,-0.016072917818555,-0.101980541882579,0.011053479255122,0.009089110814240,0.016403506890743,-0.003549273404086,0.016172979185370
1403715968.284058094024658,0.074765572508925,-1.810022826314281,1.071601952292614,0.421722924702387,0.401248447109475,-0.775464708419085,0.244548450146803,0.103027243484761,0.165650391951402,-0.090322455839763,0.142451803200123,0.235517903468938,-0.058278349075841,-0.039424559715362,-0.069867511517535,-0.032044106763922,0.007122617330531,0.011775940094922,-0.002913928569505,0.035730323513172
1403715968.334058046340942,0.078270811702200,-1.802826750957570,1.065453269024005,0.439325367980364,0.398756488566051,-0.764342769268012,0.252520523805685,0.051173342794148,0.109286568992186,-0.135175522485916,0.070104850722696,0.143921644388611,-0.122973782649115,-0.018931507928547,-0.034635075396425,-0.012201739836801,0.003505239193275,0.007196075356712,-0.006148683268609,0.044869966209646
1403715968.384057998657227,0.077544591912580,-1.800488799608247,1.056304076898016,0.458311074752357,0.395398058264639,-0.752206092430406,0.260379201916113,0.012087531967274,0.063254351252257,-0.190203251207162,-0.014524409643941,0.046759071579370,-0.182984017026937,0.026611941611215,0.016495279672886,-0.007219234180226,-0.000726219789619,0.002337951349322,-0.009149192125989,0.048200496857527
1403715968.434057950973511,0.078775138843886,-1.796931511370263,1.044651890186025,0.477220234963862,0.389363037094699,-0.739713386780039,0.271074488109509,-0.002530711106643,0.053781430323211,-0.282262696097910,0.024610962096946,0.071145832609637,-0.233043956487864,-0.027141673203589,-0.017364402286426,-0.049218739610046,0.001230546931305,0.003557288237984,-0.011652186711991,0.051554687637976
1403715968.484057903289795,0.077802143648668,-1.794606481996726,1.031191864022324,0.495708966944879,0.383695735045426,-0.727002211245280,0.280210613365847,-0.026708861358182,0.045442830946656,-0.321875226086109,-0.019459922462772,0.046500631817191,-0.269200780003895,-0.007248938895410,-0.001057800870535,-0.052674446082214,-0.000972995195217,0.002325029373537,-0.013460026163701,0.049760475202245
1403715968.534058094024658,0.075975200049116,-1.792846144059904,1.014561411601882,0.512807232838481,0.376839942136857,-0.714865354273361,0.289806703197928,-0.038264517110882,0.053780876418969,-0.389687332623640,-0.036538732606844,0.035206624433836,-0.332607779610855,-0.001725784504037,0.018574251985132,-0.057079553012785,-0.001826943599552,0.001760337936823,-0.016630452420442,0.048115226034815
1403715968.584058046340942,0.073668603954879,-1.790617550427034,0.995402853725083,0.529770536683983,0.371087717502304,-0.702185220040548,0.297612165640287,-0.040538687773793,0.057737774677655,-0.435078556105074,-0.046131965879605,0.044571915164497,-0.383171522956813,0.005593278105812,0.013165859513158,-0.051907033148261,-0.002306596094237,0.002228593632870,-0.019158557876799,0.046586579431127
1403715968.634057998657227,0.071680317383173,-1.787137596456862,0.973443278395700,0.545488839776207,0.365484788503848,-0.689831407671550,0.304951510968207,-0.025511674252947,0.097457069300937,-0.470169330552275,-0.039765769357711,0.069599145778353,-0.439191925433725,0.014254095104764,0.027857923522584,-0.030977405118550,-0.001988286571706,0.003479953970172,-0.021959575329383,0.044043620827332
1403715968.684057950973511,0.071192525262193,-1.780631695478655,0.950602346312551,0.559959507531749,0.360412413846020,-0.678067459765352,0.311083207322172,0.007859006409441,0.161585175902764,-0.473222712295695,-0.009755851723522,0.130118143654474,-0.456819077319601,0.017614858132963,0.031467032248290,-0.016403634976094,-0.000487792120981,0.006505900978207,-0.022840932083149,0.040552754088536
1403715968.734057903289795,0.072748985382466,-1.770111810290049,0.927131597651551,0.572935195783848,0.356012634682187,-0.667294798970267,0.315781438096037,0.051219425954684,0.248436482279801,-0.493771247710623,0.031129232092612,0.210397904423200,-0.469415420889428,0.020090193862072,0.038038577856600,-0.024355826821195,0.001556460120273,0.010519885188606,-0.023470748661000,0.036103129165960
1403715968.784058094024658,0.077441758888412,-1.754864355279467,0.903833126595924,0.583388908335637,0.351956206666758,-0.657939218990344,0.320780601555138,0.115471461539316,0.342493842793870,-0.477751754163642,0.093855112090078,0.304947936927577,-0.465967643587035,0.021616349449238,0.037545905866293,-0.011784110576607,0.004692773505946,0.015247455010582,-0.023298471055627,0.030871213578007
1403715968.834058046340942,0.086036396498714,-1.734196687655791,0.880683360811680,0.592760405832984,0.348638667312569,-0.649514509716913,0.324371827689197,0.188400598727292,0.455737803959407,-0.463961921332351,0.171892916135917,0.413353746678370,-0.462995757232055,0.016507682591376,0.042384057281037,-0.000966164100296,0.008594637610303,0.020667667623676,-0.023149765784245,0.027033789670237
1403715968.884057998657227,0.097551378658326,-1.708475349485546,0.857817550547008,0.598351716320853,0.346299900358213,-0.644162245754244,0.327271452669846,0.259700965760558,0.559700035338342,-0.468566992855095,0.230299862823288,0.514427254000951,-0.457316641424572,0.029401102937270,0.045272781337391,-0.011250351430523,0.011514982159611,0.025721338170245,-0.022865810264672,0.017179940874049
1403715968.934057950973511,0.112751453478824,-1.677044938651429,0.834872095628836,0.600175800783115,0.345484461011415,-0.642168278674814,0.328708681384939,0.333582387451802,0.679804731108736,-0.473768517662861,0.304001786328672,0.628608816170423,-0.458909536013667,0.029580601123130,0.051195914938313,-0.014858981649194,0.015200074820499,0.031430410834117,-0.022945454918171,0.006335223732817
1403715968.984057903289795,0.132586906641783,-1.639068845322625,0.810379180922704,0.595185400866451,0.347752643324066,-0.646436460133020,0.327020397937586,0.407375610892950,0.791059966115719,-0.509483902480868,0.396709441590772,0.759522590913264,-0.489858761288366,0.010666169302178,0.031537375202455,-0.019625141192501,0.019835453162958,0.037976093328804,-0.024492914706132,0.014299179561376
1403715969.034058094024658,0.155088869241120,-1.596277185505310,0.784833824437108,0.581633272418172,0.354293448825808,-0.658277507512878,0.320701748729060,0.471721040238830,0.889280963196194,-0.525257704240065,0.450037535229788,0.855829931614201,-0.510905180763319,0.021683505009042,0.033451031581993,-0.014352523476747,0.022501962599337,0.042791659817315,-0.025545356485596,0.040328244652363
1403715969.084058046340942,0.179633427112407,-1.549641131548506,0.758653912056513,0.560696601786405,0.363684053826367,-0.676215118208844,0.309977972835809,0.518666574174277,0.978209823151781,-0.548879297083666,0.490891625576468,0.932721968649067,-0.523598746954582,0.027774948597809,0.045487854502714,-0.025280550129083,0.024544557871287,0.046636053956804,-0.026179912380595,0.062076153963406
1403715969.134057998657227,0.206684365415022,-1.498369431459348,0.730209858316029,0.532817585841567,0.375912833400105,-0.698905870038552,0.293812094251962,0.556638538865799,1.027079464230739,-0.565810150851583,0.541019282008510,1.025434979714169,-0.568881617337472,0.015619256857289,0.001644484516570,0.003071466485889,0.027050938302616,0.051271700089158,-0.028444053740484,0.082540418331670
1403715969.184057950973511,0.234723982395052,-1.446430395034544,0.701919603415373,0.499302411963451,0.388759879390977,-0.723750338435126,0.275224099959349,0.564355609461088,1.054135244342474,-0.560516741766032,0.560792874414353,1.038781719155531,-0.565805637607422,0.003562735046734,0.015353525186943,0.005288895841389,0.028039616980030,0.051939036424804,-0.028290254900656,0.094899884454469
1403715969.234057903289795,0.262436177030052,-1.394558271482312,0.675390378185012,0.468314111494304,0.399337677691820,-0.745018262034992,0.257214115836136,0.534984053006907,1.034637065947443,-0.515566998932827,0.554244421268661,1.037443460427821,-0.530585010612516,-0.019260368261754,-0.002806394480379,0.015018011679689,0.027712194635000,0.051872123552232,-0.026529225230361,0.086003107128135
1403715969.284058094024658,0.288595930758129,-1.344415879475860,0.650730467099138,0.440497484962063,0.407570457142858,-0.762815546796220,0.240750347398385,0.492122297384684,0.969623484831423,-0.471349613218426,0.523193078738336,1.002844014582717,-0.493196340322746,-0.031070781353653,-0.033220529751294,0.021846727104320,0.026159753728077,0.050142392006452,-0.024659911085874,0.075617793389105
1403715969.334058046340942,0.311989018926702,-1.297841820504085,0.627823196694796,0.418399835384295,0.413454709488345,-0.776039709724887,0.227506373278676,0.421516439818437,0.874085229366963,-0.433175392011107,0.467862209559629,0.931482067766027,-0.458145845008757,-0.046345769741192,-0.057396838399064,0.024970452997651,0.023393088168573,0.046574058971775,-0.022907270404342,0.059102467872520
1403715969.384057998657227,0.331948758287703,-1.256539315186160,0.606147608741228,0.399732260126971,0.419012493782538,-0.786536760001278,0.214482109824138,0.349272281107711,0.759208936410162,-0.415110962732643,0.399195167922207,0.826050894142013,-0.433512172500788,-0.049922886814497,-0.066841957731851,0.018401209768145,0.019959739361001,0.041302505317925,-0.021675587953568,0.051350678635318
1403715969.434057950973511,0.347390857539679,-1.222360032011053,0.586032012067331,0.383549213253784,0.423170696862243,-0.795312065926456,0.203212401494889,0.253992714525625,0.613875580135034,-0.386055069982494,0.308842279574476,0.683586315420863,-0.402312317152863,-0.054849565048852,-0.069710735285829,0.016257247170369,0.015442099251976,0.034179283175108,-0.020115596673897,0.043964232575165
1403715969.484057903289795,0.357148989342424,-1.195896001129731,0.568136269380740,0.373126209227363,0.428485972271421,-0.800294631233537,0.191585768712110,0.141577177702156,0.447723312992033,-0.333333274825748,0.195162822176661,0.529281122388243,-0.357915195066356,-0.053585644474505,-0.081557809396211,0.024581920240608,0.009758131802744,0.026464030881322,-0.017895742686591,0.034461750297636
1403715969.534058094024658,0.361968081903284,-1.178219619337580,0.552000732929461,0.369536771763937,0.435593857932235,-0.800899437390252,0.179612517475753,0.032653738225499,0.262290382258445,-0.307206939248020,0.096381483551026,0.353526287247268,-0.322709497986542,-0.063727745325527,-0.091235904988823,0.015502558738522,0.004819092560860,0.017676381792151,-0.016135536451279,0.028784315929617
1403715969.584058046340942,0.360611719113461,-1.170706259423012,0.538738132326754,0.375393520269192,0.444877152171120,-0.795559439789252,0.168074989746333,-0.076208644336306,0.037762412018553,-0.237187905267230,-0.027127281667050,0.150267341597465,-0.265252265018408,-0.049081362669256,-0.112504929578912,0.028064359751178,-0.001356362789823,0.007513359914568,-0.013262600602707,0.033592725875756
1403715969.634057998657227,0.355153243827298,-1.174466394769227,0.528590555827849,0.387733260988683,0.453564941089365,-0.786432992558338,0.159577287711694,-0.133041816254913,-0.170577056720848,-0.192914997522715,-0.109169609835517,-0.075202778643261,-0.202951723527941,-0.023872206419395,-0.095374278077588,0.010036726005226,-0.005458475286163,-0.003760135346215,-0.010147576498905,0.039154161817287
1403715969.684057950973511,0.349706884281894,-1.185520462548561,0.517337145808438,0.402925083080196,0.460618472372641,-0.775737973807053,0.153988948719185,-0.197215737367804,-0.378271388997318,-0.139560395956788,-0.108927294789248,-0.221081566426488,-0.225068415030188,-0.088288442578555,-0.157189822570830,0.085508019073400,-0.005446359545404,-0.011054067779334,-0.011253410019411,0.041287860482155
1403715969.734057903289795,0.344540660752257,-1.205168677801751,0.506635481641033,0.421976351423274,0.466175295202379,-0.762778869794485,0.150946840899454,-0.200423570770466,-0.552175384059196,-0.112313335108327,-0.103324569130717,-0.392964679824132,-0.214033487466354,-0.097099001639749,-0.159210704235064,0.101720152358026,-0.005166223529636,-0.019648215253190,-0.010701664167406,0.047793266323734
1403715969.784058094024658,0.337870873823750,-1.229585938175316,0.498158762773895,0.442398644059992,0.467354249377634,-0.749695895924121,0.154335702146583,-0.199605498718020,-0.733160590000117,-0.058443061460445,-0.133395229707725,-0.488343344589276,-0.169533730622898,-0.066210269010294,-0.244817245410841,0.111090669162453,-0.006669786928507,-0.024417260373565,-0.008476718867138,0.049036258776681
1403715969.834058046340942,0.330380250716344,-1.265058088571187,0.493569368341508,0.464636494992621,0.464116022205084,-0.735985159747614,0.164423508309433,-0.177183943429952,-0.873279917208423,-0.029375644440997,-0.149812605020552,-0.709443684495637,-0.091787976183581,-0.027371338409400,-0.163836232712786,0.062412331742584,-0.007490623107406,-0.035472150395871,-0.004589394432387,0.056384710375783
1403715969.884057998657227,0.321320342692566,-1.310518818109328,0.489869457553930,0.483461035818680,0.454797461015643,-0.725388446013005,0.182308251842018,-0.142914375230566,-0.976011081104315,-0.025610551035760,-0.181198333279757,-0.909215457858256,-0.073998286321808,0.038283958049191,-0.066795623246059,0.048387735286048,-0.009059908023778,-0.045460729538141,-0.003699910787577,0.059107254469237
1403715969.934057950973511,0.315097032079714,-1.361522883576228,0.488231889359801,0.500314428064959,0.440393522362264,-0.716160357821066,0.207010532140259,-0.092768941472271,-1.055206581231462,-0.004868508240048,-0.124466330957389,-1.020082282164263,-0.032751395116757,0.031697389485119,-0.035124299067199,0.027882886876709,-0.006223310612852,-0.051004065466900,-0.001637568194130,0.068905382942173
1403715969.984057903289795,0.311292633370085,-1.415048245235381,0.487418705664016,0.517708875361557,0.424356363823644,-0.705148909397799,0.233803790451187,-0.046842196438459,-1.085214791635723,0.000337373790843,-0.076088046755801,-1.070508254099299,-0.016263689425953,0.029245850317341,-0.014706537536425,0.016601063216795,-0.003804398709629,-0.053525361659154,-0.000813183695784,0.074807781478113
1403715970.034058094024658,0.309718758569519,-1.470302478853587,0.487173891856763,0.532147716036817,0.411018423593843,-0.694565151318653,0.255855260561373,0.002600862089543,-1.095478077345823,0.001316606629267,-0.031477375934649,-1.105080456816728,-0.004896257467326,0.034078238024192,0.009602379470905,0.006212864096593,-0.001573874800565,-0.055254233618206,-0.000244813807253,0.062761288905380
1403715970.084058046340942,0.310845427842886,-1.524966099670780,0.487429528598174,0.545428048756580,0.399232184120855,-0.683772820145938,0.274912053612336,0.057137547280513,-1.066632524544387,0.002539916119001,0.022533406956860,-1.093273458970663,0.005112739704098,0.034604140323653,0.026640934426276,-0.002572823585098,0.001126669273366,-0.054663620817192,0.000255636741410,0.056390464269004
1403715970.134057998657227,0.314600648404758,-1.577659367412939,0.487433527560913,0.557839359092210,0.389866841561139,-0.672837983611352,0.290014039502478,0.113020163776761,-1.020160520708180,-0.006144270602970,0.075104482862669,-1.053866359888469,0.000079979331057,0.037915680914093,0.033705839180289,-0.006224249934027,0.003755220561873,-0.052693267742159,0.000003998962739,0.048555940691773
1403715970.184057950973511,0.321057838742335,-1.626980611974133,0.487914196131968,0.570322151522834,0.380729155522820,-0.661287665590071,0.304099616829223,0.172122957343306,-0.945621539585384,0.015114846696244,0.129143929912792,-0.986425831952859,0.009613380589139,0.042979027430514,0.040804292367475,0.005501466107106,0.006457190337577,-0.049321244561194,0.000480668571055,0.047797821398844
1403715970.234057903289795,0.331366116516114,-1.672437532565186,0.489163777612604,0.583329016407498,0.370569887580726,-0.648454662011989,0.319236226563319,0.241711742719273,-0.856933231757546,0.027992328999274,0.206165752090559,-0.909139278843833,0.024991653446624,0.035545990628715,0.052206047086287,0.003000675552649,0.010308277773779,-0.045456920591053,0.001249581480636,0.051622831458433
1403715970.284058094024658,0.345340685454617,-1.712554940756439,0.490846487347052,0.594761326613017,0.361158260724575,-0.636341194086536,0.333006846452810,0.325219617799757,-0.733982847122101,0.020975697037856,0.279490312599121,-0.802345103121398,0.033654066308889,0.045729305200636,0.068362255999296,-0.012678369271033,0.013974568938503,-0.040117408191253,0.001682709734448,0.047145232809246
1403715970.334058046340942,0.363395768801522,-1.746234824475485,0.492841169875471,0.603456028094193,0.352776854367092,-0.626465666749513,0.344862409612482,0.396488912319086,-0.597341645082196,0.049231654069849,0.361102011311809,-0.673598316774333,0.039893688613960,0.035386901007277,0.076256671692137,0.009337965455890,0.018055083346905,-0.033679883719046,0.001994682528419,0.039188697773763
1403715970.384057998657227,0.385336965230166,-1.772894466935788,0.495574923466689,0.610274272994380,0.347391070074944,-0.618777671656034,0.352134845213172,0.482538073900424,-0.449946195144183,0.058707649009823,0.438824347068403,-0.533193357698879,0.054675123966625,0.043713726832022,0.083247162554696,0.004032525043197,0.021941196428645,-0.026659642460303,0.002733753591218,0.027385518325727
1403715970.434057950973511,0.410856126128378,-1.792695179203595,0.497498515322407,0.611675588066935,0.342471662447872,-0.615441957172018,0.360273968995036,0.564445410659996,-0.291855135096620,0.049640292005755,0.510383704704066,-0.396014623025102,0.038471873803998,0.054061705955930,0.104159487928482,0.011168418201757,0.025519160898212,-0.019800712267806,0.001923591855718,0.020350673278289
1403715970.484057903289795,0.441204796042958,-1.803274311086636,0.500175048877622,0.606859458089904,0.340804917426756,-0.618168275715987,0.365296577157374,0.651720025765514,-0.112998223770870,0.062207602193243,0.606973977147092,-0.211582839441954,0.053530722155180,0.044746048618422,0.098584615671084,0.008676880038063,0.030348669914580,-0.010579131883042,0.002676533555215,0.015314416601373
1403715970.534058094024658,0.474847677790876,-1.805810787436290,0.502842815012515,0.593903331039124,0.341489022063113,-0.628036931955707,0.369098487250590,0.720660003384786,0.038644246465512,0.018812806938848,0.672855068219974,-0.050729333476013,0.053355119164234,0.047804935164813,0.089373579941526,-0.034542312225386,0.033642881747918,-0.002536476349653,0.002667766134893,0.033477196140047
1403715970.584058046340942,0.510554112829160,-1.801962146213951,0.504489102933741,0.573408759423741,0.344476482573185,-0.644398709205009,0.370524832022160,0.768294851404010,0.188010131855896,0.009937590685877,0.714129381812519,0.076972897853844,0.032925789824989,0.054165469591491,0.111037234002052,-0.022988199139112,0.035706435038283,0.003848641222338,0.001646287921225,0.052867202881534
1403715970.634057998657227,0.548862898224502,-1.789592442163344,0.506087861079356,0.550283315397868,0.350941248057159,-0.663648665558857,0.365511917601550,0.788895436455333,0.338504011060499,0.005334526307919,0.766176438589640,0.247394316945746,0.031975193406220,0.022718997865693,0.091109694114753,-0.026640667098301,0.038308785395342,0.012369704050607,0.001598758145615,0.062364998858217
1403715970.684057950973511,0.586017613400738,-1.772603660384479,0.508138155700975,0.525266220025855,0.358145780552259,-0.684208392623872,0.357331601506810,0.784806641044002,0.447946078102891,0.030412670513396,0.743095012195355,0.339775959612915,0.041005931538692,0.041711628848647,0.108170118489977,-0.010593261025296,0.037154715176236,0.016988781778865,0.002050294621619,0.068337219145426
1403715970.734057903289795,0.624586533475168,-1.748532596487947,0.509496628153120,0.496963763936883,0.365841901010762,-0.706403731353086,0.346670577247268,0.759885983728217,0.535626901397762,0.023183341757954,0.771379137133063,0.481421737050186,0.027169474953716,-0.011493153404846,0.054205164347575,-0.003986133195761,0.038568920074430,0.024071063896532,0.001358472452144,0.076595797693932
1403715970.784058094024658,0.662230815253232,-1.720355884130610,0.510819983826198,0.465114190389016,0.372853962977547,-0.730059887558439,0.334157556803475,0.722341367022671,0.601751149468573,0.020221464024014,0.752882763541456,0.563532097442391,0.026467012497919,-0.030541396518785,0.038219052026182,-0.006245548473905,0.037644281778064,0.028176712357337,0.001323355673078,0.084380513821311
1403715970.834058046340942,0.696640809199122,-1.691558135334174,0.512959021677787,0.433218251415826,0.378860295919891,-0.752436383476352,0.320353416770814,0.637304604337534,0.608843078628645,0.053567266952573,0.688200535236972,0.575955525202701,0.042780797830745,-0.050895930899438,0.032887553425943,0.010786469121828,0.034409993945890,0.028797748796435,0.002139037851590,0.083545018537626
1403715970.884057998657227,0.726385659260689,-1.663380770644212,0.516906265662386,0.403370775247200,0.383260536540015,-0.772239689430150,0.306674486836383,0.533224316894903,0.591144276791665,0.092291413831408,0.594897568569886,0.563547831240335,0.078944954979738,-0.061673251674983,0.027596445551330,0.013346458851669,0.029744850061568,0.028177364689962,0.003947243984598,0.077193339800455
1403715970.934057950973511,0.749908274069163,-1.635716226939641,0.522397532962544,0.377191368026579,0.387428118873406,-0.788181722273113,0.293931449945460,0.400769089547184,0.535150394445312,0.130829147017458,0.470452744828179,0.553291401751225,0.109825450740872,-0.069683655280995,-0.018141007305913,0.021003696276586,0.023522614808474,0.027664543704571,0.005491267300158,0.066913912358492
1403715970.984057903289795,0.765749248893482,-1.610537738667257,0.529654113951629,0.355613632044445,0.392709692469060,-0.800017930145484,0.281583652918186,0.246116563915580,0.460714182556750,0.155177222826289,0.316819798629283,0.503570245689677,0.145131758190137,-0.070703234713703,-0.042856063132926,0.010045464636152,0.015840974824319,0.025178488272383,0.007256580989085,0.056075274905476
1403715971.034058094024658,0.772428047915612,-1.590252582393931,0.537595698820139,0.340534147172482,0.400864095855299,-0.807253928455652,0.267741603522018,0.063964235401142,0.351670362678547,0.197021282673380,0.133575470892614,0.405701577837833,0.158831091477670,-0.069611235491472,-0.054031215159286,0.038190191195710,0.006678799022130,0.020285156273327,0.007941584868510,0.046384103741677
1403715971.084058046340942,0.770875096276754,-1.575068493490988,0.547882410915629,0.330370972558108,0.412456293857671,-0.810395096760629,0.252971566177970,-0.116556842031146,0.215995387137555,0.267316477976174,-0.031059062397389,0.303682067672655,0.205734438113441,-0.085497779633757,-0.087686680535099,0.061582039862732,-0.001552951638858,0.015184088902943,0.010286712095490,0.043160546225888
1403715971.134057998657227,0.760037725767837,-1.567536477319996,0.562000955699456,0.329150496757963,0.426331975322368,-0.807634284152772,0.240058035405510,-0.288367625202120,0.051525263313249,0.328261398319464,-0.216747616884968,0.150640467081779,0.282371164966679,-0.071620008317152,-0.099115203768531,0.045890233352784,-0.010837370508917,0.007532016170992,0.014118544783828,0.038388371745942
1403715971.184057950973511,0.740072939729930,-1.569311719333200,0.579852047116150,0.335143003320046,0.439774209638383,-0.800510228736841,0.231216750150689,-0.457431884259896,-0.137224590302642,0.387948778652026,-0.399296101556576,-0.035504874124171,0.357022168816761,-0.058135782703320,-0.101719716178471,0.030926609835265,-0.019964786037907,-0.001775242013204,0.017851091416694,0.037177102534093
1403715971.234057903289795,0.709591962814020,-1.580321695298377,0.600435673981518,0.350308471315271,0.455562393540347,-0.786717807495691,0.225437290361910,-0.584134121543717,-0.323843580512818,0.434763577481313,-0.609620119697251,-0.220199729302356,0.411672929909244,0.025485998153534,-0.103643851210462,0.023090647572070,-0.030480976915910,-0.011009975965176,0.020583626865367,0.053025744116487
1403715971.284058094024658,0.677207840462087,-1.605730754537244,0.623835144674473,0.371444109794291,0.469220005696221,-0.768687306221538,0.225791241653525,-0.685338005203377,-0.512713286759024,0.493549422326631,-0.647679976335625,-0.508179246227367,0.467987628627975,-0.037658028867751,-0.004534040531658,0.025561793698656,-0.032384122351933,-0.025409059238867,0.023399470692955,0.061920801241100
1403715971.334058046340942,0.640984468001357,-1.642023569656328,0.650275036452580,0.396196708268174,0.482336697138652,-0.746822796809282,0.229423601917503,-0.718614605473118,-0.685816568582764,0.509987021916762,-0.724468140121275,-0.725856994612849,0.528798339863536,0.005853534648157,0.040040426030084,-0.018811317946774,-0.036223372460731,-0.036292815119084,0.026439891778107,0.071445790379214
1403715971.384057998657227,0.603974144938485,-1.679939621098437,0.673556663182018,0.421526561229369,0.494256814212222,-0.722396039605109,0.237001100726941,-0.727111998310938,-0.805613835064718,0.532449165104567,-0.740207167173995,-0.758321752034165,0.465632978650986,0.013095168863058,-0.047292083030553,0.066816186453581,-0.037010323062872,-0.037916051442109,0.023281626729439,0.075840566912153
1403715971.434057950973511,0.568168322978271,-1.723012332784781,0.700728981049859,0.445423081203503,0.503529032870911,-0.697488797901224,0.248125308240751,-0.707818337403877,-0.906016799526442,0.518584346409418,-0.716117122146784,-0.861455055274438,0.543446875628137,0.008298784742908,-0.044561744252004,-0.024862529218719,-0.035805821960214,-0.043072711686344,0.027172317867840,0.074867884089320
1403715971.484057903289795,0.535357985873608,-1.769905248879654,0.728191927763319,0.467541832088669,0.511580844006613,-0.672083235676726,0.260756207241466,-0.658938868167095,-0.968083829306297,0.494662572012521,-0.656207367901366,-0.937859216309707,0.549259458083839,-0.002731500265730,-0.030224612996590,-0.054596886071319,-0.032810337104663,-0.046892916094873,0.027462946713460,0.073734847974273
1403715971.584058046340942,0.478396310110874,-1.871666943153537,0.777113087352904,0.500639851870643,0.524358052611208,-0.624608674258729,0.290297046870055,-0.489996005683958,-1.035663372514957,0.470776939256394,-0.569615942785202,-1.017615487028204,0.489210896074049,0.079619937101244,-0.018047885486753,-0.018433956817655,-0.056961675762734,-0.101761694273883,0.048921159589585,0.132466367349374
1403715971.634057998657227,0.457023641770205,-1.923589633388875,0.800776503558558,0.510764045191774,0.529021261163994,-0.604502462102128,0.306322328092907,-0.397744007311030,-1.030133500858287,0.463560333983043,-0.427453774465059,-1.038454795054423,0.473268775457359,0.029709767154029,0.008321294196136,-0.009708441474316,-0.021372668340669,-0.051922690235338,0.023663416205654,0.056048750514208
1403715971.684057950973511,0.440515554819426,-1.974656669446453,0.823259658739005,0.516268226261927,0.532854469878647,-0.587632206928800,0.322833737181691,-0.296169613914291,-1.009187055536654,0.437958263052524,-0.330162053882657,-1.021341695178894,0.449663532441501,0.033992439968366,0.012154639642241,-0.011705269388977,-0.016508086950779,-0.051067036057578,0.022483155180447,0.049081640682250
1403715971.734057903289795,0.428851314987393,-2.024505848779364,0.843985582252451,0.517583298820176,0.534302369894615,-0.573625769965619,0.342902292699791,-0.198481617813081,-0.974907626262655,0.404261890578581,-0.233285019118600,-0.996984537456767,0.414518865584914,0.034803401305520,0.022076911194112,-0.010256975006333,-0.011664239832033,-0.049849179332911,0.020725923513446,0.049103291361928
1403715971.784058094024658,0.421550398023599,-2.071633920471504,0.863642368599365,0.515827522603005,0.535037182550899,-0.562203188816749,0.362746129817426,-0.115856278548137,-0.911197663510984,0.368553871912465,-0.146017782262240,-0.942557838270002,0.393134227250226,0.030161503714103,0.031360174759018,-0.024580355337761,-0.007300916963794,-0.047128071692141,0.019656786346914,0.045952112209821
1403715971.834058046340942,0.417975284063889,-2.115520206262288,0.881826762839016,0.508864911268409,0.535055441881692,-0.554490969522140,0.383812377224835,-0.041040467832997,-0.845712397197196,0.342243033112017,-0.071502347384144,-0.877726552880942,0.363688231633128,0.030461879551148,0.032014155683746,-0.021445198521112,-0.003575113959710,-0.043886285790784,0.018184394239650,0.046979517517402
1403715971.884057998657227,0.417976907758570,-2.155859017190140,0.898663187446020,0.499086080590603,0.536049160549726,-0.549153466394139,0.402485840722311,0.025548193904711,-0.768878475726753,0.318160794921475,0.000032473924581,-0.806776987959527,0.336728813269720,0.025515719980130,0.037898512232775,-0.018568018348245,0.000001623694681,-0.040338810927852,0.016836424607005,0.043534762810830
1403715971.934057950973511,0.421093134676408,-2.191872473198146,0.914022821092407,0.489117593092333,0.538756460957977,-0.544305416425660,0.417417140943311,0.075684490482998,-0.684726958372826,0.290174214724259,0.062324597794134,-0.720269807062947,0.307192965889778,0.013359892688864,0.035542848690120,-0.017018751165519,0.003116226917838,-0.036013456008007,0.015359633646387,0.037584993098016
1403715971.984057903289795,0.425899592180490,-2.222969050739517,0.930753958541209,0.478640249844885,0.542814808873759,-0.540318550268008,0.429315104244014,0.111400048204201,-0.595411100780392,0.288590329588801,0.096129241757616,-0.621932143948140,0.334623068097465,0.015270806446584,0.026521043167749,-0.046032738508663,0.004806457504081,-0.031096577541371,0.016731137448802,0.033687282422985
1403715972.034058094024658,0.432892030508622,-2.249982460822174,0.945147946094366,0.469896816216798,0.547829537474390,-0.535736666176293,0.438253356512217,0.143676134546272,-0.514715909202231,0.275670355004761,0.139848233083980,-0.540266140701359,0.287878652893217,0.003827901462292,0.025550231499128,-0.012208297888456,0.006992438328133,-0.027013410082656,0.014393987553156,0.028459414374167
1403715972.084058046340942,0.444490505912642,-2.272914729691673,0.959919999707031,0.464202788265493,0.550784648283641,-0.529622079962602,0.447942513050163,0.170510794605197,-0.417236663788702,0.289972709609138,0.231969729303960,-0.458645814788715,0.295441354008142,-0.061458934698764,0.041409151000013,-0.005468644399004,0.011598475404019,-0.022932268869499,0.014772053612666,0.026262142388209
1403715972.134057998657227,0.452999192952153,-2.290834246333457,0.975809970074498,0.462730630075726,0.551523517060567,-0.521562387723046,0.457902664145448,0.178151252530140,-0.319777397689157,0.311764381757010,0.170173903080709,-0.358390674623671,0.317799710426752,0.007977349449432,0.038613276934515,-0.006035328669742,0.008508687039511,-0.017919516641784,0.015889970367467,0.025836311372884
1403715972.184057950973511,0.462669717533692,-2.302486865061117,0.996256726834038,0.464814842644388,0.549530868966059,-0.511782662408132,0.469085805124527,0.186708655785613,-0.207848833639873,0.340637126673243,0.193410676081568,-0.233052596809476,0.408935525182110,-0.006702020295955,0.025203763169603,-0.068298398508867,0.009670524581539,-0.011652618727660,0.020446756759540,0.030267119376827
1403715972.234057903289795,0.471675059957459,-2.309463826311541,1.014395447369075,0.468710213691725,0.545281765405577,-0.501736968248017,0.480872692706213,0.188013721760952,-0.082461374952887,0.342421681134260,0.180107020238780,-0.139539358083573,0.362774756669723,0.007906701522172,0.057077983130687,-0.020353075535463,0.009005342423767,-0.006976961250424,0.018138720535038,0.033050367689159
1403715972.284058094024658,0.480591823835840,-2.309314548902047,1.033336122039090,0.472850254606976,0.541401125431964,-0.492732127959873,0.490420746069389,0.194126691106600,0.055515673049259,0.348882642595216,0.178334597275131,0.002985536800952,0.378812048347009,0.015792093831469,0.052530136248307,-0.029929405751793,0.008916763878382,0.000149277409494,0.018940674670015,0.028597570561014
1403715972.334058046340942,0.489672198070257,-2.302951754683889,1.051329672163831,0.476612409778053,0.537989218910394,-0.485202188665248,0.497982978922166,0.191119274188371,0.199998562299092,0.343797929921557,0.181607657882898,0.127256005723955,0.359871345694884,0.009511616305473,0.072742556575137,-0.016073415773328,0.009080374234417,0.006362794218159,0.017993550124741,0.023637588295053
1403715972.384057998657227,0.498849153482588,-2.290428483274028,1.068454297766908,0.477438182465132,0.535420977200300,-0.481365652233071,0.503650938595867,0.188480093059705,0.348210859300142,0.302067344455457,0.183539283283319,0.250465667059887,0.342492838688165,0.004940809776386,0.097745192240255,-0.040425494232707,0.009176955412331,0.012523271409861,0.017124625603077,0.014713638404705
1403715972.434057950973511,0.507770371156048,-2.269632705888119,1.084717631783055,0.476584421790709,0.535771589667909,-0.480331704159703,0.505071823199606,0.183778235395498,0.507347783485707,0.308385365810664,0.178424523628078,0.415915944366545,0.325266990521699,0.005353711767421,0.091431839119162,-0.016881624711035,0.008921217673460,0.020795777385910,0.016263334016146,0.003969785566199
1403715972.484057903289795,0.516532000310810,-2.241026188982658,1.100004348374444,0.473618333359273,0.538397894194870,-0.482215113915205,0.503271264572357,0.184848789845637,0.652862722544803,0.273694618398087,0.175232750210228,0.572130883735741,0.305734623399052,0.009616039635409,0.080731838809062,-0.032040005000965,0.008761629154763,0.028606516905461,0.015286716591390,0.009483552468821
1403715972.534058094024658,0.525253372354539,-2.205976097174450,1.113449461109271,0.466795669192903,0.544730033924265,-0.488765273473002,0.496467018854708,0.179712790141313,0.795478013640404,0.240528437001406,0.174426775489219,0.700999162064586,0.268901228919752,0.005286014652094,0.094478851575818,-0.028372791918346,0.008721372043728,0.035050091808209,0.013445112734827,0.026521664111334
1403715972.584058046340942,0.533725435557621,-2.163595923423461,1.124203007746042,0.453185490726470,0.554308689547753,-0.501142856816641,0.486025333443142,0.174361065712266,0.916300506443946,0.207539245464698,0.169441425653587,0.847604283358211,0.215071137843244,0.004919640058678,0.068696223085735,-0.007531892378546,0.008472063203083,0.042380173750989,0.010753546636771,0.046443307237272
1403715972.634057998657227,0.542150609852621,-2.114328089426371,1.133313576639287,0.438597695332485,0.564144847881772,-0.514416237333398,0.474076562408683,0.173012829314028,1.014072536733879,0.181366695528995,0.168503646597591,0.985357619652046,0.182211551635366,0.004509182716437,0.028714917081834,-0.000844856106371,0.008425174295000,0.049267833997090,0.009110568893244,0.050141498431981
1403715972.684057950973511,0.550825018125203,-2.062342039514749,1.140552700045816,0.421583621595579,0.574022194514540,-0.529238026373853,0.461164701215278,0.173585210393768,1.085942463219692,0.127854694603404,0.173488330903002,1.039721989788594,0.144782606206028,0.000096879490767,0.046220473431098,-0.016927911602624,0.008674408272582,0.051986049911622,0.007239123406529,0.055623452884068
1403715972.734057903289795,0.559147900253561,-2.007247187543802,1.145905044595511,0.403799016529681,0.583301181343763,-0.544330556666695,0.447672124630917,0.163306290789561,1.127058757934589,0.074644454753956,0.166457801313705,1.101898090270859,0.107046993081873,-0.003151510524144,0.025160667663731,-0.032402538327917,0.008322882128359,0.055094851970948,0.005352344549695,0.057001082421692
1403715972.784058094024658,0.567094548786197,-1.950613838591048,1.148597402248370,0.387227775715640,0.591571750449116,-0.558485838587273,0.433809960561486,0.154525813307214,1.142029914641175,0.032871879253333,0.158932364373867,1.132662658289929,0.053846947647372,-0.004406551066654,0.009367256351246,-0.020975068394039,0.007946648532636,0.056633348952754,0.002692357652859,0.054243341479675
1403715972.834058046340942,0.574843791927570,-1.893439924852560,1.149721348156214,0.374022389764263,0.597284111663614,-0.569598647183397,0.422985015143660,0.146410375209224,1.134676372334055,0.008528533472087,0.154985010632669,1.143479365276665,0.022478939594481,-0.008574635423445,-0.008802992942609,-0.013950406122395,0.007749243141372,0.057173913738488,0.001123945907845,0.042318031615332
1403715972.884057998657227,0.581514201464408,-1.837712108757223,1.149378005715892,0.367265059930744,0.599310994403199,-0.576284343191571,0.416940119841897,0.124043381693729,1.113299012580420,0.000712393341808,0.133408317964859,1.114557384831486,-0.006866855355185,-0.009364936271129,-0.001258372251066,0.007579248696993,0.006670409536839,0.055727816095337,-0.000343342440322,0.022891961973388
1403715972.934057950973511,0.587367525355803,-1.783596402851291,1.148306139402749,0.367557984322306,0.596100257934586,-0.578583942226655,0.418098352602240,0.108902282397957,1.078261991778819,-0.032730346409981,0.117066589471287,1.082315150294798,-0.021437346707117,-0.008164307073330,-0.004053158515979,-0.011292999702864,0.005853323891394,0.054115705905932,-0.001071866313143,0.008252106730120
1403715972.984057903289795,0.592109535828035,-1.731641426574207,1.146671792473799,0.369867361687972,0.591203848650698,-0.579335871606971,0.421955082879651,0.097395103428198,1.044190266636312,-0.049869825328424,0.094840299891407,1.039100516505153,-0.032686969751726,0.002554803536791,0.005089750131160,-0.017182855576697,0.004742010472232,0.051954976277084,-0.001634346928950,0.013378786310052
1403715973.034058094024658,0.595865387408291,-1.680987688493832,1.142158263894466,0.371530092253441,0.582960670094193,-0.580675362945223,0.430044614594710,0.066007113653348,1.018614652896668,-0.076236066740883,0.075116745057481,1.013070897048730,-0.090270227233070,-0.009109631404133,0.005543755847937,0.014034160492187,0.003755851580256,0.050653738080376,-0.004513528579333,0.023490509737150
1403715973.084058046340942,0.597930738338128,-1.631392540153000,1.136872947505674,0.373232723101439,0.575816489660672,-0.581928565629812,0.436453719362290,0.031198412871076,1.005927497486759,-0.072243997497690,0.041307057990213,0.991903912769919,-0.105706428585347,-0.010108645119137,0.014023584716840,0.033462431087657,0.002065350929837,0.049595148340832,-0.005285316388792,0.019655654063570
1403715973.134057998657227,0.597976867387170,-1.582279176818688,1.132391944581021,0.376882201024647,0.571691511538514,-0.581718721979869,0.439012472127768,-0.007415723429677,1.001553824465319,-0.072201184769327,0.000922581860676,0.982268203450209,-0.089620143961488,-0.008338305290353,0.019285621015110,0.017418959192160,0.000046129049042,0.049113363334313,-0.004481002924653,0.012153270723049
1403715973.184057950973511,0.595863030899395,-1.532970878656694,1.128092626462944,0.380673890057812,0.570199570437435,-0.581059840113695,0.438553647240864,-0.046956931243900,1.001728879929426,-0.072979430857979,-0.042276770073767,0.986166903721921,-0.085986444364596,-0.004680161170133,0.015561976207505,0.013007013506616,-0.002113836487775,0.049308298161994,-0.004299318118077,0.008306013328483
1403715973.234057903289795,0.591945417355046,-1.483913460346160,1.123745340676183,0.382177000545983,0.568678946479355,-0.581801337309453,0.438237606772557,-0.083168701569722,0.998813209238385,-0.066018509808718,-0.078352345609598,0.981149301907568,-0.086945798653196,-0.004816355960123,0.017663907330817,0.020927288844477,-0.003917613544349,0.049057418310534,-0.004347285786761,0.004570050460223
1403715973.284058094024658,0.586471237564527,-1.434624783060635,1.119932280942863,0.382516052197578,0.567691944916227,-0.583093762142211,0.437503131462226,-0.114160900924501,1.000037663579230,-0.060596662341776,-0.109483178165198,0.985769785297195,-0.076260903754142,-0.004677722759303,0.014267878282034,0.015664241412365,-0.005474179790519,0.049288677285525,-0.003813059733320,0.003632599589750
1403715973.334058046340942,0.578846271734787,-1.386083986328023,1.115368336850180,0.379946350738407,0.568209914298659,-0.586243664466807,0.434852422927374,-0.152086373817644,0.999384578783960,-0.071059344864557,-0.152499462029621,0.970816860495344,-0.091278968904064,0.000413088211977,0.028567718288616,0.020219624039507,-0.007624965829740,0.048540796732612,-0.004563944092683,0.009761115826263
1403715973.384057998657227,0.569634521099908,-1.336017438777730,1.111693021279851,0.376285094179788,0.570518932728480,-0.589881840511191,0.430066378052962,-0.191448115124130,0.999840539509280,-0.080279048549672,-0.184235188397939,1.001331905950391,-0.073506381507730,-0.007212926726192,-0.001491366441110,-0.006772667041943,-0.009211750634879,0.050066547550293,-0.003675315570329,0.014816094916493
1403715973.434057950973511,0.558597934090342,-1.286155202205696,1.108217623024117,0.372473379356179,0.574602803377786,-0.593594718620636,0.422777139929615,-0.228567453762879,0.984258693740849,-0.081143723809390,-0.220731950697719,0.997245682488262,-0.069508031402697,-0.007835503065160,-0.012986988747413,-0.011635692406693,-0.011036587009566,0.049862236572033,-0.003475398255734,0.019811756918373
1403715973.484057903289795,0.546125039194825,-1.237293198331869,1.104864836847610,0.368207963128298,0.578596125867986,-0.597381490019552,0.415673879864357,-0.253224906778530,0.955373670703902,-0.068050042270868,-0.249458135812149,0.977241009446201,-0.067055787479536,-0.003766770966380,-0.021867338742298,-0.000994254791332,-0.012472894895517,0.048862003873827,-0.003352786176508,0.019893431780414
1403715973.534058094024658,0.532256798973827,-1.190141426199775,1.101971271778557,0.362619592333957,0.582182816581334,-0.601763508768952,0.409207623153650,-0.280790585945799,0.916173588711971,-0.050327262763251,-0.277363746361237,0.943031845260878,-0.057871080620396,-0.003426839584562,-0.026858256548907,0.007543817857145,-0.013868240220998,0.047151772132094,-0.002893565069052,0.020504606628237
1403715973.584058046340942,0.517253767897360,-1.144815577264711,1.099644084934731,0.356290869313104,0.584471936015699,-0.606342618238270,0.404719658235343,-0.306001915532161,0.869900806066434,-0.035776600396785,-0.300060907689724,0.906517843224062,-0.046543781264141,-0.005941007842437,-0.036617037157627,0.010767180867356,-0.015003031076467,0.045325848935064,-0.002327186843827,0.018590696342874
1403715973.634057998657227,0.501111844947100,-1.102406047189469,1.097774616483719,0.349392100933546,0.586090549853565,-0.610889111950909,0.401543920483699,-0.333850907763422,0.816173926081156,-0.031596565300638,-0.322838766888248,0.848191410403209,-0.037389404677553,-0.011012140875173,-0.032017484322053,0.005792839376914,-0.016141922950260,0.042409530075242,-0.001869468451012,0.017996597188611
1403715973.684057950973511,0.483390585832319,-1.062680764281368,1.096282238121229,0.341206693074053,0.586949869235607,-0.616129029183264,0.399315493067150,-0.366434993109220,0.762170255821415,-0.039434072235143,-0.354425520302121,0.794506415862387,-0.029847595714673,-0.012009472807099,-0.032336160040972,-0.009586476520470,-0.017721259114780,0.039725282908101,-0.001492378362489,0.020016272282834
1403715973.734057903289795,0.463903004758846,-1.026164814277086,1.094577870930219,0.333994149575469,0.587652979442880,-0.620501330471322,0.397605310181573,-0.399639357376682,0.691892086890482,-0.034845565631171,-0.389751993165935,0.730319696572764,-0.034087376328459,-0.009887364210747,-0.038427609682282,-0.000758189302712,-0.019487581073473,0.036515950004281,-0.001704367191010,0.017269320191635
1403715973.784058094024658,0.442303458671335,-0.993730955500380,1.093151789513736,0.328017040340479,0.588102661998137,-0.623901507023850,0.396594238145672,-0.447578745532766,0.607614604603448,-0.029972321002422,-0.431989273841913,0.648674701036523,-0.028521519528707,-0.015589471690853,-0.041060096433075,-0.001450801473715,-0.021599546087511,0.032433858776707,-0.001426081416483,0.013930070003078
1403715973.834058046340942,0.418061442772100,-0.965450849396533,1.092627217603772,0.324425802633350,0.588807408313387,-0.625787795752952,0.395529226717369,-0.498478138645670,0.530242591410316,-0.021313663463920,-0.484840780364903,0.565602661477672,-0.010491448204692,-0.013637358280767,-0.035360070067356,-0.010822215259228,-0.024242015899235,0.028280106103847,-0.000524571909963,0.008505531707870
1403715973.884057998657227,0.391455162554191,-0.941206211096482,1.092281476401840,0.321964456798986,0.590521125162467,-0.626720126758469,0.393504221083886,-0.541704143422917,0.450776972816482,-0.010439788995908,-0.532126111833189,0.484893228431238,-0.006914830633138,-0.009578031589727,-0.034116255614756,-0.003524958362770,-0.026606280217909,0.024244638300051,-0.000345741201932,0.007473942447170
1403715973.934057950973511,0.362340448548101,-0.921459116376369,1.092577615770586,0.320129788589494,0.592023930244604,-0.627104830557103,0.392127678144920,-0.588831233332951,0.363767793671625,-0.009877779438451,-0.582294835441430,0.394942271048548,0.005922793023326,-0.006536397891521,-0.031174477376923,-0.015800572461777,-0.029114714006090,0.019747094720112,0.000296139368746,0.005537979027726
1403715974.034058094024658,0.298476989759286,-0.894055209105753,1.094683152472772,0.332006253119892,0.596090301340350,-0.617962223018322,0.390603240462128,-0.663427130677385,0.190984974044205,0.043817863669846,-0.638633674315352,0.274038680690688,0.021055336901959,-0.024793456362033,-0.083053706646483,0.022762526767887,-0.063863458788815,0.027403907270616,0.002105536702186,0.031209095311783
1403715974.084058046340942,0.263716335836001,-0.887135075714707,1.097690442913945,0.340327818911159,0.597136244157230,-0.611794603743974,0.391551585897343,-0.693416829576488,0.121326969359071,0.054003962664352,-0.695213741473175,0.138402799812120,0.060145866183030,0.001796911896687,-0.017075830453049,-0.006141903518677,-0.034760653923284,0.006920133391046,0.003007290441173,0.020907638354191
1403715974.134057998657227,0.227820382240785,-0.885306591140501,1.102060412230588,0.349227435456005,0.597033511254313,-0.605158798129228,0.394175105519053,-0.713866347563258,0.054938146417615,0.052767802142876,-0.717919756565957,0.036569726359716,0.087399469683485,0.004053409002700,0.018368420057899,-0.034631667540609,-0.035895953595216,0.001828484574205,0.004369969316643,0.022815074949955
1403715974.184057950973511,0.191087565047593,-0.884193132191307,1.104745201302008,0.356481907092976,0.595935267960429,-0.599608922539912,0.397807675047644,-0.731105382890858,0.004241189073137,0.045973235498159,-0.734657044487403,0.022269200221442,0.053695832636748,0.003551661596545,-0.018028011148306,-0.007722597138588,-0.036732817193192,0.001113458949194,0.002684789071421,0.019781908408781
1403715974.234057903289795,0.152179639648479,-0.884158247984885,1.107812611549073,0.362088389948234,0.595127587033351,-0.594908382581598,0.400997717388397,-0.745269648237108,-0.038873391502459,0.020841795537821,-0.778159250092769,0.000697684793816,0.061348263447553,0.032889601855661,-0.039571076296275,-0.040506467909732,-0.038907925399114,0.000034884206423,0.003067410247064,0.016044536723817
1403715974.284058094024658,0.114484151823202,-0.887177758838711,1.108006612949366,0.366150028132319,0.595627508988066,-0.591371450692908,0.401798251291290,-0.751123404280810,-0.074406443994001,-0.000148339599983,-0.753906880579027,-0.060389986707010,0.003880013204785,0.002783476298218,-0.014016457286991,-0.004028352804767,-0.037695487825277,-0.003019510853826,0.000194001400293,0.010935747418931
1403715974.334058046340942,0.076407717715808,-0.891555276182653,1.106266464287337,0.367859093927360,0.597097970280207,-0.589292045754549,0.401109194250913,-0.751313248529951,-0.097007144321317,-0.039510619816339,-0.761529408398904,-0.087550430373439,-0.034803006431309,0.010216159868953,-0.009456713947878,-0.004707613385030,-0.038076434107393,-0.004377517343942,-0.001740148662029,0.006287096291167
1403715974.384057998657227,0.037942451063897,-0.897382666141993,1.102033972037838,0.367932637865119,0.598440536260141,-0.588255199752269,0.400562502636864,-0.763359464262843,-0.125566779861380,-0.083354087174596,-0.769306066705664,-0.116547910335543,-0.084649925718444,0.005946602442821,-0.009018869525836,0.001295838543848,-0.038465266651911,-0.005827389959340,-0.004232492249499,0.003567528174036
1403715974.434057950973511,-0.000744218288690,-0.904642451996981,1.096588561433224,0.367613500169695,0.599960863011972,-0.587750840596730,0.399319704904170,-0.767980918913873,-0.160766707032746,-0.102500278482165,-0.773734124942099,-0.145195855569316,-0.108908315955331,0.005753206028227,-0.015570851463430,0.006408037473166,-0.038686669352587,-0.007259785854988,-0.005445410604613,0.004104713457259
1403715974.484057903289795,-0.039683380498331,-0.913690953900852,1.090175251686093,0.367951543844135,0.600539278853102,-0.586808186853408,0.399525202933594,-0.772337893487095,-0.193845107628519,-0.105122963597639,-0.778783986899110,-0.180970210664057,-0.128266317266922,0.006446093412015,-0.012874896964462,0.023143353669283,-0.038939162209641,-0.009048501903871,-0.006413309747132,0.002349182061674
1403715974.534058094024658,-0.078750670289855,-0.924305359104941,1.083170098499466,0.370171559493197,0.600049208117157,-0.584772933320367,0.401191451599160,-0.775249694597559,-0.229621871019370,-0.109272844904581,-0.781342815244188,-0.212287294270025,-0.140102529283798,0.006093120646628,-0.017334576749346,0.030829684379216,-0.039067289791524,-0.010614405204089,-0.007005153186627,0.006953356755488
1403715974.584058046340942,-0.117677671187120,-0.936928440823821,1.076729024402133,0.372577539521531,0.598873672704973,-0.582717604647433,0.403703473379778,-0.775793398567100,-0.261542247712928,-0.114257241949872,-0.778540760419623,-0.252461875144000,-0.128821604800517,0.002747361852523,-0.009080372568927,0.014564362850646,-0.038927000897265,-0.012623081718880,-0.006441074097333,0.008415528243657
1403715974.634057998657227,-0.156533261841596,-0.950352881726124,1.069489030190787,0.375704029166005,0.597897231510600,-0.580120512570188,0.405987159791652,-0.769254782772692,-0.283736046526878,-0.119623328202826,-0.777112554201792,-0.268489074097212,-0.144800022318994,0.007857771429101,-0.015246972429666,0.025176694116168,-0.038855590654475,-0.013424440902304,-0.007239994211347,0.009526495407134
1403715974.684057950973511,-0.195351976646265,-0.964800672568793,1.061469106054656,0.377540271319131,0.596285008720991,-0.578490064316651,0.408970386939936,-0.768240603471439,-0.303830021005928,-0.132164324549486,-0.776375036502323,-0.288956092423380,-0.160398635690669,0.008134433030885,-0.014873928582548,0.028234311141183,-0.038818714804670,-0.014447790842669,-0.008019924136131,0.008373548566642
1403715974.734057903289795,-0.234443478178578,-0.977897745380275,1.051516883412296,0.379841268426413,0.595508386384431,-0.576659364008447,0.410553712012688,-0.775908081214940,-0.310011608953166,-0.146566330773638,-0.781830776258198,-0.261941706036704,-0.199044642670960,0.005922695043257,-0.048069902916462,0.052478311897322,-0.039091501532313,-0.013097072811481,-0.009952222642360,0.006857440736305
1403715974.784058094024658,-0.272695406936931,-0.993977547278862,1.042930712909076,0.381397192922490,0.594958864321601,-0.575285413309876,0.411833490902430,-0.763738638264689,-0.324961293179038,-0.156631055170266,-0.765035656787624,-0.321594811184896,-0.171722754994084,0.001297018522936,-0.003366481994142,0.015091699823818,-0.038251928758353,-0.016079801898587,-0.008586170503220,0.004999381288503
1403715974.834058046340942,-0.310981013750749,-1.008034406909496,1.031079299964615,0.381087008509426,0.594803312475880,-0.575101696255229,0.412601200164779,-0.767927721758495,-0.329317296690007,-0.163910083455165,-0.765712866517057,-0.281137460726253,-0.237028484937205,-0.002214855241439,-0.048179835963755,0.073118401482040,-0.038285606813818,-0.014056859630634,-0.011851412944461,0.001724575611979
1403715974.884057998657227,-0.348930292196378,-1.025066087339727,1.022350132895472,0.381842915819274,0.594855103496591,-0.574073242439384,0.413259368675202,-0.761189492350872,-0.343544812414208,-0.165992035049913,-0.758986292738304,-0.340633933458455,-0.174583507878658,-0.002203199612568,-0.002910878955753,0.008591472828744,-0.037949278445629,-0.017031680430231,-0.008729167069143,0.002874008744465
1403715974.934057950973511,-0.386634787305511,-1.042286208751993,1.013390457394836,0.382158827245972,0.595072999308882,-0.573016329023532,0.414119599782371,-0.756656880834605,-0.347738122156948,-0.176921634430853,-0.754090621339526,-0.344402756693384,-0.179193680905123,-0.002566259495078,-0.003335365463564,0.002272046474270,-0.037704495109133,-0.017220121412266,-0.008959675500636,0.002831496053827
1403715974.984057903289795,-0.424174914259560,-1.059817960268705,1.004411302750276,0.382486610607537,0.595320827818786,-0.571792862084479,0.415150608262055,-0.758544710156280,-0.350768306815631,-0.175504933078689,-0.750803255102755,-0.350635364726185,-0.179583264155153,-0.007741455053525,-0.000132942089447,0.004078331076464,-0.037540126954049,-0.017531751516712,-0.008979154644560,0.003303762315144
1403715975.034058094024658,-0.461396682591035,-1.077607698509250,0.995598255529320,0.383881442891035,0.596458541732171,-0.569725024114154,0.415073057059546,-0.746721298804164,-0.357465835320572,-0.170163748519347,-0.744432526844774,-0.355793407566760,-0.176260272039547,-0.002288771959390,-0.001672427753812,0.006096523520200,-0.037221768331475,-0.017789738240545,-0.008813047220956,0.005485224816861
1403715975.084058046340942,-0.498467635379048,-1.095883152091794,0.986958637053591,0.384548333373506,0.597642714026291,-0.567639732024487,0.415609071481985,-0.736760001685729,-0.370488671059984,-0.161585204892516,-0.741419762833245,-0.365509420227840,-0.172792534302371,0.004659761147516,-0.004979250832144,0.011207329409855,-0.037070952788013,-0.018275453582545,-0.008639618475728,0.005092254903292
1403715975.134057998657227,-0.534707673352786,-1.115412700891843,0.978947028210895,0.385934620897925,0.599454797701552,-0.565406826012935,0.414757200061607,-0.732818393273209,-0.375782850760262,-0.153971405148619,-0.724801450699299,-0.390591348497901,-0.160232329663389,-0.008016942573910,0.014808497737639,0.006260924514770,-0.036240037973739,-0.019529548800048,-0.008011608842697,0.006608178100410
1403715975.184057950973511,-0.570734084374168,-1.134368796824192,0.971228623045828,0.386894283724595,0.600947443760595,-0.563423687002500,0.414401655382007,-0.717574072519365,-0.384235158227662,-0.143259456722616,-0.720528907577539,-0.379122280206160,-0.154368250518368,0.002954835058174,-0.005112878021502,0.011108793795752,-0.036026411021381,-0.018956095932349,-0.007718405165067,0.005369618862521
1403715975.234057903289795,-0.606148231072631,-1.153841382770827,0.963788683578401,0.387852304696361,0.603215910255784,-0.561251369752169,0.413156211749650,-0.700204897384745,-0.396358401845130,-0.129767333940266,-0.708283609441156,-0.389452090343172,-0.148798931254262,0.008078712056411,-0.006906311501958,0.019031597313996,-0.035414146698463,-0.019472585946636,-0.007439939467427,0.007023916051951
1403715975.284058094024658,-0.640633645758379,-1.173688329118396,0.957625874437600,0.388694675774286,0.604597403319714,-0.559260451331995,0.413045005416740,-0.681267181934481,-0.400331198799005,-0.110885961485687,-0.689705662696649,-0.396937412755308,-0.123255712632791,0.008438480762168,-0.003393786043697,0.012369751147103,-0.034485414685748,-0.019846946347569,-0.006162809140801,0.005135849976890
1403715975.334058046340942,-0.673887416302146,-1.194099237132457,0.952337008784545,0.390774387460384,0.605038646604184,-0.556164617472275,0.414613714790354,-0.657221190093076,-0.411281718195314,-0.081400350461877,-0.665076045141296,-0.408218549588759,-0.105777413938309,0.007854855048220,-0.003063168606555,0.024377063476432,-0.033253770543768,-0.020410908014061,-0.005288865653055,0.008140013657422
1403715975.384057998657227,-0.706168410024414,-1.214530581913180,0.948738583014745,0.393163261193598,0.605221820773240,-0.553075684027359,0.416216873090469,-0.639867288357832,-0.408832568478071,-0.043818283568770,-0.645620490157026,-0.408627285311810,-0.071968584030589,0.005753201799194,-0.000205283166261,0.028150300461820,-0.032280993722267,-0.020431344780723,-0.003598425769800,0.008450307310157
1403715975.434057950973511,-0.736656250721920,-1.233787618166122,0.945690773730360,0.396550610005083,0.605094474596926,-0.549490605138515,0.417933446114779,-0.612760799699057,-0.394276884050762,-0.027055570092017,-0.609757395460096,-0.385141092358014,-0.060956243820093,-0.003003404238961,-0.009135791692748,0.033900673728076,-0.030487840697506,-0.019257036252942,-0.003047809284384,0.010447932746244
1403715975.484057903289795,-0.766453018455242,-1.253197009893349,0.945002667406855,0.400785695388604,0.605466881713632,-0.545197961696236,0.418974777381782,-0.586403721069175,-0.380756922182960,0.001336671415391,-0.595935922995214,-0.388188204749654,-0.013762139594706,0.009532201926039,0.007431282566694,0.015098811010098,-0.029796767733322,-0.019409391727227,-0.000688106323505,0.012261469980608
1403715975.534058094024658,-0.794852390580150,-1.271687220467885,0.945364024964827,0.401726645455829,0.605749897221295,-0.543447076756338,0.419938137244272,-0.553757696903598,-0.356458480711462,0.014391376225510,-0.567985275806287,-0.369802800804994,0.007227123590153,0.014227578902689,0.013344320093532,0.007164252635358,-0.028399372124908,-0.018490210574536,0.000361357557972,0.004453828534241
1403715975.584058046340942,-0.821936939833514,-1.289230528697067,0.946385132675877,0.400132464820169,0.606953727606726,-0.543656169655854,0.419451013035327,-0.530123313344193,-0.346260735933211,0.036778815684260,-0.541691501664546,-0.350866499196010,0.020422173697098,0.011568188320353,0.004605763262798,0.016356641987161,-0.027084549253364,-0.017543308229182,0.001021107711050,0.004133584813178
1403715975.634057998657227,-0.847975095461953,-1.306304799843766,0.948523022523351,0.397321166341568,0.607772905979861,-0.544940559352390,0.419270524013405,-0.503646035807394,-0.340211645446929,0.058238189215600,-0.520763609207666,-0.341485748600175,0.042757837726540,0.017117573400272,0.001274103153246,0.015480351489059,-0.026038155628439,-0.017074271146699,0.002137889847474,0.006405214840700
1403715975.684057950973511,-0.872590719654531,-1.322959103495247,0.951643100742124,0.394862289944411,0.608346660036115,-0.546101137794323,0.419251309482160,-0.478636184150924,-0.332144403372472,0.075735736829954,-0.492312953357773,-0.333086390685547,0.062401623886284,0.013676769206849,0.000941987313075,0.013334112943670,-0.024615624192578,-0.016654303651481,0.003120078218773,0.005557907282972
1403715975.734057903289795,-0.896482035322528,-1.338508419110890,0.955877513676550,0.393727090084272,0.609116929068557,-0.546715346841534,0.418399181146191,-0.454197075901070,-0.324640563840228,0.084811505826877,-0.477826769051068,-0.310986608892797,0.084688339453618,0.023629693149997,-0.013653954947431,0.000123166373259,-0.023891315667998,-0.015549315615643,0.004234412934426,0.003455644253782
1403715975.784058094024658,-0.918603550323921,-1.355006404280798,0.960643108656109,0.391990717712606,0.609334319644765,-0.547826706665002,0.418259325771447,-0.428506564066686,-0.331526463668646,0.100385414707432,-0.442428612296639,-0.329958444706580,0.095311536006524,0.013922048229953,-0.001568018962066,0.005073878700909,-0.022121515001393,-0.016497985169908,0.004765594979559,0.004155444337977
1403715975.834058046340942,-0.939621528050303,-1.371576528866448,0.966024027594749,0.391624072220118,0.609516602676623,-0.548176611234839,0.417878570896340,-0.410451857709737,-0.331745777979402,0.097464908776029,-0.420359955414129,-0.331402807763346,0.107618481405775,0.009908097704392,-0.000342970216056,-0.010153572629746,-0.021017977726382,-0.016570124585650,0.005380918938640,0.001319186899903
1403715975.884057998657227,-0.959569256595204,-1.388000581788256,0.971023479128743,0.390590664431815,0.610371369748263,-0.548989775222130,0.416528451071348,-0.389152308811643,-0.332488398666915,0.105089274180470,-0.398954951371117,-0.328481371700417,0.099989126036943,0.009802642559475,-0.004007026966497,0.005100148143527,-0.019947728544901,-0.016424052921808,0.004999451533994,0.004138897990767
1403715975.934057950973511,-0.978045348819859,-1.405042052466827,0.976699656292566,0.389849759658960,0.610822350077230,-0.549689665670153,0.415637453792865,-0.362150173625283,-0.337609227872225,0.099032470998371,-0.369522196896921,-0.340829738611976,0.113523651541052,0.007372023271638,0.003220510739752,-0.014491180542681,-0.018476092224655,-0.017041470678570,0.005676177163823,0.002853801867436
1403715975.984057903289795,-0.995582388005096,-1.421840792716935,0.981978305816716,0.389129276416860,0.611319172793639,-0.550396847171706,0.414645132412811,-0.341864852207188,-0.348557739933081,0.103619891783042,-0.350741118197542,-0.335975125413021,0.105573091165337,0.008876265990354,-0.012582614520060,-0.001953199382295,-0.017537039185237,-0.016798740250109,0.005278649524150,0.003000491115157
1403715976.034058094024658,-1.011044977318294,-1.438942064867354,0.986655835137301,0.389035381541737,0.612311823390432,-0.550989276011729,0.412476084840116,-0.322490469988281,-0.342992992830902,0.094941773834279,-0.309250606566519,-0.342024138289824,0.093550229545905,-0.013239863421762,-0.000968854541078,0.001391544288373,-0.015462589313198,-0.017101272150418,0.004677529320586,0.004919314508271
1403715976.084058046340942,-1.026558054554007,-1.455414133817649,0.991468234330966,0.388652368436261,0.612221289209129,-0.551678642177337,0.412049882069351,-0.294077525984894,-0.343320992540758,0.097923080976938,-0.310261840603001,-0.329441693185983,0.096248075662617,0.016184314618107,-0.013879299354775,0.001675005314321,-0.015513077235713,-0.016472068950295,0.004812399193665,0.001801965642204
1403715976.134057998657227,-1.040748891063828,-1.472599700356994,0.996971711593232,0.389468416178681,0.611532054129730,-0.552012173960258,0.411856114888214,-0.272339441737602,-0.349397291458603,0.102597831693727,-0.283817000865402,-0.343711658575881,0.110069650215909,0.011477559127800,-0.005685632882722,-0.007471818522182,-0.014190836509821,-0.017185566539345,0.005503477262266,0.002271359259674
1403715976.184057950973511,-1.053781412475011,-1.490141868751247,1.002700109606240,0.391600348707042,0.610758129785599,-0.551619048252152,0.411509537433471,-0.250555224407640,-0.351227938689099,0.108039239145694,-0.260650676799521,-0.350843702475696,0.114568069520800,0.010095452391881,-0.000384236213403,-0.006528830375106,-0.013032521411183,-0.017542168394253,0.005728398013009,0.004655646634747
1403715976.234057903289795,-1.065737152812999,-1.507848483353157,1.008616568210858,0.393925794436977,0.609962194834023,-0.551006708409638,0.411290890536168,-0.228977992784923,-0.353616763371217,0.105437050380318,-0.239115034797627,-0.354132629765390,0.118329284939948,0.010137042012704,0.000515866394173,-0.012892234559631,-0.011955740337988,-0.017706614601910,0.005916458604617,0.005084871805633
1403715976.284058094024658,-1.076416702983725,-1.526065314330496,1.014265910928577,0.394985461460168,0.608871420063794,-0.551411024347132,0.411348953193081,-0.206545707035466,-0.363767484584131,0.104610493295071,-0.213590188632620,-0.364335229718174,0.112986423345373,0.007044481597153,0.000567745134044,-0.008375930050302,-0.010679550170726,-0.018216830977339,0.005649342717719,0.003149302755179
1403715976.334058046340942,-1.085956842943713,-1.544936550753745,1.020725046044534,0.397800936976116,0.608852596565174,-0.550528178221649,0.409843452040803,-0.185427481811392,-0.368413492943871,0.103256552543520,-0.190802981163661,-0.377425088405594,0.129182825517493,0.005375499352269,0.009011595461723,-0.025926272973973,-0.009540139959988,-0.018871236423249,0.006459135115958,0.006625169504213
1403715976.384057998657227,-1.093933425290679,-1.563692810497512,1.026357158440750,0.401023216131634,0.608711463923417,-0.548950770803161,0.409027853631346,-0.146166786971195,-0.372689067540707,0.095835661946036,-0.159531799080690,-0.375125552622953,0.112642355348432,0.013365012109494,0.002436485082246,-0.016806693402396,-0.007976582346966,-0.018756259743767,0.005632112396216,0.007363811953788
1403715976.434057950973511,-1.099916939565496,-1.582611021802018,1.031265175773022,0.402876982528736,0.610582646916427,-0.546724508349477,0.407395729240125,-0.107726864899126,-0.376683856798237,0.080426789586204,-0.119670399622932,-0.378364586926702,0.098160440258539,0.011943534723806,0.001680730128465,-0.017733650672336,-0.005983514274817,-0.018918211304506,0.004908017332272,0.007630954815940
1403715976.484057903289795,-1.103919437760870,-1.601538774219264,1.035686527707434,0.403820563069530,0.613526057356673,-0.543378345573649,0.406515317482907,-0.063569960211860,-0.379726915649782,0.063394806241262,-0.080050040249150,-0.378555409363486,0.088427123018909,0.016480080037290,-0.001171506286295,-0.025032316777647,-0.004002498195374,-0.018927752417246,0.004421351934412,0.009279219375548
1403715976.534058094024658,-1.105378543808759,-1.620607096098927,1.040131929987266,0.403935512390293,0.616418428760204,-0.539740080136230,0.406872299879617,-0.021069074844167,-0.380542813344929,0.058736934879748,-0.029182009637248,-0.381364982801299,0.088907706440654,0.008112934793081,0.000822169456370,-0.030170771560906,-0.001459106047889,-0.019068321879663,0.004445402279832,0.009325980249801
1403715976.584058046340942,-1.104721174552302,-1.639355337034634,1.043663677764077,0.403321890972702,0.620576042987132,-0.534615814246707,0.407924941980712,0.034661189053282,-0.377128898096290,0.047314278927798,0.013147397667486,-0.374965176308810,0.070635022899033,0.021513791385796,-0.002163721787480,-0.023320743971235,0.000657369256458,-0.018748240935708,0.003531747776811,0.013420672496970
1403715976.634057998657227,-1.100478705697360,-1.657734049489556,1.045948504955203,0.399801260901233,0.624752072422417,-0.530511646023718,0.410367144419341,0.073994048593131,-0.370770541406693,0.039196785416217,0.084849458017586,-0.367574599644903,0.045696587402182,-0.010855409424455,-0.003195941761790,-0.006499801985964,0.004242468854942,-0.018378712454922,0.002284827191126,0.014511076932729
1403715976.684057950973511,-1.095299867614215,-1.676045508448081,1.047909775156870,0.394923912771961,0.627907673140906,-0.526455268577738,0.415465891883318,0.117162254533975,-0.367710362755069,0.022716850869638,0.103576860441492,-0.366229528434180,0.039225441441639,0.013585394092483,-0.001480834320889,-0.016508590572001,0.005178838083145,-0.018311458958524,0.001961270201667,0.017458321591830
1403715976.734057903289795,-1.087862434055591,-1.692977792705779,1.047914940309893,0.388904299135819,0.631205995957089,-0.523712011632045,0.419592857009999,0.152566798717691,-0.363083931203982,0.019027211276480,0.148748813030390,-0.338646008111956,0.000103303158974,0.003817985687301,-0.024437923092026,0.018923908117505,0.007437433558623,-0.016932284257698,0.000005165153023,0.016931911839108
1403715976.784058094024658,-1.079662342770261,-1.711004414066237,1.049135855060067,0.384270107250628,0.633793581738525,-0.520720631031083,0.423665203715426,0.176297676982488,-0.364930649806940,0.015943274634258,0.164001200091687,-0.360531051892353,0.024418201855433,0.012296476890800,-0.004399597914587,-0.008474927221175,0.008200091285331,-0.018026621360459,0.001220914750174,0.014656594493444
1403715976.834058046340942,-1.070220496470827,-1.729081485149634,1.049990842749505,0.380458284129843,0.636617497004450,-0.517677591452616,0.426590632635767,0.203862796718980,-0.364268977304637,0.016371257534481,0.188837106077776,-0.361541766461029,0.017099770096370,0.015025690641204,-0.002727210843607,-0.000728512561889,0.009441846299434,-0.018077071083397,0.000854987689438,0.012700055538652
1403715976.884057998657227,-1.059622646973918,-1.746870117683633,1.050724015297046,0.377721688129727,0.638606966296348,-0.514717980079673,0.429619447763840,0.224156734079074,-0.359152659879454,0.013747954399132,0.211957192076297,-0.355772989971540,0.014663464934999,0.012199542002777,-0.003379669907914,-0.000915510535867,0.010597849496908,-0.017788632533999,0.000733172547541,0.010840671237925
1403715976.934057950973511,-1.048239080574595,-1.764236055838907,1.050643506299017,0.375163329880524,0.641008969661043,-0.512291181119164,0.431181774283859,0.251127224735558,-0.353823161078282,0.006187658965181,0.227671545110968,-0.347319094334793,-0.001610181496176,0.023455679624590,-0.006504066743490,0.007797840461357,0.011383566399323,-0.017365938155275,-0.000080508998029,0.009087369248208
1403715976.984057903289795,-1.035116432547221,-1.781875977254304,1.051042710988267,0.372510671138579,0.643254866954099,-0.509335532519958,0.433631515621686,0.279322699926697,-0.352809208260712,0.018351409990792,0.262453210842368,-0.352798764763049,0.007984101399238,0.016869489084330,-0.000010443497663,0.010367308591554,0.013122648027374,-0.017639921415396,0.000399204689250,0.010357181904158
1403715977.034058094024658,-1.020657024265709,-1.799358983919682,1.051144502300035,0.370285950697127,0.646341751815232,-0.505263469218847,0.435705727813713,0.302702978900611,-0.351352207443635,0.006036335383069,0.289187062469147,-0.349658799465093,0.002035818469316,0.013515916431464,-0.001693407978542,0.004000516913753,0.014459408281512,-0.017483006665378,0.000101791311767,0.011893258450435
1403715977.084058046340942,-1.004761262089999,-1.816488019333571,1.050781435924070,0.367153327070354,0.649578885639689,-0.500942934745823,0.438522384697190,0.333242870506470,-0.342661276161041,-0.001138238453427,0.317915546702094,-0.342581034988530,-0.007261334444245,0.015327323804376,-0.000080241172511,0.006123095990818,0.015895762175710,-0.017129035413890,-0.000363066375965,0.013695710797607
1403715977.134057998657227,-0.987548249848984,-1.833354850145877,1.050012800210728,0.363546568058516,0.654036999817687,-0.495481012048602,0.441098699183807,0.363258741270460,-0.337081852752657,-0.000025183059612,0.344260573132754,-0.337336937955696,-0.015372728927409,0.018998168137706,0.000255085203039,0.015347545867797,0.017213012241014,-0.016866830812306,-0.000768635713342,0.016655796505353
1403715977.184057950973511,-0.968851413433888,-1.849831477082300,1.049074451072433,0.359848826969340,0.659150639466810,-0.488402159467012,0.444401380339041,0.394271703092488,-0.331887407727311,0.002042381035836,0.373937084916127,-0.329532852995473,-0.018767000663503,0.020334618176361,-0.002354554731839,0.020809381699339,0.018696836415097,-0.016476626936423,-0.000938349138295,0.020083954164430
1403715977.234057903289795,-0.948087702097558,-1.864959741378675,1.046045461384355,0.354533481212574,0.664648775572771,-0.480995235731714,0.448543865226470,0.427289243753283,-0.319083717096989,-0.027014251292511,0.415274622763347,-0.302565574476518,-0.060579851535012,0.012014620989936,-0.016518142620471,0.033565600242501,0.020763711336330,-0.015128264296375,-0.003028989688078,0.022847890120518
1403715977.284058094024658,-0.926351601026291,-1.880833568910128,1.044321482261733,0.348543640296707,0.671423831551305,-0.472251816601772,0.452421916964696,0.455220743454106,-0.307851891780285,-0.028098077987010,0.434720363098760,-0.317475339556754,-0.034479450923777,0.020500380355347,0.009623447776469,0.006381372936768,0.021736101071267,-0.015873827531453,-0.001723979122622,0.026326317091419
1403715977.334058046340942,-0.902748737728415,-1.895941112076502,1.041362907246442,0.342862003996397,0.678474987531718,-0.461421951527869,0.457391648543809,0.485720334206668,-0.300479091964035,-0.021527753853865,0.472057716146822,-0.302151151481274,-0.059171556736204,0.013662618059846,0.001672059517239,0.037643802882339,0.023602863297875,-0.015107543166374,-0.002958575015291,0.029932469464267
1403715977.384057998657227,-0.877848285017942,-1.910834246827109,1.040061611902792,0.335564526417884,0.685879033481250,-0.450194821930810,0.462915783212729,0.511706852610897,-0.283681073316076,-0.021193182883212,0.498009529148373,-0.297862979076407,-0.026025931693271,0.013697323462523,0.014181905760331,0.004832748810059,0.024900452710474,-0.014893134750607,-0.001301295343650,0.032535728948597
1403715977.434057950973511,-0.851359908568643,-1.924560637634316,1.036749021186022,0.326484152058468,0.693191174285580,-0.439142421438193,0.469092771251745,0.533213991393308,-0.272085332627500,-0.048194739022693,0.529768034212148,-0.274528077954512,-0.066251877518121,0.003445957181160,0.002442745327011,0.018057138495429,0.026488376449299,-0.013726390807207,-0.003312590716770,0.034423169672320
1403715977.484057903289795,-0.823628095772485,-1.938260260745261,1.034542691942989,0.319007166221957,0.701460117241072,-0.425590581755118,0.474405721445808,0.564863460986528,-0.259162451673985,-0.043096160346554,0.554636784866017,-0.273992723518732,-0.044126626943073,0.010226676120511,0.014830271844747,0.001030466596518,0.027731812796158,-0.013699623110945,-0.002206329243032,0.036669875962421
1403715977.534058094024658,-0.794522832284210,-1.952069819276377,1.032421678206232,0.309230236934583,0.709848274241035,-0.412581203467285,0.479863354162300,0.585913414382939,-0.252225641785446,-0.032734207539498,0.582103049218586,-0.276190117040627,-0.042420112915258,0.003810365164353,0.023964475255181,0.009685905375760,0.029105263488275,-0.013809558531116,-0.002121013736757,0.038209438823855
1403715977.584058046340942,-0.763720924297685,-1.964655579486759,1.030312986412244,0.299980173583014,0.717521754393435,-0.398161405514137,0.486458551768061,0.616077229461766,-0.242398795235620,-0.042237077572278,0.616038747230821,-0.251715444262204,-0.042173876099895,0.000038482230945,0.009316649026584,-0.000063201472383,0.030801907986524,-0.012585760210382,-0.002108691793988,0.039793780139426
1403715977.634057998657227,-0.731856441382945,-1.976205682734758,1.027942325566963,0.289440555433047,0.724974280606896,-0.383552780032458,0.493481227868393,0.641593043207319,-0.230541352351958,-0.040985031837991,0.637290266062174,-0.231002285260926,-0.047413262122447,0.004302777145145,0.000460932908968,0.006428230284456,0.031864482914741,-0.011550103247999,-0.002370660845282,0.041442440985385
1403715977.684057950973511,-0.698609092029183,-1.987362686905563,1.024925230440545,0.278394839892914,0.732495030104763,-0.368885632913670,0.499870717108637,0.650862173427992,-0.203967407389242,-0.053229692364026,0.664947621218709,-0.223140296219258,-0.060341960074936,-0.014085447790717,0.019172888830017,0.007112267710909,0.033247349353762,-0.011157004170804,-0.003017095126418,0.041691055014683
1403715977.734057903289795,-0.665347692402861,-1.997150682680540,1.021690227134554,0.266247600719570,0.740356304990228,-0.354031463971602,0.505614951608844,0.663517323627956,-0.183635655878892,-0.059540104063114,0.665228626937885,-0.195760102190933,-0.064700127822673,-0.001711303309930,0.012124446312041,0.005160023759559,0.033261399626321,-0.009787995774978,-0.003235003305991,0.043035589565612
1403715977.784058094024658,-0.631327335114227,-2.005855004894128,1.018802949452253,0.255679325354229,0.747764672528285,-0.337591112545836,0.511378839839056,0.680109144175039,-0.178588592381314,-0.050864553414724,0.680404550235295,-0.174085780187199,-0.057745333365051,-0.000295406060256,-0.004502812194116,0.006880779950327,0.034020357288634,-0.008704322213587,-0.002887277682301,0.043363502259758
1403715977.834058046340942,-0.596233525145043,-2.013631534859795,1.016001381965090,0.244965596396085,0.754548974566189,-0.320705896953139,0.517489545037294,0.694024137087908,-0.156319006178006,-0.057663345734292,0.701876868745634,-0.155530747639022,-0.056031403178972,-0.007852731657725,-0.000788258538984,-0.001631942555320,0.035093809969185,-0.007776529965667,-0.002801567487163,0.043967325552492
1403715977.884057998657227,-0.561189326257866,-2.020500729768447,1.013665930681116,0.236363328948917,0.761038401554423,-0.301685817113736,0.523391436536835,0.704337009614138,-0.141118780032550,-0.038839335699457,0.700884646159220,-0.137384029192667,-0.046709070224719,0.003452363454918,-0.003734750839883,0.007869734525263,0.035044198887177,-0.006869194908652,-0.002335451283974,0.045287054904344
1403715977.934057950973511,-0.525598882218005,-2.025347896321118,1.011791962880030,0.228480285629003,0.766962757277603,-0.281784866199383,0.529303483087937,0.720583172081972,-0.100884146989921,-0.027098756707497,0.711809559631713,-0.096943423505865,-0.037479391764852,0.008773612450259,-0.003940723484056,0.010380635057356,0.035590444039861,-0.004847166552671,-0.001873967801086,0.045967978386864
1403715977.984057903289795,-0.488902671890238,-2.028686449798860,1.009885849551077,0.221718743605511,0.772842519768798,-0.260004578352548,0.534745600830079,0.735179452861401,-0.061752051082257,-0.035462257703553,0.733924906480675,-0.066771133232767,-0.038122302935314,0.001254546380725,0.005019082150510,0.002660045231760,0.036696210327767,-0.003338553477743,-0.001906113328953,0.048345262156803
1403715978.034058094024658,-0.451162168503318,-2.029800820719227,1.007693688375862,0.213752936738289,0.778427219413672,-0.238437892863951,0.539914916776945,0.745985748441093,-0.023210761059800,-0.035315211918183,0.754807188377481,-0.022287333387895,-0.043843056256321,-0.008821439936387,-0.000923427671904,0.008527844338137,0.037740503386920,-0.001114370920366,-0.002192161175215,0.048436158626408
1403715978.084058046340942,-0.413303345162149,-2.029095099891510,1.005486430074715,0.206045802290081,0.782860330582747,-0.215255024158093,0.546205185560525,0.753840700049848,0.037035852510194,-0.043142704244313,0.757177188923834,0.014114430014901,-0.044145208123086,-0.003336488873986,0.022921422495293,0.001002503878774,0.037858823341170,0.000705720827717,-0.002207258301147,0.051228943008863
1403715978.134057998657227,-0.375447805529698,-2.025920456858795,1.003745711446062,0.198642588450538,0.787682717285089,-0.191713205971749,0.550765926324497,0.767154406027018,0.076014979290380,-0.044616522519280,0.757111514686826,0.063492921205879,-0.034814405774658,0.010042891340193,0.012522058084501,-0.009802116744622,0.037855539632451,0.003174643032716,-0.001740718628653,0.051112272281369
1403715978.184057950973511,-0.336778194633184,-2.020067433028110,1.001082369695020,0.191682214898330,0.791926540834244,-0.168571842454233,0.554701556105230,0.775889285597259,0.132776697748532,-0.063768246346633,0.773392955495273,0.117060588251360,-0.053266885820110,0.002496330101986,0.015716109497172,-0.010501360526523,0.038669610896514,0.005853023830684,-0.002663341751042,0.049699114697999
1403715978.234057903289795,-0.297966343310947,-2.011103746488982,0.998440731718812,0.183707549400055,0.796101140509792,-0.146530023924445,0.557676844114167,0.797625844048741,0.198950711768088,-0.059382653512947,0.776237766722758,0.179273901751490,-0.052832809909456,0.021388077325984,0.019676810016598,-0.006549843603491,0.038811851322237,0.008963686539129,-0.002641637976208,0.047989344568304
1403715978.284058094024658,-0.258868923437140,-1.999200092972867,0.996203200756575,0.175053470893183,0.798770048125078,-0.125227239317083,0.561819215655297,0.791339866733377,0.271297845642634,-0.047581832349956,0.781945414591113,0.238072162149070,-0.044750448535326,0.009394452142264,0.033225683493564,-0.002831383814630,0.039097419873807,0.011903653516115,-0.002237530962237,0.047032308094045
1403715978.334058046340942,-0.220497211226959,-1.982972033875446,0.994869051505894,0.162482738472810,0.800850060724296,-0.107364230825456,0.566313925200084,0.793642392150857,0.352428690269899,-0.040584862573895,0.767434976086635,0.324561491474385,-0.026683010460521,0.026207416064222,0.027867198795515,-0.013901852113374,0.038371712210180,0.016228059097421,-0.001334149250681,0.044795545485028
1403715978.384057998657227,-0.181971258148304,-1.962723316411518,0.993840099441494,0.148022925642699,0.801517497551669,-0.091320499190662,0.572118415216863,0.792998340461321,0.425429419741108,-0.056554110488793,0.770519796398038,0.404974735492557,-0.020579060913720,0.022478544063283,0.020454684248551,-0.035975049575073,0.038525953078655,0.020248717463928,-0.001028952064400,0.044750239104384
1403715978.434057950973511,-0.142682883308708,-1.939209996722902,0.991461776041053,0.131627008694057,0.803297493630457,-0.077301959502465,0.575683831948023,0.804082478163349,0.485887779070845,-0.067150191414404,0.785768246158919,0.470266842253737,-0.047566513371773,0.018314232004430,0.015620936817108,-0.019583678042631,0.039288374839596,0.023513319688616,-0.002378323400441,0.043874613595441
1403715978.484057903289795,-0.102891110247471,-1.912912599320593,0.987351393428528,0.112619409149104,0.804780481117942,-0.065379008402924,0.579112105860973,0.793569420239192,0.549058463936199,-0.085670152501045,0.795836220193312,0.525948449629692,-0.082207730649902,-0.002266799954120,0.023110014306507,-0.003462421851143,0.039791773061237,0.026297397402308,-0.004110382612525,0.045493745821432
1403715978.584058046340942,-0.025563879108476,-1.851867280691696,0.979333332313528,0.070410880975220,0.804951752430658,-0.041925469365053,0.587654013104332,0.770851407326897,0.651152951888121,-0.087051404157010,0.773271205216619,0.610452313029930,-0.080180496450881,-0.002419797889722,0.040700638858191,-0.006870907706129,0.077327231138995,0.061045318628897,-0.008018061115000,0.098083716534304
1403715978.634057998657227,0.011924594040087,-1.817921740142409,0.974336515788388,0.051015275808252,0.804310454949747,-0.028113185869062,0.591347429581824,0.736154286868358,0.689327078556231,-0.113371608105633,0.749770178007813,0.678911458446166,-0.099936425809602,-0.013615891139455,0.010415620110066,-0.013435182296032,0.037488473148563,0.033945540549287,-0.004996816525140,0.048209932471370
1403715978.684057950973511,0.047535003698435,-1.782499668787461,0.969675911607598,0.032221075170839,0.804702248686138,-0.013759429121660,0.592643882432405,0.708039275979798,0.711266098164779,-0.107949795407015,0.712208872382278,0.708442102721998,-0.093212172509852,-0.004169596402481,0.002823995442781,-0.014737622897163,0.035610409658348,0.035422071354948,-0.004660604180790,0.047375640977161
1403715978.734057903289795,0.080493895719956,-1.746158161368888,0.965047886612204,0.016211726442490,0.805018143184658,0.002870599404842,0.593021693303320,0.667466352347576,0.730734703914472,-0.105190499964031,0.659178469071989,0.726830841531368,-0.092560588180554,0.008287883275587,0.003903862383104,-0.012629911783477,0.032958892021521,0.036341507418573,-0.004628024995395,0.046178926384407
1403715978.784058094024658,0.111907310970836,-1.708896901125384,0.960208315377925,0.002704606653517,0.805315424660980,0.021053805395363,0.592466445618930,0.622894401806882,0.744214518935198,-0.104510585106077,0.628265908373354,0.745222362072383,-0.096791055456990,-0.005371506566472,-0.001007843137185,-0.007719529649086,0.031413415250880,0.037261260243505,-0.004839571234278,0.045320631665308
1403715978.834058046340942,0.142045256795710,-1.671609917412116,0.950027141617791,0.010422265596441,-0.806547276318844,-0.039801118380267,-0.589736160005618,0.594294811495240,0.758226741060567,-0.108272721768969,0.602759491333736,0.745740385458801,-0.203623669393345,-0.008464679838496,0.012486355601766,0.095350947624376,0.030137945824875,0.037286983713267,-0.010181173760134,0.046163712618425
1403715978.884057998657227,0.171276854750476,-1.633330811268407,0.944821904071389,0.022228585331729,-0.807469340932248,-0.059985641657621,-0.586430623555348,0.572459516210340,0.775259683266619,-0.090620403121920,0.584632516644324,0.765582852990886,-0.104104850210175,-0.012173000433984,0.009676830275733,0.013484447088255,0.029231597954765,0.038279106143709,-0.005205237546403,0.047269734206710
1403715978.934057950973511,0.199818020733125,-1.595776907580429,0.939471799602909,0.034798271128056,-0.807806916946135,-0.080208575367940,-0.582926796174205,0.554151218828680,0.782443750092848,-0.078612123500329,0.570823864033043,0.751078790044115,-0.107002191414823,-0.016672645204363,0.031364960048732,0.028390067914494,0.028541165982649,0.037553903687978,-0.005350104468479,0.048140743073316
1403715978.984057903289795,0.226432793548919,-1.556179914144038,0.936299283607148,0.046380783629875,-0.807511843371217,-0.101622784919640,-0.579177222713631,0.524332445224037,0.800310640807777,-0.058582678816753,0.532295963952864,0.791940623981260,-0.063450380426228,-0.007963518728828,0.008370016826517,0.004867701609476,0.026614772815794,0.039596993436391,-0.003172515995762,0.049270682133657
1403715979.034058094024658,0.251108584225070,-1.514307573980138,0.934499050657310,0.058616102845783,-0.805130314977475,-0.123049738385402,-0.577224471306206,0.504913314400442,0.823507727935144,-0.045080856107588,0.493513930916782,0.837443608684148,-0.036004521650410,0.011399383483660,-0.013935880749004,-0.009076334457178,0.024675790676151,0.041872340163900,-0.001800232949838,0.049732651144201
1403715979.084058046340942,0.272079958282471,-1.469936596668669,0.935812401895501,0.073060344274649,-0.800531478331593,-0.143490120363434,-0.577253950746802,0.475451657455967,0.856201152310373,-0.013765335957422,0.419427881145614,0.887420392539423,0.026267049814037,0.056023776310353,-0.031219240229050,-0.040032385771459,0.020971374057401,0.044370977311469,0.001313351238191,0.050897168673351
1403715979.134057998657227,0.293333387026066,-1.425617017596384,0.937322792554677,0.090469226384145,-0.794825738874273,-0.162011513745111,-0.577771263835818,0.429803886374405,0.870769892603416,0.021157684238516,0.425068980249277,0.886392426775379,0.030207841991952,0.004734906125128,-0.015622534171962,-0.009050157753437,0.021253428743595,0.044319579072284,0.001510390659175,0.052114208458359
1403715979.184057950973511,0.312880907172097,-1.381992266457957,0.941591879526709,0.107494368250953,-0.786561966453695,-0.181193292313026,-0.580460355703636,0.399968906524593,0.883935329927636,0.071695508112797,0.390950775760335,0.872495854845430,0.085381820867101,0.009018130764258,0.011439475082206,-0.013686312754303,0.019547520146031,0.043624751138427,0.004269086972033,0.054161316510415
1403715979.234057903289795,0.330988210370282,-1.334562528005457,0.947256979422986,0.126816020699428,-0.775649485482617,-0.199233337186037,-0.585313292107934,0.352132683701966,0.884031658880877,0.109303029864415,0.362146409333421,0.948595673701335,0.113302105978841,-0.010013725631455,-0.064564014820457,-0.003999076114425,0.018107303198185,0.047429738452500,0.005665099896277,0.058015918788210
1403715979.284058094024658,0.346855816705062,-1.288549396018406,0.953699452262451,0.144796226771277,-0.763352038496900,-0.218072197689315,-0.590569415590057,0.308789383837793,0.888608920188848,0.132242621032845,0.317350916097937,0.920259129231035,0.128848965269506,-0.008561532260144,-0.031650209042186,0.003393655763339,0.015867606334780,0.046013131987051,0.006442472839465,0.058552736206272
1403715979.334058046340942,0.359485165637711,-1.242233684283901,0.961520378854017,0.157125432267090,-0.751588374245290,-0.240400346216652,-0.593830100090181,0.245930310670485,0.882409789739597,0.110742768839484,0.252587219538924,0.926315118093028,0.156418681003800,-0.006656908868439,-0.043905328353431,-0.045675912164316,0.012629348932649,0.046315711734505,0.007820926591566,0.056555270903116
1403715979.384057998657227,0.367707964199554,-1.197343968328305,0.969742542202184,0.168234277497346,-0.741026464478467,-0.262810828729911,-0.594564946090658,0.180508630570644,0.872440372155497,0.119596151413116,0.164456128074431,0.897795175316135,0.164443423788800,0.016052502496213,-0.025354803160639,-0.044847272375684,0.008222798561842,0.044889715955597,0.008222163348167,0.054324044903326
1403715979.434057950973511,0.373315572539427,-1.154437113977995,0.976408450510601,0.176093487947444,-0.732832976902278,-0.285723965374319,-0.591868842800348,0.106371995302684,0.856729664005873,0.102825958767734,0.112152273754211,0.858137905390284,0.133318293310580,-0.005780278451526,-0.001408241384411,-0.030492334542846,0.005607608339873,0.042906854350310,0.006665908308417,0.051428306005960
1403715979.484057903289795,0.374503177033294,-1.111457524485972,0.983817912900895,0.184757324413052,-0.725140676675100,-0.306633577230098,-0.588227489515733,0.031179785160592,0.853871771123795,0.117510094597376,0.023752112529112,0.859592609611838,0.148189389130295,0.007427672631480,-0.005720838488043,-0.030679294532920,0.001187604493867,0.042979589492022,0.007409462390294,0.048362520984467
1403715979.534058094024658,0.371338555463021,-1.069957888553134,0.991840079430274,0.193869056073607,-0.717789830739629,-0.325994812227925,-0.583883490419435,-0.049141422869717,0.851006565578120,0.117855008028455,-0.063292189964915,0.829989552497882,0.160442718547174,0.014150767095198,0.021017013080238,-0.042587710518720,-0.003164621570273,0.041499635932838,0.008022166529379,0.046078620557331
1403715979.584058046340942,0.364888358769709,-1.026995116023010,0.999312351583616,0.204495308850024,-0.711556130145547,-0.343568079603187,-0.577780682429245,-0.128256792085108,0.844974363851717,0.121780053316620,-0.129004056894082,0.859256270053130,0.149445585589261,0.000747264808974,-0.014281906201414,-0.027665532272641,-0.006450196693311,0.042962772530125,0.007472272153342,0.044625594355134
1403715979.634057998657227,0.356296554188741,-0.984528780925219,1.005696080964688,0.214856544393668,-0.705069986129899,-0.360650097846246,-0.571528203077931,-0.204296344526233,0.853272848233241,0.130289057834373,-0.171836255495194,0.849327511937643,0.127674709381523,-0.032460089031039,0.003945336295599,0.002614348452851,-0.008591804580969,0.042466335097790,0.006383729381072,0.043833016681299
1403715979.684057950973511,0.343995428136408,-0.941678333261959,1.012000672165494,0.226785364866793,-0.698208209170959,-0.377178140932056,-0.564632929372309,-0.280973187664946,0.847486168339812,0.140749092613135,-0.246022755672237,0.857009770573409,0.126091944266772,-0.034950431992709,-0.009523602233597,0.014657148346363,-0.012301126052333,0.042850447663260,0.006304591200806,0.045171824570659
1403715979.734057903289795,0.330650991986722,-0.900354693472266,1.017143471128570,0.238613752565941,-0.689276672331726,-0.393699802676787,-0.559429719837944,-0.351793927533566,0.848689536766359,0.143299431225913,-0.266888977518890,0.826473583980488,0.102856077352731,-0.084904950014676,0.022215952785871,0.040443353873183,-0.013344436149686,0.041323639789693,0.005142798963077,0.045595803005389
1403715979.784058094024658,0.310779320157557,-0.858732732472321,1.024666589588459,0.252172377013831,-0.679297710013775,-0.409408480221010,-0.554390124158394,-0.425770875681548,0.833790297815510,0.149520651209017,-0.397431920500829,0.832436044507410,0.150461795231567,-0.028338955180718,0.001354253308100,-0.000941144022550,-0.019871671829164,0.041621960999946,0.007523118459888,0.047142413371923
1403715979.834058046340942,0.287533416610710,-0.816831286641223,1.031802349102570,0.265998194249417,-0.668504748658276,-0.424510525515345,-0.549670060494539,-0.504388767248193,0.821544148881555,0.143843754052455,-0.464918514317785,0.838029715829363,0.142715326386176,-0.039470252930408,-0.016485566947808,0.001128427666280,-0.023245903546847,0.041901445831097,0.007135759514112,0.047244807473552
1403715979.884057998657227,0.260185500794405,-0.777446628572018,1.039519791769678,0.281407853228164,-0.656936218581859,-0.438793968158083,-0.544705680496328,-0.576897041755347,0.803707822085687,0.160346038522502,-0.546958837946697,0.787693912587571,0.154349000540839,-0.029938203808650,0.016013909498116,0.005997037981663,-0.027347915816305,0.039384658069206,0.007717442667108,0.048988989697396
1403715979.934057950973511,0.228593719053100,-0.740516352990725,1.047205796824063,0.295891006321130,-0.644563459555144,-0.453200822228357,-0.539995808980138,-0.645465770388452,0.770184768398914,0.151782088790214,-0.631836237392102,0.738606216015628,0.153720247686743,-0.013629532996350,0.031578552383286,-0.001938158896529,-0.031591781741306,0.036930275581292,0.007686005054385,0.048687431189666
1403715979.984057903289795,0.193543574819747,-0.703505212682804,1.055768034441107,0.311225925015179,-0.631084021847011,-0.467304451769614,-0.535255014291457,-0.723749908599707,0.737978997632324,0.156232348785481,-0.701003553196140,0.740223512090569,0.171244915652767,-0.022746355403568,-0.002244514458245,-0.015012566867286,-0.035050144233353,0.037011140307921,0.008562237617044,0.050528266220325
1403715980.034058094024658,0.156588264389030,-0.668684752237607,1.062943631460877,0.326751690959507,-0.617340568292212,-0.480870071136363,-0.529988612973016,-0.788123719601858,0.695595242959258,0.160898425671401,-0.739103389158661,0.696406552323777,0.143511392942882,-0.049020330443197,-0.000811309364519,0.017387032728519,-0.036955310430717,0.034820460445197,0.007175597019770,0.050664672208927
1403715980.084058046340942,0.113711433470564,-0.637950850315673,1.071402916994252,0.340658047872714,-0.603729151009136,-0.494906986109113,-0.523956373891695,-0.865215896305552,0.645778621848380,0.154320827497225,-0.857537436180747,0.614678624641885,0.169185872015724,-0.007678460124805,0.031099997206495,-0.014865044518499,-0.042876830918466,0.030733901921933,0.008459285533375,0.049481776689231
1403715980.134057998657227,0.068219112882581,-0.607050468101537,1.078586353998911,0.353824743764981,-0.590318673998073,-0.508993119472442,-0.516969939318057,-0.930950583075896,0.590875941535975,0.140425838325269,-0.909847279457654,0.618008233661316,0.143668877106486,-0.021103303618242,-0.027132292125341,-0.003243038781217,-0.045492320587984,0.030900382214137,0.007183437004658,0.049008662140693
1403715980.184057950973511,0.019628557579041,-0.579641034257513,1.085112056288565,0.367370525116806,-0.577612648071039,-0.522785347688486,-0.508033469671038,-0.992124075052443,0.541469770929854,0.112003781258613,-0.971812032862972,0.548189199674439,0.130514170261090,-0.020312042189470,-0.006719428744586,-0.018510389002477,-0.048590555303540,0.027409433844024,0.006525702289654,0.049600357229245
1403715980.234057903289795,-0.032274961464679,-0.553900529121467,1.091171586762312,0.381640517952157,-0.566156043030231,-0.535661879316738,-0.496874431868275,-1.052116497567090,0.480241299545922,0.103627707342016,-1.038071370856395,0.514810593682556,0.121190725051435,-0.014045126710695,-0.034569294136634,-0.017563017709419,-0.051903519043719,0.025740505136046,0.006059530473748,0.050009929546399
1403715980.284058094024658,-0.087097943763442,-0.532489538315749,1.096212710898815,0.394875301164967,-0.555876220128993,-0.548782371461052,-0.483645565676523,-1.110571267487640,0.412668403179922,0.084554086928113,-1.096455463329614,0.428218182591636,0.100822098124268,-0.014115804158027,-0.015549779411714,-0.016268011196155,-0.054822982298764,0.021410990805718,0.005041124136502,0.050120547756695
1403715980.334058046340942,-0.143825764210092,-0.513674931577281,1.099503724294693,0.407047526961863,-0.544691673363003,-0.562211041635074,-0.470682521904997,-1.160290090023863,0.354074023492275,0.075981350779387,-1.134557490931340,0.376292493629847,0.065820330688717,-0.025732599092523,-0.022218470137572,0.010161020090670,-0.056727820446650,0.018814606738468,0.003291013395878,0.049866183251074
1403715980.384057998657227,-0.203085252617802,-0.500553557041344,1.103610573081382,0.419922705158038,-0.532795198159143,-0.574870186126121,-0.457513352389452,-1.207314360164845,0.287266435650752,0.086079061601423,-1.185190898440318,0.262427740989325,0.082137054065785,-0.022123461724527,0.024838694661427,0.003942007535638,-0.059259488407710,0.013121374535936,0.004106848786689,0.050636411461252
1403715980.434057950973511,-0.264316607020729,-0.488220604512070,1.107854264812426,0.434171734481042,-0.519604093577615,-0.586371514098234,-0.444606498343483,-1.230312997816169,0.219506719434772,0.071892546092419,-1.224628255955049,0.246659285818115,0.084873915562953,-0.005684741861120,-0.027152566383343,-0.012981369470534,-0.061231354402927,0.012332952529274,0.004243691731044,0.051997906787058
1403715980.484057903289795,-0.328796874917861,-0.481643229210353,1.114516229273519,0.448755337511783,-0.505041029289788,-0.597218992277268,-0.432298139079874,-1.264710660100817,0.146228057285987,0.083942982810733,-1.289606587807324,0.131547631487923,0.133239416288865,0.024895927706506,0.014680425798065,-0.049296433478133,-0.064480267897132,0.006577375301716,0.006661964461093,0.052686542536513
1403715980.534058094024658,-0.391825925554342,-0.477381018225642,1.117357998634521,0.465265612021941,-0.491035129889641,-0.606543053157613,-0.417753439423726,-1.279028519625402,0.070965572838037,0.061849132780030,-1.260576204013013,0.085243894514586,0.056835170411082,-0.018452315612389,-0.014278321676549,0.005013962368948,-0.063029050636481,0.004262210984712,0.002841769361003,0.055399994284568
1403715980.584058046340942,-0.456915129442699,-0.477338193211672,1.121259161792618,0.479773403671947,-0.476862727885723,-0.616808634370545,-0.402450653432647,-1.288264543317815,-0.001542990537205,0.063356235035352,-1.301785319246376,0.000856501096216,0.078023337570784,0.013520775928561,-0.002399491633420,-0.014667102535432,-0.065089203888358,0.000042825013970,0.003901163158097,0.054806474249727
1403715980.634057998657227,-0.518776960518115,-0.471775760299292,1.119289664719185,0.492288309068217,-0.462211191906590,-0.627914891447698,-0.386957263698810,-1.283668627995690,-0.064174788210141,0.044551427477732,-1.237237801430227,0.111248764342691,-0.039389979033866,-0.046430826565464,-0.175423552552832,0.083941406511598,-0.061861831075416,0.005562432912380,-0.001969497073433,0.054211785428716
1403715980.684057950973511,-0.583579895332054,-0.479025342210197,1.122310117927690,0.503627697896888,-0.446814403696212,-0.639145486076113,-0.371764815695634,-1.275426206070784,-0.124160370999860,0.036951410419347,-1.296059932297849,-0.144991776493028,0.060409121780732,0.020633726227065,0.020831405493169,-0.023457711361385,-0.064802934813939,-0.007249581910905,0.003020453208505,0.053763298728180
1403715980.734057903289795,-0.646818988931971,-0.487002251549012,1.123674792660793,0.514236416783481,-0.431195707465214,-0.650199445973425,-0.356190749421025,-1.256523195646714,-0.202915951602102,0.012018066404361,-1.264783078189490,-0.159538338923928,0.027293520691174,0.008259882542776,-0.043377612678175,-0.015275454286813,-0.063239093599918,-0.007976909338816,0.001364674733102,0.053713071408064
1403715980.784058094024658,-0.709566073847953,-0.498340639524807,1.124365295207802,0.524084638806197,-0.416305787272771,-0.661384498748881,-0.338519316531964,-1.238707769172189,-0.258822713781418,0.004088339432419,-1.254936911115235,-0.226766894468852,0.013809998259226,0.016229141943046,-0.032055819312566,-0.009721658826806,-0.062747084915982,-0.011338387975795,0.000690502547009,0.054995628533266
1403715980.884057998657227,-0.829336390642552,-0.530869156773584,1.125342298634932,0.541299458662358,-0.384417645416284,-0.683374112242834,-0.303673826104188,-1.179069333676924,-0.375297483557686,0.002726206782149,-1.197704310165824,-0.325285482704173,0.009770043588743,0.018634976488900,-0.050012000853514,-0.007043836806594,-0.119770316794598,-0.032528517248776,0.000977003427130,0.109758110577949
1403715980.934057950973511,-0.879263946551138,-0.549097168106667,1.123668035304259,0.549623633050431,-0.366992026985132,-0.693590576553351,-0.286640587213637,-1.134883478905208,-0.423018107885208,0.008118415498404,-0.998552070465179,-0.364560574333720,-0.033485298547534,-0.136331408440030,-0.058457533551488,0.041603714045938,-0.049927555908586,-0.018228011333083,-0.001674263330673,0.055407599258305
1403715980.984057903289795,-0.932950800592888,-0.569546834254289,1.123028597887513,0.559075503075754,-0.348435827818727,-0.702472521415704,-0.269368543836753,-1.084141640053049,-0.470716071623554,0.014668028390209,-1.073738104831458,-0.408993712999246,-0.012788760531232,-0.010403535221591,-0.061722358624308,0.027456788921441,-0.053686854041750,-0.020449666147622,-0.000639437416746,0.056953932317193
1403715981.034058094024658,-0.984536707131025,-0.594749005581170,1.123311906991382,0.568878881038022,-0.329342287564535,-0.710185950238851,-0.252084097899941,-1.028864010214488,-0.513779195139052,0.018703131062147,-1.031714195085425,-0.504041503771866,0.005666160462688,0.002850184870937,-0.009737691367185,0.013036970599459,-0.051585906538137,-0.025202171326881,0.000283309103869,0.057235459155945
1403715981.084058046340942,-1.034011957068233,-0.620704021414012,1.123560841271242,0.578585877421720,-0.309232953906364,-0.717225076867279,-0.234950104871670,-0.981316845944203,-0.558639697104925,0.015664063836666,-0.989505942410565,-0.519100811709954,0.004978690345244,0.008189096466362,-0.039538885394972,0.010685373491422,-0.049475249937208,-0.025955015832842,0.000248934279860,0.058027343534039
1403715981.134057998657227,-1.080897663294214,-0.649760863752323,1.124111239661267,0.587107235463342,-0.288667425985051,-0.724418386870235,-0.217242288714889,-0.920954439596911,-0.590547750063669,0.007284394705382,-0.937715018794338,-0.581137400982044,0.011007978298531,0.016760579197427,-0.009410349081625,-0.003723583593149,-0.046885706225980,-0.029056842338312,0.000550398390025,0.058683105161777
1403715981.184057950973511,-1.125165914044850,-0.681356365697559,1.125536041731747,0.594347222499781,-0.266038875643489,-0.731463066356929,-0.202327650875661,-0.851200387856265,-0.631084263377578,0.011435250256133,-0.885365859363419,-0.631910641541660,0.028496068585562,0.034165471507154,0.000826378164082,-0.017060818329429,-0.044268250750637,-0.031595501945236,0.001424802070480,0.057848109986906
1403715981.234057903289795,-1.161436614235699,-0.712116909383048,1.124308869098780,0.601284886471166,-0.243953521567548,-0.738233673500139,-0.184266676115459,-0.786434600485843,-0.671922918346822,0.023389850148628,-0.725414695626337,-0.615211460421155,-0.024543476065821,-0.061019904859506,-0.056711457925667,0.047933326214449,-0.036270700190849,-0.030760543685489,-0.001227172632967,0.060266165634631
1403715981.284058094024658,-1.200099014610060,-0.745579277831042,1.125632933034126,0.607755207642156,-0.221507197768761,-0.744481838266588,-0.165272385508507,-0.711721161475107,-0.701798662088044,0.029925086665291,-0.773245057791403,-0.669244815993508,0.026481177689249,0.061523896316296,-0.032553846094535,0.003443908976043,-0.038662400374361,-0.033462368447994,0.001324063935346,0.061501208366121
1403715981.334058046340942,-1.234145810165209,-0.781258913075332,1.127596029686013,0.613694352791095,-0.198339279972104,-0.750039972573975,-0.146563334138171,-0.643642019356154,-0.716802843693240,0.042378339471385,-0.680936560494687,-0.713593385421481,0.039261970480875,0.037294541138532,-0.003209458271759,0.003116368990510,-0.034046795555149,-0.035679635244290,0.001963096651887,0.061742141382452
1403715981.384057998657227,-1.263843521857153,-0.817446244776426,1.129595152410270,0.619236379632162,-0.175383308332014,-0.754899328837766,-0.126150721832501,-0.569398466837406,-0.734962534081686,0.039810645021487,-0.593954800278325,-0.723747324241121,0.039982492615418,0.024556333440919,-0.011215209840565,-0.000171847593931,-0.029697711691944,-0.036187331701094,0.001999122724257,0.063184231822097
1403715981.434057950973511,-1.289226631361339,-0.854829400777691,1.131500184080009,0.624709021844109,-0.151720596035768,-0.758598469827988,-0.106055930243254,-0.484623867400405,-0.753320727347479,0.046913068163330,-0.507662674228571,-0.747663833053085,0.038100669730412,0.023038806828166,-0.005656894294394,0.008812398432918,-0.025383109504186,-0.037383156001265,0.001905031669739,0.063480473678881
1403715981.484057903289795,-1.314927214012615,-0.889721938551286,1.134279504945147,0.630669633228198,-0.128162057515493,-0.760717703950438,-0.084491867262949,-0.407437775740470,-0.768159265586220,0.076943409384415,-0.514012143225712,-0.697851420994875,0.055586470314151,0.106574367485241,-0.070307844591345,0.021356939070264,-0.025700582651277,-0.034892537773595,0.002779320865138,0.065119190513155
1403715981.534058094024658,-1.334331307920026,-0.928380808986821,1.138616072786741,0.637520157123858,-0.103609656248207,-0.760712676317160,-0.064415157247994,-0.314449233589637,-0.770548018338199,0.085436930147527,-0.388080397738973,-0.773174459284214,0.086731025979270,0.073631164149337,0.002626440946016,-0.001294095831743,-0.019404093907410,-0.038658870435536,0.004336567841594,0.064897358308002
1403715981.584058046340942,-1.353227537881783,-0.972532653886879,1.145918499525654,0.644048002275613,-0.078694204299980,-0.759581790205039,-0.045220536963799,-0.220589076619991,-0.784989134846016,0.089627252520931,-0.377924959652467,-0.883037740131577,0.146048674061125,0.157335883032476,0.098048605285561,-0.056421421540194,-0.018896229961757,-0.044151844900058,0.007302426738913,0.064286664674829
1403715981.634057998657227,-1.363191709759248,-1.012120752043790,1.150626175482405,0.648568284731942,-0.053030632465730,-0.758839306861899,-0.026642793049974,-0.114917253774388,-0.783031260140387,0.090369060859393,-0.199283627600991,-0.791762718221980,0.094153608926899,0.084366373826603,0.008731458081593,-0.003784548067507,-0.009964171877466,-0.039588098156911,0.004707675956751,0.064025721147644
1403715981.684057950973511,-1.360406807256909,-1.047633883929311,1.152641435311183,0.651188398809406,-0.027406181568769,-0.758367608540297,-0.009007817978461,0.002920906517100,-0.773729279356847,0.079733845183084,0.055698103164639,-0.710263315070303,0.040305235013626,-0.052777196647539,-0.063465964286544,0.039428610169458,0.002784902502339,-0.035513131885521,0.002015259828778,0.062442661880501
1403715981.734057903289795,-1.353930754305842,-1.084285249223466,1.154415815677333,0.649949324551326,-0.001200321921881,-0.759945436294027,0.006882484903062,0.111079959723541,-0.771920923357576,0.043471710956472,0.129521182542357,-0.733028004953075,0.035487641166662,-0.018441222818816,-0.038892918404501,0.007984069789810,0.006476052951067,-0.036651365294155,0.001774380366151,0.061427935252995
1403715981.784058094024658,-1.344856870352133,-1.122278748717799,1.155772504210017,0.644242517761489,0.023885918022106,-0.764081087077581,0.023688258672200,0.222696581620914,-0.756903228098625,0.015886177794792,0.181476986794419,-0.759867091223753,0.027133667146943,0.041219594826495,0.002963863125128,-0.011247489352151,0.009073883953709,-0.037993499494333,0.001356688532683,0.062016183553854
1403715981.834058046340942,-1.329866397248349,-1.159128120891538,1.155147164491181,0.633214337408170,0.048812001376586,-0.771426901677810,0.039465513934564,0.318517040682899,-0.749564794559060,0.011990085740091,0.299809747996536,-0.736988146321435,-0.012506806304132,0.018707292686363,-0.012576648237625,0.024496892044223,0.014990473103784,-0.036849372173738,-0.000625339718836,0.064680888229246
1403715981.884057998657227,-1.311201314748007,-1.198703399202337,1.155541354699035,0.622407017318309,0.073114806918798,-0.777342305421223,0.054796624025311,0.391576930676836,-0.737876657908364,0.002720778706976,0.373302006015385,-0.791506321055247,0.007883811675671,0.018274924661451,0.053629663146883,-0.005163032968695,0.018665082500342,-0.039575278310800,0.000394190207854,0.062531243138270
1403715981.934057950973511,-1.290792365461283,-1.243417918495098,1.159204414069237,0.612854546241261,0.096243446642501,-0.781169702837434,0.070145559365261,0.453897609052799,-0.739041572060611,0.016399528183017,0.408179375004655,-0.894291238717796,0.073261257271416,0.045718234048144,0.155249666657184,-0.056861729088399,0.020408949286723,-0.044714519292760,0.003663059370202,0.059211028816397
1403715981.984057903289795,-1.267050589400309,-1.286011814548801,1.163613366601320,0.606193999686807,0.119200551011394,-0.781843229015136,0.083912029086875,0.508002393129046,-0.732998672269278,0.028546528932342,0.474835974058356,-0.851878733488927,0.088179134735840,0.033166419070689,0.118880061219649,-0.059632605803498,0.023741776060974,-0.042593896053703,0.004408952532083,0.055187286879575
1403715982.034058094024658,-1.241115730731304,-1.325924007954712,1.165962389262291,0.600250459809673,0.140447409098046,-0.781258374164007,0.098026851293588,0.556423822785802,-0.728794850559393,0.032998586649922,0.518695194714962,-0.798240823071144,0.046980274003889,0.037728628070841,0.069445972511751,-0.013981687353967,0.025934858669005,-0.039912193405911,0.002349022660971,0.052397105379272
1403715982.084058046340942,-1.212556746607941,-1.366453335584723,1.169384909265151,0.595997206754348,0.160937908963783,-0.778696192163380,0.111886367845385,0.602205706208737,-0.722049843834832,0.043210826246307,0.571180227187162,-0.810587325636532,0.068450465336654,0.031025479021575,0.088537481801701,-0.025239639090347,0.028558984123362,-0.040529327630011,0.003422520002860,0.050463273640685
1403715982.134057998657227,-1.178610051156767,-1.405053156764259,1.172392362317765,0.591934044070523,0.180791793491120,-0.775385829057260,0.125320512980779,0.645232106330802,-0.715405166781656,0.037493894884384,0.678934556505938,-0.771997159824583,0.060149118414946,-0.033702450175136,0.056591993042927,-0.022655223530562,0.033946695451174,-0.038599821179536,0.003007453052614,0.049077530341765
1403715982.184057950973511,-1.143722711560322,-1.441789797766350,1.175502791770703,0.588329988302822,0.200143481811450,-0.771148458463541,0.138349075028695,0.687799231848627,-0.705713042837900,0.049133285341558,0.697747457352726,-0.734733520738305,0.062208648385560,-0.009948225504099,0.029020477900405,-0.013075363044002,0.034887339596445,-0.036736641002091,0.003110429452938,0.047966795534254
1403715982.234057903289795,-1.107081107276925,-1.478092102853133,1.178912718920965,0.584666499439070,0.218610378296324,-0.766403981578673,0.151655939399548,0.723712247446642,-0.700809653055735,0.055336630114893,0.732832784551750,-0.726046794147831,0.068198608044485,-0.009120537105108,0.025237141092096,-0.012861977929592,0.036641604283397,-0.036302305086783,0.003409927150261,0.047076775494385
1403715982.284058094024658,-1.065117067487257,-1.512213063339766,1.182552466299818,0.579658155845221,0.236087791872806,-0.762107684544342,0.165682992637151,0.767166137312851,-0.689052688080412,0.058276181081330,0.839277594203419,-0.682416606519898,0.072794669887445,-0.072111456890568,-0.006636081560514,-0.014518488806115,0.041964039789668,-0.034120960486633,0.003639747378854,0.046724071080144
1403715982.334058046340942,-1.022568456053385,-1.544912381693059,1.185771424026737,0.575533270645652,0.253849901276938,-0.756631165382749,0.178412335821127,0.805931768671915,-0.676128931483523,0.056963495528733,0.850973040228568,-0.653986990756463,0.064379215935177,-0.045041271556654,-0.022141940727061,-0.007415720406444,0.042548611433872,-0.032699318353293,0.003218957726919,0.045806487669647
1403715982.384057998657227,-0.979982405785137,-1.577198589452329,1.188849681597705,0.570499359247959,0.270587938285386,-0.751292436747019,0.192021673877870,0.840300633914274,-0.656940565906626,0.057907854599271,0.851721817630192,-0.645724770996526,0.061565210132525,-0.011421183715917,-0.011215794910100,-0.003657355533254,0.042586050268248,-0.032286207759270,0.003078257570968,0.045573708202540
1403715982.434057950973511,-0.934621487702934,-1.608376563289661,1.191756776228217,0.565744135423755,0.288349995792483,-0.744904919037406,0.204705922615782,0.881144161437637,-0.644707098054733,0.052364531348786,0.907219226835727,-0.623560071419876,0.058141948058715,-0.026075065398090,-0.021147026634857,-0.005777416709930,0.045360918082203,-0.031177973837333,0.002907094630512,0.046467953352638
1403715982.484057903289795,-0.884034913413528,-1.638696398097418,1.195881391815741,0.560234758401066,0.306086941179669,-0.738242132757247,0.217821838530033,0.926392616584048,-0.613623078930073,0.051388225272577,1.011732450651363,-0.606397274460644,0.082492390421360,-0.085339834067315,-0.007225804469429,-0.031104165148783,0.050586574289405,-0.030319834807757,0.004124615587524,0.047387707337713
1403715982.534058094024658,-0.832118608138730,-1.667310126889494,1.200117543914492,0.555995234011443,0.324434903289538,-0.729895681372728,0.229920828977082,0.973347739459645,-0.590294206611743,0.047423468212403,1.038322144611320,-0.572272392795580,0.084722718783493,-0.064974405151675,-0.018021813816164,-0.037299250571090,0.051916305274798,-0.028613728792076,0.004236152098751,0.047778540871372
1403715982.584058046340942,-0.779699823388591,-1.696455634624784,1.203216584638985,0.550430088528925,0.342481729205899,-0.721516197759177,0.243202300921100,1.019285613659011,-0.570188265635567,0.052238781902683,1.048376694812716,-0.582910710612769,0.061980873599420,-0.029091081153704,0.012722444977202,-0.009742091696737,0.052418784750139,-0.029145507735290,0.003099040724493,0.049124427449461
1403715982.634057998657227,-0.725397686418208,-1.724681237771373,1.206219406545653,0.544866944063914,0.360729030044710,-0.711992872743219,0.257022818660742,1.062492953556892,-0.551581245282032,0.047000866772742,1.086043775139701,-0.564512601292950,0.060056495407697,-0.023550821582809,0.012931356010918,-0.013055628634955,0.054302136970382,-0.028225603146589,0.003002821906668,0.050819198414000
1403715982.684057950973511,-0.668591431866525,-1.751008999084801,1.209699710064573,0.537636048430831,0.378635982150374,-0.702852793113213,0.271256748601132,1.085720200191739,-0.533671107636362,0.041167989533546,1.136126174528024,-0.526555728431245,0.069606136759997,-0.050405974336285,-0.007115379205117,-0.028438147226450,0.056806254551684,-0.026327761313429,0.003480303518921,0.051346930026181
1403715982.734057903289795,-0.611486165242876,-1.776921893612633,1.211524459069721,0.530105973499282,0.396779019642936,-0.692969621384244,0.285214253273125,1.134331499983084,-0.504307061834978,0.033873755107270,1.142106421670541,-0.518258384806355,0.036495014907317,-0.007774921687458,0.013951322971377,-0.002621259800047,0.057105266623649,-0.025912894527832,0.001824749005148,0.052092195549075
1403715982.784058094024658,-0.552092881846950,-1.802050434119753,1.214140543777653,0.522179615562144,0.415278853269652,-0.682230745744538,0.299053728749977,1.162089407698956,-0.474819742273923,0.034127401131984,1.187861136587892,-0.502568892994218,0.052321494567972,-0.025771728888937,0.027749150720295,-0.018194093435989,0.059393283395926,-0.025128540507120,0.002616084707932,0.053365448235684
1403715982.834058046340942,-0.491976452763440,-1.824069682698888,1.216740930451898,0.513182187658756,0.433014293252202,-0.671592844330768,0.313218319312229,1.190013638897491,-0.432441418460475,0.044788794996058,1.202329728301180,-0.440385391566939,0.052007783083387,-0.012316089403689,0.007943973106464,-0.007218988087329,0.060116429083510,-0.022019248579135,0.002600386674245,0.053266951932923
1403715982.884057998657227,-0.433174816163158,-1.845273019119277,1.217204993123890,0.504450267358985,0.451355023776668,-0.659985802536948,0.325925314639216,1.217592901779162,-0.392645945976231,0.050094982249378,1.176033853558915,-0.424067132829694,0.009281262291152,0.041559048220246,0.031421186853464,0.040813719958226,0.058801636600282,-0.021203336420388,0.000464062671993,0.053248919256899
1403715982.934057950973511,-0.372191107516152,-1.864191873346478,1.218967020571608,0.495747064624041,0.469571736926329,-0.648087090352562,0.337224487715509,1.240047022963303,-0.351910273060440,0.046083111112588,1.219675336113158,-0.378377445392875,0.035240582562392,0.020371686850144,0.026467172332435,0.010842528550195,0.060983708647006,-0.018918854227201,0.001762027447718,0.052033958900839
1403715982.984057903289795,-0.310124643576951,-1.883063813821486,1.219427673876328,0.486591935999794,0.485413062326174,-0.636119624861007,0.350648356063151,1.258034949911579,-0.325404129358415,0.029394500419137,1.241330462608999,-0.377439169454214,0.009213074880664,0.016704487302580,0.052035040095800,0.020181425538473,0.062066463939201,-0.018871940475009,0.000460653304720,0.051311618410976
1403715983.034058094024658,-0.246824264694402,-1.897940013407790,1.220633227702779,0.477033165918773,0.501025236003068,-0.623919879518586,0.363506609902895,1.273020797941777,-0.284413050598764,0.013766036596871,1.266002748233765,-0.297522856766439,0.024110984552918,0.007018049708012,0.013109806167675,-0.010344947956047,0.063300378882549,-0.014876199586303,0.001205553826451,0.050963267707844
1403715983.084058046340942,-0.184478282705047,-1.911065563746372,1.221526957756411,0.467373541821040,0.516727239903847,-0.611167314368130,0.375538873879998,1.289534403668460,-0.249164473489290,0.012678120259145,1.246920828943472,-0.262511257121899,0.017874618119209,0.042613574724987,0.013346783632609,-0.005196497860064,0.062345981989355,-0.013125550338583,0.000893730053632,0.050884161550377
1403715983.134057998657227,-0.123111415961537,-1.922612682805041,1.221251748287179,0.456759452772994,0.531583472431297,-0.598403036568889,0.388205641336563,1.302207315366882,-0.212314974284714,0.017212408984134,1.227338505351407,-0.230942601417392,-0.005504194633844,0.074868810015475,0.018627627132678,0.022716603617978,0.061366866743510,-0.011547119058668,-0.000275209469232,0.051255292886953
1403715983.184057950973511,-0.058244917834052,-1.931882494280789,1.221574738575901,0.446248174372848,0.546463253511070,-0.584327988398691,0.401000350878819,1.308595326358121,-0.167859620784202,0.012379986449891,1.297331199781144,-0.185396406322762,0.006459811934998,0.011264126576977,0.017536785538561,0.005920174514893,0.064866498127485,-0.009269811475749,0.000322990288722,0.052678137322628
1403715983.234057903289795,0.005867756690714,-1.939473555130668,1.222051391257564,0.434644688879406,0.560596510153449,-0.570173068296468,0.414388971163675,1.310992538792029,-0.137439416779359,0.012530142883146,1.282254713348709,-0.151821361785710,0.009533062724690,0.028737825443319,0.014381945006351,0.002997080158456,0.064112674524766,-0.007591060849879,0.000476652681663,0.053443398956075
1403715983.284058094024658,0.068009649064566,-1.945359103207710,1.222558526206657,0.422685085032730,0.575463137190131,-0.555085638737076,0.426684227847736,1.310547791691525,-0.096898394761259,-0.002588402311994,1.242833106444981,-0.117710512510868,0.010142660290678,0.067714685246544,0.020812117749608,-0.012731062602672,0.062141892373852,-0.005885548077042,0.000507134949093,0.054512331876006
1403715983.334058046340942,0.129581038028962,-1.950900602770230,1.221433468155413,0.412352089723787,0.590296461239222,-0.537913287679777,0.438366441332376,1.304634303039819,-0.056214458207018,0.004128613203776,1.231428953670095,-0.110830096946227,-0.022501182483686,0.073205349369724,0.054615638739208,0.026629795687462,0.061571388964396,-0.005541499562520,-0.001125058051244,0.055071224892361
1403715983.384057998657227,0.195159621338143,-1.952958295207322,1.221290329767384,0.399367959816852,0.605331586169762,-0.521511981125432,0.449559959293033,1.303569924197879,-0.005055056263214,-0.005551021204465,1.311572916997024,-0.041153887989234,-0.002862770490727,-0.008002992799145,0.036098831726020,-0.002688250713738,0.065578583309181,-0.002057692437091,-0.000143138388029,0.056178009452120
1403715983.434057950973511,0.257708262525816,-1.951055785300779,1.221080363873825,0.386501978597245,0.618849580803782,-0.503652718947136,0.462574702698446,1.295548273255385,0.037142063468154,0.003916414925156,1.250974016775244,0.038050234418379,-0.004199321875962,0.044574256480141,-0.000908170950225,0.008115736801118,0.062548641187673,0.001902509906542,-0.000209965893559,0.057850316351734
1403715983.484057903289795,0.322366005150470,-1.948246643350854,1.222026490821269,0.373966747432615,0.629707545660746,-0.484516587015675,0.478394142584619,1.285725014789949,0.077918250532215,0.010227785968604,1.293156085742823,0.056182892578695,0.018922556994837,-0.007431070952874,0.021735357953520,-0.008694771026233,0.064657742624654,0.002809141949926,0.000946126947444,0.059717330140382
1403715983.534058094024658,0.385030378321998,-1.943839679061225,1.222839214627730,0.360919056320318,0.638866833391450,-0.465021817962012,0.495319404825349,1.265359872590180,0.126730074760933,0.018500775200251,1.253282682536538,0.088138949569169,0.016254414123551,0.012077190053642,0.038591125191764,0.002246361076700,0.062664373171528,0.004406964289629,0.000812723806461,0.060686603413172
1403715983.584058046340942,0.452188549435850,-1.938835829914930,1.224873492543894,0.348128103624398,0.646576924115771,-0.445154972791279,0.512427706966617,1.246454092450934,0.172612166016254,0.039733582283495,1.343164703218735,0.100077078366842,0.040685597124084,-0.096710610767801,0.072535087649412,-0.000952014840589,0.067158171113853,0.005003849146295,0.002034277916164,0.060349269836040
1403715983.634057998657227,0.511994402857250,-1.928027114684048,1.226700121595429,0.334394374900846,0.653507975397907,-0.425476632710525,0.529223358463432,1.205944099333130,0.235323774897205,0.024150939072767,1.196118209135213,0.216174510777714,0.036532615870917,0.009825890197917,0.019149264119490,-0.012381676798150,0.059805853421400,0.010808715230882,0.001826629051535,0.060201467197292
1403715983.684057950973511,0.567125186980738,-1.912925764947705,1.228145200921077,0.319795377889708,0.660667607498967,-0.406607580513903,0.543984838162425,1.154464462604314,0.305754736651270,0.024662875426712,1.102616734007021,0.302027282762527,0.028901614075691,0.051847728597293,0.003727453888743,-0.004238738648979,0.055130784123488,0.015101349736343,0.001445079325648,0.057910000266593
1403715983.734057903289795,0.620525169607350,-1.896604476730023,1.229723707040111,0.305657273038177,0.666597880393665,-0.387982734142205,0.558292302742100,1.093947628447133,0.364374835205691,0.025648695642090,1.068000671057040,0.326426075657791,0.031570152488330,0.025946957390093,0.037948759547901,-0.005921456846240,0.053399982626611,0.016321288217681,0.001578506119034,0.056096137588588
1403715983.784058094024658,0.674065047663695,-1.876368758815261,1.231575484088055,0.290732175776526,0.673769143887962,-0.370457194105990,0.569448338348483,1.034997098748560,0.435428613342933,0.036445703966965,1.070793476373953,0.404712814438375,0.037035399680030,-0.035796377625393,0.030715798904558,-0.000589695713064,0.053539878056345,0.020235717914762,0.001851777047943,0.053134875462137
1403715983.834058046340942,0.722898455759775,-1.852764913487489,1.233485597205312,0.276308517488963,0.680935902887210,-0.352843448661142,0.579207562156387,0.962444315133249,0.497186980962263,0.036367317418433,0.976669093345840,0.472077356763491,0.038202298777700,-0.014224778212591,0.025109624198772,-0.001834981359266,0.048833408096080,0.023603845327772,0.001910113117257,0.051572383079667
1403715983.884057998657227,0.768727186975433,-1.826545056925264,1.235532320218427,0.261376028013792,0.687708987326473,-0.335609902026706,0.588306819943264,0.884673533718106,0.555030343070036,0.037360024972185,0.916575498427668,0.524397631349064,0.040934499300479,-0.031901964709561,0.030632711720971,-0.003574474328294,0.045828731215658,0.026219856562226,0.002046723013115,0.050938417776987
1403715983.934057950973511,0.809482228041002,-1.798464387950628,1.237347631331313,0.247211996341090,0.694984138017031,-0.318649335210646,0.595269584255396,0.801435397631499,0.612388134047422,0.041020599552804,0.815101598652832,0.561613915089487,0.036306256882061,-0.013666201021333,0.050774218957935,0.004714342670743,0.040755041065569,0.028080668974636,0.001815311112886,0.048568199652655
1403715983.984057903289795,0.848758545018181,-1.766757814070625,1.239723987606890,0.231900646131849,0.701634387224457,-0.302811623349294,0.601860779377056,0.720765782259214,0.668151509433278,0.029666176555239,0.785527088680603,0.634132082355537,0.047527170836991,-0.064761306421390,0.034019427077741,-0.017860994281752,0.039276316977180,0.031706573880003,0.002376356275577,0.047873482723450
1403715984.034058094024658,0.882753402365852,-1.731034334031907,1.242624929637711,0.216889845392346,0.709327113951434,-0.287414668266917,0.605975782390709,0.636112288085985,0.719460115725738,0.036707650548927,0.679894553361514,0.714466875299512,0.058018619292952,-0.043782265275529,0.004993240426226,-0.021310968744025,0.033994857347670,0.035723480038717,0.002900942030821,0.046412318451881
1403715984.084058046340942,0.911220256278347,-1.693082496969704,1.245681163470617,0.200787556017683,0.717117187678070,-0.273159905214940,0.608942495370545,0.543205189811541,0.765327950982846,0.042804667190558,0.569337621212583,0.759037465118604,0.061124734951203,-0.026132431401042,0.006290485864242,-0.018320067760645,0.028466853912496,0.037951837062203,0.003056233832906,0.046129912706146
1403715984.134057998657227,0.933216570979646,-1.654077665359086,1.249224681275591,0.185957335256237,0.725596185620971,-0.258666290530738,0.609935894188697,0.459967017787927,0.796564524622842,0.052762557289092,0.439926713572773,0.780097376171187,0.070870423686785,0.020040304215154,0.016467148451655,-0.018107866397693,0.021996314701298,0.039004831610618,0.003543517804974,0.044850936991745
1403715984.184057950973511,0.955550177675385,-1.614404427601424,1.252384473278613,0.169406906801760,0.732970266017824,-0.245413113117447,0.611414992432819,0.384514019770625,0.820582495095540,0.066961301079747,0.446672559894933,0.793465511860917,0.063195900328742,-0.062158540124308,0.027116983234624,0.003765400751005,0.022333606695739,0.039673237757662,0.003159792003022,0.044995534688468
1403715984.234057903289795,0.969621272675036,-1.571942412407986,1.256200347836683,0.154198293169413,0.739975523790522,-0.231484870493692,0.612432743496868,0.296392565965697,0.840320530712830,0.073165542834123,0.281422168378105,0.849241113768200,0.076317563943516,0.014970397587593,-0.008920583055369,-0.003152021109393,0.014071094999651,0.042462015193438,0.003815874558071,0.043608538633241
1403715984.284058094024658,0.979037532845373,-1.529400694061304,1.260799279132971,0.140645404471522,0.745923775322576,-0.216878491539724,0.613824332783420,0.212562938881941,0.852140135756311,0.084663552792795,0.188324485005860,0.850831121270503,0.091978275056481,0.024238453876080,0.001309014485808,-0.007314722263685,0.009416260170338,0.042541718346683,0.004598931296288,0.041682660062261
1403715984.334058046340942,0.984270793353358,-1.486202296493514,1.266362427380353,0.126767102812749,0.749919689941672,-0.202471758643545,0.616892006135627,0.130371840247795,0.861988773582522,0.104382085316028,0.104665309976305,0.863968775300629,0.111263071056363,0.025706530271490,-0.001980001718107,-0.006880985740335,0.005233260507984,0.043198397567790,0.005563148247381,0.041257932777455
1403715984.384057998657227,0.986835974420974,-1.444121931728289,1.270792227373203,0.114075849450274,0.753919870311094,-0.187284388567118,0.619286757101541,0.045878359101013,0.867526966243080,0.108408300814527,0.051303670279316,0.841608097924533,0.088596084348819,-0.005425311178303,0.025918868318547,0.019812216465708,0.002565181067616,0.042080364765225,0.004429799992850,0.040668151839113
1403715984.434057950973511,0.984505359028798,-1.400959201448189,1.276788178630869,0.103833751651261,0.757516540834323,-0.170505583006414,0.621542507431365,-0.036875435250923,0.871315061310017,0.110354783688715,-0.046612352296520,0.863255428866528,0.119919139517113,0.009736917045596,0.008059632443489,-0.009564355828399,-0.002330615392176,0.043162730280100,0.005995951257665,0.040222728121363
1403715984.484057903289795,0.977350481107141,-1.358037962573921,1.279848833386888,0.093208124626208,0.761960986155661,-0.153859849238958,0.622137322359400,-0.118327947864809,0.867048196636297,0.106641657227481,-0.143097694901746,0.858425596143793,0.061213153497802,0.024769747036937,0.008622600492504,0.045428503729680,-0.007154877921657,0.042921238874267,0.003060654756019,0.040502114348992
1403715984.534058094024658,0.970024776077507,-1.314800867271512,1.284327481186738,0.081816438012907,0.767860730391247,-0.137294810772979,0.620359657077016,-0.187976925157356,0.868809119687609,0.096040410566358,-0.146513541687869,0.864738607332184,0.089572614304584,-0.041463383469487,0.004070512355425,0.006467796261774,-0.007325705029634,0.043237095302409,0.004478647799850,0.042054935056176
1403715984.584058046340942,0.956312221969250,-1.271414915816149,1.288734652174835,0.071259727600951,0.776122826599651,-0.119859363603168,0.614970846634091,-0.252424146251814,0.864930059071493,0.081864305436155,-0.274251343711596,0.867719856629405,0.088143503822137,0.021827197459782,-0.002789797557911,-0.006279198385982,-0.013712554108257,0.043385951455363,0.004407170988097,0.045288513976187
1403715984.634057998657227,0.938847255537486,-1.227404893216851,1.292890340661752,0.061681249385966,0.784572534413970,-0.101054664944802,0.608629046637046,-0.306943261510939,0.865088410784886,0.072364905672560,-0.349299661753391,0.880201291411318,0.083113849001882,0.042356400242453,-0.015112880626432,-0.010748943329322,-0.017464966431764,0.044010022599298,0.004155688486917,0.047201939792187
1403715984.684057950973511,0.921313760556576,-1.181221885575695,1.294391148355511,0.049645023690581,0.792028629006219,-0.082297124909966,0.602870803480185,-0.346659089454626,0.878467974413578,0.074427064557677,-0.350670234043399,0.923661033694930,0.030016182500852,0.004011144588773,-0.045193059281352,0.044410882056825,-0.017533494980910,0.046183007641156,0.001500807693759,0.048394020890059
1403715984.734057903289795,0.903596746285482,-1.137030286119768,1.297028487913098,0.035113825176210,0.797921037490584,-0.063761983066956,0.598350605186302,-0.383887844240113,0.879808591093732,0.055164730969776,-0.354340623347429,0.883832832007216,0.052746841455051,-0.029547220892685,-0.004024240913484,0.002417889514724,-0.017717014271094,0.044191599455927,0.002637339557587,0.049391937818940
1403715984.784058094024658,0.883952440067553,-1.091523760710774,1.298801731457119,0.017083433306557,0.801094621467805,-0.046484826899040,0.596485309651445,-0.406095648426868,0.872942979955329,0.061584711086395,-0.392884625622680,0.910127036320766,0.035464735593176,-0.013211022804189,-0.037184056365437,0.026119975493219,-0.019644306217929,0.045506525408994,0.001773243544020,0.050484847286647
1403715984.834058046340942,0.862678973448674,-1.047843636851177,1.301817182134807,0.001802183153640,-0.802146081205289,0.030052776649928,-0.596368382091563,-0.428616429533643,0.856641529070516,0.068872693689566,-0.425469738137152,0.873603310324979,0.060309071068982,-0.003146691396491,-0.016961781254463,0.008563622620584,-0.021273466618880,0.043680123859597,0.003015450677688,0.050113106910294
1403715984.884057998657227,0.839697510944337,-1.006430923178563,1.305165807451021,0.019672430783168,-0.802378513073326,0.012976641867225,-0.596350001250247,-0.456670780314019,0.828349586853690,0.066251110687421,-0.459629688423762,0.828255063337859,0.066972570194297,0.002958908109742,0.000094523515831,-0.000721459506876,-0.022981462504337,0.041412713672614,0.003348625316214,0.049437864191043
1403715984.934057950973511,0.816129731561994,-0.965997211882854,1.308271068704527,0.035513849454042,-0.801774970197366,-0.004529711278587,-0.596552718020546,-0.478564577448112,0.789898068462605,0.051809958730377,-0.471356037167011,0.808674997126752,0.062105284298340,-0.007208540281101,-0.018776928664147,-0.010295325567964,-0.023567779382343,0.040433711295709,0.003105261253506,0.047237876202347
1403715984.984057903289795,0.790229488616900,-0.927192920946695,1.311184660225690,0.048639857023282,-0.800291009991743,-0.022370795481145,-0.597216887859588,-0.501729537214632,0.750621873892164,0.060797078337402,-0.518005352910280,0.776086558856990,0.058271885995654,0.016275815695648,-0.025464684964826,0.002525192341748,-0.025900242945094,0.038804290936159,0.002913591521163,0.044418910153552
1403715985.034058094024658,0.765703364747676,-0.891548821665139,1.314444333671094,0.057872142165324,-0.798460539576451,-0.040903879298089,-0.597861568056391,-0.528728305903349,0.713797010552966,0.064661084860141,-0.490520606196852,0.712879266212530,0.065193220215686,-0.038207699706496,0.000917744340436,-0.000532135355545,-0.024526123869223,0.035644099281556,0.003259673445404,0.041592889124662
1403715985.084058046340942,0.735637012758215,-0.857877113339627,1.317602615201129,0.064888149050768,-0.796754558529223,-0.057205950066479,-0.598079577357947,-0.564987127991753,0.674083468698714,0.061149250066602,-0.601327613259919,0.673434808747724,0.063165690840194,0.036340485268167,0.000648659950991,-0.002016440773592,-0.030066351989461,0.033671708325512,0.003158281530035,0.035662203381590
1403715985.134057998657227,0.705439869961509,-0.823192945269757,1.320344347370820,0.070082680432575,-0.796264679790715,-0.070575374235118,-0.596716091766218,-0.600013928840060,0.635942857359996,0.062639144072825,-0.603943431899467,0.693684022946042,0.054834695688261,0.003929503059407,-0.057741165586046,0.007804448384565,-0.030197142796706,0.034684168069870,0.002741732169691,0.028832435369897
1403715985.184057950973511,0.672222937357217,-0.788454263704043,1.323960658746767,0.073458447052138,-0.794884710485262,-0.081575484036433,-0.596747512770410,-0.624325103440326,0.614839103172575,0.062466220560553,-0.664339285649148,0.694774293902683,0.072326296494682,0.040014182208822,-0.079935190730108,-0.009860075934129,-0.033216932604292,0.034738681565714,0.003616311375948,0.023178008682431
1403715985.234057903289795,0.628636217463128,-0.741725073981620,1.329173228996511,0.073505740577295,-0.793586827780418,-0.091237191915821,-0.597070035830733,-0.666113758669230,0.601886621528508,0.080419927152202,-0.871735229233286,0.934584685737865,0.104251504416851,0.205621470564056,-0.332698064209357,-0.023831577264648,-0.043586719894089,0.046729189722423,0.005212570249743,0.019507958454446
1403715985.284058094024658,0.593049765059570,-0.711839799970429,1.333426417966195,0.067594288515575,-0.792656764550145,-0.101832854861881,-0.597290829867367,-0.700708815834622,0.591812299613729,0.091006699014025,-0.711726333050656,0.597703200167057,0.085063454902355,0.011017517216034,-0.005890900553327,0.005943244111670,-0.035586452403558,0.029885274011191,0.004253188969684,0.024341646194911
1403715985.334058046340942,0.548851501707404,-0.672972799642224,1.338729847397270,0.062044383487042,-0.791751152491867,-0.109336339548943,-0.597767657087225,-0.735163438785081,0.587761440760342,0.086082400560045,-0.883966110059103,0.777340747894011,0.106068689776480,0.148802671274022,-0.189579307133669,-0.019986289216435,-0.044198263352166,0.038867000328205,0.005303429431075,0.018777845801169
1403715985.384057998657227,0.506653750433611,-0.639821248329151,1.344232569767849,0.057036129609647,-0.791300093858391,-0.113246809131486,-0.598135604692105,-0.779040535350333,0.597601323278390,0.090374028215846,-0.843955830334851,0.663031658577713,0.110054552367789,0.064915294984518,-0.065430335299323,-0.019680524151944,-0.042197751273793,0.033151551313072,0.005502722370579,0.012761403797170
1403715985.434057950973511,0.464733679854961,-0.608624788752476,1.348855012219241,0.057039586157112,-0.792051781060826,-0.110168046103903,-0.597715202539677,-0.815358093220295,0.594641390629819,0.067849580334254,-0.838402211135671,0.623929786559316,0.092448937194010,0.023044117915376,-0.029288395929497,-0.024599356859756,-0.041920070578651,0.031196459576675,0.004622442451392,0.006393926509693
1403715985.484057903289795,0.416832894853177,-0.576417286731162,1.354242113518960,0.056937276746218,-0.794957467952735,-0.103417176533674,-0.595067776190833,-0.852107654929750,0.596933915496422,0.057315830676237,-0.958016613671505,0.644150654736219,0.107742128745283,0.105908958741755,-0.047216739239797,-0.050426298069046,-0.047900785001783,0.032207502021314,0.005387101299719,0.015625223225762
1403715985.534058094024658,0.371157755778990,-0.545613528647657,1.357380969270382,0.056277396433125,-0.800209406068666,-0.094698390565296,-0.589516730817951,-0.882060202958510,0.603028918328881,0.051351392868339,-0.913499296760484,0.616072811538837,0.062776875553665,0.031439093801975,-0.013043893209956,-0.011425482685326,-0.045675139074188,0.030803758083505,0.003138855751422,0.023225085135763
1403715985.584058046340942,0.321074303680031,-0.511267699964833,1.361086002384840,0.054232014062385,-0.807322129689088,-0.085008659035120,-0.581432193341634,-0.907503153276141,0.606078907614694,0.041331064335407,-1.001669997246131,0.686917228751803,0.074100732957133,0.094166843969989,-0.080838321137108,-0.032769668621726,-0.050083452098959,0.034345828682824,0.003705033114458,0.029259452285515
1403715985.634057998657227,0.274644172534901,-0.479412083098645,1.362329822169444,0.051032756247908,-0.816009457978206,-0.074846153373751,-0.570896028717146,-0.914141358540091,0.615694281659040,0.026979069112615,-0.928603508487917,0.637112944922005,0.024876419416075,0.014462149947827,-0.021418663262965,0.002102649696540,-0.046430131145130,0.031855616866188,0.001243819784604,0.034640999384445
1403715985.684057950973511,0.228050461603180,-0.447802830013328,1.362714590224160,0.048114857294222,-0.824898612195340,-0.065375197878342,-0.559422312397464,-0.903525535774518,0.620568016826533,0.001656643331004,-0.931875107339759,0.632185664605564,0.007695368433204,0.028349571565241,-0.011617647779031,-0.006038725102200,-0.046593710931720,0.031609253085317,0.000384768054716,0.035150209779846
1403715985.734057903289795,0.184909689821659,-0.415630499678648,1.360520681114983,0.046205075289652,-0.833937877896776,-0.055972524552944,-0.547064697564803,-0.881502369976101,0.630280179339622,-0.037998477773476,-0.862816258476125,0.643447220332690,-0.043878224029092,-0.018686111499976,-0.013167040993068,0.005879746255616,-0.043140771781521,0.032172330334680,-0.002193909109178,0.036137813125378
1403715985.784058094024658,0.142073282896134,-0.384097071017511,1.357679730879938,0.048204739276288,-0.841357477719311,-0.044501098349260,-0.536482571984229,-0.838883405914638,0.635184663998683,-0.059457427038597,-0.856724870364492,0.630666167422232,-0.056818787954408,0.017841464449854,0.004518496576451,-0.002638639084189,-0.042836406925526,0.031533428661137,-0.002840950235044,0.034792628565433
1403715985.834058046340942,0.099795468259685,-0.352458367945301,1.353719108285297,0.050377481412621,-0.846451288362491,-0.033538697990560,-0.529015577779236,-0.797053965291546,0.616786460332031,-0.108401382440453,-0.845557099115065,0.632774664905151,-0.079212527435780,0.048503133823519,-0.015988204573120,-0.029188855004673,-0.042277814636449,0.031638703072210,-0.003960622594641,0.028747277876797
1403715985.884057998657227,0.064506183600740,-0.325660582687168,1.346154040309997,0.051591418862662,-0.848556105945310,-0.023906050352357,-0.526041216369231,-0.735654975776754,0.606218466475232,-0.164291373893475,-0.705786366269233,0.535956216290339,-0.151301503798356,-0.029868609507521,0.070262250184894,-0.012989870095119,-0.035289284658945,0.026797785258133,-0.007565067975300,0.020740259519621
1403715985.934057950973511,0.026904379888359,-0.293979659725554,1.335665971021216,0.052707756484803,-0.847887019770200,-0.015531663436196,-0.527321781782671,-0.678746735366624,0.586866157538507,-0.223657437180927,-0.752036791445794,0.633619063498512,-0.209761585819861,0.073290056079170,-0.046752905960005,-0.013895851361066,-0.037601803712381,0.031680922961614,-0.010488069288781,0.017142291532683
1403715985.984057903289795,-0.005656279026456,-0.265192222390755,1.322256814564873,0.052819991608065,-0.845778031332970,-0.009044345645103,-0.530836858189878,-0.633684017716224,0.566761369148197,-0.288285389951277,-0.651213799342180,0.575749295773294,-0.268183384886462,0.017529781625956,-0.008987926625097,-0.020102005064815,-0.032560658914815,0.028787437334799,-0.013409156456343,0.015349498016528
1403715986.034058094024658,-0.036218830728496,-0.237444253403287,1.305579397529413,0.053015076613182,-0.843183996057466,-0.003631993909883,-0.534992485054230,-0.595250345976284,0.548569061689942,-0.355110629217214,-0.611248702312047,0.554957262755398,-0.333547068328115,0.015998356335763,-0.006388201065457,-0.021563560889099,-0.030562551702040,0.027747968987468,-0.016677417035460,0.014605492133959
1403715986.084058046340942,-0.064789969238371,-0.210219450696283,1.286344761951762,0.052674114410006,-0.839790548024330,0.000593194354554,-0.540348888442066,-0.540666353877001,0.515361092181953,-0.411316293255100,-0.571423315149227,0.544496573412492,-0.384693078424936,0.030756961272226,-0.029135481230539,-0.026623214830164,-0.028571138509874,0.027224802707005,-0.019234635577651,0.015254546853997
1403715986.134057998657227,-0.092838211892110,-0.183616297059151,1.264740566355484,0.053925526488452,-0.837116839515509,0.004922413652395,-0.544337399446652,-0.493179830632559,0.488454261020709,-0.444939088851190,-0.560965388053074,0.532063580158010,-0.432084323993274,0.067785557420515,-0.043609319137301,-0.012854764857916,-0.028048242653740,0.026603153637132,-0.021604195596278,0.013170461776939
1403715986.184057950973511,-0.117751532262195,-0.159245213845332,1.241435207037427,0.055021127737969,-0.834390792362088,0.007840565375555,-0.548364118682469,-0.468415434812628,0.451950097716297,-0.476907444528751,-0.498266882586017,0.487422129118342,-0.466107630876025,0.029851447773389,-0.035472031402045,-0.010799813652726,-0.024913320370084,0.024371083213819,-0.023305359318057,0.011551942731006
1403715986.234057903289795,-0.142683284482057,-0.134825538270133,1.217927251063101,0.054724760641361,-0.832382320132114,0.009222287451753,-0.551416197729430,-0.420547771271240,0.400436773464617,-0.459236603010545,-0.498635519933124,0.488393977272764,-0.470159567865609,0.078087748661884,-0.087957203808146,0.010922964855064,-0.024931752219862,0.024419675575199,-0.023507955974325,0.007834834059419
1403715986.284058094024658,-0.162963419981263,-0.113909996614358,1.194432054341935,0.051987815032482,-0.830942585450264,0.008339500072318,-0.553861119335816,-0.386867560675025,0.361711583914340,-0.464093679960074,-0.405601162738476,0.418309237392397,-0.469902141888919,0.018733602063451,-0.056597653478057,0.005808461928845,-0.020280135499206,0.020915541655775,-0.023495196721167,0.008079773421494
1403715986.384057998657227,-0.200240320479179,-0.080795803047807,1.150227477414239,0.039323241464155,-0.823052635787977,-0.000158326862968,-0.566602167606002,-0.366016474229857,0.292454117754453,-0.437115548769320,-0.372769360479723,0.331142251467372,-0.442046190845052,0.006752886249866,-0.038688133712919,0.004930642075732,-0.037276900497916,0.033114193566551,-0.044204576927695,0.042764823049497
1403715986.434057950973511,-0.222007591331987,-0.062541169532747,1.127668741239020,0.033955129931088,-0.819399516172356,-0.003955877646909,-0.572202615408140,-0.367470159580625,0.287484412346640,-0.456809989370893,-0.435345832234318,0.365093018481047,-0.451175153778538,0.067875672653692,-0.077608606134407,-0.005634835592355,-0.021767270852809,0.018254633515061,-0.022558736175219,0.018756220992630
1403715986.484057903289795,-0.241449509060311,-0.047329318510390,1.104115675592104,0.030630193986684,-0.819141320055400,-0.007395319239739,-0.572725587212216,-0.362689812542267,0.275743533688638,-0.486078520403323,-0.388838725391983,0.304237310590440,-0.471061762177821,0.026148912849716,-0.028493776901802,-0.015016758225502,-0.019441917728324,0.015211851022357,-0.023553065646916,0.009638499301875
1403715986.534058094024658,-0.260919812313895,-0.033068530344071,1.078713419977503,0.027641509291443,-0.822794513119643,-0.010685559397659,-0.567565815535661,-0.370234275777406,0.261764560861410,-0.523754761622326,-0.389404579611093,0.285214675318732,-0.508043174261116,0.019170303833687,-0.023450114457322,-0.015711587361210,-0.019470303253584,0.014260788166319,-0.025402255614601,0.015456684909956
1403715986.584058046340942,-0.278878251512631,-0.019911727803271,1.052533116143911,0.025369373099729,-0.829073717215402,-0.013073804215792,-0.558410460122739,-0.366376427357573,0.252098674989614,-0.541854929452491,-0.359169126505094,0.263136301762346,-0.523606576021995,-0.007207300852479,-0.011037626772732,-0.018248353430495,-0.017958439198736,0.013156802540801,-0.026180303833593,0.023161757440498
1403715986.634057998657227,-0.295759149466554,-0.007120653617965,1.025531504553469,0.023999409280514,-0.836716475693886,-0.015338316437275,-0.546895148730961,-0.337552242431577,0.250964860850804,-0.548350279079887,-0.337618281056327,0.255821727676724,-0.540032746824203,0.000066038624750,-0.004856866825920,-0.008317532255683,-0.016880897953922,0.012791074185306,-0.027001611590442,0.028144074885439
1403715986.684057950973511,-0.312138587779792,0.005897955975202,0.998300619299925,0.023487335684389,-0.843838218680184,-0.016776285629797,-0.535820830126611,-0.301356080074651,0.247370746236498,-0.551772358491773,-0.327589078678053,0.260372440173854,-0.544618224459286,0.026232998603403,-0.013001693937356,-0.007154134032486,-0.016379438313238,0.013018609593167,-0.027230885253544,0.026509794626157
1403715986.734057903289795,-0.326590820232323,0.019300286225313,0.972375476776988,0.023353671621233,-0.848803370852407,-0.017804042624473,-0.527892469843646,-0.239507087605037,0.251466038263237,-0.515466350850283,-0.289044924705354,0.268046860631629,-0.518503344942058,0.049537837100317,-0.016580822368392,0.003036994091775,-0.014452232452532,0.013402330250111,-0.025925142522937,0.018824073666773
1403715986.784058094024658,-0.335455585629184,0.031849029271156,0.948393203809909,0.022920954489393,-0.850909374652553,-0.019216520144107,-0.524460285748357,-0.163203780664490,0.257459838556204,-0.474153073034991,-0.177294631611877,0.250973903527380,-0.479643629646335,0.014090850947387,0.006485935028824,0.005490556611344,-0.008864765396861,0.012548743045842,-0.023982272967079,0.008578462504587
1403715986.834058046340942,-0.340579041710255,0.044119164107108,0.926324733744411,0.022807260112772,-0.850526468553584,-0.019872682470472,-0.525061550360855,-0.097838607094484,0.252815997869967,-0.440787480175599,-0.102469219343667,0.245402930753527,-0.441369822233027,0.004630612249183,0.007413067116439,0.000582342057428,-0.005123456081070,0.012270134835953,-0.022068470065498,0.001951011737384
1403715986.884057998657227,-0.342685698950079,0.056519470232233,0.905285703059606,0.022583876833907,-0.848100349082177,-0.020764353980863,-0.528946696745143,-0.038892867662966,0.258900027093783,-0.420132093592943,-0.042133184977821,0.248006359019790,-0.420781014984155,0.003240317314855,0.010893668073993,0.000648921391211,-0.002106657239824,0.012400306125125,-0.021039030684805,0.009343540224996
1403715986.934057950973511,-0.342089273709971,0.068588117685919,0.884813090971347,0.023247905355928,-0.844399151434279,-0.019400764182209,-0.534858129135921,0.007848978006350,0.249833827757981,-0.413739675323795,0.011928516178082,0.241373179265118,-0.409452632249637,-0.004079538171732,0.008460648492863,-0.004287043074158,0.000596425240108,0.012068647453686,-0.020472612088259,0.014275072571955
1403715986.984057903289795,-0.339604534914175,0.080664188421263,0.865442054458337,0.022819658192468,-0.838622260861679,-0.016837085483581,-0.543974704687307,0.041790998652378,0.243334677131946,-0.384042551645691,0.049694823308592,0.241521645039877,-0.387421099733750,-0.007903824656214,0.001813032092069,0.003378548088059,0.002484738795796,0.012076070735344,-0.019371036513010,0.022202839843191
1403715987.034058094024658,-0.336285152060395,0.092554915721652,0.846099174231769,0.025647042669836,-0.831338413455518,-0.009465551122688,-0.555093753214263,0.070702036193895,0.230733553272424,-0.376299805343976,0.066387403827749,0.237813638820746,-0.386856128792349,0.004314632366146,-0.007080085548323,0.010556323448373,0.003319382853780,0.011890727300389,-0.019342880226568,0.030920935049316
1403715987.084058046340942,-0.332728618232049,0.103923509950724,0.827171676063392,0.025963286217911,-0.824277046644049,-0.002358876393547,-0.565586150685013,0.075952583526229,0.222646774901754,-0.371640323523504,0.071130744402497,0.227372101420355,-0.378550324381251,0.004821839123732,-0.004725326518601,0.006910000857748,0.003556533828347,0.011368594229071,-0.018927498168376,0.029021497982155
1403715987.134057998657227,-0.329252763888723,0.114478424181455,0.807560108116449,0.030541093874953,-0.818597264867600,0.009349378903341,-0.573479161478713,0.071631241103680,0.197282842015732,-0.382190472614125,0.069517153163239,0.211098485933835,-0.392231733000187,0.002114087940442,-0.013815643918103,0.010041260386062,0.003475854343326,0.010554914230732,-0.019611567946943,0.031787067988779
1403715987.184057950973511,-0.327521425515597,0.124224466363296,0.787529885567418,0.032876645906160,-0.813027236491474,0.020280019383417,-0.580942819639597,0.057261071567305,0.168219381740088,-0.378892481898867,0.034626800485214,0.194921029528008,-0.400604833027173,0.022634271082091,-0.026701647787920,0.021712351128306,0.001731338373126,0.009746042181841,-0.020030222549032,0.029097687018992
1403715987.234057903289795,-0.326746922273953,0.132077683608508,0.768103876875744,0.033556764905987,-0.808304385473317,0.030122332536913,-0.587035441039282,0.036372526431274,0.132172022848744,-0.364137336585040,0.015490079605370,0.157064494692609,-0.388520544355538,0.020882446825903,-0.024892471843865,0.024383207770498,0.000774503241644,0.007853217245212,-0.019426008691674,0.025040854230688
1403715987.284058094024658,-0.325003681547574,0.136971128577775,0.749811552402086,0.033039058593971,-0.804304159128549,0.039539037770407,-0.591979648896761,0.011240411303564,0.083315622805675,-0.365819164960642,0.034864681529373,0.097868526046540,-0.365845093884877,-0.023624270225810,-0.014552903240865,0.000025928924235,0.001743240726379,0.004893444969267,-0.018292324473658,0.022750011392076
1403715987.334058046340942,-0.325725089843320,0.140307174426772,0.730935655940727,0.029706041191723,-0.802664405156008,0.045652155222525,-0.593938788542898,-0.015732499973902,0.040874976478214,-0.351655599621996,-0.014428179674716,0.066720980610030,-0.377518289256672,-0.001304320299186,-0.025846004131816,0.025862689634676,-0.000721408295747,0.003336045848997,-0.018875896461359,0.014833271166248
1403715987.384057998657227,-0.326091208979316,0.140833060989192,0.713510522444037,0.021944818144672,-0.802591016671366,0.047100573170849,-0.594262249282250,-0.044577515145475,0.001733400692960,-0.340649492299440,-0.007322389703089,0.010517741278899,-0.348503002292168,-0.037255125442385,-0.008784340585939,0.007853509992729,-0.000366119135996,0.000525886562420,-0.017425133496690,0.015804408929720
1403715987.434057950973511,-0.328640038617145,0.140081715618411,0.696560884367120,0.013531430801678,-0.803488691153804,0.046227170780773,-0.593368243378437,-0.072773280633383,-0.026499751237445,-0.332358118425890,-0.050976641371692,-0.015026921746416,-0.338993084827338,-0.021796639261691,-0.011472829491030,0.006634966401448,-0.002548829637829,-0.000751345370781,-0.016949638076917,0.017105955723251
1403715987.484057903289795,-0.332434123649403,0.138236839247677,0.680029838656641,0.004674244491397,-0.805308454274841,0.043935379624262,-0.591207347154256,-0.093705156312136,-0.041899318628054,-0.323814649575024,-0.075881773011651,-0.036897562602940,-0.330621229514551,-0.017823383300485,-0.005001756025114,0.006806579939527,-0.003794085032258,-0.001844876370734,-0.016531045710479,0.019150328126594
1403715987.534058094024658,-0.337110636475787,0.136015720974077,0.664044098670204,0.001571602993737,0.808294675928748,-0.042067626400968,0.587271284619177,-0.109859201421779,-0.051765212264775,-0.310831960204454,-0.093529899739435,-0.044422196014774,-0.319713580118230,-0.016329301682345,-0.007343016250001,0.008881619913776,-0.004676512826384,-0.002221118273600,-0.015985739986437,0.016359656968350
1403715987.584058046340942,-0.343481885647437,0.135960042140876,0.648119932404460,0.006020268848954,0.811285306062052,-0.040547464487945,0.583211635390094,-0.122512634077083,-0.064865959627985,-0.305721236496253,-0.127425104955060,-0.001113577726001,-0.318483629044544,0.004912470877977,-0.063752381901984,0.012762392548290,-0.006371249171650,-0.000055678833201,-0.015924166265744,0.013787868409524
1403715987.634057998657227,-0.348493681718353,0.133881522301757,0.633602415756558,0.009171419842465,0.813396644639537,-0.039236577983884,0.580312221562953,-0.131770611259299,-0.067986087747191,-0.288584503926461,-0.100236017010831,-0.041570436427050,-0.290350609857942,-0.031534594248469,-0.026415651320140,0.001766105931481,-0.005011796070916,-0.002078519839120,-0.014517516647901,0.009902035591180
1403715987.684057950973511,-0.354890368540728,0.131221849230816,0.619489027206451,0.011450771193155,0.814369094967768,-0.037516328799391,0.579020191421575,-0.134253981913347,-0.063502362523339,-0.278624009648195,-0.127933858454730,-0.053193512148096,-0.282268040193925,-0.006320123458617,-0.010308850375243,0.003644030545730,-0.006396686822375,-0.002659673070940,-0.014113388550107,0.006563447578568
1403715987.734057903289795,-0.361238485385945,0.128645218981213,0.605898864101721,0.013201441780870,0.815937194884211,-0.035519851978463,0.576897353135564,-0.135513760587246,-0.062711768602240,-0.270852291531090,-0.126962457985167,-0.051532654137427,-0.271803521306641,-0.008551302602079,-0.011179114464813,0.000951229775551,-0.006348116845217,-0.002576630249603,-0.013590163104730,0.007487633353893
1403715987.784058094024658,-0.367788532226753,0.126514156399655,0.592203411068046,0.015113354714272,0.818545019683257,-0.033370583570491,0.573273094967121,-0.140353351690738,-0.058442860593626,-0.290338656621700,-0.131000437089169,-0.042621089044616,-0.273908015797344,-0.009352914601569,-0.015821771549010,-0.016430640824356,-0.006550046840809,-0.002131062581558,-0.013695453033675,0.010622773560502
1403715987.834058046340942,-0.374128599005354,0.124834019854458,0.578446406575907,0.015434462885154,0.823234356024803,-0.031611451965157,0.566610702793840,-0.134999586893163,-0.048370003323177,-0.293626998034854,-0.126801456499294,-0.033602762950020,-0.275140352237074,-0.008198130393869,-0.014767240373157,-0.018486645797779,-0.006340066778600,-0.001680136545196,-0.013757004492139,0.016682374249606
1403715987.884057998657227,-0.380798564472463,0.122184673731039,0.563965239817804,0.015914413107010,0.828003309207024,-0.029794982337263,0.559704842238477,-0.126358842027367,-0.048408721344595,-0.276441169962953,-0.133399436561810,-0.052986973000696,-0.289623611368645,0.007040594534443,0.004578251656100,0.013182441405692,-0.006669965467110,-0.002649346123419,-0.014481166758102,0.017200487723250
1403715987.934057950973511,-0.386705667190911,0.119985300127450,0.549926797066175,0.014893789159785,0.832181279752789,-0.028557781069852,0.553567471780848,-0.102713253831429,-0.044377603852773,-0.270388974210903,-0.118142167038110,-0.043987514021541,-0.280769122794886,0.015428913206681,-0.000390089831232,0.010380148583983,-0.005907102718448,-0.002199373603589,-0.014038442751629,0.015191493886916
1403715987.984057903289795,-0.391098827824580,0.118029425444204,0.536665076183091,0.014852780737618,0.835540725630459,-0.026620295535552,0.548582218617125,-0.072754189925070,-0.044238072423244,-0.252258974150880,-0.087863296466351,-0.039117530970320,-0.265234670609177,0.015109106541280,-0.005120541452924,0.012975696458297,-0.004393160633669,-0.001955874683247,-0.013261720883084,0.012632385400549
1403715988.034058094024658,-0.393791183283634,0.116256501297474,0.524471818712342,0.014142126113698,0.836534686193619,-0.025134267482624,0.547154445894429,-0.035599833059436,-0.033716017895488,-0.231067885137599,-0.053846903771429,-0.035458347671724,-0.243864219146811,0.018247070711993,0.001742329776236,0.012796334009212,-0.002692355459053,-0.001772924146729,-0.012193257470749,0.004791577887217
1403715988.084058046340942,-0.394886226554136,0.114808064651295,0.513081734422364,0.012884234410592,0.835058075801998,-0.023724873265148,0.549498987196583,-0.006510117376905,-0.034787905434976,-0.210500840790764,-0.021900886296367,-0.028968760550353,-0.227801903048373,0.015390768919462,-0.005819144884624,0.017301062257609,-0.001095043270503,-0.001448436646179,-0.011390084289977,0.006706995244406
1403715988.134057998657227,-0.393788047940763,0.113521870391396,0.503277597621988,0.012410100568198,0.831648315526886,-0.022358961052708,0.554713570724409,0.023115254144553,-0.030891479097828,-0.193867018617764,0.021963593213577,-0.025723909730214,-0.196082923006771,0.001151660930976,-0.005167569367614,0.002215904389007,0.001098178613373,-0.001286194259899,-0.009804136800376,0.012792029555415
1403715988.184057950973511,-0.391999444618658,0.113129361344066,0.493364252043798,0.012294264132010,0.828009714151185,-0.020393224364880,0.560207890644829,0.048496791474457,-0.025470598466066,-0.178689518321638,0.035772100557041,-0.007850188433113,-0.198267100646045,0.012724690917415,-0.017620410032953,0.019577582324407,0.001788603322105,-0.000392509047329,-0.009913345578190,0.013755681973950
1403715988.234057903289795,-0.388787351448602,0.112123892500822,0.484607508758947,0.012472031692814,0.824401401790386,-0.018688617243930,0.565559468789102,0.054417516846566,-0.028002174047872,-0.176602927323034,0.064241924666996,-0.020109396042705,-0.175135032718805,-0.009824407820430,-0.007892778005167,-0.001467894604230,0.003212093170056,-0.001005468843245,-0.008756743284851,0.013356161006584
1403715988.284058094024658,-0.385452111601461,0.111255608532776,0.476453364038910,0.012947134031831,0.820348015194692,-0.017069307191115,0.571463161051092,0.048177870123964,-0.018257114887162,-0.164451328957168,0.066704542485178,-0.017365613116354,-0.163082272291244,-0.018526672361213,-0.000891501770808,-0.001369056665924,0.003335239847141,-0.000868283968046,-0.008154144720037,0.014714843755023
1403715988.334058046340942,-0.382031441252404,0.110926292882609,0.468973347428215,0.013530072129217,0.817129499162233,-0.015422051356007,0.576088950665632,0.049169021642586,-0.003000461480194,-0.156890319671612,0.068413472225320,-0.006586319284544,-0.149600474884032,-0.019244450582733,0.003585857804350,-0.007289844787580,0.003420670349057,-0.000329315650167,-0.007480016610695,0.011800024508355
1403715988.384057998657227,-0.379099235211403,0.112831064053257,0.460980307372771,0.011922884699077,0.813885183410357,-0.015706998299145,0.580691004967334,0.055323564122995,0.006637549632784,-0.146490157524153,0.058644176747451,0.038095459743609,-0.159860953564158,-0.003320612624456,-0.031457910110825,0.013370796040005,0.002932206041000,0.001904771170647,-0.007993040055444,0.011724987526577
1403715988.434057950973511,-0.375011229620231,0.113834667408458,0.454585024694533,0.009488093337121,0.812186233065860,-0.017022965961025,0.583072652019458,0.045623904361769,0.014211798963745,-0.137200192176951,0.081760189796041,0.020072086246271,-0.127905775545211,-0.036136285434272,-0.005860287282526,-0.009294416631739,0.004088005591172,0.001003603355202,-0.006395282678238,0.008054483655274
1403715988.484057903289795,-0.372736276659623,0.114978072297479,0.447802215987935,0.005991370767849,0.810535284417044,-0.019177544756039,0.585345093059158,0.026846985181602,0.018540068734112,-0.150157227349615,0.045499102603472,0.022868119589145,-0.135656303503889,-0.018652117421869,-0.004328050855034,-0.014500923845727,0.002274952960607,0.001143404889020,-0.006782808706598,0.009951673088332
1403715988.534058094024658,-0.369135216663493,0.116834563649328,0.441849447180904,0.000779145903133,0.810007202205768,-0.023549977878816,0.585946348950442,0.016829868576654,0.021333754174464,-0.130423084824606,0.072020925184580,0.037129685398484,-0.119054921982136,-0.055191056607926,-0.015795931224019,-0.011368162842470,0.003601059996130,0.001856491351850,-0.005952768807031,0.013700514213087
1403715988.584058046340942,-0.367453583809817,0.117990329737685,0.436567067526875,0.003146319120339,-0.809844224187472,0.026859772480943,-0.586021318595542,-0.002297514298092,0.017997231481384,-0.129012836464128,0.033632689148154,0.023115343811633,-0.105647693834080,-0.035930203446246,-0.005118112330250,-0.023365142630048,0.001681632853676,0.001155766088356,-0.005282379654029,0.010275457421210
1403715988.634057998657227,-0.367764954052349,0.118656378209120,0.430188852343122,0.008501685575886,-0.810154238396789,0.030965751182710,-0.585336615635634,-0.015018449494345,0.006237456076464,-0.117696459616929,-0.006227410789566,0.013320982132577,-0.127564425329971,-0.008791038704779,-0.007083526056113,0.009867965713042,-0.000311370242532,0.000666048471435,-0.006378215183753,0.013580002217639
1403715988.684057950973511,-0.367727012095069,0.119172356635950,0.424673005854636,0.014155060356478,-0.811236234416574,0.035829851847989,-0.583448050774422,-0.040352884367015,-0.011067070576715,-0.116529526516132,0.000758839869288,0.010319578378133,-0.110317034976242,-0.041111724236302,-0.021386648954848,-0.006212491539890,0.000037941957280,0.000515978426831,-0.005515846488486,0.015538058810762
1403715988.734057903289795,-0.370287887317726,0.118169896233741,0.419254445889720,0.017073676058208,-0.812881219442180,0.038494536325726,-0.580905141427688,-0.048431626807105,-0.036624552654537,-0.107024752516271,-0.051217553298002,-0.020049227164629,-0.108371302649244,0.002785926490898,-0.016575325489909,0.001346550132973,-0.002560875222657,-0.001002460402210,-0.005418559964916,0.009958167678343
1403715988.784058094024658,-0.373375794359423,0.115591622251739,0.414363666102410,0.018331684254654,-0.815839388811856,0.039924411062199,-0.576607390185750,-0.054594392698313,-0.066703191615632,-0.095890847666494,-0.061757905246217,-0.051565282934086,-0.097815222610753,0.007163512547904,-0.015137908681546,0.001924374944259,-0.003087907041696,-0.002578273982001,-0.004890779787311,0.011108309942494
1403715988.834058046340942,-0.376446700399353,0.111826945523378,0.410741270953190,0.016155859216237,-0.819033661058386,0.038878115734269,-0.572198691350509,-0.062639107681684,-0.094793312231924,-0.080612741796688,-0.061418179371547,-0.075293606372794,-0.072447972076152,-0.001220928310137,-0.019499705859130,-0.008164769720536,-0.003070906039930,-0.003764676728361,-0.003622395149219,0.011911180286309
1403715988.884057998657227,-0.380227844280136,0.106568085649637,0.407534981037230,0.012415008879839,-0.821874967478104,0.036720961667955,-0.568347584108140,-0.053463791340086,-0.113892614048998,-0.061377632195567,-0.075622949735334,-0.105177297779724,-0.064125859474401,0.022159158395248,-0.008715316269275,0.002748227278833,-0.003781143880783,-0.005258859873742,-0.003206289915961,0.012892085625647
1403715988.934057950973511,-0.383762055605934,0.100092098498225,0.405191773168225,0.008675887657222,-0.823921085728657,0.034742152926453,-0.565572061080731,-0.048494446665547,-0.141134796978190,-0.040687352608425,-0.070684293925754,-0.129519866547991,-0.046864202073284,0.022189847260206,-0.011614930430199,0.006176849464858,-0.003534211325798,-0.006475987151411,-0.002343207869005,0.010915477719659
1403715988.984057903289795,-0.386943435021038,0.092644649044556,0.403808462732893,0.005286657656458,-0.824904434897959,0.032990555674468,-0.564283924786798,-0.040896066921532,-0.155952023656321,-0.026716728534315,-0.063627648982134,-0.148949131122351,-0.027666235091209,0.022731582060602,-0.007002892533970,0.000949506556894,-0.003181379415104,-0.007447449453670,-0.001383310435332,0.008290058680323
1403715989.034058094024658,-0.389023302203557,0.084665032111766,0.403129861557983,0.001407963363055,-0.825525930257639,0.030954783797247,-0.563512872498486,-0.031127541311129,-0.160488465419679,-0.016534924138287,-0.041597184969699,-0.159591729861670,-0.013571971725235,0.010469643658570,-0.000896735558008,-0.002962952413052,-0.002079867182518,-0.007979616932790,-0.000678601174910,0.008982081845853
1403715989.084058046340942,-0.391053436773979,0.076306310442541,0.402089742250482,0.000556237032697,0.826278067905404,-0.030437872257736,0.562439135401598,-0.027283875829508,-0.172564666630020,-0.012653190304746,-0.040602730130233,-0.167174592814600,-0.020802405988739,0.013318854300725,-0.005390073815420,0.008149215683993,-0.002030134570423,-0.008358721669224,-0.001040119307501,0.004834834423092
1403715989.134057998657227,-0.392636942473554,0.067341457622090,0.401363556463787,0.002877263772040,0.825850457858785,-0.029575180393269,0.563105719481100,-0.014965584077617,-0.176612961362945,-0.007119753517290,-0.031670144194503,-0.179297227400188,-0.014523729584816,0.016704560116886,0.002684266037243,0.007403976067527,-0.001583505699575,-0.008964852820451,-0.000726185786695,0.005199457999144
1403715989.184057950973511,-0.393806351071225,0.058311388710572,0.400472408865863,0.003715944259127,0.826031360166739,-0.029654806140099,0.562831214710186,0.000624230926997,-0.181166281292927,-0.000300964052728,-0.023388194258146,-0.180601550465426,-0.017822968955779,0.024012425185142,-0.000564730827501,0.017522004903051,-0.001169408597671,-0.009030068911518,-0.000891147597924,0.001808650091852
1403715989.234057903289795,-0.395006724286341,0.049443457405351,0.395299564903134,0.005279933656797,0.826191161042559,-0.029644747571795,0.562584639549581,0.005652100923195,-0.182567490579863,-0.007747344250095,-0.024007487197634,-0.177358795246946,-0.103456977918854,0.029659588120829,-0.005208695332917,0.095709633668759,-0.001200373215116,-0.008867931305221,-0.005172843962730,0.003182766202614
1403715989.284058094024658,-0.395161916948026,0.040170032401498,0.394438601892841,0.005638576225039,0.825836830357898,-0.030201265784986,0.563071593696184,0.010430479396869,-0.180809495582663,-0.009948005111784,-0.003103841393494,-0.185467792573573,-0.017219194519833,0.013534320790363,0.004658296990910,0.007271189408050,-0.000155192661685,-0.009273425003853,-0.000860963010292,0.001789985074394
1403715989.334058046340942,-0.394580129692644,0.030958949903203,0.393701702837673,0.006420430963897,0.825513753923904,-0.030182809587012,0.563537769944603,0.019765580023603,-0.187426741014526,-0.005824670145245,0.011635756204366,-0.184221825653534,-0.014737995158624,0.008129823819237,-0.003204915360992,0.008913325013379,0.000581787255382,-0.009211082498296,-0.000736899055169,0.001932186547090
1403715989.384057998657227,-0.394062926674616,0.021739141273380,0.391599171696665,0.007033824882261,0.824780695893529,-0.030431041052156,0.564589479825292,0.033472094215688,-0.185870744443869,-0.008038209649757,0.010344070225436,-0.184396348450522,-0.042050662922783,0.023128023990252,-0.001474395993347,0.034012453273025,0.000517203018028,-0.009219808629823,-0.002102531141007,0.002885369348313
1403715989.434057950973511,-0.392406309108948,0.012665960449599,0.390643911869117,0.007846770081259,0.825312462358776,-0.030254228570476,0.563810650243670,0.035864899057834,-0.182131327265799,-0.007176825831805,0.033132382910867,-0.181463789532967,-0.019105214771125,0.002732516146967,-0.000667537732831,0.011928388939321,0.001656617565668,-0.009073180823781,-0.000955259827549,0.002515149179782
1403715989.484057903289795,-0.389450717978606,0.003659332407161,0.390364194728799,0.007637533055532,0.825284601387437,-0.030990937069813,0.563814292671922,0.048816992985800,-0.182949600072442,-0.011016035449327,0.059111878980315,-0.180132732636715,-0.005594348141536,-0.010294885994515,-0.002816867435727,-0.005421687307791,0.002955591130342,-0.009006628042438,-0.000279717140317,0.001532721860868
1403715989.534058094024658,-0.387054786042499,-0.005588727691249,0.389269692666390,0.007660648881472,0.825724448287319,-0.031303802620664,0.563152307906843,0.058983420980941,-0.184017790691698,-0.009703004868731,0.047918455927738,-0.184960496399907,-0.021889957744626,0.011064965053203,0.000942705708209,0.012186952875895,0.002395931936107,-0.009248060098410,-0.001094502062409,0.001708927574048
1403715989.584058046340942,-0.383687057660962,-0.015017880434546,0.388607377510692,0.008545377032434,0.824622778132050,-0.030895874591379,0.564774021401823,0.079125029634828,-0.192111384569145,0.002923748058464,0.067354631865122,-0.188583234712935,-0.013246315746625,0.011770397769706,-0.003528149856210,0.016170063805089,0.003367728381537,-0.009429152743297,-0.000662315155698,0.004378485072613
1403715989.634057998657227,-0.379520375761475,-0.024564794735161,0.388199745987574,0.009771605845066,0.822083833124536,-0.030326164682797,0.568474283297064,0.084449064802314,-0.195948033935592,0.005667429899457,0.083333717462974,-0.190938468105412,-0.008152638237319,0.001115347339341,-0.005009565830179,0.013820068136776,0.004166681899487,-0.009546914300615,-0.000407631523118,0.009373670900033
1403715989.684057950973511,-0.375584004235548,-0.034055739722767,0.387112895568743,0.010982017719981,0.819212992162297,-0.029360274984393,0.572632031074176,0.086452231148921,-0.185609634200971,-0.014931798053163,0.078727505598932,-0.189819080777684,-0.021737029106677,0.007724725549990,0.004209446576713,0.006805231053515,0.003936371525927,-0.009490944987605,-0.001086850418832,0.010569143620244
1403715989.734057903289795,-0.371025721402342,-0.042980178303569,0.384889520854837,0.011731962217314,0.816512728106786,-0.028847342076851,0.576486909441355,0.088426545006675,-0.184214289865830,-0.035549600222618,0.091165743606553,-0.178488941836359,-0.044467536685653,-0.002739198599878,-0.005725348029471,0.008917936463035,0.004558282833206,-0.008924438580802,-0.002223374713905,0.009586881475762
1403715989.784058094024658,-0.367150619208820,-0.051845210731185,0.382050490405499,0.012908455819161,0.814487161128178,-0.027649765577316,0.579378569321687,0.091841136267891,-0.184929431026613,-0.055247904874460,0.077501748224734,-0.177299972206610,-0.056780392386764,0.014339388043157,-0.007629458820003,0.001532487512304,0.003875102193522,-0.008865032427616,-0.002839030449339,0.007818686483080
1403715989.834058046340942,-0.362734333610257,-0.060490344555134,0.378291095801773,0.014049777242222,0.813293806902466,-0.026396938951343,0.581084321787756,0.079850586188984,-0.171314729401233,-0.077293835546354,0.088325796205295,-0.172902841371988,-0.075187963779341,-0.008475210016312,0.001588111970755,-0.002105871767013,0.004416285598563,-0.008645133823949,-0.003759394603726,0.005368753768169
1403715989.884057998657227,-0.359274088644073,-0.068809641858619,0.373734631295204,0.015157949337366,0.812337616424421,-0.025009982151251,0.582453718596225,0.069116289110353,-0.170131615154591,-0.089923742314047,0.069204965322682,-0.166386104747856,-0.091129377039124,-0.000088676212329,-0.003745510406735,0.001205634725077,0.003460244966184,-0.008319297303485,-0.004556464506569,0.004874933988669
1403715989.934057950973511,-0.356824324202759,-0.076626788088763,0.368631317114797,0.017747429381203,0.811847525114135,-0.022595815805720,0.583162116245978,0.054759838955769,-0.157267332590639,-0.097306601319724,0.048995335551879,-0.156343073703253,-0.102066380946237,0.005764503403890,-0.000924258887386,0.004759779626513,0.002449764441314,-0.007817146230144,-0.005103314180408,0.007287149634916
1403715989.984057903289795,-0.355492308824848,-0.083664538957168,0.364073222176419,0.018130754318746,0.812095073636384,-0.021351246010085,0.582852461105867,0.043772552436523,-0.140404491113393,-0.088001948070580,0.026640332964416,-0.140755151602670,-0.091161985706401,0.017132219472107,0.000350660489277,0.003160037635821,0.001332015377911,-0.007037750868405,-0.004558094938378,0.002722542081768
1403715990.034058094024658,-0.354099784428900,-0.090169924220553,0.359454712579432,0.018823332487859,0.812428498057568,-0.019932208679213,0.582415937930225,0.034762243005193,-0.135732349437142,-0.084366187197763,0.027850381678179,-0.130107208948072,-0.092369839576761,0.006911861327014,-0.005625140489071,0.008003652378998,0.001392524395948,-0.006505385263384,-0.004618509596987,0.003343684461760
1403715990.084058046340942,-0.352346094217883,-0.095904197490021,0.354709873735142,0.018783074000533,0.812732861242202,-0.019312056577236,0.582013347663877,0.025706332967429,-0.124943337083453,-0.090890230917870,0.035073837669370,-0.114685574762050,-0.094896867386516,-0.009367504701941,-0.010257762321403,0.004006636468646,0.001753690211018,-0.005734273269468,-0.004744838844291,0.001601156181982
1403715990.134057998657227,-0.350990191565630,-0.101076244476696,0.349188266364947,0.019010537888775,0.813399914233974,-0.018768088670271,0.581091161368858,0.010034881827609,-0.112499850392779,-0.110757941780241,0.027118078906879,-0.103441038382570,-0.110432252720289,-0.017083197079269,-0.009058812010209,-0.000325689059952,0.001355902652253,-0.005172046986675,-0.005521607370194,0.002563613375807
1403715990.184057950973511,-0.349351729603627,-0.105205710133958,0.342619455365578,0.018679791642724,0.814155037752484,-0.018327665754024,0.580057528659395,0.006653193571762,-0.100271352585877,-0.135315083533612,0.032769270491259,-0.082589391908625,-0.131376345277644,-0.026116076919497,-0.017681960677253,-0.003938738255968,0.001638461962002,-0.004129465657262,-0.006568810999370,0.002787094433061
1403715990.234057903289795,-0.348483509276255,-0.108890470280681,0.335641474166010,0.019555250220572,0.815065429632403,-0.017339508773389,0.578779128029384,-0.003125038176904,-0.079637166084983,-0.136900234815125,0.017364423107454,-0.073695273215748,-0.139559757085915,-0.020489461284358,-0.005941892869235,0.002659522270789,0.000868220327372,-0.003684760146723,-0.006977981199568,0.004101709380101
1403715990.284058094024658,-0.347750688164827,-0.111694762143944,0.328532440649269,0.019738861390285,0.815394438825376,-0.016718462497152,0.578327571100840,-0.005259729774004,-0.061295922036475,-0.140408148580917,0.014656366318966,-0.056085623315576,-0.142180127960665,-0.019916096092970,-0.005210298720899,0.001771979379748,0.000732821111428,-0.002804291863262,-0.007109033516741,0.001710628296064
1403715990.334058046340942,-0.345728258430472,-0.112956483769965,0.320949305995860,0.020721277188740,0.815703210738975,-0.016135503897251,0.577874161194093,-0.009568280737068,-0.041789989969129,-0.137803842326323,0.040448633261923,-0.025234456585883,-0.151662837705144,-0.050016913998991,-0.016555533383245,0.013858995378820,0.002022429734355,-0.001261721626022,-0.007583134653410,0.002534484076134
1403715990.384057998657227,-0.344621864767442,-0.113970545644218,0.312902660660575,0.021518673448745,0.816031039327208,-0.015407163547165,0.577401860803196,-0.009385727088882,-0.026445201155048,-0.170979856921344,0.022127894363388,-0.020281256826765,-0.160933060183416,-0.031513621452270,-0.006163944328283,-0.010046796737928,0.001106393663029,-0.001014061874253,-0.008046645335284,0.002446924510131
1403715990.434057950973511,-0.343448847828139,-0.114091052064450,0.303021297345514,0.022062285775865,0.816826739152962,-0.014910668219948,0.576268171708552,-0.008649468072307,-0.004722830045242,-0.203156230384828,0.023460361159606,-0.002410130703125,-0.197627454773458,-0.032109829231913,-0.002312699342117,-0.005528775611370,0.001173016939303,-0.000120506420232,-0.009881363315062,0.003137139877277
1403715990.484057903289795,-0.343299016597395,-0.113783044767871,0.291592628712267,0.023269575423631,0.817617476354557,-0.013829163992829,0.575125154590259,-0.013777226141732,0.013929914833187,-0.240220976588047,0.002996627472686,0.006160151806362,-0.228573590649686,-0.016773853614418,0.007769763026825,-0.011647385938361,0.000149831230744,0.000308007296579,-0.011428668633246,0.004270341847416
1403715990.534058094024658,-0.343329674268751,-0.112664800404280,0.278547983269633,0.023018330166072,0.818161637319297,-0.013747903145883,0.574362852954876,-0.007965401954247,0.038133215955816,-0.279297769486436,-0.000613151088128,0.022364801956861,-0.260891913629011,-0.007352250866119,0.015768413998955,-0.018405855857426,-0.000030657671356,0.001118244363591,-0.013044645442634,0.001946219430663
1403715990.584058046340942,-0.343263624243123,-0.110777868058705,0.263908742430363,0.023279826094380,0.819212166530309,-0.013227679639013,0.572865171220158,-0.005749903421173,0.056343512720441,-0.300226292704312,0.001321001772365,0.037738682901918,-0.292785096007033,-0.007070905193538,0.018604829818522,-0.007441196697280,0.000066050025628,0.001886932345575,-0.014639240839270,0.003839622872583
1403715990.634057998657227,-0.343611130914240,-0.108075690333358,0.248499381969692,0.023459009820533,0.820717627681391,-0.012796674660725,0.570708765999698,0.000258801330674,0.076145378602132,-0.318551118514271,-0.006950140050513,0.054043606046929,-0.308187503123922,0.007208941381188,0.022101772555203,-0.010363615390350,-0.000347506671117,0.002702177725347,-0.015409360460671,0.005342049454144
1403715990.684057950973511,-0.343745511583155,-0.104417223928089,0.232268445917245,0.023844572893505,0.822467181230709,-0.012129935370444,0.568183101482125,-0.000171888169392,0.101517566759692,-0.320575877157101,-0.002687615941415,0.073169397885156,-0.324619030629769,0.002515727772023,0.028348168874536,0.004043153472668,-0.000134380668915,0.003658466405269,-0.016230936052447,0.006335022471937
1403715990.734057903289795,-0.343330885953007,-0.099829264746786,0.215410000531341,0.023362494495014,0.824091835686929,-0.012085974846649,0.565845181491479,0.018324811388005,0.116017896446356,-0.332552718565162,0.008292520511323,0.091759271134533,-0.337169229267717,0.010032290876682,0.024258625311823,0.004616510702555,0.000414625630148,0.004587959181304,-0.016858445385904,0.005775711173558
1403715990.784058094024658,-0.343184235403234,-0.094865039697012,0.198526681685952,0.023507994269036,0.824885968460516,-0.011609963219573,0.564690819826606,0.026392761370063,0.130127427577545,-0.320075598226498,0.002932999806953,0.099284122256606,-0.337665088817688,0.023459761563110,0.030843305320939,0.017589490591190,0.000146650549773,0.004964225049774,-0.016883318845389,0.002973856335184
1403715990.834058046340942,-0.342446252461395,-0.089060634734156,0.181940140028915,0.022924444821003,0.826600983538377,-0.011229620961060,0.562209195456733,0.037507516185811,0.149971565737933,-0.297975314177780,0.014759672912703,0.116088209967459,-0.331731149504231,0.022747843273109,0.033883355770473,0.033755835326452,0.000737982941839,0.005804404962856,-0.016586541657038,0.006191908939189
1403715990.884057998657227,-0.339938410741618,-0.081326366272288,0.166867877558262,0.023642956543648,0.827763816534763,-0.010691783863744,0.560476369171340,0.054877003675970,0.173854820535504,-0.273252641369023,0.050156882228883,0.154685516756973,-0.301445536893917,0.004720121447087,0.019169303778531,0.028192895524894,0.002507841719778,0.007734268461868,-0.015072262470653,0.004543301693975
1403715990.934057950973511,-0.336504932231833,-0.072521517150716,0.153034206206874,0.023607360865470,0.828688938509807,-0.010483138661723,0.559113082934264,0.077326431036623,0.196668348631324,-0.253588285266445,0.068669635684158,0.176097150370768,-0.276673690884353,0.008656795352466,0.020571198260556,0.023085405617909,0.003433478509784,0.008804849121572,-0.013833671351388,0.003322168291736
1403715990.984057903289795,-0.333395017163849,-0.062667779285007,0.139986773917558,0.024229038587848,0.828491422707186,-0.009248426830133,0.559400914184898,0.093948511070320,0.220405591881236,-0.221993784420299,0.062198360676666,0.197074945259490,-0.260948894646571,0.031750150393654,0.023330646621747,0.038955110226271,0.003109915067984,0.009853737865709,-0.013047432289316,0.002851565298217
1403715991.034058094024658,-0.328827084816634,-0.052227759347055,0.128428993068945,0.024044295442498,0.827097084941735,-0.008441964904690,0.561481092438656,0.115692444433400,0.243805802591372,-0.181334438053677,0.091358298440042,0.208799602251768,-0.231154735186932,0.024334145993358,0.035006200339604,0.049820297133255,0.004567932347215,0.010440019937952,-0.011557780848613,0.005274783131083
1403715991.084058046340942,-0.325727100219620,-0.039108622476575,0.117116076769832,0.023743077732046,0.824726429142830,-0.007663690463430,0.564981283921518,0.125279574859059,0.262806093554150,-0.152954959749517,0.061999751067859,0.262382987637526,-0.226258541759224,0.063279823791200,0.000423105916623,0.073303582009707,0.003099984597014,0.013119136870480,-0.011312916299113,0.008618078968935
1403715991.134057998657227,-0.321172219897660,-0.027918876767075,0.112334363947452,0.017802183002719,0.819877544954185,-0.012077380893781,0.572134626142294,0.072048982942639,0.178786039532631,-0.008871726741333,0.091097693316729,0.223795127617663,-0.095634347651613,-0.019048710374090,-0.045009088085032,0.086762620910280,0.004554880321960,0.011189745709500,-0.004781712822380,0.022755946283694
1403715991.184057950973511,-0.319765898699296,-0.021949271672762,0.113167412952501,0.020875523406069,0.819847523457999,-0.008970376378696,0.572130914345601,0.013840483428076,0.074367357020060,0.062585410058812,0.028126450790761,0.119392215747549,0.016660995990145,-0.014285967362685,-0.045024858727488,0.045924414068667,0.001406321198364,0.005969605094313,0.000833049005049,0.008740673603205
1403715991.234057903289795,-0.319592023597592,-0.019580327593252,0.115769993334650,0.026287627965839,0.820372927930788,-0.004005543665218,0.571210272451523,-0.006927010137412,0.028308386319394,0.030014871019926,0.003477505350472,0.047378926774265,0.052051657283307,-0.010404515487885,-0.019070540454872,-0.022036786263381,0.000173875101703,0.002368944079510,0.002602580382149,0.014841067841387
1403715991.284058094024658,-0.320801413334995,-0.018823041535291,0.115370387728397,0.029134154593087,0.819236322953760,-0.002061214715603,0.572711794520808,-0.023810992182148,-0.012346848182863,-0.033436743710946,-0.024187702479301,0.015145663383086,-0.007992081637688,0.000376710297153,-0.027492511565949,-0.025444662073258,-0.001209389737403,0.000757286057960,-0.000399605606253,0.007856102886611
1403715991.334058046340942,-0.322976891381128,-0.020729659207672,0.111886021282055,0.024896888277602,0.817611168191104,-0.005532755529472,0.575205625163317,-0.033935801062163,-0.065869418899724,-0.100080172400324,-0.043509602416642,-0.038132389813490,-0.069687395385921,0.009573801354480,-0.027737029086234,-0.030392777014403,-0.002175478046133,-0.001906617672380,-0.003484366446342,0.012468595207168
1403715991.384057998657227,-0.325189789479761,-0.024263104511277,0.106269840154792,0.014306961407383,0.818114044873404,-0.012987733784744,0.574731275647413,-0.024542603972400,-0.053724969248884,-0.068862686749702,-0.044258004180390,-0.070668973467286,-0.112323729665530,0.019715400207990,0.016944004218402,0.043461042915827,-0.002212898098633,-0.003533445303605,-0.005616181127264,0.025938658563027
1403715991.434057950973511,-0.326774913293851,-0.024206185020000,0.106405223818472,0.017745841490184,0.818073065057049,-0.010088397876608,0.574751920019632,-0.021287188758422,0.037803545456268,0.019518649601815,-0.031702506515650,0.001138390911192,0.002707675855847,0.010415317757228,0.036665154545076,0.016810973745968,-0.001585123814089,0.000056919491277,0.000135383663680,0.008996484776938
1403715991.484057903289795,-0.328338356807102,-0.023672468553611,0.106217082571493,0.016206171757679,0.817900301921500,-0.011041515389563,0.575025687297169,-0.028995227363915,-0.036392972847801,-0.047766402162896,-0.031268900085377,0.010674339507618,-0.003762828528090,0.002273672721462,-0.047067312355419,-0.044003573634807,-0.001563443513251,0.000533716466389,-0.000188141246979,0.003679028380226
1403715991.534058094024658,-0.330442502858506,-0.025166995468921,0.104087230316116,0.016218217731674,0.818104338048907,-0.010727222784819,0.574740974849099,-0.037793550178653,-0.010205190219459,-0.050798658671557,-0.042082760495078,-0.029890424283273,-0.042596882613337,0.004289210316425,0.019685234063814,-0.008201776058220,-0.002104146051403,-0.001494526915310,-0.002129852255377,0.000941524019535
1403715991.584058046340942,-0.332135953752402,-0.025212362816727,0.103831873735696,0.015595685335821,0.817350769241543,-0.010940849328958,0.575825314166654,-0.029025670568679,-0.006647194093453,-0.002638761393330,-0.033869050177971,-0.000907347821428,-0.005107136478927,0.004843379609292,-0.005739846272026,0.002468375085597,-0.001693450893896,-0.000045367347806,-0.000255356580419,0.002950824279121
1403715991.634057998657227,-0.333341679014882,-0.025589592265865,0.103739266564911,0.015438252860184,0.818018170488251,-0.010992380801337,0.574880075027825,-0.025379754050801,-0.005319348124864,-0.043260485081436,-0.024114528247006,-0.007544596177859,-0.001852145182048,-0.001265225803796,0.002225248052995,-0.041408339899388,-0.001205725262480,-0.000377229449139,-0.000092607170785,0.002337812726322
1403715991.684057950973511,-0.334534783838759,-0.025820346206270,0.102975036820735,0.015744062251974,0.818144464249028,-0.010595103526926,0.574699490084801,-0.035186609584493,-0.001403271732864,-0.024426341605058,-0.023862119234232,-0.004615083209385,-0.015284609460075,-0.011324490350261,0.003211811476521,-0.009141732144983,-0.001193104823877,-0.000230753940405,-0.000764229744177,0.001095280164965
1403715991.734057903289795,-0.335650517659093,-0.026160809794194,0.103997306010051,0.014849974726473,0.817567953872335,-0.011017489656500,0.575535171795170,-0.031033549962809,-0.002497789873336,-0.012115353438485,-0.022314697687638,-0.006809278252316,0.020445403284583,-0.008718852275171,0.004311488378980,-0.032560756723068,-0.001115733820334,-0.000340463587924,0.001022269189316,0.002834453045700
1403715991.784058094024658,-0.336165797114412,-0.026587567024539,0.104648582444467,0.015585003323455,0.817963275133174,-0.010378151118051,0.574965635655027,-0.026535258737088,-0.005399895217376,-0.019858527103868,-0.010305549793820,-0.008535112048030,0.013025479000063,-0.016229708943267,0.003135216830654,-0.032884006103931,-0.000515279455319,-0.000426757230345,0.000651276434416,0.002391377251189
1403715991.834058046340942,-0.336593363403018,-0.026473271372538,0.104993662153020,0.014631396167414,0.817935549388574,-0.010975920428096,0.575019033131391,-0.031018537368172,-0.000821552712113,-0.014140967405246,-0.008551333927301,0.002285915220034,0.006901600752942,-0.022467203440871,-0.003107467932147,-0.021042568158187,-0.000427566288606,0.000114295652001,0.000345079708553,0.002254164943259
1403715991.884057998657227,-0.336881437174419,-0.026414316061235,0.105915256739665,0.015306669198254,0.817726580259589,-0.010375935432035,0.575309730300926,-0.026959949608537,-0.002633761345034,-0.003510460723576,-0.005761480922602,0.001179107350563,0.018431909310941,-0.021198468685935,-0.003812868695597,-0.021942370034517,-0.000288073771401,0.000058955311304,0.000921594586645,0.001943346265738
1403715991.934057950973511,-0.337137626731846,-0.026325728134731,0.106799438251638,0.014781784882477,0.818014765454192,-0.010691338157154,0.574907851418835,-0.027186396067068,-0.002197988964415,-0.005208735295059,-0.005123796034978,0.001771760219752,0.017683647103888,-0.022062600032090,-0.003969749184167,-0.022892382398947,-0.000256189557427,0.000088587926503,0.000884181511972,0.001574217009362
1403715993.734057903289795,-0.336486278143311,-0.026465147267076,0.108636224332029,0.015263291390162,0.817534251611935,-0.010449956039354,0.575582815758104,-0.017536918240318,0.010195336664298,-0.007894808102276,0.000361860336550,-0.000077455075577,0.001020436738361,-0.017898778576869,0.010272791739875,-0.008915244840637,0.000651348588535,-0.000139419132345,0.001836786080392,0.001976445633336
1403715993.784058094024658,-0.336899679749974,-0.026576781259481,0.109421962003256,0.014802001819878,0.818058232896719,-0.010534071717702,0.574848381458162,-0.014675502993895,-0.007069259432017,-0.007522002176590,-0.008268000593349,-0.002232671331122,0.015714693477743,-0.006407502400546,-0.004836588100894,-0.023236695654333,-0.000413401606663,-0.000111633992404,0.000785737671227,0.002033532622999
1403715993.834058046340942,-0.337375725527684,-0.027473574685091,0.110734857283436,0.014805860511130,0.817640687809038,-0.010454171688372,0.575443483261388,-0.014789791686975,-0.011561262425283,0.016073352784200,-0.009520924634061,-0.017935885617211,0.026257930645112,-0.005268867052914,0.006374623191928,-0.010184577860911,-0.000476045777710,-0.000896793425611,0.001312895280180,0.001462722098721
1403715993.884057998657227,-0.336888786685438,-0.027409458740097,0.112465294816824,0.014871717851281,0.817996566185085,-0.010403869593142,0.574936700181030,-0.003890249323089,0.001372093780405,-0.002427323888725,0.009738786132554,0.001282320122805,0.034608783673259,-0.013629035455643,0.000089773657600,-0.037036107561984,0.000486938842246,0.000064115944994,0.001730437533388,0.001249553538757
1403715993.934057950973511,-0.336864782880172,-0.027627115513834,0.113225185821986,0.014581727181781,0.818351319066032,-0.010583160917296,0.574435800172900,-0.019520459817173,-0.005945719929730,0.010587124212696,0.000480076563157,-0.004353139626228,0.015197834597022,-0.020000536380330,-0.001592580303502,-0.004610710384326,0.000024003805266,-0.000217656773738,0.000759891005162,0.001404265518873
1403636611.513555526733398,0.001979054671680,0.006804635477097,-0.000765485606091,0.020600925316026,-0.794607116224637,0.016336707126476,-0.606554403760746,0.009543662240081,-0.004264437087114,-0.001991141576878,0.000000000000000,0.000000000000000,0.000000000000000,0.000000000000000,0.000000000000000,0.000000000000000,0.000000000000000,0.000000000000000,0.000000000000000,0.000000000000000
1403636611.563555479049683,0.013099714790577,-0.007212204616650,-0.012966682595328,0.021473288346248,-0.794772933081230,0.016866499641342,-0.606292341959641,0.015231208400726,0.004163429725383,-0.019837116916841,0.222413414487916,-0.280337069225212,-0.244024172504337,-0.207182206087190,0.284500498950596,0.224187055587496,0.011120660118898,-0.014016840093747,-0.012201196989238,0.002133418937490
1403636611.613555431365967,0.012904612322578,-0.007893652105744,-0.012791838508604,0.021109904849736,-0.794673415454424,0.016467911334198,-0.606446487815309,0.014424838407472,-0.009842312659003,-0.011655380401884,-0.003902053081271,-0.013628962779468,0.003496885069374,0.018326891488743,0.003786650120465,-0.015152265471258,-0.000195102467999,-0.000681447489094,0.000174844086724,0.001139447086497
1403636611.663555383682251,0.012507876439778,-0.008254361834404,-0.012578860839892,0.021637352614058,-0.794642068837209,0.016958267901944,-0.606455459663561,0.010314079598013,0.001087975138895,-0.020016566597584,-0.007934725223157,-0.007214201453196,0.004259557436470,0.018248804821170,0.008302176592091,-0.024276124034055,-0.000396735882801,-0.000360709728660,0.000212977668712,0.001441823615419
1403636611.713555574417114,0.011928305009533,-0.008999559856219,-0.012091605200199,0.020973263070322,-0.794467745366324,0.016579407295058,-0.606717600752176,0.008382401621412,-0.012342898526414,-0.013230879093416,-0.011591384387270,-0.014903903582430,0.009745075619345,0.019973786008682,0.002561005056015,-0.022975954712761,-0.000579571430245,-0.000745198021815,0.000487255639693,0.001653670998628
1403636611.763555526733398,0.011540726548554,-0.008765540800806,-0.011545283421166,0.021531922195738,-0.794520208734536,0.016827359133090,-0.606622497294315,0.008654341670470,0.010383671554398,-0.014892012309187,-0.007751576612063,0.004680385571825,0.010926446000939,0.016405918282534,0.005703285982574,-0.025818458310125,-0.000387578460979,0.000234019055413,0.000546321779033,0.001241575156309
1403636611.863555431365967,0.009845550941057,-0.010357864097393,-0.010140741082312,0.020705847033307,-0.794376471974454,0.016399207229770,-0.606851180005682,0.008967427168157,0.013925899841321,-0.011731470375814,-0.016951772241438,-0.015923248151456,0.014045436783311,0.025919199409595,0.029849147992777,-0.025776907159125,-0.001695175607497,-0.001592323296586,0.001404542338854,0.001937700016053
1403636611.913555383682251,0.008501786734550,-0.010497858474331,-0.009310420142468,0.020978074726054,-0.794562361260866,0.016301464254927,-0.606601052349475,0.016923112771602,0.022535098016087,-0.010388152103281,-0.026875309760427,-0.002799890208957,0.016606434633996,0.043798422532028,0.025334988225044,-0.026994586737277,-0.001343764206507,-0.000139994376939,0.000830320939843,0.000850365284451
1403636611.963555574417114,0.007486750059258,-0.010628999757105,-0.008531290436972,0.021482184218256,-0.794484130515244,0.016501853940843,-0.606680452080965,0.001984833543007,0.033759665762892,-0.019133082088896,-0.020300656064982,-0.002622815650216,0.015582534667284,0.022285489607989,0.036382481413108,-0.034715616756180,-0.001015036675292,-0.000131141282773,0.000779129705497,0.001107622283465
1403636612.063555479049683,0.008141388228106,-0.008952072885544,-0.009682314597345,0.020914816156143,-0.794571792435587,0.016151622361226,-0.606594891361570,0.003959005956444,0.032840143509306,-0.015469540529936,0.006546387931598,0.016769284708041,-0.011510252580769,-0.002587381975154,0.016070858801265,-0.003959287949167,0.000654638168848,0.001676926871560,-0.001151024160374,0.001355837664594
1403636612.113555431365967,0.008519474410430,-0.007474689045024,-0.010347068004603,0.022295978343575,-0.794522101386000,0.016852811476239,-0.606591709887487,0.008364212261752,0.022283115372955,-0.013225321078876,0.007561730857910,0.029547704989289,-0.013295080824324,0.000802481403842,-0.007264589616334,0.000069759745447,0.000378086182324,0.001477383840520,-0.000664753407257,0.003099519295200
1403636612.213555574417114,0.008997560518016,-0.006675076830035,-0.011162979975477,0.022468680959934,-0.794742722298097,0.017087571753586,-0.606289682100641,0.007833822282866,-0.003397786437425,-0.011036475402283,0.004780854236789,0.007996110711362,-0.008159108037047,0.003052968046077,-0.011393897148787,-0.002877367365236,0.000478086107586,0.000799612214989,-0.000815911970874,0.000948331073510
1403636612.263555526733398,0.009407167127401,-0.006949748699796,-0.011683062043526,0.019654125555259,-0.794573628374501,0.015326630778808,-0.606656046561319,0.005699438217025,0.020955024875516,-0.012255955411917,0.008192140000339,-0.005493442634181,-0.010401651280776,-0.002492701783314,0.026448467509696,-0.001854304131142,0.000409606609385,-0.000274671869761,-0.000520082068049,0.006688934546526
1403636612.313555479049683,0.003314815833666,-0.013924467185050,-0.005207103376773,0.022932378537919,-0.794513130752557,0.017407506972941,-0.606564068979816,0.011950737988615,0.002332039544878,-0.000878122699229,-0.121847142077193,-0.139494502737402,0.129519296854287,0.133797880065808,0.141826542282280,-0.130397419553516,-0.006092351293735,-0.006974718485254,0.006475958666753,0.007768945144628
1403636612.363555431365967,0.003016528066602,-0.014205647520430,-0.005017543144773,0.020462074999589,-0.794587711960860,0.015700404210882,-0.606601326074326,0.001867962510665,-0.004475514249619,-0.003748391671202,-0.005965761030661,-0.005623612070697,0.003791208255576,0.007833723541326,0.001148097821078,-0.007539599926778,-0.000298287767063,-0.000281180335380,0.000189560232000,0.006007847083507
1403636612.413555383682251,0.002712033872771,-0.013788015477584,-0.004842026858575,0.022522555828019,-0.794469162905987,0.017136293054559,-0.606644732220418,0.003903621622915,0.001562028681870,0.002633080146876,-0.006089889684399,0.008352648822634,0.003510329071687,0.009993511307314,-0.006790620140763,-0.000877248924811,-0.000304494193831,0.000417632042846,0.000175516286199,0.005029234263670
1403636612.463555574417114,0.002488833277306,-0.014176986282292,-0.004512515076027,0.020658377253224,-0.794479555126603,0.015882183259572,-0.606731591554295,0.007025521566400,-0.006971683936489,0.001824516042802,-0.004463994880515,-0.007779386418147,0.006590210511299,0.011489516446915,0.000807702481659,-0.004765694468497,-0.000223200595465,-0.000388970804708,0.000329511782548,0.004496935760578
1403636612.513555526733398,0.002553146741039,-0.013834962925572,-0.004428382104588,0.022269116663951,-0.794473311742176,0.017008775116406,-0.606652243827934,0.003563352060217,0.004790048652635,0.001294946989410,0.001286270501353,0.006840473657979,0.001682661033481,0.002277081558864,-0.002050425005344,-0.000387714044071,0.000064313463733,0.000342023356720,0.000084132971439,0.003934476814348
1403636612.563555479049683,0.002566997378379,-0.014242984944965,-0.004056184904014,0.020895838391642,-0.794442425584607,0.016145203997212,-0.606765134757301,0.002766040991217,-0.011194307417650,0.007271579248538,0.000277013010973,-0.008160448170266,0.007443951110593,0.002489027980244,-0.003033859247384,-0.000172371862055,0.000013850637340,-0.000408022019393,0.000372197200574,0.003252904665358
1403636612.613555431365967,0.002561426267327,-0.014190244608452,-0.003827631016925,0.021865362635143,-0.794447551558264,0.016871909330702,-0.606704485244216,0.000645494387494,0.002826840898771,0.000805290319573,-0.000111422327297,0.001054807736187,0.004571082101106,0.000756916714791,0.001772033162584,-0.003765791781533,-0.000005571111052,0.000052740336512,0.000228553887089,0.002426341047493
1403636612.663555383682251,0.002725049098464,-0.014447711948706,-0.003580254807290,0.020963993287361,-0.794494142607296,0.016206864835294,-0.606693420007466,0.003975794667368,-0.006252372046007,0.006961848121077,0.003272459743594,-0.005149351715876,0.004947528911032,0.000703334923775,-0.001103020330131,0.002014319210045,0.000163622831137,-0.000257467340254,0.000247376209635,0.002242359630866
1403636612.713555574417114,0.002880033975545,-0.014184349673844,-0.003397933257991,0.021885041770072,-0.794470875693741,0.016805699013389,-0.606675070446951,-0.001616688525052,0.004503497184250,0.001158942333726,0.003099685717267,0.005267225404367,0.003646417075996,-0.004716374242320,-0.000763728220117,-0.002487474742270,0.000154984877081,0.000263362274862,0.000182321549299,0.002198008969241
1403636612.763555526733398,0.002982865476843,-0.014440139138213,-0.003244280215173,0.020952060862122,-0.794528549324498,0.016275867961019,-0.606646924970410,0.002397395989388,-0.007434644528831,0.005834124182119,0.002056631987318,-0.005115794166178,0.003073063787070,0.000340764002070,-0.002318850362653,0.002761060395049,0.000102831501298,-0.000255789464369,0.000153653042818,0.002149690996537
1403636612.813555479049683,0.003221220138133,-0.014116087385406,-0.003165322778143,0.021562877510620,-0.794481482546258,0.016715505784776,-0.606675208056932,0.002556206745871,0.011766825433886,0.000357266815375,0.004767097772062,0.006481041236934,0.001579150246586,-0.002210891026192,0.005285784196952,-0.001221883431211,0.000238354661290,0.000324051752807,0.000078957437030,0.001509163523652
1403636613.063555479049683,0.003280339612906,-0.014173857869496,-0.002913231710141,0.022023431714332,-0.794473363741225,0.016944525658792,-0.606662942507144,0.004589400971518,-0.003483317997453,0.000933394137439,0.000236477899093,-0.000231081936359,0.001008364272008,0.004352923072425,-0.003252236061094,-0.000074970134569,0.000059119474773,-0.000057770484090,0.000252091068002,0.001029129032431
1403636613.113555431365967,0.007424205670449,-0.012694613846441,-0.004515536119899,0.021415873948114,-0.794567144561547,0.016492196656652,-0.606574332275762,0.006101997395570,0.006728799117479,-0.001994297958547,0.082877400188896,0.029584908675482,-0.032046118756717,-0.076775402793327,-0.022856109558002,0.030051820798170,0.004143866057542,0.001479244023056,-0.001602304409758,0.001536716772344
1403636613.163555383682251,0.007595524381823,-0.012405773741590,-0.004499147521744,0.022029491033953,-0.794434718984654,0.017017334405668,-0.606711289763331,0.003758452638227,-0.002687030722967,0.000288782169848,0.003426377495134,0.005776807606204,0.000327772275681,0.000332075143092,-0.008463838329170,-0.000038990105833,0.000171318711374,0.000288840104851,0.000016388598155,0.001659625873049
1403636613.213555574417114,0.007649063108902,-0.012587474366572,-0.004495831563559,0.021367107816208,-0.794481858483747,0.016601831126211,-0.606684763651633,0.002774289664841,-0.000459546827621,0.001499057135277,0.001070770456911,-0.003633998637029,0.000066318910716,0.001703519207930,0.003174451809407,0.001432738224561,0.000053538727079,-0.000181700624982,0.000003315958185,0.001567571753443
1403636613.263555526733398,0.007536983685413,-0.012444205966712,-0.004455725269317,0.021957868879968,-0.794453537527088,0.016963973041915,-0.606690738616949,0.001785549110130,-0.003223341839146,0.002180018193978,-0.002241590607533,0.002865370729815,0.000802126649818,0.004027139717663,-0.006088712568961,0.001377891544160,-0.000112079423489,0.000143268399859,0.000040106294243,0.001387059043057
1403636613.313555479049683,0.007621577093849,-0.012580943777306,-0.004297278662566,0.021509257633171,-0.794368002127507,0.016685671844531,-0.606826513418061,0.003917569234252,-0.000263584315320,0.002182043306572,0.001691869782222,-0.002734758819938,0.003168935157155,0.002225699452030,0.002471174504618,-0.000986891850583,0.000084593408436,-0.000136737810593,0.000158446606751,0.001103548305849
1403636613.363555431365967,0.007598529070277,-0.012418456549263,-0.004282229524019,0.022030652911590,-0.794412200891298,0.017011536216529,-0.606740894487002,0.003319237645634,-0.004015635078320,0.002359187892136,-0.000460960911047,0.003249747660066,0.000300983057978,0.003780198556682,-0.007265382738386,0.002058204834158,-0.000023048023572,0.000162487228043,0.000015049138547,0.001244708431172
1403636613.413555383682251,0.007576626107137,-0.012620213825028,-0.004211669442196,0.021449445611331,-0.794414330685425,0.016659232044988,-0.606768705910469,0.001753872522603,-0.003982777567843,0.003195191623964,-0.000438059680567,-0.004035149363534,0.001411202982286,0.002191932203170,0.000052371795691,0.001783988641678,-0.000021902963140,-0.000201757275766,0.000070560081823,0.001360438434983
1403636613.463555574417114,0.007410291710412,-0.012520058628574,-0.004119288614328,0.021924114789764,-0.794361950238006,0.017005041833565,-0.606810723172387,-0.000935960925369,-0.003447353571179,0.001728619074639,-0.003326675244239,0.002003096287875,0.001847609509274,0.002390714318870,-0.005450449859054,-0.000118990434635,-0.000166334396725,0.000100155196454,0.000092380827867,0.001182208797929
1403636613.513555526733398,0.007251845635155,-0.012714090236919,-0.004038648411922,0.021479616290014,-0.794357955662894,0.016686275339851,-0.606840697856023,-0.001356232757935,-0.005666333642339,0.002308236544887,-0.003168924527261,-0.003880635867757,0.001612805586228,0.001812691769327,-0.001785697774581,0.000695430958659,-0.000158446075257,-0.000194031608345,0.000080640202407,0.001095637603528
1403636618.513555526733398,0.006470384544251,-0.012722411270639,-0.003462360561344,0.021603998470570,-0.794411310506388,0.016286714950193,-0.606777290202705,-0.001334643792079,-0.007656090027128,0.000917011776779,-0.000156292218181,-0.000001664206744,0.000115257570115,-0.001178351573898,-0.007654425820384,0.000801754206663,-0.000781461090904,-0.000008321033720,0.000576287850577,0.000853197994011
1403636619.513555526733398,0.006232324473804,-0.013103413151054,-0.003456375085832,0.021516355235791,-0.794459191252972,0.016351220862656,-0.606715977593587,-0.003965426019162,-0.016390028442059,-0.001907736339430,-0.000238060070447,-0.000381001880415,0.000005985475513,-0.003727365948714,-0.016009026561644,-0.001913721814942,-0.000238060070447,-0.000381001880415,0.000005985475513,0.000267538044386
1403636621.063555479049683,0.005946546237393,-0.013766732109877,-0.003328833450826,0.020993094146350,-0.794415498316313,0.016062612988450,-0.606799224205989,-0.002618349287064,-0.007072205295027,-0.000004276836055,-0.000184373061421,-0.000427947728535,0.000082284928341,-0.002433976225643,-0.006644257566492,-0.000086561764396,-0.000285778236411,-0.000663318958823,0.000127541635006,0.001209852479123
1403636621.113555431365967,0.005635078041329,-0.013850987853354,-0.003286516868477,0.021575532229945,-0.794421542242747,0.016300113244582,-0.606764547364020,-0.002008518764336,-0.009353904420063,-0.000522960997379,-0.006229369862072,-0.001685116476600,0.000846332454113,0.004220851097736,-0.007668787943463,-0.001369293451493,-0.000311468196064,-0.000084255743477,0.000042316582349,0.001259967488730
1403636621.163555383682251,0.005466966896646,-0.014066244691974,-0.003260346845515,0.021114606406802,-0.794422646619426,0.015938797298939,-0.606788914429998,-0.000112901692429,-0.004533121303506,-0.003386164866084,-0.003362226100130,-0.004305140878106,0.000523400958385,0.003249324407700,-0.000227980425399,-0.003909565824469,-0.000168111144683,-0.000215256838620,0.000026170022962,0.001172342629032
1403636624.113555431365967,0.005272452619358,-0.014668997257420,-0.003440402669673,0.020673529620926,-0.794730271893880,0.016146406068285,-0.606395657701777,-0.009070297830063,-0.004565429923699,-0.003794914536634,-0.000065937042083,-0.000204322900238,-0.000061035871609,-0.009004360787980,-0.004361107023460,-0.003733878665025,-0.000194514277288,-0.000602752565445,-0.000180055824158,0.001395613578768
1403636624.313555479049683,0.004848642605413,-0.015088674803422,-0.004084069186534,0.019444491823391,-0.796331019388396,0.016270618996705,-0.604329451752132,-0.014181579816930,-0.004036536927929,-0.010858829864430,-0.002119049564500,-0.002098387229717,-0.003218331816996,-0.012062530252429,-0.001938149698212,-0.007640498047434,-0.000423810013944,-0.000419677546002,-0.000643666516861,0.005781891782856
1403636624.363555431365967,0.003993715636188,-0.016175202669235,-0.004675641211311,0.018168232654420,-0.799248783927015,0.016822572992371,-0.600490048003561,-0.034973539925383,-0.028731488819719,-0.013944951207729,-0.017098555690955,-0.021730578040150,-0.011831451778887,-0.017874984234428,-0.007000910779569,-0.002113499428842,-0.000854926969225,-0.001086527865813,-0.000591572024777,0.010037512559592
1403636624.413555383682251,0.001721952395936,-0.018086623540060,-0.004850402427352,0.016604828611246,-0.801446022263111,0.017534306271577,-0.597579368091806,-0.054597208412883,-0.038944738084856,-0.014322057534646,-0.045435308135535,-0.038228453874008,-0.003495227654129,-0.009161900277349,-0.000716284210848,-0.010826829880518,-0.002271763240252,-0.001911420870826,-0.000174761216041,0.008062439413569
1403636624.463555574417114,-0.001400001637908,-0.020209138219517,-0.005459621516651,0.016017763179308,-0.804235502082186,0.018901039329153,-0.593794105027680,-0.069969806743659,-0.043087496796297,-0.021927939212578,-0.062438842491586,-0.042450131654729,-0.012184335306426,-0.007530964252072,-0.000637365141568,-0.009743603906152,-0.003121954033843,-0.002122514679457,-0.000609219089299,0.009863481838510
1403636624.513555526733398,-0.005306262570020,-0.022631968033848,-0.005846466621691,0.014573159250365,-0.807028664291209,0.020080125549161,-0.589990802131474,-0.087613380587910,-0.052588426454299,0.001514218924034,-0.078125293148343,-0.048456642498476,-0.007736909479304,-0.009488087439567,-0.004131783955823,0.009251128403338,-0.003906260932113,-0.002422829814331,-0.000386845105041,0.010147718581300
1403636624.563555479049683,-0.009580851081361,-0.025359234764574,-0.006034951055070,0.013130467260647,-0.809040176045494,0.021163705051017,-0.587225409840468,-0.081258876408183,-0.056885986161273,0.004692891354074,-0.085491851758195,-0.054545386633055,-0.003769692262632,0.004232975350012,-0.002340599528218,0.008462583616707,-0.004274588511341,-0.002727266730726,-0.000188484433379,0.007732812527874
1403636624.613555431365967,-0.014260760579491,-0.028735911886914,-0.006313769429474,0.011030661485398,-0.809596192824389,0.020598758857384,-0.586521969072758,-0.095436926588420,-0.073946381238303,-0.013389272002720,-0.093598279224877,-0.067533606851865,-0.005576372806120,-0.001838647363543,-0.006412774386438,-0.007812899196601,-0.004679909498130,-0.003376677122340,-0.000278818374404,0.004704183082377
1403636624.663555383682251,-0.018675875529799,-0.032926422080152,-0.006608506511108,0.008413096278982,-0.808582645822890,0.019698924409457,-0.587992582489070,-0.091231576833521,-0.088878191777818,-0.021779207270731,-0.088302383217870,-0.083810283792482,-0.005894747254352,-0.002929193615651,-0.005067907985336,-0.015884460016379,-0.004415114950308,-0.004190510193238,-0.000294737081634,0.006588274675836
1403636624.713555574417114,-0.023755356430600,-0.038003717229125,-0.007387753450742,0.004498655366723,-0.808671044319482,0.017097379651242,-0.587995394359676,-0.113351259685844,-0.095504319173396,-0.029112347268253,-0.101589230483856,-0.101545515614059,-0.015584879341073,-0.011762029201988,0.006041196440664,-0.013527467927181,-0.005079480900801,-0.005077295148973,-0.000779246939633,0.009401860599194
1403636624.763555526733398,-0.027854404938639,-0.047700416631801,-0.007232885328912,0.002189899834396,-0.807359580250746,0.015465471516883,-0.589852974652849,-0.120914952215941,-0.136153000999169,-0.009156636707844,-0.081981048344013,-0.193934173003546,0.003097365390468,-0.038933903871928,0.057781172004377,-0.012254002098312,-0.004099048508040,-0.009696699402675,0.000154868121830,0.007256454576962
1403636624.813555479049683,-0.034575302189907,-0.055059878070710,-0.006912242312291,0.003827327481619,0.809698549030981,-0.010922444557476,0.586731890616457,-0.147701902834254,-0.139424711566509,0.012351284537132,-0.134418073216425,-0.147189369148900,0.006412866448215,-0.013283829617828,0.007764657582391,0.005938418088917,-0.006720897251268,-0.007359461438909,0.000320643016621,0.016977454667269
1403636624.863555431365967,-0.042613641884048,-0.062539841987617,-0.005341633590715,0.009149763352099,0.812138449459865,-0.006644730042263,0.583355181945094,-0.154884802549753,-0.145124474407108,0.042801755042533,-0.160766947202119,-0.149599421007269,0.031412204388515,0.005882144652365,0.004474946600161,0.011389550654018,-0.008038339694141,-0.007479963916907,0.001570608721575,0.015997847576690
1403636624.913555383682251,-0.051284379482116,-0.069944898833507,-0.001851630025025,0.015758130325434,0.816345028918137,-0.001751752770830,0.577346868400204,-0.177884126133927,-0.147375786767980,0.101750571739955,-0.173414917342711,-0.148101278158183,0.069800137880405,-0.004469208791216,0.000725491390203,0.031950433859550,-0.008670737598068,-0.007405056845890,0.003490003565690,0.022037069800479
1403636624.963555574417114,-0.060408311115362,-0.076734739053994,0.004206748551195,0.021803962331341,0.820188718651124,0.002889112563339,0.571670102465292,-0.188151074701157,-0.133053722447381,0.137450750401630,-0.182477936566831,-0.135796286388023,0.121167109308557,-0.005673138134326,0.002742563940642,0.016283641093073,-0.009123931633246,-0.006789840220487,0.006058378576220,0.020502707944404
1403636625.013555526733398,-0.069732009780415,-0.082250834039853,0.012332120672583,0.025624527503614,0.823746017844399,0.005977322225228,0.566348084921921,-0.183809616047726,-0.112730414712529,0.187420049717488,-0.186474151136671,-0.110322004928449,0.162507597407083,0.002664535088945,-0.002408409784080,0.024912452310405,-0.009323698665053,-0.005516094985859,0.008125372121388,0.016138445865031
1403636625.063555479049683,-0.077850900197651,-0.086150758425764,0.022500445356779,0.028121973087258,0.827436121154947,0.007936912346009,0.560799095452325,-0.167667218127939,-0.082240651466206,0.221021756650159,-0.162377963200412,-0.077998562103446,0.203366687629512,-0.005289254927527,-0.004242089362761,0.017655069020647,-0.008118890417236,-0.003899924385911,0.010168324684196,0.014762875309487
1403636625.113555431365967,-0.084895213827973,-0.088004780639956,0.035118560054392,0.028095033161903,0.830505828652955,0.008558624224114,0.556235101046752,-0.149075917573926,-0.057266783235639,0.260375083478522,-0.140886406966201,-0.037080479646542,0.252362534623923,-0.008189510607725,-0.020186303589097,0.008012548854599,-0.007044313630323,-0.001854022214192,0.012618114697613,0.011070768485181
1403636625.163555383682251,-0.091112205063345,-0.089248120405293,0.049324613252687,0.024193364940138,0.831971408276362,0.006025291165028,0.554258020032094,-0.118570023473362,-0.031357319323292,0.281222783324242,-0.124339943287248,-0.024866819021577,0.284121334925122,0.005769919813886,-0.006490500301714,-0.002898551600879,-0.006216991235372,-0.001243339765337,0.014206053198295,0.010525707235431
1403636625.213555574417114,-0.095729845451297,-0.089718628849441,0.064892655090247,0.020639011425553,0.831212320935365,0.004134649644964,0.555556489841431,-0.094987596153816,-0.024004107355675,0.301498120375431,-0.092352455462383,-0.009410132986154,0.311359649008397,-0.002635140691433,-0.014593974369521,-0.009861528632965,-0.004617640387952,-0.000470508444148,0.015568041837560,0.008595398799266
1403636625.263555526733398,-0.099083492015572,-0.090299542313808,0.080320156808997,0.017696643978675,0.828993024336139,0.002488853159621,0.558973344627329,-0.058770289272183,-0.012127157273535,0.273713837204437,-0.067072995251276,-0.011618280367395,0.308550328631517,0.008302705979094,-0.000508876906141,-0.034836491427080,-0.003353646564274,-0.000580913464367,0.015427501718750,0.010576655702746
1403636625.313555479049683,-0.100763332328405,-0.090407564011955,0.092850991486532,0.015305351353276,0.826910936481418,0.001554549921889,0.562122435704107,-0.033540492478872,-0.006233614653580,0.192089398394791,-0.033596838297102,-0.002160436023303,0.250616932557647,0.000056345818230,-0.004073178630277,-0.058527534162855,-0.001679840312833,-0.000108021698148,0.012530834677536,0.009130849600732
1403636625.363555431365967,-0.098423788299382,-0.089678892333051,0.103290605082363,0.013672203705178,0.825864335061891,0.001609295633997,0.563700790389890,-0.015268724946168,-0.008759617373418,0.074215790539639,0.046790925203747,0.014573447476409,0.208792471036628,-0.062059650149915,-0.023333064849828,-0.134576680496990,0.002339544029022,0.000728671678904,0.010439613595831,0.005002699127878
1403636625.413555383682251,-0.097861739598066,-0.089513725877564,0.104247312183486,0.012935263301768,0.826537590299012,0.001764632426002,0.562730110140214,-0.000939544553830,-0.010995457142367,-0.004727691412833,0.011240984746558,0.003303332260045,0.019134160270218,-0.012180529300389,-0.014298789402412,-0.023861851683052,0.000562048701316,0.000165166455487,0.000956707101123,0.002801930591346
1403636625.463555574417114,-0.097323991402337,-0.089052051442763,0.100856791253729,0.012462958173524,0.828112196555302,0.002229167729537,0.560419392420669,0.020216882921677,-0.005076597869756,-0.065801602351550,0.010754922887822,0.009233453473199,-0.067810159919903,0.009461960033856,-0.014310051342954,0.002008557568353,0.000537748195730,0.000461674434801,-0.003390520929757,0.005747233110509
1403636625.513555526733398,-0.095567890620476,-0.088178034794550,0.094882561182439,0.011664420348007,0.828760948060025,0.002137715586310,0.559477133081117,0.054450628813955,0.002148626031043,-0.086985533310744,0.035122049132205,0.017480349634812,-0.119484715375308,0.019328579681751,-0.015331723603769,0.032499182064564,0.001756100781860,0.000874016648213,-0.005974230071290,0.002796252956752
1403636625.563555479049683,-0.092443863922789,-0.086926177848697,0.088645462592645,0.011281081072035,0.829148963597834,0.002731314866068,0.558907213492173,0.071709718267429,0.010983239147572,-0.059472804414738,0.062480593539873,0.025037162794350,-0.124742090759199,0.009229124727556,-0.014053923646778,0.065269286344461,0.003124026697687,0.001251856945853,-0.006237098589794,0.001974511160168
1403636625.613555431365967,-0.088969804854282,-0.085858096348505,0.085345563442743,0.011541802623882,0.829010881084170,0.003772998306554,0.559100626291921,0.090392891154259,0.017338865924148,0.005905181461511,0.069481247632634,0.021361650375901,-0.065998045938696,0.020911643521625,-0.004022784451753,0.071903227400207,0.003474059068508,0.001068081500192,-0.003299899149903,0.002199595900438
1403636625.663555383682251,-0.085974865178621,-0.085078216317240,0.087368793349215,0.011766991205793,0.828082506561629,0.004611488636411,0.560463767265225,0.103568066352336,0.034961240903051,0.078773078238114,0.059898850637200,0.015597615500344,0.040464636719520,0.043669215715136,0.019363625402707,0.038308441518593,0.002994939675660,0.000779880031265,0.002023229906472,0.003727631689378
1403636625.713555574417114,-0.080772735936948,-0.083571799201375,0.094566952499335,0.010663287870035,0.826285237800274,0.004908195339603,0.563129567420904,0.106534329193648,0.047773161346036,0.185818829708060,0.104042187944024,0.030128227387230,0.143962633828540,0.002492141249623,0.017644933958805,0.041856195879520,0.005202129241674,0.001506417115865,0.007198159150120,0.006824330791522
1403636625.763555526733398,-0.074259003528503,-0.081230397151412,0.105680246029181,0.010753780931848,0.823433140382904,0.005684342474075,0.567282916863760,0.145854113258743,0.049336438411601,0.264853075925185,0.130274772408604,0.046828085658022,0.222266082566371,0.015579340850139,0.002508352753579,0.042586993358814,0.006513732408445,0.002341402049964,0.011113293529846,0.010197140962901
1403636625.813555479049683,-0.066956023592541,-0.077877656528090,0.120979823635488,0.010133963633499,0.820528351174350,0.005967182022554,0.571484838328094,0.169319252970952,0.062485813299173,0.352742920266553,0.146059738012666,0.067054876414951,0.305991843942702,0.023259514958287,-0.004569063115777,0.046751076323850,0.007302979935962,0.003352740623322,0.015299577606307,0.010306924819692
1403636625.863555431365967,-0.059787639308555,-0.074683749273976,0.140852443835930,0.008728846008444,0.817006212739826,0.005745154020133,0.576534169670083,0.162917063870634,0.069052044412907,0.410398895549105,0.143367822405912,0.063878206001275,0.397452783049359,0.019549241464722,0.005173838411631,0.012946112499746,0.007168384283985,0.003193907254114,0.019872620200442,0.012637245104952
1403636625.913555383682251,-0.051606031727848,-0.070915011509025,0.163313674907159,0.007424383259040,0.814822033979347,0.005286044656438,0.579639533854338,0.150387096575023,0.077837956626091,0.466661565044775,0.163632307666076,0.075374827182064,0.449225049838977,-0.013245211091053,0.002463129444027,0.017436515205798,0.008181607580707,0.003768737764951,0.022461231071229,0.008081175721269
1403636625.963555574417114,-0.043919943796453,-0.067079510160270,0.187832440815259,0.006523672837763,0.813109349213034,0.005127348865464,0.582051834640760,0.153812157499961,0.080702649476770,0.496795494958844,0.153721172228166,0.076709734350678,0.490373447535744,0.000090985271795,0.003992915126092,0.006422047423100,0.007686087931395,0.003835501348755,0.024518765908100,0.006193207722122
1403636626.013555526733398,-0.036639261304164,-0.062967766842008,0.212551428473329,0.005596947402297,0.811664307240325,0.004932029513568,0.584076537464685,0.144138703145565,0.084008587422534,0.486761817194481,0.145613788713903,0.082234944790598,0.494380224639120,-0.001475085568338,0.001773642631937,-0.007618407444639,0.007280682492289,0.004111743318262,0.024718987658070,0.005323360477275
1403636626.063555479049683,-0.029857730630860,-0.058643853717020,0.236390769582367,0.001956361235708,0.810775468063182,0.002893045135438,0.585346857279928,0.129081296177687,0.086880803223055,0.468166041254398,0.135630742813651,0.086478344971936,0.476787276880550,-0.006549446635964,0.000402458251120,-0.008621235626151,0.006781530673305,0.004323913124988,0.023839341109038,0.008902832171053
1403636626.113555431365967,-0.023632363634181,-0.054367450066448,0.259518702472474,0.002545463010131,-0.810283308742407,-0.000226338816920,-0.586032788299649,0.119707830445021,0.085034205680360,0.450901479369344,0.124507458673131,0.085528154577437,0.462559098932869,-0.004799628228110,-0.000493948897077,-0.011657619563524,0.006225366996678,0.004276403650572,0.023127932890107,0.010600100385716
1403636626.163555383682251,-0.017820151532447,-0.050198444537576,0.281622985477693,0.006869580800919,-0.809739184225008,0.002587386085690,-0.586744039444357,0.112852557964606,0.078868681961278,0.432642438478695,0.116244352893937,0.083380190095003,0.442086081710515,-0.003391794929331,-0.004511508133725,-0.009443643231820,0.005812212101734,0.004169005528873,0.022104283005219,0.010472259511464
1403636626.213555574417114,-0.012553188260270,-0.046927993569900,0.301844267100662,0.010793519585474,-0.809313472638049,0.004955531695797,-0.587256882162408,0.099871780495782,0.062495784369365,0.379454794850706,0.105338863607665,0.065408769838854,0.404424089703912,-0.005467083111883,-0.002912985469489,-0.024969294853205,0.005266963272177,0.003270450967675,0.020221281622969,0.009262761049518
1403636626.263555526733398,-0.007846293768484,-0.044219417235977,0.319147725893014,0.013053057735940,-0.809013895742419,0.006366081914688,-0.587610080904398,0.088496420722762,0.048829645321644,0.311895835079749,0.094137979612709,0.054171578340503,0.346069505884654,-0.005641558889947,-0.005341933018859,-0.034173670804905,0.004706894491787,0.002708576333923,0.017303458792353,0.005407278314735
1403636626.313555479049683,-0.003281652180431,-0.042347004765760,0.332920921880871,0.014198101567327,-0.808872225370599,0.006755564258895,-0.587774190729265,0.082112995960825,0.032257925381276,0.242416260560943,0.091292918824756,0.037448285117801,0.275464182460253,-0.009179922863931,-0.005190359736525,-0.033047921899311,0.004564641588052,0.001872412470217,0.013773195987857,0.002457498395361
1403636626.363555431365967,0.000995605602655,-0.042760834233038,0.342839814711234,0.014087936994020,-0.808917735348962,0.006648788946512,-0.587715425248227,0.072438642743360,0.008998752161699,0.165143035844211,0.085545237244013,-0.008276597238722,0.198378045795307,-0.013106594500653,0.017275349400420,-0.033235009951096,0.004277257783086,-0.000413829467277,0.009918892830363,0.000340950085472
1403636626.413555383682251,0.004530902954080,-0.043726107016259,0.349575613641787,0.012822182283615,-0.808587513505996,0.005477573390597,-0.588210694252857,0.067817256463816,-0.005830254185654,0.117491456795523,0.070706014459019,-0.019305474075565,0.134716107086341,-0.002888757995202,0.013475219889911,-0.017224650290818,0.003535297351425,-0.000965272783222,0.006735798930552,0.003648681756921
1403636626.463555574417114,0.007688875858841,-0.045284451015092,0.354269498508085,0.010495619243298,-0.808166881784049,0.003485792277002,-0.588849711230590,0.059673762558994,-0.024498003943780,0.088179526153626,0.063159217161919,-0.031166761084899,0.093877339212332,-0.003485454602926,0.006668757141119,-0.005697813058707,0.003157972904761,-0.001558343998833,0.004693884866298,0.006313594730056
1403636626.513555526733398,0.010717822953503,-0.047231578308117,0.358055579231944,0.007763539678043,-0.806269462623327,0.001010066387532,-0.591496627935149,0.045523060714941,-0.036795077126875,0.065427101673974,0.060578999665891,-0.038942582999051,0.075721686691017,-0.015055938950950,0.002147505872177,-0.010294585017043,0.003028947094663,-0.001947127293025,0.003786080723859,0.009838677501628
1403636626.563555479049683,0.012679917423182,-0.050219087183392,0.360794925940222,0.004802919710750,-0.804197778738473,-0.001800940227179,-0.594339651418830,0.030137940657738,-0.047921307683763,0.053988255779940,0.039241926817595,-0.059750234487755,0.054786986414496,-0.009103986159857,0.011828926803993,-0.000798730634555,0.001962094469679,-0.002987508875275,0.002739346708278,0.010778080666067
1403636626.613555431365967,0.014010960527419,-0.053468135930445,0.362320476000107,0.002310915590851,-0.802238711644898,-0.004649731252129,-0.596980811422569,0.011838597863377,-0.053850690152723,0.034198735564157,0.026620887472387,-0.064981036911811,0.030511030295294,-0.014782289609010,0.011130346759088,0.003687705268862,0.001331043104237,-0.003249048747053,0.001525550059885,0.010027844742639
1403636626.663555383682251,0.015181509264824,-0.058826005602187,0.358552903451416,0.000284999675556,-0.800847055067838,-0.007185715261210,-0.598825749830901,-0.013344585541460,-0.062137836380915,-0.002415955879843,0.023410997074570,-0.107157495628180,-0.075351522834649,-0.036755582616030,0.045019659247264,0.072935566954807,0.001170548737405,-0.005357869671741,-0.003767572548692,0.007968959016869
1403636626.713555574417114,0.014343220211411,-0.063398008364850,0.355555154681136,0.000151916051272,0.801146288072445,0.008573492024424,0.598407133366376,-0.040679649778214,-0.059986502870991,-0.032988804860721,-0.016765717112129,-0.091439706438461,-0.059954746696386,-0.023913932666085,0.031453203567470,0.026965941835665,-0.000838289053413,-0.004572002762663,-0.002997748770280,0.003086486873103
1403636626.763555526733398,0.011932229696294,-0.066581466436190,0.353228193537614,0.000181382958605,-0.802578892497377,-0.009745025857628,-0.596466363585526,-0.058971700051373,-0.059652275935285,-0.052368219810395,-0.048219856288368,-0.063669222146516,-0.046539267253748,-0.010751843763006,0.004016946211231,-0.005828952556647,-0.002410990515116,-0.003183458071341,-0.002326961143522,0.005404637629345
1403636626.813555479049683,0.008617192864641,-0.070511637527530,0.347449907625447,0.000586786955503,-0.804378711320154,-0.010550230915864,-0.594022926395622,-0.076104122761283,-0.059461058624919,-0.075854038009583,-0.066300799862445,-0.078603496788932,-0.115565828455505,-0.009803322898838,0.019142438164013,0.039711790445922,-0.003315036831654,-0.003930171091340,-0.005778285912167,0.006331650354405
1403636626.863555431365967,0.004366461778485,-0.073514901774405,0.343023178035249,0.000857452588793,-0.806568232543914,-0.011294787378047,-0.591032468485556,-0.093750972977800,-0.058121119265555,-0.097229430475462,-0.085014702799447,-0.060065342220267,-0.088534676237189,-0.008736270178354,0.001944222954712,-0.008694754238272,-0.004250731086155,-0.003003264246875,-0.004426729590197,0.007580101082715
1403636626.913555383682251,-0.002434348207303,-0.079864146677271,0.340399709848471,0.001168080779430,-0.809064253088883,-0.011842065803524,-0.587599723824412,-0.103909636883630,-0.063420437065138,-0.101860202169471,-0.136016329431041,-0.126985019159681,-0.052469413774292,0.032106692547411,0.063564582094543,-0.049390788395179,-0.006800809985788,-0.006349244902866,-0.002623468186778,0.008581348672743
1403636626.963555574417114,-0.007988958671785,-0.083003272524828,0.334908079488155,0.000569414176933,-0.811837725774997,-0.012477177754583,-0.583749520609016,-0.114847778626500,-0.063311731923798,-0.112240933066300,-0.111091785508107,-0.062782277455745,-0.109832188229787,-0.003755993118393,-0.000529454468053,-0.002408744836513,-0.005554610464482,-0.003139125847556,-0.005491630360317,0.009649462075598
1403636627.013555526733398,-0.013945323919409,-0.086043823628750,0.328868704322107,0.000444179998896,-0.814399679280513,-0.012790243604970,-0.580163231134525,-0.122574342228621,-0.058081143202775,-0.125580676630988,-0.119127418561243,-0.060811080072409,-0.120787618513013,-0.003446923667378,0.002729936869634,-0.004793058117975,-0.005956365247624,-0.003040551103922,-0.006039375166048,0.008840543783980
1403636627.063555479049683,-0.020055580036676,-0.089001978374761,0.323308965055061,0.000064471078816,-0.816690111503145,-0.012937430010253,-0.576931434852696,-0.122223846933654,-0.060009367768858,-0.101840875588049,-0.122205238889339,-0.059163151342611,-0.111194891384619,-0.000018608044316,-0.000846216426247,0.009354015796569,-0.006110256117267,-0.002958154746012,-0.005559739267045,0.007964031799916
1403636627.113555431365967,-0.024370250053795,-0.093781056313217,0.319750717092127,0.000173867975661,-0.819585002860898,-0.013081518347549,-0.572808228583661,-0.111693573839794,-0.053296911730372,-0.046894637035808,-0.086293482638251,-0.095581649922880,-0.071165027126940,-0.025400091201543,0.042284738192508,0.024270390091132,-0.004314670017119,-0.004779077938456,-0.003558247962934,0.010082461775296
1403636627.163555383682251,-0.029326752338006,-0.097115906432595,0.319886853677388,0.000699457017354,-0.819039314324026,-0.013008355432261,-0.573589483028113,-0.098121558441159,-0.051263975015487,0.044709626682912,-0.099130140222088,-0.066697065994831,0.002722734301821,0.001008581780929,0.015433090979344,0.041986892381091,-0.004956502284211,-0.003334850119378,0.000136136585261,0.002181496052616
1403636627.213555574417114,-0.034091194493291,-0.100513721111534,0.323122602964235,0.000355290822220,-0.817519424291641,-0.013447234302588,-0.575743898416568,-0.089708059195758,-0.050443609548911,0.090265685173166,-0.095288479609009,-0.067956034347085,0.064714738869806,0.005580420413251,0.017512424798174,0.025550946303361,-0.004764442155286,-0.003397814678939,0.003235749286847,0.005389857439461
1403636627.263555526733398,-0.038159171174962,-0.104126262419766,0.329010463536235,0.000276732953380,-0.815209902333536,-0.013626539248594,-0.579005229669237,-0.085772275168574,-0.046180090419736,0.160477587859875,-0.081359611223993,-0.072250895068462,0.117757323742140,-0.004412663944581,0.026070804648726,0.042720264117735,-0.004067976681671,-0.003612541308232,0.005887860572000,0.008002128760000
1403636627.313555479049683,-0.042904504394917,-0.106602441517610,0.337433670718196,0.001480789617814,-0.813187907635213,-0.013402344394245,-0.581845006253995,-0.076270508481855,-0.046457562735073,0.187080147544805,-0.094906754909226,-0.049523629186303,0.168464304299300,0.018636246427371,0.003066066451230,0.018615843245505,-0.004745333219955,-0.002476179097844,0.008423207181961,0.007389945853204
1403636627.363555431365967,-0.047230936294884,-0.109142062027142,0.347956657309804,0.002320218448987,-0.812346277583344,-0.012814540877812,-0.583029955855549,-0.103311148154020,-0.047234541006357,0.232156114139054,-0.086528720519555,-0.050792458630104,0.210459932542391,-0.016782427634464,0.003557917623747,0.021696181596663,-0.004326431899967,-0.002539620509532,0.010522986591608,0.003556740795812
1403636627.413555383682251,-0.051801613136970,-0.111679150500187,0.360510986030005,0.003279527387773,-0.812125494303803,-0.012367626213612,-0.583342496329350,-0.093772834425988,-0.041941035286938,0.289563581772088,-0.091413624020546,-0.050741817852061,0.251086813859048,-0.002359210405442,0.008800782565123,0.038476767913040,-0.004570676842086,-0.002537088473045,0.012554328720200,0.002250718369859
1403636627.463555574417114,-0.066488448927915,-0.125509338358662,0.374093339798014,0.004694675511840,-0.811546171415137,-0.010842487284432,-0.584168821619880,-0.093681200815882,-0.071983783658983,0.307019339078766,-0.293735595306527,-0.276602702013929,0.271646039112790,0.200054394490645,0.204618918354946,0.035373299965976,-0.014686835790945,-0.013830187858475,0.013582353768010,0.004624769764468
1403636627.513555526733398,-0.072563103663927,-0.130040354450439,0.387714427457392,0.004651488539702,-0.812150037421986,-0.008242296139506,-0.583371875328406,-0.109081028057133,-0.081697006164788,0.254299172788435,-0.121493210585204,-0.090620408257887,0.272422012989441,0.012412182528070,0.008923402093099,-0.018122840201005,-0.006074654736012,-0.004531016091777,0.013621087659378,0.005572303534974
1403636627.563555479049683,-0.064753837997053,-0.142403817394989,0.387908185844572,0.003454726987537,-0.813106911738884,-0.004730092476505,-0.582084908899947,-0.108618862255575,-0.109151399442912,0.159116611444850,0.156185462287555,-0.247269494705578,0.003875171439247,-0.264804324543129,0.138118095262666,0.155241440005603,0.007809265666875,-0.012363462944551,0.000193758387180,0.008084485407979
1403636627.613555431365967,-0.071129716389711,-0.147686570802601,0.394543744253795,0.001029280296290,-0.813871200826194,-0.001029789850394,-0.581043499731874,-0.108312256089930,-0.114702488622157,0.071850573634345,-0.127517689463519,-0.105655168912849,0.132711294747809,0.019205433373589,-0.009047319709308,-0.060860721113464,-0.006375878392659,-0.005282753407611,0.006635558409223,0.009218186296458
1403636627.663555383682251,-0.077798774272730,-0.152765742620595,0.396584264893247,0.001273295304556,0.815564388057260,-0.002022534138033,0.578661401000201,-0.120132156910559,-0.109985716692439,-0.015876911162084,-0.133381284862682,-0.101583533237496,0.040810451708924,0.013249127952123,-0.008402183454943,-0.056687362871008,-0.006669057883019,-0.005079171817994,0.002040520639452,0.009624938065968
1403636627.713555574417114,-0.085135132546088,-0.158221764111382,0.394659047978590,0.004281204840276,0.818277692927990,-0.005694463970538,0.574778967622904,-0.132014945188771,-0.126625723736704,-0.087152315230894,-0.146726605749578,-0.109120013555928,-0.038504191411309,0.014711660560807,-0.017505710180776,-0.048648123819584,-0.007336358273358,-0.005456021490787,-0.001925216914657,0.013411348808467
1403636627.763555526733398,-0.092945322678444,-0.163908816741623,0.390805947383823,0.008049088397203,0.821631751459662,-0.010134548008220,0.569871711972064,-0.117076926548582,-0.121740042792272,-0.105480635616857,-0.156203951614821,-0.113741161076832,-0.077062085387481,0.039127025066239,-0.007998881715440,-0.028418550229376,-0.007810190132356,-0.005687052630240,-0.003853100594767,0.016642422775495
1403636627.813555479049683,-0.101340913045498,-0.170449122370279,0.386815235717716,0.012179053976561,0.824653242040917,-0.014704163703569,0.565316273076779,-0.108490662648910,-0.133142957380193,-0.124518782859117,-0.167911967474399,-0.130806237319668,-0.079814309438980,0.059421304825489,-0.002336720060526,-0.044704473420137,-0.008395590367053,-0.006540305628656,-0.003990711666106,0.016470557421496
1403636627.863555431365967,-0.107889924780634,-0.177124905820781,0.381150343634972,0.016757692346396,0.827457537112359,-0.019914930977945,0.560924771736208,-0.093192261541584,-0.140106476266829,-0.118788701984402,-0.130980359615332,-0.133515796340626,-0.113297949704232,0.037788098073748,-0.006590679926204,-0.005490752280171,-0.006549011735136,-0.006675783450502,-0.005664892082744,0.017351178848590
1403636627.913555383682251,-0.113237062351508,-0.184017346029943,0.376031792481528,0.020723610907185,0.830114427892882,-0.024099012077671,0.556686452297810,-0.074550388347555,-0.125245111922787,-0.088820260066040,-0.106942853406139,-0.137848935646243,-0.102371120697592,0.032392465058584,0.012603823723455,0.013550860631552,-0.005347137570874,-0.006892440209163,-0.005118551153444,0.015265352638007
1403636627.963555574417114,-0.117464419202998,-0.191266543996461,0.373405826665100,0.024480306925612,0.831512360545202,-0.027234877317215,0.554297907528875,-0.044405634494285,-0.130375263384212,-0.060108241704711,-0.084546814509294,-0.144983406262545,-0.052519115984021,0.040141180015009,0.014608142878332,-0.007589125720690,-0.004227356851490,-0.007249197966517,-0.002625965816427,0.011243818005067
1403636628.013555526733398,-0.121360031636698,-0.200584766728893,0.374312545785748,0.027668547348608,0.832016971181401,-0.030100292472737,0.553241523700817,-0.012080949358643,-0.136372044483200,0.001858315546512,-0.077912322976976,-0.186364632379801,0.018134399707268,0.065831373618332,0.049992587896601,-0.016276084160756,-0.003895612433700,-0.009318222732432,0.000906719120648,0.008887315047041
1403636628.063555479049683,-0.120282434878835,-0.207193455193780,0.377083258103111,0.030051933529671,0.830804650599889,-0.032577437199645,0.554796561289116,0.048331980721576,-0.124796182506713,0.090726817549464,0.021551955710797,-0.132173895348595,0.055414299194453,0.026780025010779,0.007377712841882,0.035312518355011,0.001077596757863,-0.006608688464887,0.002770712317363,0.007925820924547
1403636628.113555431365967,-0.118204185318992,-0.213101975560428,0.383831267921650,0.031685137804490,0.827208924053071,-0.034824308900119,0.559918490066991,0.062369745255256,-0.125330833150913,0.139690304115445,0.041565030836370,-0.118170520029160,0.134960325078960,0.020804714418886,-0.007160313121753,0.004729979036484,0.002078249559843,-0.005908520366649,0.006748009818538,0.013693703017954
1403636628.163555383682251,-0.112893111834474,-0.217368903320565,0.392382881168155,0.032073880424722,0.822056389284533,-0.037346122617359,0.567274030920177,0.071395974554466,-0.119336165406833,0.185217231869889,0.106221570991137,-0.085338636587993,0.171032428039338,-0.034825596436671,-0.033997528818840,0.014184803830551,0.005311073484518,-0.004266927760136,0.008551613246505,0.018672321136884
1403636628.213555574417114,-0.107216885174381,-0.221579913805719,0.402092203332240,0.031808771542449,0.817169659955731,-0.039669459273014,0.574150052601044,0.087528358480043,-0.113980707646018,0.217873818657568,0.113524100141804,-0.084219888429709,0.194185702522038,-0.025995741661760,-0.029760819216309,0.023688116135530,0.005676226660094,-0.004211010485154,0.009709322164085,0.017507536999683
1403636628.263555526733398,-0.100959514854768,-0.225662331043890,0.413014153249539,0.029947545304740,0.813425119095458,-0.042840363767200,0.579316341377537,0.077747029276334,-0.110454878927514,0.232658432182145,0.125147525742227,-0.081648422629427,0.218439206665834,-0.047400496465893,-0.028806456298087,0.014219225516310,0.006257370319612,-0.004082417238171,0.010921949917299,0.014728363042801
