timestamp,pos_x,pos_y,pos_z,ori_w,ori_x,ori_y,ori_z,raw_vel_x,raw_vel_y,raw_vel_z,diff_vel_x,diff_vel_y,diff_vel_z,vel_diff_x,vel_diff_y,vel_diff_z,pos_diff_x,pos_diff_y,pos_diff_z,ori_diff_angle
1403637132.988318920135498,-0.022025040703262,-0.028418362714410,-0.006510954396647,0.026417880469227,-0.790428567382398,0.019833503778969,-0.611662821810492,-0.028238802484552,-0.025317441863068,-0.017536573067879,0.000000000000000,0.000000000000000,0.000000000000000,0.000000000000000,0.000000000000000,0.000000000000000,0.000000000000000,0.000000000000000,0.000000000000000,0.000000000000000
1403637133.088319063186646,0.004464675311689,-0.003570436769349,0.003919306460943,0.025102473727948,-0.790093825540781,0.017533658242921,-0.612220698346350,-0.018929932253333,0.013839575748382,0.011718083505126,0.264896781211629,0.248478903998677,0.104302459370035,-0.283826713464962,-0.234639328250295,-0.092584375864909,0.026489716014951,0.024847925945060,0.010430260857590,0.005456323791896
1403637133.138319015502930,0.003386715852298,-0.002479861972567,0.004497880805895,0.027450286108071,-0.789270896363414,0.017698687928059,-0.613175904934223,-0.024688520208695,0.014930697249240,0.012150296465030,-0.021559209748280,0.021811516736726,0.011571497934474,-0.003129310460415,-0.006880819487486,0.000578798530556,-0.001077959459391,0.001090574796782,0.000578574344952,0.005340072681497
1403637133.188318967819214,0.002986104372731,-0.002306058896830,0.004947378145947,0.026624422506521,-0.789160941693938,0.017425802799718,-0.613361630384325,-0.009026532683138,-0.002262810697870,0.020401593231998,-0.008012237232403,0.003476064829783,0.008989955374534,-0.001014295450735,-0.005738875527653,0.011411637857464,-0.000400611479567,0.000173803075737,0.000449497340052,0.001792318060239
1403637133.238318920135498,0.003255606517277,-0.001836496728785,0.005632813393347,0.022164545652530,-0.789411867582092,0.016304500909444,-0.613246931901551,-0.012084841819360,0.004376123085577,0.022542653053689,0.005390048031261,0.009391252317098,0.013708718021654,-0.017474889850620,-0.005015129231521,0.008833935032035,0.000269502144546,0.000469562168045,0.000685435247400,0.009213897451784
1403637133.288319110870361,0.003060713647567,-0.000403536840286,0.007306497600582,0.019751845816045,-0.789981853660408,0.015641619894311,-0.612612336801347,-0.015817443699555,0.007492227444147,0.043026689698965,-0.003897842525116,0.028659088444226,0.033473556453210,-0.011919601174439,-0.021166861000079,0.009553133245756,-0.000194892869710,0.001432959888499,0.001673684207235,0.005287014613535
1403637133.338319063186646,0.002920455863463,-0.000025993655244,0.009152347887296,0.017610312135808,-0.790974285883085,0.015850491517829,-0.611390479069527,-0.015092136989241,-0.000396636195519,0.083219346645320,-0.002805158357288,0.007550870901907,0.036917040941112,-0.012286978631953,-0.007947507097426,0.046302305704208,-0.000140257784104,0.000377543185042,0.001845850286714,0.005332037547525
1403637133.388319015502930,0.001798750175800,0.001417659689198,0.012523176147354,0.014643183957781,-0.792376778874144,0.018579816790025,-0.609573135786562,-0.014676819493832,0.000632415353506,0.089318154355306,-0.022434135148116,0.028873094424373,0.067416629494680,0.007757315654284,-0.028240679070867,0.021901524860626,-0.001121705687663,0.001443653344442,0.003370828260059,0.009278540373840
1403637133.438318967819214,0.001112872986896,0.001956593217010,0.016296487825937,0.013928874561640,-0.794277638393933,0.020203827697760,-0.607059160994349,-0.017687883339150,0.022607301369994,0.061272905129551,-0.013717556860150,0.010778680835593,0.075466305541938,-0.003970326479001,0.011828620534401,-0.014193400412388,-0.000685877188903,0.000538933527812,0.003773311678583,0.007233532960115
1403637133.488318920135498,0.000341973123801,0.002883898396875,0.018702400367583,0.014423132602005,-0.797244940246860,0.020943468056648,-0.603120095538597,-0.002033996350513,-0.000311901805300,0.038277122938880,-0.015418011965666,0.018546121284271,0.048118296722088,0.013384015615154,-0.018858023089571,-0.009841173783208,-0.000770899863095,0.000927305179866,0.002405912541645,0.010022480406639
1403637133.538319110870361,0.000503612000578,0.002785949280351,0.020095578753169,0.014124108449207,-0.800115250176645,0.023551742247107,-0.599217332386510,-0.000250856499765,-0.001279590754832,0.016466535937060,0.003232765203508,-0.001958974857592,0.027863461421054,-0.003483621703273,0.000679384102760,-0.011396925483994,0.000161638876776,-0.000097949116524,0.001393178385586,0.011020494695943
1403637133.588319063186646,0.000421823985935,0.002731851276458,0.021391451133968,0.013204035086203,-0.802573766137389,0.025918332498628,-0.595843304406436,-0.006542774296659,-0.016745043559925,0.045138032833795,-0.001635761852834,-0.001081961109694,0.025917472332804,-0.004907012443825,-0.015663082450231,0.019220560500990,-0.000081788014642,-0.000054098003893,0.001295872380799,0.009772552881532
1403637133.638319015502930,-0.000319369512388,0.002962394209202,0.023757103894959,0.012125860079563,-0.804200228748652,0.028074618095740,-0.593571201640313,-0.020794291805842,-0.025449688734069,0.078264146522793,-0.014823884103617,0.004610863052129,0.047313100341107,-0.005970407702225,-0.030060551786198,0.030951046181685,-0.000741193498323,0.000230542932743,0.002365652760991,0.007381023231270
1403637133.688318967819214,-0.005177521244766,0.006402340332175,0.026928822801046,0.009793844273580,-0.805010092547278,0.029648726986721,-0.592438844522736,-0.036061089336302,-0.042384281904865,0.155557903685881,-0.097163127309536,0.068798988071300,0.063434438617553,0.061102037973234,-0.111183269976165,0.092123465068329,-0.004858151732378,0.003439946122974,0.003171718906088,0.006278291686685
1403637133.738318920135498,-0.006818289827757,0.003833519323532,0.033346370570113,0.008577758783896,-0.805191020626011,0.030639308908455,-0.592161359012136,-0.046194550841937,-0.039337241471250,0.213396567429356,-0.032815402955037,-0.051376469169280,0.128351077786450,-0.013379147886900,0.012039227698030,0.085045489642906,-0.001640768582991,-0.002568821008643,0.006417547769066,0.003206150458304
1403637133.788319110870361,-0.009829183028790,0.001399518797290,0.045708850729808,0.006224221416580,-0.805278819123537,0.032699160086337,-0.591961187467901,-0.036095737129807,-0.035613382913604,0.278754776626225,-0.060217634308604,-0.048679824826056,0.247248660015118,0.024121897178797,0.013066441912452,0.031506116611107,-0.003010893201032,-0.002434000526243,0.012362480159695,0.006270537549455
1403637133.838319063186646,-0.011188105803932,-0.000197866767640,0.061910245199016,0.002449464518567,-0.806156702819735,0.036196205548331,-0.590588863191891,-0.019569553911270,-0.032595175546081,0.374124860487407,-0.027178481422259,-0.031947741766340,0.324028198401530,0.007608927510989,-0.000647433779741,0.050096662085877,-0.001358922775142,-0.001597385564930,0.016201394469208,0.010794839698369
1403637133.888319015502930,-0.011959213063159,-0.001822048257072,0.083088548553220,0.000696837821139,0.807848874708859,-0.040361235698272,0.588005680841257,-0.012324748175195,-0.019254762167754,0.476944961744642,-0.015422159892258,-0.032483660767468,0.423566471028555,0.003097411717063,0.013228898599715,0.053378490716086,-0.000771107259227,-0.001624181489432,0.021178303354205,0.012129811881633
1403637133.938318967819214,-0.012514729845191,-0.003211037855752,0.109553192539087,0.002257764352481,0.809419888430577,-0.044026779588997,0.585573214373902,-0.010833572894424,-0.010117464415126,0.569116180873551,-0.011110346236304,-0.027779818466501,0.529293384490839,0.000276773341880,0.017662354051375,0.039822796382712,-0.000555516782033,-0.001388989598680,0.026464643985867,0.009850427384787
1403637133.988318920135498,-0.013241343188717,-0.003409997846881,0.139819841519353,0.005707836303329,0.810130714388347,-0.046194380371232,0.584398601496854,-0.019789161144958,-0.002806974708708,0.627178281316113,-0.014532280729583,-0.003979203617446,0.605333556896389,-0.005256880415375,0.001172228908739,0.021844724419724,-0.000726613343526,-0.000198959991129,0.030266648980266,0.008599187647487
1403637134.038319110870361,-0.013879643801251,-0.003448511353345,0.171618714995947,0.008580799215530,0.809927483537731,-0.047300398585941,0.584556681245431,-0.015824699213563,0.003073681068222,0.650540734224628,-0.012765963552384,-0.000770267190946,0.635975043479627,-0.003058735661179,0.003843948259168,0.014565690745001,-0.000638300612534,-0.000038513506464,0.031798873476594,0.006178508480603
1403637134.088319063186646,-0.015378487368050,-0.003045331384990,0.204298064069731,0.014425083173944,0.809592657042205,-0.047072410560362,0.584923785465084,-0.019893909729196,0.008469221030026,0.654206925218302,-0.029976899924176,0.008063607057168,0.653587604785387,0.010082990194981,0.000405613972859,0.000619320432914,-0.001498843566799,0.000403179968356,0.032679349073784,0.011739609319416
1403637134.138319015502930,-0.016279452208897,-0.002482707714974,0.236812787995832,0.021190414596219,0.808964808878983,-0.047074097135973,0.585585974647160,-0.013277665937462,0.004601947429719,0.649440095018224,-0.018019314001503,0.011252484131525,0.650295098691744,0.004741648064041,-0.006650536701806,-0.000855003673519,-0.000900964840847,0.000562623670016,0.032514723926100,0.013653216604046
1403637134.188318967819214,-0.016696226031867,-0.001884881201495,0.268925803494937,0.028522033385049,0.807452974859537,-0.047098728517762,0.587356703183062,-0.000123233583467,0.014518856154493,0.653181240374573,-0.008335484408738,0.011956541672225,0.642260922489858,0.008212250825271,0.002562314482268,0.010920317884715,-0.000416773822970,0.000597826513479,0.032113015499106,0.015385012736114
1403637134.238318920135498,-0.016820071782461,-0.001088653461858,0.300745348072582,0.035599344639938,0.803791082400860,-0.047642370466212,0.591931404007611,-0.007731216929152,0.024252454583375,0.612955193908142,-0.002476917374053,0.015924569979590,0.636391498463122,-0.005254299555099,0.008327884603785,-0.023436304554980,-0.000123845750594,0.000796227739637,0.031819544577645,0.018408891691466
1403637134.288319110870361,-0.016738690069077,-0.000001903142890,0.330671908318494,0.038019746397319,0.799210390313461,-0.048121132078615,0.597914381451360,-0.003034311326465,0.023855369481815,0.549827684836310,0.001627628058768,0.021734923467198,0.598528921711593,-0.004661939385234,0.002120446014617,-0.048701236875283,0.000081381713384,0.001086750318968,0.029926560245912,0.015857697915040
1403637134.338319063186646,-0.016795661626688,0.000839579297442,0.356007523023737,0.039434590717827,0.794011385355112,-0.048105821729616,0.604712049571606,-0.006129156149395,0.018327917687211,0.471050335930378,-0.001139432238865,0.016829664856663,0.506712777343827,-0.004989723910530,0.001498252830548,-0.035662441413449,-0.000056971557611,0.000841482440332,0.025335614705243,0.017348248908409
1403637134.388319015502930,-0.016603506455535,0.001576396306997,0.376566518942711,0.040417399017304,0.788652540977088,-0.048781137968575,0.611566843481193,0.001160343516418,0.009962054904717,0.336264834768610,0.003843107088136,0.014736354244795,0.411180310511579,-0.002682763571718,-0.004774299340078,-0.074915475742968,0.000192155171153,0.000736817009556,0.020558995918974,0.017564495154830
1403637134.438318967819214,-0.016557389651662,0.001562638599260,0.390051094103685,0.040602353034299,0.784366316899599,-0.052019884571486,0.616777805575562,0.003669855767802,0.013325271915025,0.198420630374417,0.000922336957071,-0.000275154417158,0.269691760417595,0.002747518810730,0.013600426332183,-0.071271130043178,0.000046116803873,-0.000013757707738,0.013484575160975,0.014973281822633
1403637134.488318920135498,-0.013885611931689,0.002403128486365,0.396295340848704,0.038186729147027,0.781841838019484,-0.056534088018607,0.619733015847366,0.019098813877634,0.001140174134019,0.017597475572665,0.053435605359624,0.016809813773191,0.124885054000045,-0.034336791481990,-0.015669639639171,-0.107287578427381,0.002671777719973,0.000840489887105,0.006244246745019,0.012856076410646
1403637134.538319110870361,-0.011182962435973,0.003307607126593,0.393848633908227,0.037081290855215,0.781807401840688,-0.059863456364599,0.619530895829827,0.029895268289481,-0.006351129646944,-0.147540546828376,0.054052783719316,0.018089503798569,-0.048933952141340,-0.024157515429835,-0.024440633445514,-0.098606594687036,0.002702649495716,0.000904478640228,-0.002446706940478,0.007028154369203
1403637134.588319063186646,-0.009793678518862,0.000282522186008,0.382232705023681,0.037471811549099,0.783643978721574,-0.061459009584261,0.617025743460977,0.035032773347312,-0.041338987627632,-0.319315370960285,0.027785704840721,-0.060501756510661,-0.232318799247389,0.007247068506591,0.019162768883029,-0.086996571712897,0.001389283917110,-0.003025084940584,-0.011615928884546,0.007027691576537
1403637134.638319015502930,-0.009072479791658,-0.004201885159123,0.362227495947038,0.039263869289005,0.787054667253611,-0.061418267735586,0.612561095492624,0.039319467240425,-0.047092575059875,-0.471121193219168,0.014423988299869,-0.089688232435979,-0.400104563102303,0.024895478940556,0.042595657376104,-0.071016630116865,0.000721198727204,-0.004484407345131,-0.020005209076643,0.011794763140316
1403637134.688318967819214,-0.008321772111695,-0.011151076505638,0.333234800959292,0.040064380791111,0.791611847902310,-0.060268299446543,0.606723379914057,0.042154430224402,-0.059264847330740,-0.623311215513240,0.015014167917895,-0.138983959475744,-0.579854452747220,0.027140262306507,0.079719112145004,-0.043456762766021,0.000750707679963,-0.006949191346516,-0.028992694987746,0.015074525972317
1403637134.738318920135498,-0.006393316333254,-0.016867698182393,0.298994186285347,0.038269755051886,0.797733524948942,-0.058923109025032,0.598902927229137,0.038014079645520,-0.051635993655519,-0.711697408713201,0.038569152351228,-0.114332542571099,-0.684812946567417,-0.000555072705708,0.062696548915580,-0.026884462145784,0.001928455778441,-0.005716621676754,-0.034240614673945,0.020363253611968
1403637134.788319110870361,-0.005101308788143,-0.020841656199425,0.262189437812685,0.035955534161532,0.805174979941410,-0.057112666225482,0.589184686321807,0.020004861930995,-0.035604148473975,-0.764424160664902,0.025840052330237,-0.079478857152858,-0.736092161484476,-0.005835190399242,0.043874708678883,-0.028331999180426,0.001292007545111,-0.003973958017032,-0.036804748472662,0.025175771886085
1403637134.838319063186646,-0.005094873982608,-0.023362085553631,0.223492960651727,0.032121000377900,0.813057474980995,-0.057531657202220,0.578442643770164,-0.007168894172032,-0.030292867793548,-0.771631325970351,0.000128696233433,-0.050408635157555,-0.773930281296594,-0.007297590405466,0.020115767364006,0.002298955326242,0.000006434805535,-0.002520429354207,-0.038696477160958,0.027742205683094
1403637134.888319015502930,-0.005429723278583,-0.025047978977275,0.185579382765269,0.027571007660840,0.820599247654827,-0.057870099778845,0.567897671976637,-0.026075095889835,-0.013461648936335,-0.736566025338519,-0.006696992306237,-0.033717900628768,-0.758272280873958,-0.019378103583598,0.020256251692433,0.021706255535439,-0.000334849295974,-0.001685893423644,-0.037913577886458,0.027487794797598
1403637134.938318967819214,-0.006886084162906,-0.025882688683642,0.150144116372483,0.023857469629643,0.826395809646414,-0.060427426391957,0.559329342231716,-0.030951090261957,-0.009405885428276,-0.663238429618141,-0.029127245464379,-0.016694210048192,-0.708706003730442,-0.001823844797578,0.007288324619916,0.045467574112302,-0.001456360884324,-0.000834709706368,-0.035435266392786,0.022569717863523
1403637134.988318920135498,-0.008224559517602,-0.026661554289153,0.118628324240097,0.018769084994830,0.829741454498577,-0.062438709183123,0.554326841971944,-0.044914128028828,-0.002212780102727,-0.575926170526944,-0.026769532623334,-0.015577326965910,-0.630316443764318,-0.018144595405493,0.013364546863183,0.054390273237374,-0.001338475354696,-0.000778865605511,-0.031515792132386,0.016267222220967
1403637135.038319110870361,-0.009762663131678,-0.027389528066851,0.092168498568308,0.015961039845490,0.831517908014339,-0.063633650725786,0.551610344676219,-0.033274304018185,-0.006087150173018,-0.469135207081132,-0.030761954933969,-0.014559420014178,-0.529194494718994,-0.002512349084216,0.008472269841159,0.060059287637861,-0.001538103614076,-0.000727973777698,-0.026459825671789,0.008910259329871
1403637135.088319063186646,-0.011237208449826,-0.028589374812500,0.071439768113339,0.014012623161340,0.832687199457711,-0.064405935773806,0.549806829430586,-0.036997027429167,-0.015468903651408,-0.364663892112958,-0.029490934487719,-0.023996957798260,-0.414575004468914,-0.007506092941448,0.008528054146851,0.049911112355956,-0.001474545318149,-0.001199846745649,-0.020728730454969,0.006004221268377
1403637135.138319015502930,-0.013162528611281,-0.030054566665069,0.055965232576540,0.013987391692926,0.834415450589606,-0.063313076840566,0.547308562871032,-0.035562201377839,-0.015599676273128,-0.245630747696773,-0.038506439951703,-0.029303864997724,-0.309491005889599,0.002944238573865,0.013704188724596,0.063860258192826,-0.001925320161455,-0.001465191852569,-0.015474535536799,0.006456988185128
1403637135.188318967819214,-0.015671027657552,-0.029927047133692,0.047411139379061,0.015249512935683,0.837103359040363,-0.061914263434641,0.543315785360513,-0.033056795188987,-0.013673000276499,-0.101607979906661,-0.050170028771275,0.002550393059774,-0.171082027106123,0.017113233582288,-0.016223393336273,0.069474047199462,-0.002508499046270,0.000127519531376,-0.008554093197479,0.010337661736806
1403637135.238318920135498,-0.017155975485540,-0.030992415988945,0.046987919769491,0.016295181843841,0.841348220188724,-0.060669065525409,0.536830423804590,-0.016155778688399,-0.023744018752951,0.091001991085375,-0.029698984882925,-0.021307397425375,-0.008464400263668,0.013543206194527,-0.002436621327576,0.099466391349043,-0.001484947827988,-0.001065368855253,-0.000423219609569,0.015839574467237
1403637135.288319110870361,-0.017976708981025,-0.030948718652821,0.056763439904592,0.017386957082306,0.844970300783754,-0.060689139711593,0.531074112377827,0.005706273567849,-0.024723579275093,0.307166110281754,-0.016414607292946,0.000873943388665,0.195509656891865,0.022120880860794,-0.025597522663757,0.111656453389889,-0.000820733495485,0.000043697336125,0.009775520135101,0.013776378744120
1403637135.338319063186646,-0.017985363039446,-0.029038856496725,0.077166480818469,0.019421610244504,0.845852707627344,-0.061156666504043,0.529543067367627,0.021828629720857,-0.019738518482642,0.505982819657709,-0.000173081333483,0.038197279549685,0.408061207435024,0.022001711054341,-0.057935798032327,0.097921612222685,-0.000008654058421,0.001909862156096,0.020403040913877,0.005470334584433
1403637135.388319015502930,-0.017813488035218,-0.027910021765206,0.106938023734263,0.022367519296146,0.843510349475296,-0.060822682381969,0.533189071265027,0.034997500061327,-0.019281159745973,0.666544369400143,0.003437503362825,0.022576716161214,0.595431426163545,0.031559996698502,-0.041857875907186,0.071112943236599,0.000171875004228,0.001128834731519,0.029771542915794,0.010501423714565
1403637135.438318967819214,-0.016587255163671,-0.029067166784771,0.143538827837607,0.026508838889858,0.838531887148859,-0.059630308037665,0.540930478027092,0.039233413569933,-0.020647086754403,0.772677367672490,0.024524680819505,-0.023142922462122,0.732016780172483,0.014708732750429,0.002495835707719,0.040660587500008,0.001226232871547,-0.001157145019566,0.036600804103344,0.020326105320047
1403637135.488318920135498,-0.014439642854769,-0.030134176653402,0.185810788111892,0.032253783100021,0.832225633810525,-0.057628547184853,0.550489907676581,0.044069621525683,-0.015101804046695,0.858694032715966,0.042952287140525,-0.021340217724240,0.845440011760119,0.001117334385158,0.006238413677546,0.013254020955847,0.002147612308902,-0.001067009868631,0.042271960274285,0.025935713870894
1403637135.538319110870361,-0.012433868317563,-0.030906150043098,0.229391916409034,0.036402981340014,0.825407884661701,-0.056165872703043,0.560555119173271,0.042301376902075,-0.011299243038805,0.878913405117753,0.040115337716260,-0.015439408897253,0.871619240979317,0.002186039185815,0.004140165858447,0.007294164138436,0.002005774537206,-0.000771973389696,0.043581128297143,0.025857128749293
1403637135.588319063186646,-0.009951366578520,-0.031343731605622,0.273470544503585,0.042191428052483,0.819088129026440,-0.055332476326504,0.569432030492170,0.042999552825572,-0.003232654868113,0.869993518134214,0.049650082130858,-0.008751639596685,0.881573402624930,-0.006650529305286,0.005518984728573,-0.011579884490716,0.002482501739042,-0.000437581562524,0.044078628094551,0.024733902236774
1403637135.638319015502930,-0.007513638749142,-0.031314655243067,0.316475582402125,0.046771308014480,0.812782543842297,-0.056563186715448,0.577925243505120,0.045559381722099,0.000205907100246,0.847235903265615,0.048754603083574,0.000581527805682,0.860101578227577,-0.003195221361475,-0.000375620705437,-0.012865674961962,0.002437727829378,0.000029076362555,0.043005037898540,0.023185040461204
1403637135.688318967819214,-0.005379420110977,-0.031074166834896,0.356860308847327,0.049160351945301,0.806196372899965,-0.058235002741134,0.586719142840332,0.032510968812143,0.014245067255373,0.764517079902222,0.042684413470320,0.004809772750382,0.807695299182309,-0.010173444658178,0.009435294504991,-0.043178219280088,0.002134218638165,0.000240488408171,0.040384726445202,0.022734485195833
1403637135.738318920135498,-0.003802451402591,-0.030206398307902,0.392361349716562,0.048187592842760,0.800279013908303,-0.060658456064922,0.594602394463557,0.022355532348619,0.017028065527876,0.666404528392169,0.031539404246053,0.017355387091270,0.710021494513962,-0.009183871897433,-0.000327321563394,-0.043616966121793,0.001576968708387,0.000867768526994,0.035501040869235,0.020394222797404
1403637135.788319110870361,-0.003022061413114,-0.029370515697111,0.422020091986623,0.045582094278860,0.795261670019561,-0.063340015441423,0.601223079499392,0.010537021833763,0.016154746916427,0.503668088205103,0.015607740250726,0.016717588443289,0.593172582627380,-0.005070718416962,-0.000562841526861,-0.089504494422276,0.000780389989476,0.000835882610791,0.029658742270060,0.018219458543211
1403637135.838319063186646,-0.002588674998117,-0.029314904493738,0.442822332113989,0.044061220041905,0.791855855958040,-0.065244005837343,0.605612196026199,0.013797322965400,-0.003578682527819,0.327751666794274,0.008667736566152,0.001112225128154,0.416045199318948,0.005129586399248,-0.004690907655973,-0.088293532524675,0.000433386414998,0.000055611203373,0.020802240127366,0.012132973921826
1403637135.888319015502930,-0.001620669103851,-0.029773506807049,0.454463330760356,0.042224825217272,0.789882286144162,-0.067420555043108,0.608076892283141,0.023571470967138,-0.015050668797325,0.125038511032094,0.019360136348583,-0.009172055013384,0.232820194961976,0.004211334618555,-0.005878613783941,-0.107781683929882,0.000968005894266,-0.000458602313312,0.011640998646367,0.008503986144207
1403637135.938318967819214,-0.000242472381555,-0.030558745844350,0.455499613722514,0.042176060638880,0.789754068793472,-0.069059975762170,0.608062834319670,0.030573313184148,-0.009281682157891,-0.085265859092815,0.027563960732954,-0.015704795723279,0.020725679008711,0.003009352451194,0.006423113565388,-0.105991538101526,0.001378196722296,-0.000785239037301,0.001036282962158,0.003290420157951
1403637135.988318920135498,0.001163699574385,-0.031553111397789,0.446922063303724,0.041199983558837,0.791165506372523,-0.069221060029034,0.606273987343608,0.031595309961773,-0.010037189851771,-0.277652505551945,0.028123465939424,-0.019887330034801,-0.171551171979744,0.003471844022349,0.009850140183030,-0.106101333572201,0.001406171955940,-0.000994365553438,-0.008577550418790,0.004968221945038
1403637136.038319110870361,0.004291087397946,-0.031451479484440,0.428162443368010,0.040775353278887,0.793713696355458,-0.068091672584748,0.603091587495091,0.039358381376060,0.007258336798363,-0.472790859760529,0.062547517871388,0.002032630513100,-0.375190967474321,-0.023189136495328,0.005225706285263,-0.097599892286207,0.003127387823562,0.000101631913349,-0.018759619935714,0.008503362885328
1403637136.088319063186646,0.006586739523327,-0.031785099841696,0.400841681836320,0.042018355452885,0.796904670254402,-0.066713372878708,0.598938001975918,0.053346701943742,0.002178904908327,-0.623199211178940,0.045913086293735,-0.006672413508437,-0.546415751736463,0.007433615650007,0.008851318416764,-0.076783459442477,0.002295652125380,-0.000333620357256,-0.027320761531690,0.011113852803526
1403637136.138319015502930,0.008285353983515,-0.032275447241964,0.366011789235603,0.042096359712356,0.800464425619818,-0.067102257209121,0.594122787724510,0.046478930521061,-0.004738918374945,-0.753763995217563,0.033972321602301,-0.009806957358004,-0.696598516342463,0.012506608918760,0.005068038983059,-0.057165478875100,0.001698614460189,-0.000490347400268,-0.034829892600717,0.012002594774290
1403637136.188318967819214,0.010646800265550,-0.032560703346054,0.326682038530741,0.044744289462919,0.805499336219386,-0.065524570925142,0.587260843676524,0.036346517307682,0.009924554042875,-0.830057392827158,0.047228970681761,-0.005705127522627,-0.786595764253412,-0.010882453374079,0.015629681565502,-0.043461628573746,0.002361446282035,-0.000285256104090,-0.039329750704862,0.018103898621016
1403637136.238318920135498,0.011357499852873,-0.032147099284720,0.285133205652388,0.043908183055500,0.811313145057819,-0.066433030925630,0.579162934345068,0.009935842575790,0.010519837941558,-0.848650154474086,0.014214005301979,0.008272089115554,-0.830977450048925,-0.004278162726189,0.002247748826004,-0.017672704425162,0.000710699587322,0.000413604061334,-0.041548832878354,0.020089970699242
1403637136.288319110870361,0.009277161337676,-0.033775585857204,0.242004603030800,0.043143552319143,0.818551622449904,-0.065919683647681,0.569004807172756,-0.014383831202390,0.009691673704224,-0.838628600349762,-0.041606611587310,-0.032569607206486,-0.862568761993052,0.027222780384920,0.042261280910710,0.023940161643289,-0.002080338515197,-0.001628486572484,-0.043128602621587,0.025014661897896
1403637136.338319063186646,0.007451739684446,-0.033403537356599,0.201190336491027,0.042402001951509,0.825892416553754,-0.067029316326451,0.558221154438198,-0.046632398366697,0.008728837602595,-0.794685336825497,-0.036508467881788,0.007440977108368,-0.816286109266558,-0.010123930484909,0.001287860494227,0.021600772441061,-0.001825421653230,0.000372048500605,-0.040814266539773,0.026226556779049
1403637136.388319015502930,0.005594565764688,-0.033331360123689,0.162810627446478,0.038946124575868,0.832943615960496,-0.068102161688873,0.547768406887873,-0.071025491571988,0.005782770843802,-0.729028726496147,-0.037143513817974,0.001443546034886,-0.767594912926540,-0.033881977754014,0.004339224808916,0.038566186430393,-0.001857173919758,0.000072177232911,-0.038379709044549,0.026235540591119
1403637136.438318967819214,0.001702276043908,-0.032316237299307,0.128034837287092,0.035379812117768,0.839529558882640,-0.068696915827511,0.537790965350496,-0.081062578679245,0.014593440981191,-0.636973222715457,-0.077845868655198,0.020302475849579,-0.695516466483913,-0.003216710024047,-0.005709034868388,0.058543243768456,-0.003892289720780,0.001015122824381,-0.034775790159386,0.024979858188990
1403637136.488318920135498,-0.002348474320829,-0.032347911031501,0.100249521928503,0.029603802828819,0.844807558036306,-0.070501538542014,0.529578452928378,-0.083738310475962,0.008662511518170,-0.472372235433580,-0.081015084556760,-0.000633475248009,-0.555706837135113,-0.002723225919203,0.009295986766179,0.083334601701533,-0.004050750364738,-0.000031673732194,-0.027785315358589,0.022971550413309
1403637136.538319110870361,-0.006528453679219,-0.031830562558597,0.081002457418573,0.024860610602709,0.848529660969091,-0.072444068315018,0.523575420987376,-0.079684160868289,0.007734556404607,-0.295233490260198,-0.083599268261881,0.010346929987684,-0.384939821769709,0.003915107393593,-0.002612373583078,0.089706331509511,-0.004179979358389,0.000517348472904,-0.019247064509930,0.017454193825982
1403637136.588319063186646,-0.009945269019342,-0.031733119457748,0.070714858305228,0.022845050005639,0.850885052979711,-0.073077730412168,0.519742605165058,-0.060507961620263,-0.002812894228458,-0.113360781395083,-0.068336371973115,0.001948863875546,-0.205752178487482,0.007828410352852,-0.004761758104004,0.092391397092399,-0.003416815340124,0.000097443100848,-0.010287599113346,0.009940304155467
1403637136.638319015502930,-0.012407625609071,-0.031690570088004,0.070665312979085,0.022995410165781,0.852467254306106,-0.072292482137171,0.517247125147703,-0.043403250426699,-0.009981045027803,0.103342688179460,-0.049247178760339,0.000850988206461,-0.000990907467855,0.005843928333640,-0.010832033234264,0.104333595647316,-0.002462356589728,0.000042549369745,-0.000049545326143,0.006122095034142
1403637136.688318967819214,-0.013426417274429,-0.031933806809908,0.081962687066248,0.024675387702376,0.853475324357059,-0.070401828788789,0.515766011344820,-0.030070411525928,-0.010393496105827,0.337344440834117,-0.020375852739101,-0.004864739077462,0.225947697223772,-0.009694558786827,-0.005528757028366,0.111396743610345,-0.001018791665359,-0.000243236721904,0.011297374087163,0.006198969470071
1403637136.738318920135498,-0.012059356616634,-0.031387084820729,0.105752792691484,0.024196772405910,0.853337832888565,-0.070437668290193,0.516011234424236,-0.014639359770980,-0.000826980418216,0.554168138455046,0.027341239230552,0.010934450211487,0.475802566265409,-0.041980599001532,-0.011761430629702,0.078365572189637,0.001367060657796,0.000546721989179,0.023790105625236,0.001112466344653
1403637136.788319110870361,-0.010178668095044,-0.030944055738282,0.139184126597418,0.024590423729881,0.851912134059370,-0.069847173239558,0.518422992635973,-0.004447606171269,-0.004027282064810,0.746289474303887,0.037613626947187,0.008860547848620,0.668624127520044,-0.042061233118457,-0.012887829913430,0.077665346783843,0.001880688521589,0.000443029082446,0.033431333905934,0.005780258266521
1403637136.838319063186646,-0.009694876959969,-0.031312925928901,0.179674972524363,0.025080726270748,0.848116974220614,-0.068454882063094,0.524768981867574,-0.000864961002185,-0.010985572526864,0.872573495025873,0.009675831929094,-0.007377410848024,0.809817690841237,-0.010540792931279,-0.003608161678840,0.062755804184636,0.000483791135075,-0.000368870190619,0.040490845926945,0.015080312754640
1403637136.888319015502930,-0.006010244657138,-0.031010497733836,0.226883335171669,0.028158656199834,0.842538717987505,-0.067518669366565,0.533644851994246,0.022083587338417,-0.021545372545871,0.964205723494153,0.073692716335465,0.006048569669673,0.944168153375040,-0.051609128997048,-0.027593942215544,0.020037570119113,0.003684632302831,0.000302428195065,0.047208362647306,0.021931654288409
1403637136.938318967819214,-0.004458305610713,-0.032657873207195,0.275568397443527,0.031334532101559,0.835836747416865,-0.068524064661377,0.543782614036029,0.023928947324935,-0.038193873353585,0.994774491895965,0.031038810529419,-0.032947540888396,0.973702174031912,-0.007109863204485,-0.005246332465189,0.021072317864053,0.001551939046425,-0.001647375473359,0.048685062271858,0.025202359997242
1403637136.988318920135498,-0.001907575138944,-0.034527650675600,0.325191451199351,0.037490710541023,0.828901132090329,-0.070592650653829,0.553655161193469,0.021382162826294,-0.042390780091884,0.974512897015850,0.051014658086756,-0.037395585031321,0.992462021602026,-0.029632495260463,-0.004995195060563,-0.017949124586177,0.002550730471769,-0.001869777468406,0.049623053755824,0.027404413208186
1403637137.038319110870361,-0.001079726075254,-0.036455508997920,0.372181576009915,0.041619740589388,0.821526176287909,-0.074285520771047,0.563776729096558,0.010326267121689,-0.027243544778680,0.901279071096022,0.016556918114167,-0.038557019363047,0.939798911162951,-0.006230650992479,0.011313474584366,-0.038519840066929,0.000827849063690,-0.001927858322320,0.046990124810564,0.027387969563602
1403637137.088319063186646,-0.000480007827956,-0.037309309947753,0.414318678559302,0.044835462873791,0.813959424306926,-0.078401295447421,0.573858060606451,0.005198030503000,-0.017797724054519,0.771440806664189,0.011994376384696,-0.017076035281624,0.842742854689954,-0.006796345881696,-0.000721688772895,-0.071302048025765,0.000599718247298,-0.000853800949832,0.042137102549387,0.027288997041144
1403637137.138319015502930,0.000085511687651,-0.037044316536452,0.448557439971608,0.042876193430665,0.806503110501924,-0.082847735592978,0.583824132333303,0.003960546612059,0.016204592757364,0.602562050824270,0.011310401098569,0.005299873280361,0.684775881299284,-0.007349854486510,0.010904719477002,-0.082213830475015,0.000565519515607,0.000264993411300,0.034238761412306,0.026723130359187
1403637137.188318967819214,0.000592796372474,-0.036550936927377,0.472866270544781,0.039436036316518,0.800231605748123,-0.085533893003640,0.592248367958127,0.002739702992322,-0.007201683487616,0.386928688991086,0.010145703372161,0.009867601591980,0.486177075118047,-0.007406000379839,-0.017069285079596,-0.099248386126961,0.000507284684823,0.000493379609075,0.024308830573173,0.022746519263004
1403637137.238318920135498,0.001411123650799,-0.036931498165003,0.486458588890868,0.038089060695557,0.795854676013959,-0.084751272611763,0.598315786113599,0.014046630137069,-0.018217313528371,0.171533849325642,0.016366561174868,-0.007611232011148,0.271846626174881,-0.002319931037799,-0.010606081517223,-0.100312776849238,0.000818327278325,-0.000380561237626,0.013592318346087,0.015283742888050
1403637137.288319110870361,0.002511280594381,-0.038019004007079,0.489261365787223,0.038522410220286,0.792956417391429,-0.084038002393212,0.602224009968324,0.020389934662915,-0.030801649546536,-0.041927995847341,0.022003054936646,-0.021750033871725,0.056055324093023,-0.001613120273732,-0.009051615674811,-0.097983319940363,0.001100156943582,-0.001087505842076,0.002802776896356,0.009873340356863
1403637137.338319063186646,0.004177963678202,-0.039026217369425,0.481506517397370,0.039594088280864,0.790848358277809,-0.083156735048862,0.605042262820139,0.025769743294748,-0.021617567527741,-0.254161806691835,0.033333693465908,-0.020144286458008,-0.155097115709200,-0.007563950171160,-0.001473281069733,-0.099064690982636,0.001666683083821,-0.001007213362346,-0.007754848389853,0.007566136511886
1403637137.388319015502930,0.006239568897692,-0.039373157728896,0.463552466722082,0.039931805425235,0.789885178883555,-0.081564060128370,0.606493329881666,0.038844225165905,-0.007801130185488,-0.443789581997445,0.041232143711841,-0.006938813806788,-0.359081355952435,-0.002387918545936,-0.000862316378700,-0.084708226045010,0.002061605219490,-0.000346940359471,-0.017954050675288,0.004768219427390
1403637137.438318967819214,0.008644235549749,-0.039436513518532,0.437231089562546,0.038471511406829,0.790242225324555,-0.080567078683371,0.606255815606413,0.043679322040113,0.002101986055858,-0.608872947447173,0.048093378906561,-0.001267117001146,-0.526428045231629,-0.004414056866448,0.003369103057004,-0.082444902215544,0.002404666652057,-0.000063355789636,-0.026321377159536,0.003638860660633
1403637137.488318920135498,0.011033259602342,-0.039626327935431,0.403675793399854,0.040005702529418,0.793173458023159,-0.078343621591088,0.602609065820208,0.041229455653396,-0.008388006819620,-0.733018583955817,0.047780526618921,-0.003796291958398,-0.671106563270920,-0.006551070965525,-0.004591714861222,-0.061912020684896,0.002389024052593,-0.000189814416899,-0.033555296162691,0.010805273522715
1403637137.538319110870361,0.012579140934737,-0.039310969328236,0.364909865845955,0.041528337636928,0.798278122919400,-0.075339932930313,0.596113521191600,0.025484447073224,0.012600105346935,-0.837266391577817,0.030917508706959,0.006307148084027,-0.775315593483704,-0.005433061633735,0.006292957262907,-0.061950798094113,0.001545881332395,0.000315358607194,-0.038765927553899,0.017842734639755
1403637137.588319063186646,0.012828706799650,-0.039067161957751,0.321921934361306,0.045609501746614,0.805277580616951,-0.072610886011216,0.586664683391460,0.006180951975064,0.006238596214883,-0.885805567768667,0.004991322058350,0.004876152059974,-0.859759449623497,0.001189629916714,0.001362444154910,-0.026046118145170,0.000249565864913,0.000243807370486,-0.042987931484650,0.025485583268650
1403637137.638319015502930,0.013146699819575,-0.038214450916139,0.277176538550332,0.049583503644027,0.813767587617483,-0.071422564552589,0.574649986324142,0.009518492360725,0.000979319514604,-0.901250366303587,0.006359866463739,0.017054237096419,-0.894908769670986,0.003158625896986,-0.016074917581815,-0.006341596632601,0.000317993019925,0.000852711041612,-0.044745395810974,0.030570738459578
1403637137.688318967819214,0.012798366901382,-0.036758869607057,0.232367895982651,0.050820615953553,0.822063039002764,-0.072459504225044,0.562475995174107,-0.010788608461486,0.034526752249084,-0.888664839620690,-0.006966665007777,0.029111653944690,-0.896173706011470,-0.003821943453709,0.005415098304394,0.007508866390780,-0.000348332918192,0.001455581309083,-0.044808642567681,0.029639857267975
1403637137.738318920135498,0.011883532140768,-0.034703928313148,0.189740293534040,0.048181685262732,0.829529878852044,-0.073380282866324,0.551519754300256,-0.039970931327861,0.038702259729070,-0.810039201168205,-0.018296712661398,0.041098865073094,-0.852552862029981,-0.021674218666463,-0.002396605344025,0.042513660861776,-0.000914834760615,0.002054941293908,-0.042627602448611,0.027100369680898
1403637137.788319110870361,0.008914062431773,-0.032516303086586,0.150916293152740,0.043928127224838,0.835366908792827,-0.073761243108106,0.542947259268875,-0.070481734705130,0.039070247319030,-0.727968561214318,-0.059389167628202,0.043752337629324,-0.776477045601140,-0.011092567076927,-0.004682090310294,0.048508484386822,-0.002969469708995,0.002187625226562,-0.038824000381300,0.022431923237326
1403637137.838319063186646,0.004601395323658,-0.030622629956199,0.117345430024174,0.039510765844307,0.839941473040315,-0.073367191962491,0.536241061830220,-0.095477011500379,0.040854968089287,-0.603171735718838,-0.086253424419967,0.037873498726718,-0.671417902885324,-0.009223587080412,0.002981469362569,0.068246167166486,-0.004312667108115,0.001893673130387,-0.033570863128566,0.018500669196199
1403637137.888319015502930,-0.000786195868437,-0.029499040520157,0.090917762669525,0.035577875993304,0.844232997793298,-0.071802038826212,0.529952193501590,-0.099926056579299,0.020158183340405,-0.441745823503617,-0.107751926602140,0.022471810151637,-0.528553851161224,0.007825870022841,-0.002313626811232,0.086808027657607,-0.005387591192095,0.001123589436042,-0.026427667354650,0.017422382885798
1403637137.938318967819214,-0.005416462880441,-0.029044705138185,0.073720801036084,0.034636893077630,0.848685853157349,-0.070354413258316,0.523051493472288,-0.074723741528695,-0.001321029548338,-0.250631491848670,-0.092605428555511,0.009086716305209,-0.343939560675143,0.017881687026817,-0.010407745853547,0.093308068826474,-0.004630267012005,0.000454335381972,-0.017196961633441,0.016784405115829
1403637137.988318920135498,-0.008590053452570,-0.029883177886386,0.066900719365080,0.034373252021838,0.853485553729815,-0.069048888023240,0.515376697360976,-0.046941617465238,-0.017588862643151,-0.020976676754729,-0.063471871974071,-0.016769470956644,-0.136401763502928,0.016530254508833,-0.000819391686507,0.115425086748198,-0.003173590572129,-0.000838472748202,-0.006820081671003,0.018299082784008
1403637138.038319110870361,-0.010282361173960,-0.031112294513773,0.072292098577171,0.033898125078661,0.857569637774100,-0.068881635600707,0.508606482224836,-0.014878120248031,-0.030792898679591,0.229235817944455,-0.033846025315453,-0.024582238773933,0.107827172913801,0.018967905067421,-0.006210659905659,0.121408645030653,-0.001692307721390,-0.001229116627387,0.005391379212091,0.015845453958791
1403637138.088319063186646,-0.010995024913337,-0.031699431100583,0.090370137083305,0.031523925952299,0.859247310212986,-0.069915403413623,0.505778744462254,0.004158694310625,-0.023958872987100,0.484656527344800,-0.014253288380543,-0.011742742934952,0.361561114934212,0.018411982691168,-0.012216130052148,0.123095412410588,-0.000712663739377,-0.000587136586810,0.018078038506133,0.008370473969036
1403637138.138319015502930,-0.009922689369767,-0.033526046043185,0.119740841596870,0.028525849595433,0.858119478198207,-0.068786911381534,0.508021257295681,0.034573229829911,-0.037170067849771,0.691409922956052,0.021446731324599,-0.036532333691988,0.587414650473576,0.013126498505312,-0.000637734157783,0.103995272482476,0.001072335543570,-0.001826614942602,0.029370704513566,0.008139495765754
1403637138.188318967819214,-0.007613579551906,-0.036403502294679,0.158282620732454,0.030891693316365,0.854858878330888,-0.063049289146722,0.514088308134893,0.049019209372788,-0.074263398207325,0.851308960994496,0.046182240400031,-0.057549179913056,0.770836317838473,0.002836968972757,-0.016714218294269,0.080472643156023,0.002309109817861,-0.002877456251494,0.038541779135584,0.018542789276939
1403637138.238318920135498,-0.005130705102494,-0.039768551603634,0.204214127526858,0.040041954731665,0.848925399717066,-0.057024375199451,0.523899349312060,0.039838941753202,-0.065707046839865,0.967970228154519,0.049657536345363,-0.067301050362382,0.918631011962877,-0.009818594592160,0.001594003522517,0.049339216191642,0.002482874449412,-0.003365049308955,0.045931506794404,0.031717177695431
1403637138.288319110870361,-0.002739768262062,-0.042717653027000,0.253624755707366,0.046677210490015,0.840610088992572,-0.054905126371639,0.536825244751851,0.040115873226264,-0.040350084918483,0.997092631729829,0.047818554395326,-0.058981803469591,0.988208793892792,-0.007702681169062,0.018631718551108,0.008883837837037,0.002390936840432,-0.002949101423366,0.049410628180509,0.033748941118064
1403637138.338319063186646,-0.001411810785936,-0.043846872795736,0.302857476759468,0.051578709076798,0.830842183270681,-0.055135098242939,0.551362878882610,0.035567738458947,-0.005552952909061,0.979390560790809,0.026559174851328,-0.022584416912912,0.984655360082555,0.009008563607619,0.017031464003851,-0.005264799291745,0.001327957476126,-0.001129219768737,0.049232721052101,0.036378096982085
1403637138.388319015502930,0.000261614337695,-0.043776282255517,0.350791668070488,0.055486370946900,0.820166915962713,-0.058325362137323,0.566432383194063,0.026274456389744,0.005711620945529,0.912994960464155,0.033468534390709,0.001411812150803,0.958684740493416,-0.007194078000964,0.004299808794727,-0.045689780029261,0.001673425123631,0.000070590540220,0.047934191311020,0.038288906555122
1403637138.438318967819214,0.001158708317792,-0.043681079672671,0.393641391535981,0.060901821814796,0.810109748128066,-0.060601390711080,0.579948821476001,0.007423813855244,0.010535927412693,0.797849698057958,0.017941896712661,0.001904053472769,0.856995286604265,-0.010518082857417,0.008631873939924,-0.059145588546307,0.000897093980097,0.000095202582846,0.042849723465494,0.035685099897563
1403637138.488318920135498,0.001447960771788,-0.042977374215278,0.428922886126430,0.064893742596744,0.801552719214529,-0.064081427243444,0.590927754614746,-0.004670731330712,0.009224555960327,0.621154321752281,0.005785054596982,0.014074122569987,0.705630564750717,-0.010455785927693,-0.004849566609660,-0.084476242998436,0.000289252453996,0.000703705457393,0.035281494590449,0.029786567605316
1403637138.538319110870361,0.001419744866891,-0.042405215916221,0.454981103517556,0.066907750945013,0.794815873960046,-0.067060818930176,0.599411316150290,-0.002830848894228,0.008413037493475,0.424092638529386,-0.000564315945241,0.011443122329094,0.521162359745888,-0.002266532948987,-0.003030084835618,-0.097069721216502,-0.000028215904897,0.000572158299057,0.026058217391126,0.022828956996264
1403637138.588319063186646,0.001500310252575,-0.042266862022649,0.470608990456174,0.068391952991315,0.790071573633938,-0.068368198761212,0.605338945302361,0.000453191878081,-0.005656790549588,0.198543834722500,0.001611309250335,0.002767080510333,0.312558036850931,-0.001158117372254,-0.008423871059921,-0.114014202128431,0.000080565385684,0.000138353893572,0.015627886938618,0.015691728580734
1403637138.638319015502930,0.001981471310396,-0.042624252249650,0.474746852955756,0.067198360896166,0.787336638003156,-0.069085275465133,0.608943859041753,0.017595423925139,-0.012792938406340,-0.022957187026894,0.009623230333851,-0.007147811356717,0.082757328915191,0.007972193591287,-0.005645127049623,-0.105714515942084,0.000481161057821,-0.000357390227002,0.004137862499583,0.009468723024352
1403637138.688318967819214,0.003535106990606,-0.043460462036176,0.468152464189608,0.065752923535567,0.787040124521401,-0.069337484891320,0.609456076045525,0.038166683365954,-0.008418673936758,-0.244459287291459,0.031072743237469,-0.016724211679955,-0.131887901101069,0.007093940128485,0.008305537743198,-0.112571386190390,0.001553635680210,-0.000836209786525,-0.006594388766148,0.003164291885616
1403637138.738318920135498,0.005941288382389,-0.044164259211470,0.450985937356416,0.062341328277068,0.788235135447315,-0.070612936846760,0.608122309395798,0.057132526024192,-0.019174162187283,-0.437982264787721,0.048123673729980,-0.014075956929768,-0.343330864089667,0.009008852294212,-0.005098205257515,-0.094651400698054,0.002406181391783,-0.000703797175294,-0.017166526833192,0.008117331359507
1403637138.788319110870361,0.009141734955654,-0.045454023317652,0.424819165484569,0.060336602096537,0.791005949718264,-0.072250121953094,0.604523781033893,0.075744135270958,-0.025881570201027,-0.610476010701481,0.064008687291533,-0.025795183722817,-0.523333441078291,0.011735447979425,-0.000086386478211,-0.087142569623189,0.003200446573265,-0.001289764106182,-0.026166771871847,0.010454890234422
1403637138.838319063186646,0.013297007347296,-0.046691390706280,0.390951975464071,0.059804776322470,0.795121279679468,-0.074588940547951,0.598867288535481,0.081423138786958,-0.030768925137282,-0.747787979813074,0.083105527088451,-0.024747371373499,-0.677344446375957,-0.001682388301493,-0.006021553763783,-0.070443533437117,0.004155272391642,-0.001237367388628,-0.033867190020498,0.014789862521455
1403637138.888319015502930,0.016887854500000,-0.047983476948057,0.351014511204550,0.059091252087594,0.800268798142420,-0.075642195825497,0.591909057927908,0.068232503742857,-0.021766228320732,-0.839479796302485,0.071817011544124,-0.025841749480148,-0.798750046937835,-0.003584507801267,0.004075521159416,-0.040729749364650,0.003590847152704,-0.001292086241777,-0.039937464259521,0.017496613516141
1403637138.938318967819214,0.018758585919028,-0.048826004524474,0.307520574483440,0.057436414233148,0.805514425579031,-0.074676228773664,0.585039340010794,0.049587358441860,-0.002300048982712,-0.893660889976934,0.037414664061954,-0.016850567598304,-0.869879564004003,0.012172694379907,0.014550518615592,-0.023781325972930,0.001870731419027,-0.000842527576418,-0.043493936721110,0.017706690725008
1403637138.988318920135498,0.021467362044343,-0.048541370047404,0.262449045436974,0.049723491541523,0.809486524986914,-0.075217470486772,0.580173657095100,0.050463121932895,0.017540887199759,-0.896453645315081,0.054175574172145,0.005692694970375,-0.901431440601334,-0.003712452239250,0.011848192229384,0.004977795286253,0.002708776125315,0.000284634477070,-0.045071529046466,0.019923391640688
1403637139.038319110870361,0.024543916807206,-0.047556823373137,0.218270095736554,0.041449266001969,0.812959966338095,-0.075246899800520,0.575947875723031,0.047514895782795,0.024736580838520,-0.850046674568575,0.061530860535655,0.019690858370688,-0.883575623434870,-0.014015964752860,0.005045722467833,0.033528948866295,0.003076554762863,0.000984546674268,-0.044178949700419,0.019837994257932
1403637139.088319063186646,0.026376960354521,-0.045897821883032,0.176537308705098,0.033937034496303,0.815725833154887,-0.075732048608460,0.572454626697111,0.025201035122352,0.041611054632223,-0.796811539352025,0.036660905908883,0.033180061445063,-0.834656536619630,-0.011459870786531,0.008430993187160,0.037844997267605,0.001833043547316,0.001659001490105,-0.041732787031456,0.017495403686224
1403637139.138319015502930,0.025993945718068,-0.044212560428625,0.138095876648908,0.028679990628489,0.818164725034738,-0.075576721040509,0.569273308774570,0.001639528369208,0.051478159623520,-0.723980386800056,-0.007660300034508,0.033705261231979,-0.768829374336632,0.009299828403716,0.017772898391541,0.044848987536576,-0.000383014636454,0.001685261454407,-0.038441432056190,0.013225698252205
1403637139.188318967819214,0.025959261869152,-0.041838589620397,0.103996243171686,0.023507854202086,0.820541450576505,-0.075177924905475,0.566133719436960,0.001319571418994,0.044762518797364,-0.630794725092448,-0.000693677639865,0.047479461444514,-0.681993319943952,0.002013249058859,-0.002716942647150,0.051198594851504,-0.000034683848916,0.002373970808229,-0.034099633477222,0.013025517879355
1403637139.238318920135498,0.026045206863070,-0.039766540894143,0.074641756280233,0.021165881034470,0.822509727372566,-0.073402701996477,0.563597194099792,0.013071326549625,0.041100508597394,-0.522488170694922,0.001718901517639,0.041441014046301,-0.587090297721988,0.011352425031986,-0.000340505448907,0.064602127027066,0.000085944993918,0.002072048726254,-0.029354486891452,0.008705023591820
1403637139.288319110870361,0.027012870404024,-0.038123287783392,0.050843433862625,0.019291528323609,0.823287060520528,-0.071608102396294,0.562759746770866,0.028746879380492,0.025771546579111,-0.398237393652281,0.019353196992497,0.032864936845246,-0.475964632691178,0.009393682387995,-0.007093390266135,0.077727239038897,0.000967663540954,0.001643253110752,-0.023798322417608,0.005670751642128
1403637139.338319063186646,0.031231022643831,-0.036075707775675,0.033633557578409,0.018870181906468,0.824004483272143,-0.069242152242548,0.562019618994787,0.045568193174031,0.013363363513561,-0.288207785940758,0.084363125251088,0.040951639208865,-0.344197853936971,-0.038794932077057,-0.027588275695304,0.055990067996213,0.004218152239807,0.002047580007717,-0.017209876284216,0.005229815047853
1403637139.388319015502930,0.033359261539095,-0.035485741989468,0.021474631084402,0.019109429088103,0.824687628794327,-0.065770148897580,0.561426248181815,0.045896554569022,0.004050393153517,-0.205598410936101,0.042564818498240,0.011799326976855,-0.243178761793493,0.003331736070782,-0.007748933823339,0.037580350857392,0.002128238895263,0.000589965786207,-0.012158926494008,0.007191894632428
1403637139.438318967819214,0.031871531946060,-0.034343171933559,0.013544110968030,0.017024278670767,0.824762455464424,-0.061301498195656,0.561888950159195,0.027645278696330,0.006716008907527,-0.136074376137362,-0.029754620236908,0.022851422910994,-0.158610553590235,0.057399898933238,-0.016135414003467,0.022536177452872,-0.001487729593035,0.001142570055909,-0.007930520116371,0.009906852916638
1403637139.488318920135498,0.033037626691538,-0.033461428469219,0.007880655506035,0.014021236618398,0.823912818555321,-0.057522873152962,0.563615286705521,0.027157458407985,0.011751531290542,-0.105082145632323,0.023321917151065,0.017634886104736,-0.113269217261844,0.003835541256920,-0.005883354814194,0.008187071629522,0.001166094745478,0.000881743464340,-0.005663455461995,0.010392006595989
1403637139.538319110870361,0.034340906481064,-0.032481152771463,0.003596087947481,0.010855757111080,0.822567282077272,-0.055331512166421,0.565865392787836,0.025301519062938,0.020277697287051,-0.081747184795520,0.026065496358546,0.019605439166304,-0.085691024285777,-0.000763977295608,0.000672258120747,0.003943839490257,0.001303279789526,0.000980275697756,-0.004284567558555,0.009315751929978
1403637139.588319063186646,0.037116627316888,-0.029549160655004,0.000893060152319,0.009953128711041,0.820689321157130,-0.053940641969971,0.568735773898018,0.026057167190338,0.019288296144480,-0.067008434303869,0.055514469659213,0.058639898252538,-0.054060607459442,-0.029457302468875,-0.039351602108058,-0.012947826844427,0.002775720835824,0.002931992116459,-0.002703027795161,0.007619737639720
1403637139.638319015502930,0.038232196764639,-0.028419394186356,-0.002060752027674,0.010496689944456,0.818983316531811,-0.051326176995531,0.571420834672476,0.019585910241148,0.018025374795853,-0.065204770574674,0.022311410232839,0.022595350921578,-0.059076299939425,-0.002725499991691,-0.004569976125725,-0.006128470635250,0.001115569447751,0.001129766468649,-0.002953812179994,0.008306843891864
1403637139.688318967819214,0.039421721581074,-0.027267208438425,-0.005511454675474,0.010058478837340,0.817566053892806,-0.049224810688829,0.573638817147405,0.019562424044891,0.011036497047705,-0.075410997007213,0.023790519017097,0.023043736934834,-0.069014118772976,-0.004228094972205,-0.012007239887129,-0.006396878234238,0.001189524816434,0.001152185747931,-0.003450702647799,0.006792896308795
1403637139.738318920135498,0.040461193514081,-0.026813719694097,-0.009621939830115,0.009237710945135,0.816747153546635,-0.047766078290061,0.574941000133710,0.012065584110174,0.002715043401996,-0.080156909974777,0.020789458486521,0.009069783536186,-0.082209781494187,-0.008723874376346,-0.006354740134190,0.002052871519410,0.001039471933007,0.000453488744328,-0.004110485154642,0.004546577031788
1403637139.788319110870361,0.040726039249318,-0.027053926425863,-0.013718126709735,0.009605961505624,0.816395224635886,-0.047158646132332,0.575484686842525,0.002386998221560,-0.011361985415324,-0.071815055189674,0.005296894498683,-0.004804116309077,-0.081923425079336,-0.002909896277123,-0.006557869106248,0.010108369889662,0.000264845735237,-0.000240206731766,-0.004096186879620,0.001922531215090
1403637139.838319063186646,0.040652516102557,-0.027967055079323,-0.015634733471592,0.008328325370989,0.814566938401612,-0.048086613520560,0.578012992466141,-0.010668112398775,-0.012064711446902,0.006836417216845,-0.001470464337566,-0.018262590485768,-0.038332171793553,-0.009197648061209,0.006197879038866,0.045168589010398,-0.000073523146761,-0.000913128653460,-0.001916606761857,0.006993840120466
1403637139.888319015502930,0.039941205064390,-0.029141021290040,-0.015897278955692,0.008590926840681,0.810300296541733,-0.049070243739821,0.583893600392839,-0.013700452832254,-0.029300970905596,-0.010203478141917,-0.014226234330526,-0.023479346605983,-0.005250914689659,0.000525781498272,-0.005821624299613,-0.004952563452258,-0.000711311038167,-0.001173966210717,-0.000262545484100,0.014672765477981
1403637139.938318967819214,0.038972658451381,-0.030282127374165,-0.016309210156585,0.009026060355400,0.807027781516930,-0.051903360147996,0.588158763685173,-0.018055876914506,-0.021648425741028,-0.009160386153111,-0.019370950733766,-0.022822143447383,-0.008238631874833,0.001315073819260,0.001173717706355,-0.000921754278278,-0.000968546613009,-0.001141106084125,-0.000411931200893,0.012184740795176
1403637139.988318920135498,0.037575352517444,-0.030928406530792,-0.017110275290492,0.008981523255682,0.804567955468396,-0.055894773061823,0.591156080589365,-0.036189751517615,-0.010297029535716,-0.017815820943095,-0.027946145330259,-0.012925595459361,-0.016021317957246,-0.008243606187355,0.002628565923645,-0.001794502985849,-0.001397305933937,-0.000646279156628,-0.000801065133906,0.011129796643864
1403637140.038319110870361,0.035674025178408,-0.031631321002501,-0.017113125172602,0.008305700484388,0.801402365243688,-0.060591546655366,0.594990696393815,-0.033058018795533,-0.018405620851033,0.010034223393945,-0.038026401721498,-0.014058235806260,-0.000056997424777,0.004968382925964,-0.004347385044773,0.010091220818722,-0.001901327339035,-0.000702914471709,-0.000002849882110,0.013746540572550
1403637140.088319063186646,0.033874729567135,-0.032742631694375,-0.016358568639970,0.011368584565291,0.797856542394226,-0.062176324318467,0.599524643144848,-0.037923812447202,-0.020843320108643,0.015384426489584,-0.035985946544346,-0.022226235034065,0.015091145044673,-0.001937865902856,0.001382914925422,0.000293281444911,-0.001799295611274,-0.001111310691874,0.000754556532632,0.013419758697396
1403637140.138319015502930,0.031842125514048,-0.033376474517359,-0.015302553197135,0.013930850698302,0.794033337715361,-0.064238059584806,0.604309905343446,-0.033614731051795,-0.007020149286603,0.028876261820201,-0.040652119830608,-0.012676868549283,0.021120328998626,0.007037388778813,0.005656719262680,0.007755932821575,-0.002032604053086,-0.000633842822984,0.001056015442836,0.013904212747723
1403637140.188318967819214,0.030367137879404,-0.034027626450904,-0.014786987855365,0.014671067526315,0.792161021182769,-0.066242835869905,0.606529111413644,-0.020924995443203,-0.024889351955528,-0.010546691001784,-0.029499780826081,-0.013023051090650,0.010311316669026,0.008574785382878,-0.011866300864878,-0.020858007670811,-0.001474987634645,-0.000651151933545,0.000515565341769,0.007210411295753
1403637140.238318920135498,0.029452683480886,-0.035348801711680,-0.015387694720637,0.016884597823126,0.793055023395364,-0.067743578560163,0.605135892000790,-0.007270027547091,-0.025428634925433,-0.004308199559740,-0.018289105412206,-0.026423530414969,-0.012014148763031,0.011019077865116,0.000994895489536,0.007705949203291,-0.000914454398518,-0.001321175260776,-0.000600706865272,0.006290390589064
1403637140.288319110870361,0.028887452410442,-0.036244965409780,-0.015898540803560,0.016795735757245,0.792934163321904,-0.069038345538187,0.605150413321114,-0.006075406540734,-0.016794663679805,-0.016641026718118,-0.011304578285337,-0.017923205590402,-0.010216882684137,0.005229171744603,0.001128541910597,-0.006424144033982,-0.000565231070444,-0.000896163698100,-0.000510846082923,0.002607018420107
1403637140.338319063186646,0.028465703943365,-0.036838600951794,-0.016623600924209,0.015223238029267,0.792473165572115,-0.070679302415880,0.605606283885843,-0.008867846371534,-0.001785232724435,0.029049590676693,-0.008434977385756,-0.011872722162986,-0.014501216242415,-0.000432868985778,0.010087489438551,0.043550806919108,-0.000421748467077,-0.000593635542014,-0.000725060120649,0.004726871301756
1403637140.388319015502930,0.028132386439150,-0.036474593549493,-0.016486346510580,0.013954790531075,0.792329687619292,-0.071720256287030,0.605702183235682,0.004422617247663,0.000677224077006,0.008852568665794,-0.006666356441841,0.007280154988919,0.002745090890508,0.011088973689504,-0.006602930911913,0.006107477775286,-0.000333317504215,0.000364007402301,0.000137254413629,0.003299895297291
1403637140.438318967819214,0.027920954467998,-0.036547389260176,-0.016271238932915,0.014655440774191,0.792595105348123,-0.071011240137300,0.605421853593074,0.000030175043102,0.000519354557384,0.006661909146668,-0.004228643455784,-0.001455915602132,0.004302155656141,0.004258818498885,0.001975270159516,0.002359753490527,-0.000211431971152,-0.000072795710683,0.000215107577664,0.002137892468765
1403637140.488318920135498,0.027660971823633,-0.036246381537151,-0.016174775564316,0.013849803719344,0.792493381181739,-0.071727950497262,0.605489491929904,-0.001534374305854,0.000509311700058,0.001526308176872,-0.005199657846081,0.006020160201772,0.001929269211880,0.003665283540226,-0.005510848501714,-0.000402961035008,-0.000259982644365,0.000301007723025,0.000096463368599,0.002170389522991
1403637140.588319063186646,0.027274680431932,-0.035819424761881,-0.016117565396084,0.012899326897952,0.792451767210670,-0.072332926330479,0.605492982435582,-0.005299188037650,-0.001953614864252,-0.000929557633736,-0.003862908391077,0.004269561645049,0.000572100863921,-0.001436279646573,-0.006223176509300,-0.001501658497657,-0.000386291391701,0.000426956775271,0.000057210168232,0.002254902203847
1403637143.938318967819214,0.026579233090822,-0.035307242715542,-0.016595610759273,0.012934425659272,0.792495271157748,-0.071971687213444,0.605478341532646,-0.002890661700690,0.002656412326235,-0.001962943917721,-0.000207596227136,0.000152890167438,-0.000142700112477,-0.002683065473554,0.002503522158796,-0.001820243805244,-0.000695447341109,0.000512182046338,-0.000478045363189,0.000731662691760
1403637143.988318920135498,0.026289894151160,-0.035197998473784,-0.016736356386402,0.012926297757975,0.792492722855693,-0.072013570094458,0.605476870548572,-0.005426947303318,-0.002481413049430,-0.005487215249406,-0.005786784311953,0.002184886918829,-0.002814915227083,0.000359837008636,-0.004666299968258,-0.002672300022323,-0.000289338939662,0.000109244241758,-0.000140745627129,0.000085531180322
1403637144.938318967819214,0.025972805868681,-0.035472712395083,-0.017197683785363,0.012922744806076,0.792438305057910,-0.071800458085437,0.605573471646790,-0.007099222317481,-0.007618189152345,-0.005302335724671,-0.000333777122698,-0.000289172534220,-0.000485607764006,-0.006765445194783,-0.007329016618125,-0.004816727960665,-0.000317088282479,-0.000274713921298,-0.000461327398961,0.000480509815411
1403637146.288319110870361,0.025779819373361,-0.035450830248224,-0.017707443000995,0.012094684827183,0.792312312806948,-0.072191828391506,0.605708888400136,-0.006078289136385,-0.004913383152440,-0.003892859478043,-0.000142952944348,0.000016208995955,-0.000377599378975,-0.005935336192037,-0.004929592148395,-0.003515260099069,-0.000192986495320,0.000021882146858,-0.000509759215632,0.001868759859094
1403637146.338319063186646,0.025699305066190,-0.035562854511758,-0.017800680674882,0.012637869205954,0.792316344549801,-0.071898388561094,0.605727427266995,-0.004995046398774,-0.006863488158341,-0.003842192939710,-0.001610287679114,-0.002240487407363,-0.001864755256113,-0.003384758719660,-0.004623000750978,-0.001977437683596,-0.000080514307171,-0.000112024263533,-0.000093237673887,0.001235339888313
1403637148.638319015502930,0.024995799718522,-0.035355146108630,-0.018181380272869,0.012469726533498,0.792504204842164,-0.071454709027510,0.605537625408581,-0.008705320501336,-0.010867437297173,-0.000633669525054,-0.000305871896632,0.000090308003232,-0.000165521567774,-0.008399448604705,-0.010957745300405,-0.000468147957281,-0.000703505347668,0.000207708403128,-0.000380699597987,0.001088925578691
1403637148.688318967819214,0.024858513531846,-0.035263878485356,-0.018098554041484,0.011994915383824,0.792448717256072,-0.071184868616585,0.605651605301415,-0.006533120566079,-0.001706646173628,0.000898318935431,-0.002745726352065,0.001825354206274,0.001656526207491,-0.003787394214015,-0.003532000379902,-0.000758207272060,-0.000137286186677,0.000091267623274,0.000082826231385,0.001121302406641
1403637148.888319015502930,0.024715005573939,-0.034678103121492,-0.018271525240738,0.011562283719985,0.792582271529592,-0.070733259850425,0.605538159328629,-0.009141820623600,0.007505645991437,-0.001175742330366,-0.000717539618458,0.002928876121023,-0.000864855790076,-0.008424281005142,0.004576769870415,-0.000310886540290,-0.000143507957907,0.000585775363864,-0.000172971199255,0.001298964790692
1403637149.438318967819214,0.023638101692811,-0.033228934558512,-0.018612112682987,0.011389481612591,0.792650344002392,-0.070314109066022,0.605501146099442,-0.009148806825783,0.015735601479272,0.000126765346677,-0.001958007226351,0.002634852161126,-0.000619249948686,-0.007190799599433,0.013100749318146,0.000746015295363,-0.001076903881128,0.001449168562980,-0.000340587442249,0.000919895195081
1403637149.488318920135498,0.023579870674751,-0.032127659965122,-0.018901359317666,0.011079603710111,0.792931237320043,-0.069527668588701,0.605229872498336,-0.010292037191700,0.014372805128923,-0.009122364138184,-0.001164621471882,0.022025512872957,-0.005784938210522,-0.009127415719818,-0.007652707744033,-0.003337425927662,-0.000058231018061,0.001101274593390,-0.000289246634679,0.001862260372500
1403637149.538319110870361,0.023323626403304,-0.031494613527288,-0.019194606573461,0.010983072011222,0.793260052955677,-0.068713700048423,0.604893617043202,-0.011172198552246,0.016346211529014,-0.004293624382791,-0.005124865879115,0.012660880459252,-0.005864922742991,-0.006047332673132,0.003685331069762,0.001571298360200,-0.000256244271446,0.000633046437834,-0.000293247255795,0.001890027167276
1403637149.588319063186646,0.022828493456572,-0.031021329596937,-0.019404242950449,0.010359298765975,0.794738009066162,-0.066309876187308,0.603230621068472,-0.017976569126187,0.012876251872168,-0.013471636491517,-0.009902668378575,0.009465687634200,-0.004192731538258,-0.008073900747612,0.003410564237967,-0.009278904953259,-0.000495132946733,0.000473283930351,-0.000209636376988,0.006668547785783
1403637149.638319015502930,0.021942672109185,-0.030564266989709,-0.019757595085546,0.008831551542403,0.797837351332762,-0.062102041443305,0.599600617881813,-0.021481507489908,0.012618838970854,-0.010336033232290,-0.017716443843452,0.009141260862355,-0.007067049441611,-0.003765063646455,0.003477578108499,-0.003268983790679,-0.000885821347387,0.000457062607228,-0.000353352135097,0.013087839126226
1403637149.688318967819214,0.020742894721207,-0.030029773430584,-0.019859285806927,0.006298431074416,0.800467643425524,-0.056235708886144,0.596698773788636,-0.035963834266347,0.012303427696324,0.000964467595141,-0.023995570643520,0.010689881377164,-0.002033816367218,-0.011968263622826,0.001613546319160,0.002998283962359,-0.001199777387978,0.000534493559125,-0.000101690721381,0.014989323604778
1403637149.738318920135498,0.018875270855342,-0.030461162060383,-0.019772301640274,0.005281184230890,0.801693274689175,-0.053277708513819,0.595333090115762,-0.027624193099159,-0.001468649357155,0.017647403510408,-0.037352512939429,-0.008627780824066,0.001739684992154,0.009728319840270,0.007159131466911,0.015907718518254,-0.001867623865865,-0.000431388629799,0.000086984166653,0.007253091932707
1403637149.788319110870361,0.018229686638966,-0.031078737789987,-0.020008150358996,0.003188124130307,0.804132093150491,-0.052317615741775,0.592135355905249,-0.010777449491846,-0.007493535460265,0.013368738103031,-0.012911635073530,-0.012351467474985,-0.004716956380685,0.002134185581684,0.004857932014720,0.018085694483716,-0.000645584216375,-0.000617575729605,-0.000235848718722,0.009268453316278
1403637149.838319063186646,0.017989355123369,-0.032265372735397,-0.019712926955336,0.002075450621951,0.807381012596257,-0.050869775122091,0.587829787423866,-0.014515475088211,-0.032314806569875,-0.017603181088605,-0.004806634895919,-0.023732721541474,0.005904473704138,-0.009708840192292,-0.008582085028401,-0.023507654792743,-0.000240331515598,-0.001186634945409,0.000295223403660,0.011389077212677
1403637149.888319015502930,0.017483026485028,-0.034980878141858,-0.019775713473685,0.000642408322028,0.812383707744710,-0.051432731247800,0.580850215510760,-0.019850628252325,-0.070811819750299,0.000919871780434,-0.010126582424270,-0.054310159923436,-0.001255731564529,-0.009724045828055,-0.016501659826863,0.002175603344963,-0.000506328638340,-0.002715505406462,-0.000062786518349,0.017448483650836
1403637149.938318967819214,0.016939433941575,-0.039096395226172,-0.019197257568237,0.002918600540276,0.817699428691116,-0.049818931295700,0.573478160154040,-0.019096533917743,-0.088789584843191,0.018085975314832,-0.010871861237279,-0.082310420183600,0.011569129142138,-0.008224672680464,-0.006479164659591,0.006516846172694,-0.000543592543453,-0.004115517084313,0.000578455905448,0.019014749172760
1403637149.988318920135498,0.016236955640938,-0.044499513967263,-0.017224648019734,0.006569661692317,0.823985857111271,-0.047097891140832,0.564611313627294,-0.025500568220171,-0.110299974952557,0.073529647532564,-0.014049579411472,-0.108062477878242,0.039452228594635,-0.011450988808698,-0.002237497074315,0.034077418937929,-0.000702478300637,-0.005403118741092,0.001972609548503,0.023569137776048
1403637150.038319110870361,0.017091453196080,-0.052015535449530,-0.013936217377016,0.012849771490031,0.829516824421189,-0.043293384397719,0.556652857930534,-0.009741387441494,-0.142718583318505,0.110076141373714,0.017089885910109,-0.150319856220589,0.065768361967975,-0.026831273351603,0.007601272902084,0.044307779405739,0.000854497555143,-0.007516021482267,0.003288430642718,0.024318263801530
1403637150.088319063186646,0.017425489028519,-0.060004606150323,-0.008176244541477,0.018771324300723,0.834347952194608,-0.041166132061015,0.549378268248569,0.007009362623440,-0.166640284993642,0.141554700259947,0.006680723020012,-0.159781566395437,0.115199566573638,0.000328639603428,-0.006858718598206,0.026355133686308,0.000334035832439,-0.007989070700793,0.005759972835539,0.021526779530573
1403637150.138319015502930,0.018860605815040,-0.068520650584048,-0.000229044619779,0.024337918381059,0.837460970796388,-0.039359301983280,0.544534327172345,0.052693154847931,-0.176692097278616,0.186900189059474,0.028702363103127,-0.170321051105309,0.158944150014921,0.023990791744804,-0.006371046173307,0.027956039044554,0.001435116786521,-0.008516044433725,0.007947199921698,0.016420308546043
1403637150.188318967819214,0.022646331932353,-0.077871868957504,0.009922510291187,0.028977976616915,0.838136390931669,-0.039148434068836,0.543281756713019,0.082736973445367,-0.189971402143556,0.211917192799292,0.075714594553319,-0.187024545829632,0.203031291845047,0.007022378892048,-0.002946856313924,0.008885900954245,0.003785726117313,-0.009351218373456,0.010151554910966,0.009715920385881
1403637150.238318920135498,0.028224629769505,-0.087429651793266,0.021989242124701,0.032693340660679,0.837584421622488,-0.039601591453161,0.543888955657443,0.133972974029236,-0.186073214255172,0.257622944912474,0.111566063140733,-0.191155839015656,0.241334866825150,0.022406910888503,0.005082624760484,0.016288078087324,0.005578297837152,-0.009557782835762,0.012066731833514,0.007663591908218
1403637150.288319110870361,0.035934975068153,-0.096844945335334,0.035829744793703,0.034960718788685,0.835249487703968,-0.040951303910204,0.547228500847764,0.171697526563120,-0.187185080348732,0.282332827644994,0.154206317722552,-0.188305152514209,0.276808997437513,0.017491208840568,0.001120072165477,0.005523830207482,0.007710345298649,-0.009415293542068,0.013840502669002,0.009709222843949
1403637150.338319063186646,0.045350642761400,-0.106248972640856,0.050568108055561,0.036989667839301,0.832819695206360,-0.042525651316413,0.550667493801512,0.208006327218765,-0.187531399049033,0.304728354515408,0.188313533454718,-0.188080725478199,0.294767546349395,0.019692793764047,0.000549326429166,0.009960808166013,0.009415667693247,-0.009404027305522,0.014738363261858,0.009864241974846
1403637150.388319015502930,0.056436915959026,-0.115724754158117,0.066554629227409,0.036746727654042,0.827926210682419,-0.045242461748888,0.557800132060463,0.236830543030796,-0.183292591934399,0.313075758912868,0.221725675406604,-0.189515811081573,0.319730728355938,0.015104867624191,0.006223219147175,-0.006654969443070,0.011086273197626,-0.009475781517261,0.015986521171848,0.018139609928326
1403637150.438318967819214,0.068315544885374,-0.125207171705635,0.082441156019376,0.037258529034794,0.824129050482076,-0.047237502409677,0.563197770354048,0.244854703351949,-0.191698910282532,0.306466826258544,0.237572805094043,-0.189648531813305,0.317730838851095,0.007281898257906,-0.002050378469227,-0.011264012592551,0.011878628926348,-0.009482417547519,0.015886526791968,0.013826820746956
1403637150.488318920135498,0.080708677624291,-0.134802952704870,0.097821514842221,0.038817084951461,0.821511306635086,-0.048608318058284,0.566788883449676,0.257275303244955,-0.193376465838905,0.296405528512677,0.247862891158804,-0.191915803009870,0.307607469814235,0.009412412086151,-0.001460662829035,-0.011201941301558,0.012393132738917,-0.009595780999235,0.015380358822845,0.009809578264082
1403637150.538319110870361,0.093539600160795,-0.144366577684751,0.112829412784142,0.040036071073797,0.819701147261330,-0.050347570753945,0.569168045756796,0.260129688804305,-0.192387510566717,0.286138002717498,0.256617471812115,-0.191271769953714,0.300156813831037,0.003512216992190,-0.001115740613002,-0.014018811113539,0.012830922536504,-0.009563624979881,0.015007897941921,0.007334311806494
1403637150.588319063186646,0.106779796452277,-0.154285874796914,0.127586312944772,0.041114309603640,0.819100203172316,-0.051502394911912,0.569852589734594,0.267983426140381,-0.193038826424714,0.275923736980530,0.264804178366584,-0.198386131439023,0.295138284678409,0.003179247773797,0.005347305014309,-0.019214547697879,0.013240196291482,-0.009919297112163,0.014756900160630,0.003647438739898
1403637150.638319015502930,0.120343310758743,-0.163925859686532,0.141401211357883,0.041947046644778,0.818156495558051,-0.052729613008819,0.571034133801028,0.275287760895011,-0.191581096732010,0.276391473688852,0.271270544833072,-0.192799881660665,0.276298231760745,0.004017216061939,0.001218784928655,0.000093241928107,0.013563514306466,-0.009639984889618,0.013814898413111,0.004236105454704
1403637150.688318967819214,0.134120128920099,-0.173494947524876,0.154542107734254,0.042756661678091,0.817757071214342,-0.053582726973479,0.571466649710350,0.276499951417338,-0.190269795852411,0.251641203855701,0.275536625999312,-0.191381939282901,0.262818178170362,0.000963325418025,0.001112143430490,-0.011176974314661,0.013776818161355,-0.009569087838343,0.013140896376371,0.002630505659658
1403637150.738318920135498,0.148070600902098,-0.182933938538010,0.166859722681805,0.043981445927242,0.817608916111469,-0.053840149937653,0.571561484849941,0.280595205889167,-0.191612546211551,0.242578129338146,0.279009705724383,-0.188780000297326,0.246352533891119,0.001585500164784,-0.002832545914225,-0.003774404552973,0.013950471982000,-0.009438991013134,0.012317614947552,0.002527692141053
1403637150.788319110870361,0.162625476307366,-0.192478105109785,0.178829034569371,0.044890082190099,0.817304378617050,-0.054129928677864,0.571898928164491,0.291756370363421,-0.188499296700025,0.237253666874209,0.291096397660720,-0.190882603276162,0.239385324568764,0.000659972702701,0.002383306576137,-0.002131657694555,0.014554875405268,-0.009544166571775,0.011969311887565,0.002113009944047
1403637150.838319063186646,0.177635662679078,-0.201647663364369,0.190415405272272,0.046254690814993,0.816391832833909,-0.054098830795246,0.573095275993693,0.293980116214079,-0.178406268273188,0.238494180052882,0.300204013731104,-0.183391339987275,0.231727635050712,-0.006223897517025,0.004985071714087,0.006766545002170,0.015010186371712,-0.009169558254583,0.011586370702901,0.004063059502845
1403637150.888319015502930,0.193061876047893,-0.210420865670363,0.201982023891666,0.047271441708025,0.814129780581084,-0.053821612953433,0.576247642206831,0.295812387747138,-0.170991642626696,0.228909080991764,0.308524561608243,-0.175464213455596,0.231332593003842,-0.012712173861105,0.004472570828900,-0.002423512012078,0.015426213368815,-0.008773202305994,0.011566618619394,0.008041131020290
1403637150.938318967819214,0.207728802816794,-0.218740343438149,0.213227528831025,0.047787693963661,0.811836317814225,-0.053631095699889,0.579449596563415,0.291039319584258,-0.160987903845166,0.207688588247418,0.293338815127724,-0.166389714037321,0.224910313278365,-0.002299495543466,0.005401810192155,-0.017221725030947,0.014666926768902,-0.008319477767786,0.011245504939359,0.007953695297929
1403637150.988318920135498,0.222744379818040,-0.226966348723022,0.222801763635605,0.048100013031059,0.809524860895983,-0.053347540663168,0.582674804880856,0.287657516614273,-0.153056345132937,0.187404392210194,0.300311826424580,-0.164520262596207,0.191484878705819,-0.012654309810307,0.011463917463270,-0.004080486495625,0.015015577001245,-0.008226005284873,0.009574234804580,0.007980669035131
1403637151.038319110870361,0.237197734540812,-0.234465909953674,0.231531121951431,0.048137099742061,0.807577184581526,-0.052879270325046,0.585410704840362,0.279688852819944,-0.148098412727763,0.172233714434142,0.289065991756199,-0.149990652444112,0.174586500321875,-0.009377138936255,0.001892239716350,-0.002352785887733,0.014453354722772,-0.007499561230652,0.008729358315826,0.006782110340289
1403637151.088319063186646,0.251398764789018,-0.242973469118935,0.239385106281672,0.048311658364482,0.805421462834998,-0.052064720410697,0.588431402764470,0.269208655967092,-0.142465052988001,0.158071324129220,0.284020875827540,-0.170151345574199,0.157079836407827,-0.014812219860448,0.027686292586198,0.000991487721393,0.014201030248206,-0.008507559165262,0.007853984330241,0.007606768541458
1403637151.138319015502930,0.264820497485057,-0.250467450329576,0.246747054570327,0.048536810582774,0.802947589642352,-0.051097474762852,0.591868561742257,0.253861974786546,-0.133979585274996,0.142199191847561,0.268434909920249,-0.149879767149305,0.147239106191246,-0.014572935133703,0.015900181874309,-0.005039914343685,0.013421732696038,-0.007493981210641,0.007361948288655,0.008699516747149
1403637151.188318967819214,0.276741302107017,-0.257347608980535,0.252457005848111,0.048102471303900,0.802330502791165,-0.050274290201149,0.592810604063477,0.230114420912267,-0.129432245340901,0.127241235163031,0.238416319810734,-0.137603304247909,0.114199134464462,-0.008301898898467,0.008171058907008,0.013042100698569,0.011920804621961,-0.006880158650959,0.005709951277784,0.002922001867655
1403637151.238318920135498,0.287094156877885,-0.263483392513576,0.258254752252781,0.047111974465061,0.804061002970810,-0.050232608506367,0.590544706526292,0.199751567951830,-0.118644734888474,0.150476881056266,0.207057292882581,-0.122715787691724,0.115955038676735,-0.007305724930751,0.004071052803250,0.034521842379531,0.010352854770868,-0.006135783533041,0.005797746404670,0.006037135344174
1403637151.288319110870361,0.296956195739322,-0.269225066706233,0.266173481095711,0.044831273521398,0.806203525933877,-0.050690100828000,0.587755514958628,0.170126194948358,-0.105290688519764,0.188688827195636,0.197240024817751,-0.114833045799829,0.158373972709855,-0.027113829869393,0.009542357280066,0.030314854485781,0.009862038861437,-0.005741674192657,0.007918728842931,0.008433484834530
1403637151.338319063186646,0.306020811984713,-0.274759216343379,0.276521960120683,0.040811210502159,0.808669318706056,-0.052415368460148,0.584500647758425,0.170994841403605,-0.102588085704161,0.249486372943389,0.181292497801824,-0.110683098298538,0.206969777881201,-0.010297656398219,0.008095012594377,0.042516595062187,0.009064616245391,-0.005534149637145,0.010348479024972,0.011968601662903
1403637151.388319015502930,0.314344798398524,-0.280214490880073,0.289545716072578,0.035073296187763,0.810846730882750,-0.055454034180496,0.581568820522894,0.167646987310007,-0.103618003533036,0.295738377866120,0.166479887043803,-0.109105594785096,0.260475367446560,0.001167100266204,0.005487591252060,0.035263010419561,0.008323986413811,-0.005455274536695,0.013023755951895,0.014898877997823
1403637151.438318967819214,0.322633576346607,-0.286073160972888,0.305574918772552,0.030611585751745,0.812474625257596,-0.058195961426117,0.579276397071365,0.153022246220628,-0.112594694937525,0.350375165126861,0.165775717057719,-0.117173513601660,0.320584359732549,-0.012753470837091,0.004578818664136,0.029790805394312,0.008288777948084,-0.005858670092814,0.016029202699974,0.011887871875350
1403637151.488318920135498,0.330218910193364,-0.292531640210673,0.323097168491386,0.031841827592180,0.813649568237564,-0.056553143820714,0.577721576580284,0.152110665876580,-0.119294126236955,0.351975741993220,0.151706821614025,-0.129169707941537,0.350445328587393,0.000403844262555,0.009875581704582,0.001530413405827,0.007585333846756,-0.006458479237785,0.017522249718834,0.005660497428003
1403637151.538319110870361,0.338263236728015,-0.299031850469329,0.339744266184460,0.032175096612163,0.814379064693635,-0.055665937090389,0.576760613768457,0.152870876946668,-0.134687831041562,0.333970263637407,0.160885916961955,-0.130003709248320,0.332940683793569,-0.008015040015288,-0.004684121793242,0.001029579843838,0.008044326534651,-0.006500210258656,0.016647097693074,0.003068432230848
1403637151.588319063186646,0.346275430992275,-0.306176417918331,0.355251165038186,0.033496623557618,0.814640542566843,-0.054417080807243,0.576435203585847,0.153472149141260,-0.142996991066893,0.312983690582007,0.160244038105833,-0.142891485251976,0.310138272845417,-0.006771888964573,-0.000105505814917,0.002845417736590,0.008012194264260,-0.007144567449002,0.015506898853726,0.003731133317079
1403637151.638319015502930,0.355308789402279,-0.313558608498368,0.369317639899603,0.034607705111781,0.814979565821123,-0.052903068287344,0.576031144476316,0.155726423524780,-0.149140214274089,0.295381783021596,0.180667340497884,-0.147643952404993,0.281329765525313,-0.024940916973104,-0.001496261869097,0.014052017496284,0.009033358410004,-0.007382190580037,0.014066474861417,0.003901249988280
1403637151.688318967819214,0.362977652172881,-0.321418560258078,0.382730649409872,0.035726903691172,0.814804778286305,-0.051574799631173,0.576330462215431,0.153196247703638,-0.156494617165265,0.259969147182151,0.153377401684111,-0.157199185111016,0.268260446038486,-0.000181153980474,0.000704567945751,-0.008291298856335,0.007668862770601,-0.007859951759710,0.013413009510269,0.003542341425768
1403637151.738318920135498,0.370796306693292,-0.329529697313325,0.394241156706596,0.036293197883233,0.815307224228975,-0.050917200230799,0.575642573675809,0.153401556937506,-0.159757682090808,0.231496643376677,0.156373239537368,-0.162222895812759,0.230210365480185,-0.002971682599862,0.002465213721951,0.001286277896492,0.007818654520411,-0.008111137055247,0.011510507296724,0.002432092788786
1403637151.788319110870361,0.379127826531935,-0.337680461428809,0.404078021187613,0.036555234937580,0.815537737956229,-0.050238162512460,0.575359052935876,0.150884526727029,-0.164783389159377,0.192678299756851,0.166629761130772,-0.163014660458108,0.196736539129994,-0.015745234403743,-0.001768728701269,-0.004058239373144,0.008331519838643,-0.008150764115484,0.009836864481017,0.001628835492876
1403637151.838319063186646,0.386925141163047,-0.346027625097268,0.412597348545899,0.036838096075701,0.815606755121533,-0.049582750829802,0.575300031720659,0.156551901391306,-0.166554452337615,0.167281055569346,0.155946441344347,-0.166943432578840,0.170386709659161,0.000605460046959,0.000388980241224,-0.003105654089814,0.007797314631112,-0.008347163668459,0.008519327358287,0.001439196709322
1403637151.888319015502930,0.394595889193923,-0.354522125077028,0.419827593963159,0.037674522004109,0.815566557036507,-0.048862755233535,0.575364451966202,0.158022055333847,-0.172656605496091,0.144093397360287,0.153415106925570,-0.169890161615086,0.144605046251315,0.004606948408277,-0.002766443881006,-0.000511648891028,0.007670748030876,-0.008494499979760,0.007230245417260,0.002212480933727
1403637151.938318967819214,0.402675933322315,-0.363089103899425,0.426560558504199,0.038384047000077,0.815856635977132,-0.048308306908919,0.574952973687037,0.166361308838257,-0.170540335541652,0.135169451384616,0.161601036682608,-0.171339739850243,0.134659419242033,0.004760272155649,0.000799404308592,0.000510032142583,0.008080044128392,-0.008566978822397,0.006732964541040,0.002063297288123
1403637151.988318920135498,0.409744488303064,-0.370858127651503,0.433275176631701,0.038035184871418,0.815941593444679,-0.048105376070490,0.574872606402386,0.170539376224323,-0.164969755915071,0.158427139161128,0.141371234437093,-0.155380623224072,0.134292490621342,0.029168141787230,-0.009589132690999,0.024134648539786,0.007068554980749,-0.007769023752078,0.006714618127502,0.000840386540116
1403637152.038319110870361,0.417784081963921,-0.378719412437768,0.442186263996804,0.037409495392214,0.816113134428864,-0.048270771677486,0.574656257312888,0.140697592716682,-0.160816259848270,0.184088861829144,0.160791259847147,-0.157225095959147,0.178221067442630,-0.020093667130465,-0.003591163889123,0.005867794386514,0.008039593660856,-0.007861284786265,0.008911087365102,0.001407233155704
1403637152.088319063186646,0.425411792376394,-0.387122608978970,0.452135989576569,0.036357665844742,0.816472995153151,-0.048562530300993,0.574187816807993,0.141905571760609,-0.161990047990406,0.206591305820966,0.152554353736629,-0.168064091102464,0.198994701371451,-0.010648781976020,0.006074043112059,0.007596604449515,0.007627710412473,-0.008403196541203,0.009949725579766,0.002482261014793
1403637152.138319015502930,0.433314507281731,-0.395294965143681,0.462700917370641,0.035589920985622,0.816998246781378,-0.048994718079946,0.573451602038619,0.149262607888584,-0.165863810025140,0.212564617723122,0.158054448839225,-0.163447279169687,0.211298757391629,-0.008791840950641,-0.002416530855453,0.001265860331494,0.007902714905338,-0.008172356164711,0.010564927794072,0.002525169393010
1403637152.188318967819214,0.441399461129901,-0.403428968576326,0.472982025555707,0.035042234830568,0.817556371272908,-0.049464620089437,0.572648996269585,0.149348820251889,-0.171641906823232,0.191400608789405,0.161699231171800,-0.162680223796844,0.205622359798075,-0.012350410919911,-0.008961683026388,-0.014221751008670,0.008084953848170,-0.008134003432645,0.010281108185066,0.002430182851367
1403637152.238318920135498,0.449767125339240,-0.411616135788094,0.482009200849627,0.033908172626362,0.818041596442567,-0.050144680550014,0.571964765812872,0.157660112709067,-0.165338072244792,0.153506162796208,0.167353443787446,-0.163743500393325,0.180543678058276,-0.009693331078379,-0.001594571851467,-0.027037515262068,0.008367664209338,-0.008187167211768,0.009027175293920,0.003131896931323
1403637152.288319110870361,0.459006419980064,-0.419920145820873,0.490136112787833,0.033692326767023,0.818441815695819,-0.050329890226151,0.571388417442443,0.161936692195643,-0.179516397626305,0.116053977060340,0.184785187916929,-0.166079567112318,0.162537618732305,-0.022848495721286,-0.013436830513988,-0.046483641671965,0.009239294640824,-0.008304010032779,0.008126911938206,0.001514258869694
1403637152.338319063186646,0.468137270741050,-0.428651231973048,0.495877195296645,0.032220336685149,0.819113904979661,-0.051285496600164,0.570424454604938,0.166187848591707,-0.181935120119129,0.087389106308397,0.182617189377045,-0.174621889575920,0.114821759678803,-0.016429340785337,-0.007313230543209,-0.027432653370407,0.009130850760986,-0.008731086152175,0.005741082508812,0.004224153576163
1403637152.388319015502930,0.477530535040247,-0.437709814881980,0.500408735961233,0.032728458301985,0.818944322146019,-0.050617163696746,0.570698649009502,0.174270297015422,-0.191202830691069,0.057901473481610,0.187865465146417,-0.181171830957549,0.090630899724128,-0.013595168130995,-0.010030999733520,-0.032729426242518,0.009393264299197,-0.009058582908931,0.004531540664588,0.001798663292858
1403637152.438318967819214,0.487229297344069,-0.446794927591616,0.503373424072467,0.032660631429834,0.819231301164290,-0.050648414974658,0.570287731244347,0.181200213081643,-0.195311851111822,0.020319032805307,0.193975431065831,-0.181702427477657,0.059293818771665,-0.012775217984188,-0.013609423634166,-0.038974785966358,0.009698762303822,-0.009085112709636,0.002964688111234,0.001013484087224
1403637152.488318920135498,0.498078737105729,-0.456166797158356,0.505347078281838,0.033210400276104,0.819437321816044,-0.050057017906406,0.570012140122269,0.196812285022563,-0.193075349800472,-0.006528958842196,0.216989002170043,-0.187437570089206,0.039473121831923,-0.020176717147480,-0.005637779711266,-0.046002080674118,0.010849439761660,-0.009371869566740,0.001973654209371,0.001755438750380
1403637152.538319110870361,0.508867758629122,-0.465562557245989,0.505250755214414,0.032937283980207,0.819285368332156,-0.050055916718850,0.570246460543409,0.204344295547357,-0.201074477383459,-0.038908757229243,0.215779607333980,-0.187914484915778,-0.001926453999630,-0.011435311786623,-0.013159992467681,-0.036982303229613,0.010789021523393,-0.009395760087632,-0.000096323067423,0.000781254495380
1403637152.588319063186646,0.519918578560243,-0.475107312083252,0.503832055469612,0.033657949670472,0.819606319989620,-0.049759795229765,0.569768887739358,0.213834962944951,-0.202068276560729,-0.056018242519782,0.221016609400286,-0.190895278797191,-0.028374021955625,-0.007181646455335,-0.011172997763538,-0.027644220564157,0.011050819931121,-0.009544754837263,-0.001418699744802,0.001937145111941
1403637152.638319015502930,0.531619294771835,-0.484567017328425,0.501863335263421,0.033803788417784,0.819089855820509,-0.049650519594354,0.570511996266997,0.225695985879760,-0.201834828595497,-0.071267968241122,0.234014547405498,-0.189194285333191,-0.039374441674216,-0.008318561525739,-0.012640543262306,-0.031893526566907,0.011700716211592,-0.009459705245173,-0.001968720206191,0.001846245581257
1403637152.688318967819214,0.543207255102705,-0.494555032004248,0.499290724948826,0.033755025515019,0.818667030662161,-0.049806360312845,0.571107886157833,0.235041937432357,-0.211535075811512,-0.061502556919288,0.231759427640404,-0.199760484022906,-0.051452255360582,0.003282509791953,-0.011774591788605,-0.010050301558706,0.011587960330870,-0.009988014675823,-0.002572610314594,0.001497371100027
1403637152.738318920135498,0.554892418546276,-0.504666332680913,0.497479625280073,0.033417599126164,0.817567462859966,-0.050185443084427,0.572667555431404,0.240026646298368,-0.206093415114539,-0.040509178004067,0.233703491748439,-0.202226206391235,-0.036222027919080,0.006323154549929,-0.003867208723304,-0.004287150084987,0.011685163443571,-0.010111300676665,-0.001811099668753,0.003949267869908
1403637152.788319110870361,0.567564214306676,-0.515758690670865,0.497440925463505,0.031241910310946,0.816042988097099,-0.051221369033469,0.574868816315529,0.235279393443521,-0.213310972112793,-0.007962440514759,0.253434948430393,-0.221846313522510,-0.000773993378813,-0.018155554986872,0.008535341409717,-0.007188447135946,0.012671795760400,-0.011092357989952,-0.000038699816568,0.007204540570325
1403637152.838319063186646,0.579359231371400,-0.526741707463761,0.498876914165540,0.030753044320983,0.814611612336417,-0.051653120287966,0.576883113356746,0.215398912145719,-0.219306776782147,0.031290314098049,0.235900566266793,-0.219660545342543,0.028719801430043,-0.020501654121074,0.000353768560397,0.002570512668005,0.011795017064724,-0.010983016792896,0.001435988702035,0.005111411466690
1403637152.888319015502930,0.590127720674132,-0.537832198059394,0.502386877646413,0.030348844940906,0.813348811869595,-0.051475083861463,0.578699381011011,0.185603343924457,-0.214999011935798,0.084697819355249,0.215369991447476,-0.221810023447195,0.070199336564749,-0.029766647523019,0.006811011511397,0.014498482790500,0.010768489302732,-0.011090490595634,0.003509963480872,0.004511571556084
1403637152.938318967819214,0.599868952752972,-0.549263617178300,0.507762525116483,0.031111176945520,0.812366612556623,-0.050455571403135,0.580126552388981,0.191002915364386,-0.235774828515518,0.119431201512624,0.194824827376230,-0.228628600415326,0.107513051933855,-0.003821912011844,-0.007146228100192,0.011918149578769,0.009741232078840,-0.011431419118905,0.005375647470071,0.004299809833107
1403637152.988318920135498,0.609737785042126,-0.561136816385117,0.514957841900988,0.031531211702541,0.812294670413121,-0.049972049785774,0.580246452248712,0.163509308975112,-0.227781917917081,0.150129567014058,0.197376834016289,-0.237464210599860,0.143906472929997,-0.033867525041177,0.009682292682779,0.006223094084061,0.009868832289154,-0.011873199206817,0.007195316784504,0.001311143035849
1403637153.038319110870361,0.618851071086127,-0.572970798520275,0.522968569416903,0.031979430911537,0.812043502859948,-0.049259637473848,0.580634268345801,0.158130999240281,-0.236794440093261,0.163036149589915,0.182265025594138,-0.236678739845420,0.160213939150618,-0.024134026353857,-0.000115700247841,0.002822210439296,0.009113286044002,-0.011833982135158,0.008010727515915,0.001920331531017
1403637153.088319063186646,0.627522653960166,-0.585166943199474,0.530433408844020,0.033281769156298,0.812532161181259,-0.048854204045604,0.579911267035751,0.152295176655288,-0.240140295656055,0.136486741189904,0.173431822878260,-0.243923126207211,0.149296930922999,-0.021136646222972,0.003782830551156,-0.012810189733095,0.008671582874039,-0.012196144679199,0.007464839427118,0.003238505575465
1403637153.138319015502930,0.635704378949082,-0.597301163521568,0.536517398312397,0.033948477003105,0.813148649594660,-0.048420647663754,0.579044225816451,0.150867475098645,-0.237085547265891,0.110672067798825,0.163634655832482,-0.242684637883984,0.121679905410529,-0.012767180733837,0.005599090618092,-0.011007837611704,0.008181724988916,-0.012134220322094,0.006083989468376,0.002656530962247
1403637153.188318967819214,0.643803804402807,-0.609654553637891,0.540966567478888,0.034253571447370,0.813985224439142,-0.048338782718506,0.577856478135490,0.151701555518882,-0.242779783907576,0.079144271102990,0.161988663558919,-0.247068037948895,0.088983468191074,-0.010287108040037,0.004288254041319,-0.009839197088084,0.008099425453725,-0.012353390116323,0.004449169166491,0.002973474008838
1403637153.238318920135498,0.651946285172356,-0.621717150207825,0.544323770449310,0.035847752969369,0.814702312489355,-0.047483260077119,0.576819227006168,0.151328173647080,-0.237327297617715,0.058811465477247,0.162849770696631,-0.241252161474671,0.067144123442061,-0.011521597049551,0.003924863856956,-0.008332657964814,0.008142480769549,-0.012062596569934,0.003357202970422,0.004410642067862
1403637153.288319110870361,0.660197417735861,-0.633924706348075,0.546285062858476,0.036679894788334,0.815029349989103,-0.046895157883440,0.576352833030032,0.146986588066879,-0.238054085949538,0.028039437369407,0.165022021761044,-0.244150191445933,0.039225698549166,-0.018035433694165,0.006096105496395,-0.011186261179758,0.008251132563505,-0.012207556140250,0.001961292409167,0.002334781547802
1403637153.338319063186646,0.668919627465015,-0.646184526978041,0.547521967291502,0.037564004402940,0.815064965050820,-0.046300342458264,0.576293611458750,0.151314990227312,-0.241831668506591,0.018482417633298,0.174444360946179,-0.245196646437062,0.024738112252614,-0.023129370718867,0.003364977930471,-0.006255694619316,0.008722209729154,-0.012259820629966,0.001236904433026,0.002135631930928
1403637153.388319015502930,0.680089438905280,-0.658211857925167,0.549058853203597,0.038840966787817,0.815497467163720,-0.045687178656343,0.575645674052163,0.158581139594931,-0.235816530291219,0.021839314283595,0.223396441852757,-0.240546848345881,0.030737747555716,-0.064815302257827,0.004730318054662,-0.008898433272121,0.011169811440265,-0.012027330947126,0.001536885912096,0.003233254898672
1403637153.438318967819214,0.689342185729908,-0.670046749376805,0.551006080739712,0.039205742658432,0.816194694255755,-0.045290520356398,0.574663292352316,0.164723170197029,-0.230197700744638,0.067787638620433,0.185055112974872,-0.236698054765604,0.038944587862753,-0.020331942777843,0.006500354020966,0.028843050757680,0.009252746824628,-0.011834891451637,0.001947227536115,0.002639393049626
1403637153.488318920135498,0.697955457506968,-0.681565880626227,0.554567507150677,0.040231503943552,0.817276785719900,-0.044827219824460,0.573088651062468,0.153424683382308,-0.225034562045820,0.090071853241573,0.172265599826475,-0.230382844698659,0.071228596148174,-0.018840916444167,0.005348282652838,0.018843257093399,0.008613271777060,-0.011519131249423,0.003561426410965,0.004434975869253
1403637153.538319110870361,0.706957035811626,-0.692921934092608,0.559298627606832,0.040508410472577,0.818729767725560,-0.044830841806636,0.570991096028602,0.162292883675437,-0.210702595449993,0.111901733164605,0.180030879329861,-0.227120202932806,0.094622048168622,-0.017737995654424,0.016417607482813,0.017279684995983,0.009001578304658,-0.011356053466381,0.004731120456155,0.005133259311269
1403637153.588319063186646,0.716361168498534,-0.703931153381835,0.565432120160045,0.039677852543476,0.819516642100309,-0.045456010154563,0.569870066312489,0.177982189042613,-0.212051740771506,0.153341288750167,0.188082833107916,-0.220184595768919,0.122669968051461,-0.010100644065303,0.008132854997413,0.030671320698706,0.009404132686907,-0.011009219289226,0.006133492553213,0.003438919348424
1403637153.638319015502930,0.726647017520313,-0.714731499543874,0.573357264613592,0.040104554489383,0.819911689135748,-0.045190637508739,0.569292765639373,0.203577850340168,-0.204511797851065,0.189077115203815,0.205717176622779,-0.216007129241241,0.158503040231220,-0.002139326282611,0.011495331390176,0.030574074972595,0.010285849021780,-0.010800346162040,0.007925144453547,0.001722597416640
1403637153.688318967819214,0.737931940617220,-0.725090636723262,0.583473227045908,0.039650600970197,0.819192032976081,-0.045258702137785,0.570354181918588,0.208981604068801,-0.196307850883019,0.228594175555319,0.225698677181176,-0.207182941172802,0.202319441593178,-0.016717073112374,0.010875090289784,0.026274733962141,0.011284923096907,-0.010359137179388,0.010115962432316,0.002724126563880
1403637153.738318920135498,0.749520615675394,-0.735146214442240,0.594488250651075,0.040382497218893,0.818662219199500,-0.044930402568820,0.571089033075158,0.222724263242143,-0.195211631878426,0.227961400308421,0.231773722200127,-0.201111746174665,0.220300682198439,-0.009049458957985,0.005900114296240,0.007660718109982,0.011588675058174,-0.010055577718978,0.011015023605167,0.002420051044419
1403637153.788319110870361,0.761719335103804,-0.744404813721028,0.605193749193286,0.040260446038597,0.817105339314667,-0.045121772893881,0.573307933452127,0.229570832895113,-0.184347020382596,0.210552398227930,0.243973457883308,-0.185171279203386,0.214109154082627,-0.014402624988195,0.000824258820790,-0.003556755854697,0.012198719428410,-0.009258599278788,0.010705498542212,0.005440190258554
1403637153.838319063186646,0.774127818556911,-0.753676337785917,0.614180774614270,0.039003625600014,0.816129242317088,-0.045906070791060,0.574721158205886,0.232836129761384,-0.182047808411628,0.184608772565421,0.248169905735416,-0.185430658138238,0.179740679833742,-0.015333775974032,0.003382849726610,0.004868092731679,0.012408483453108,-0.009271524064889,0.008987025420984,0.004536382949073
1403637153.888319015502930,0.786413222511810,-0.763115903169959,0.621683346862642,0.039586495606095,0.815666592439831,-0.045748357302247,0.575350334272407,0.234826814757506,-0.185687489336726,0.143902116104836,0.245708313423687,-0.188791487726442,0.150051588067786,-0.010881498666181,0.003103998389716,-0.006149471962951,0.012285403954899,-0.009439565384042,0.007502572248372,0.001974354070678
1403637153.938318967819214,0.798667760610188,-0.771962457133663,0.627373611602711,0.040163276950356,0.814735031646118,-0.045530748065316,0.576646070283862,0.238658213858647,-0.176764389479271,0.108429365740905,0.245090995704538,-0.176931248008859,0.113805403334669,-0.006432781845891,0.000166858529588,-0.005376037593764,0.012254538098378,-0.008846553963704,0.005690264740069,0.003421560191839
1403637153.988318920135498,0.809251272983273,-0.781453080182206,0.631047387265361,0.039293128872062,0.814279460700023,-0.046149625184644,0.577299941105869,0.236168435259278,-0.174460968552984,0.061500919297912,0.211670449326364,-0.189812641990310,0.073475583324771,0.024497985932914,0.015351673437326,-0.011974664026858,0.010583512373085,-0.009490623048543,0.003673775662650,0.002664776739903
1403637154.038319110870361,0.820657795314508,-0.789945832659175,0.632139562487692,0.039213546912754,0.814619284529935,-0.046257024046300,0.576817134572854,0.231438177917902,-0.170781377381180,0.015765124961366,0.228129576379437,-0.169854401596254,0.021843421120585,0.003308601538465,-0.000926975784926,-0.006078296159219,0.011406522331235,-0.008492752476969,0.001092175222331,0.001210702603077
1403637154.088319063186646,0.831587711924814,-0.798178304701001,0.630752201076636,0.037441420704931,0.815674745824764,-0.047512536579669,0.575339384978179,0.230609298299483,-0.170560472283014,-0.034380251005292,0.218598540677926,-0.164649597858614,-0.027747254682953,0.012010757621556,-0.005910874424399,-0.006632996322339,0.010929916610306,-0.008232472041826,-0.001387361411055,0.005661975195747
1403637154.138319015502930,0.842117067825607,-0.806267197514751,0.627052589503698,0.033674928027254,0.818150315096055,-0.050092074260828,0.571827635941840,0.235992007874543,-0.169232612398461,-0.073963606486793,0.210587318847581,-0.161778010558536,-0.073992302023322,0.025404689026962,-0.007454601839925,0.000028695536529,0.010529355900793,-0.008088892813750,-0.003699611572938,0.012538171312759
1403637154.188318967819214,0.852062264402597,-0.814220888971692,0.620997453827992,0.026470432089887,0.821300872400644,-0.055465822461023,0.567175224915226,0.231096922269947,-0.177772773923374,-0.116573165535447,0.198904121229554,-0.159073980843588,-0.121102829006789,0.032192801040393,-0.018698793079785,0.004529663471342,0.009945196576990,-0.007953691456941,-0.006055135675707,0.021199426696708
1403637154.238318920135498,0.861793031825260,-0.822748780730391,0.614031633152206,0.019560964431339,0.823399956634394,-0.060668282913276,0.563869878192964,0.238811652871065,-0.188775691922866,-0.123549537857369,0.194615534053098,-0.170557997830763,-0.139316546378316,0.044196118817966,-0.018217694092103,0.015767008520948,0.009730767422663,-0.008527891758699,-0.006965820675785,0.018988258133234
1403637154.288319110870361,0.869190829685919,-0.831772751133317,0.605016974329556,0.014291040272320,0.825272823551605,-0.064723948134061,0.560830940135293,0.246551744900867,-0.214508326025859,-0.156372548327626,0.147955392808149,-0.180478719586831,-0.180292488691747,0.098596352092718,-0.034029606439028,0.023919940364121,0.007397797860659,-0.009023970402925,-0.009014658822651,0.015094842355752
1403637154.338319063186646,0.879706693163402,-0.842697841039186,0.596089025673971,0.011911947399385,0.826006365334357,-0.066691837809637,0.559574649806308,0.261728806232736,-0.249650915758238,-0.176169219998762,0.210317470124021,-0.218502006497144,-0.178559143398960,0.051411336108715,-0.031148909261095,0.002389923400198,0.010515863477483,-0.010925089905870,-0.008927948655585,0.006826135925751
1403637154.388319015502930,0.891484659575094,-0.855179456820931,0.587126760326261,0.014450007793481,0.825705544490877,-0.065445242956913,0.560105767910048,0.277977427494933,-0.279952720848789,-0.173576954108084,0.235559552880945,-0.249632553703053,-0.179245477896016,0.042417874613988,-0.030320167145736,0.005668523787933,0.011777966411692,-0.012481615781745,-0.008962265347710,0.005785614832061
1403637154.438318967819214,0.904320423290868,-0.868987211541642,0.578337509311137,0.018413551389792,0.823530322178624,-0.063216277200112,0.563438063920558,0.293376656526787,-0.298823753963755,-0.178735583102368,0.256715519138466,-0.276155357776484,-0.175785187944305,0.036661137388321,-0.022668396187270,-0.002950395158063,0.012835763715773,-0.013807754720711,-0.008789251015124,0.012085340888749
1403637154.488318920135498,0.918038751204518,-0.884111128201334,0.569240467604956,0.022545702237240,0.820871829148436,-0.060817670020420,0.567417256024540,0.299858443469214,-0.319573770347253,-0.187891306337168,0.274366819929608,-0.302478621659936,-0.181941007636077,0.025491623539607,-0.017095148687317,-0.005950298701091,0.013718327913651,-0.015123916659692,-0.009097041706181,0.013524750095676
1403637154.538319110870361,0.932193434784991,-0.900521480473463,0.560358857686013,0.026562809797768,0.819161654542578,-0.058810976391230,0.569920933041263,0.304814535781661,-0.342557356864955,-0.185221031364066,0.283092591696907,-0.328205793436841,-0.177631520768395,0.021721944084754,-0.014351563428115,-0.007589510595670,0.014154683580472,-0.016410352272129,-0.008881609918944,0.010836445926794
1403637154.588319063186646,0.947477486743281,-0.918032843692544,0.552450363017904,0.031229508577837,0.818755212418664,-0.056885308927325,0.570463567249915,0.319428592220386,-0.352881669443421,-0.153788166937423,0.305681330686249,-0.350227598384676,-0.158170044204874,0.013747261534137,-0.002654071058745,0.004381877267451,0.015284051958291,-0.017511363219081,-0.007908494668108,0.010187438514015
1403637154.638319015502930,0.962017949865309,-0.935870748312246,0.544755753922223,0.036629491119795,0.819678452116770,-0.054638031970542,0.569034446214065,0.320190477471913,-0.351696558734322,-0.166643962639335,0.290809539778139,-0.356758432625399,-0.153892328676783,0.029380937693774,0.005061873891077,-0.012751633962551,0.014540463122028,-0.017837904619702,-0.007694609095681,0.012182764609097
1403637154.688318967819214,0.976975867612418,-0.953771922711171,0.536969978519187,0.042440346677750,0.822060476073463,-0.052545210727107,0.565379864764733,0.316645983139155,-0.356015922193008,-0.164161188966330,0.299158640242089,-0.358023829416622,-0.155715656562737,0.017487342897066,0.002007907223615,-0.008445532403593,0.014957917747109,-0.017901174398925,-0.007785775403036,0.015122991661492
1403637154.738318920135498,0.992184610016649,-0.971708282405927,0.529525055513249,0.047451756014554,0.824118869272411,-0.052604950251736,0.561968984348167,0.333972156278682,-0.350306068850808,-0.153577628459165,0.304175138168650,-0.358727536004370,-0.148898602119544,0.029797018110032,0.008421467153562,-0.004679026339621,0.015208742404232,-0.017936359694757,-0.007444923005939,0.012804533593649
1403637154.788319110870361,1.007777411782757,-0.989687817060550,0.522315937797126,0.052151056248633,0.825831168397223,-0.055595785222955,0.558741673138198,0.351972357944563,-0.354421961046650,-0.146806707784096,0.311854845690333,-0.359589321368059,-0.144181804312527,0.040117512254230,0.005167360321409,-0.002624903471569,0.015592801766108,-0.017979534654623,-0.007209117716123,0.013323090716100
1403637154.838319063186646,1.024204898177455,-1.007579283003700,0.516123821442100,0.055853827010542,0.827304022876766,-0.060802647070654,0.555654066708233,0.356914699499795,-0.349444652590593,-0.124851442423438,0.328550041223684,-0.357829660115955,-0.123842445205882,0.028364658276112,0.008385007525362,-0.001008997217556,0.016427486394697,-0.017891465943150,-0.006192116355026,0.014494794279819
1403637154.888319015502930,1.041325262564404,-1.025130229286714,0.511369333780764,0.058290125441446,0.827559514251432,-0.066429758427270,0.554377668059644,0.386676665934698,-0.344285758403316,-0.100174575354498,0.342407614284338,-0.351019260418336,-0.095089843911453,0.044269051650360,0.006733502015020,-0.005084731443045,0.017120364386950,-0.017550946283014,-0.004754487661336,0.012537069879015
1403637154.938318967819214,1.059267292097391,-1.042516052046416,0.506860911594936,0.061434755733986,0.828964950547016,-0.070866508827002,0.551380829807458,0.416683213189800,-0.350008660115622,-0.079498644386507,0.358840932877109,-0.347716786802607,-0.090168529707983,0.057842280312691,-0.002291873313015,0.010669885321476,0.017942029532986,-0.017385822759702,-0.004508422185829,0.012732616599317
1403637154.988318920135498,1.078738283151585,-1.059608592067498,0.504638297017371,0.062867041545844,0.828091909177368,-0.076519947867195,0.551775518323038,0.434760121013695,-0.337539343327613,-0.043870992893615,0.389420192463932,-0.341851126436274,-0.044452333944332,0.045339928549763,0.004311783108661,0.000581341050716,0.019470991054195,-0.017092540021082,-0.002222614577564,0.011820473351957
1403637155.038319110870361,1.099721528959850,-1.076214703428216,0.504840784072024,0.066519429508125,0.826888285068186,-0.081096652499266,0.552498201325870,0.465638424270979,-0.336713535991860,0.024897212113696,0.419663315276786,-0.332120960273439,0.004049725644578,0.045975108994192,-0.004592575718422,0.020847486469118,0.020983245808264,-0.016606111360718,0.000202487054653,0.012042799406124
1403637155.088319063186646,1.121798162564106,-1.092862997505372,0.507429341981377,0.069253548267694,0.825092067386258,-0.087910719482115,0.553803874840851,0.485204187658351,-0.337618678685694,0.067827717864909,0.441533093163903,-0.332966199084440,0.051771207559930,0.043671094494448,-0.004652479601253,0.016056510304978,0.022076633604257,-0.016648294077156,0.002588557909353,0.015341236458894
1403637155.138319015502930,1.145141564438033,-1.109336537323727,0.512557379340772,0.073231817744195,0.821009267626442,-0.094437006790772,0.558267440470760,0.509575789328368,-0.325762875017535,0.098870110995400,0.466868482719006,-0.329471110575225,0.102560844997549,0.042707306609362,0.003708235557690,-0.003690734002149,0.023343401873926,-0.016473539818354,0.005128037359395,0.019494868899522
1403637155.188318967819214,1.168744922910139,-1.125333804967547,0.519009409763209,0.075713983850560,0.818123207221918,-0.100614104990645,0.561086991768060,0.509878168068413,-0.320746449819111,0.137705159879413,0.472067619640885,-0.319945658000371,0.129040731511554,0.037810548427527,-0.000800791818741,0.008664428367858,0.023603358472106,-0.015997267643821,0.006452030422436,0.015568842080027
1403637155.238318920135498,1.192849445273243,-1.140712137566797,0.527612231935623,0.079326020893087,0.815294441253146,-0.104091015831651,0.564063309296150,0.517998077415742,-0.306359314907258,0.174988556986101,0.482090907019805,-0.307566945303701,0.172056607534259,0.035907170395937,0.001207630396443,0.002931949451841,0.024104522363104,-0.015378332599250,0.008602822172415,0.012960902823535
1403637155.288319110870361,1.217467932381509,-1.155685671258194,0.537634429928280,0.081172668289018,0.813034215695993,-0.107038578029909,0.566506050138724,0.530281747978685,-0.304456558996358,0.196336988195366,0.492367863930962,-0.299469531442319,0.200443195223032,0.037913884047723,-0.004987027554039,-0.004106207027666,0.024618487108265,-0.014973533691396,0.010022197992657,0.009627850572719
1403637155.338319063186646,1.242808784009425,-1.170136492151124,0.548761205250750,0.083766661951152,0.810322838988966,-0.109731600842330,0.569490139278112,0.533994821903570,-0.308461323305148,0.195246475352437,0.506817515897175,-0.289016693486414,0.222535718676003,0.027177306006396,-0.019444629818734,-0.027289243323566,0.025340851627916,-0.014450820892931,0.011126775322470,0.010997745736101
1403637155.388319015502930,1.268179426938713,-1.185157446127389,0.558934332082316,0.086092903499835,0.807606946783806,-0.114357617564351,0.572085104489282,0.531627812169647,-0.312511872438719,0.169681428707208,0.507413342492827,-0.300419366027527,0.203462730668501,0.024214469676821,-0.012092506411192,-0.033781301961292,0.025370642929288,-0.015020953976265,0.010173126831566,0.012793980603264
1403637155.438318967819214,1.293271860503943,-1.199693943561856,0.567562357084495,0.089617388667831,0.805406494147597,-0.120027957140667,0.573482687042839,0.520883287544412,-0.320299204602204,0.128477290719805,0.501849149905264,-0.290730225951286,0.172560664610249,0.019034137639148,-0.029568978650917,-0.044083373890444,0.025092433565231,-0.014536497434467,0.008628025002179,0.014334600840737
1403637155.488318920135498,1.317357592332816,-1.215178223569696,0.574245327525576,0.093626902917667,0.802565315078010,-0.126950598598277,0.575331611854693,0.498398183968422,-0.314734734050546,0.085718974897005,0.481715095976770,-0.309685895496277,0.133659536289294,0.016683087991652,-0.005048838554269,-0.047940561392288,0.024085731828873,-0.015484280007840,0.006682970441081,0.017377049880260
1403637155.538319110870361,1.340713122777998,-1.229888914658808,0.578615930424578,0.096586422792289,0.800702670498581,-0.134119665802008,0.575810916563578,0.493079643142696,-0.309998700338341,0.041231815383046,0.467108827024862,-0.294212699449872,0.087411724530759,0.025970816117834,-0.015786000888469,-0.046179909147713,0.023355530445181,-0.014710691089113,0.004370602899001,0.015981714559856
1403637155.588319063186646,1.364411077466281,-1.245276457086902,0.580685554245787,0.098070714237579,0.799217877504351,-0.141445661265889,0.575869815318903,0.493484531016828,-0.311243039870485,0.009633887876167,0.473959545768705,-0.307751142056245,0.041392515899171,0.019524985248123,-0.003491897814240,-0.031758628023004,0.023697954688283,-0.015387542428094,0.002069623821210,0.015242268998187
1403637155.638319015502930,1.388183385115853,-1.260558469744592,0.581119312005394,0.098204344152226,0.797832132532129,-0.148722694952255,0.575935200430574,0.480192331598628,-0.308266710133024,-0.029571588463211,0.475446606412674,-0.305640544635320,0.008675163465415,0.004745725185954,-0.002626165497704,-0.038246751928627,0.023772307649573,-0.015282012657689,0.000433757759607,0.014818622299655
1403637155.688318967819214,1.410902613632051,-1.275881573663953,0.579762341090349,0.098382357739750,0.797262231559759,-0.155591145739850,0.574878457746750,0.461423360023347,-0.312819564758531,-0.055439867968372,0.454385003659257,-0.306462370652514,-0.027139444183096,0.007038356364090,-0.006357194106017,-0.028300423785276,0.022719228516197,-0.015323103919361,-0.001356970915045,0.013949766235113
1403637155.738318920135498,1.432245691152245,-1.291714700311603,0.577086017929364,0.100051163615340,0.795690481372050,-0.162537315643130,0.574846104219779,0.433631104545121,-0.319692292413275,-0.084993340185289,0.426861957491177,-0.316662834946211,-0.053526514266555,0.006769147053943,-0.003029457467064,-0.031466825918734,0.021343077520195,-0.015833126647650,-0.002676323160985,0.014629541804357
1403637155.788319110870361,1.452933825144643,-1.307937754959910,0.572200350517549,0.101719140346489,0.794392096289363,-0.170934900726614,0.573912600971389,0.421508665139019,-0.338246107064916,-0.116403082879605,0.413761101474602,-0.324459855250024,-0.097712975490885,0.007747563664418,-0.013786251814893,-0.018690107388719,0.020688133992397,-0.016223054648307,-0.004885667411815,0.017419448131236
1403637155.838319063186646,1.472616532725972,-1.325422100758261,0.566238399574500,0.104678990153150,0.792232856589022,-0.179968294847744,0.573603367154439,0.408446596116240,-0.364027641420024,-0.138575864812763,0.393654527044807,-0.349687249454762,-0.119239132576275,0.014792069071434,-0.014340391965262,-0.019336732236487,0.019682707581330,-0.017484345798351,-0.005961950943049,0.019506062223879
1403637155.888319015502930,1.491505805556176,-1.344092076658868,0.558759640310795,0.109771689961541,0.791806863434216,-0.189246848439168,0.570243542232000,0.380932908721769,-0.387050412575870,-0.168613571529538,0.377785816888705,-0.373399874114028,-0.149575327920242,0.003147091833065,-0.013650538461842,-0.019038243609296,0.018889272830204,-0.018669975900608,-0.007478759263705,0.022225958944046
1403637155.938318967819214,1.510034885915162,-1.364204547430451,0.550063438757357,0.115921790890558,0.791446813960280,-0.198509613371647,0.566363851660650,0.368870195675543,-0.405058918545321,-0.188079796435933,0.370581960594221,-0.402249799046948,-0.173924196935804,-0.001711764918678,-0.002809119498373,-0.014155599500129,0.018529080358986,-0.020112470771582,-0.008696201553438,0.023563174299285
1403637155.988318920135498,1.527194266492124,-1.385379320899858,0.541234713543149,0.122679954899016,0.789341846274708,-0.208179971747614,0.564402496228332,0.363332496735503,-0.423764030641434,-0.182208285399742,0.343187938828765,-0.423495873265286,-0.176574672678885,0.020144557906739,-0.000268157376147,-0.005633612720857,0.017159380576962,-0.021174773469407,-0.008828725214208,0.024287299413866
1403637156.038319110870361,1.544789611337434,-1.406835964038814,0.531971885540825,0.128489041162725,0.785900435129744,-0.218647085786150,0.563954363615698,0.338723650410968,-0.433469727183180,-0.184742345771823,0.351905554493037,-0.429131225773402,-0.185255853351488,-0.013181904082069,-0.004338501409778,0.000513507579665,0.017595344845310,-0.021456643138956,-0.009262828002324,0.024928064842786
1403637156.088319063186646,1.560899367099843,-1.426598493108912,0.522742446331737,0.133996566705908,0.782145024075525,-0.229413485018776,0.563616478038449,0.321537428431164,-0.441850847015929,-0.181683247860199,0.322195422517684,-0.395250958342643,-0.184588960219509,-0.000657994086520,-0.046599888673286,0.002905712359310,0.016109755762409,-0.019762529070098,-0.009229439209088,0.025335162498319
1403637156.138319015502930,1.575574610214508,-1.448913671589013,0.514311362550482,0.140072873491973,0.777694308287369,-0.240171706518312,0.563816197317188,0.280406363375308,-0.459246171857188,-0.176084387650844,0.293505142201613,-0.446303995230682,-0.168621836435413,-0.013098778826305,-0.012942176626506,-0.007462551215431,0.014675243114665,-0.022315178480101,-0.008431083781255,0.026268770266503
1403637156.188318967819214,1.588892524617282,-1.472421216862606,0.505310516716989,0.146087966181428,0.773483364365529,-0.251687239581533,0.563058899777443,0.270507437153530,-0.480315285331483,-0.180690024910613,0.266358542074780,-0.470151353843129,-0.180017088347541,0.004148895078750,-0.010163931488355,-0.000672936563072,0.013317914402774,-0.023507545273593,-0.009000845833493,0.027356703541759
1403637156.238318920135498,1.601756730990638,-1.497509047202136,0.496963367609882,0.152151102912914,0.768844812202070,-0.263530304964250,0.562387299819081,0.238791705530448,-0.501794905116541,-0.162669466977641,0.257284372832626,-0.501757085303452,-0.166943141351529,-0.018492667302178,-0.000037819813089,0.004273674373888,0.012864206373356,-0.025087830339530,-0.008347149107107,0.028212786966327
1403637156.288319110870361,1.612805566822273,-1.523292633648853,0.489032118878864,0.159453120628268,0.764681975145428,-0.274823887022651,0.560631795683544,0.196791747991963,-0.505467878126241,-0.151696196788720,0.220975873676634,-0.515669761810302,-0.158624369516403,-0.024184125684671,0.010201883684061,0.006928172727683,0.011048835831635,-0.025783586446717,-0.007931248731018,0.028374554913142
1403637156.338319063186646,1.621771230650036,-1.549708938179762,0.480696857715180,0.165617297442037,0.760149377910838,-0.287034890274561,0.558887113659666,0.171986575314375,-0.530088093039525,-0.145800629415472,0.179313447561891,-0.528326594469682,-0.166705382256327,-0.007326872247516,-0.001761498569843,0.020904752840855,0.008965663827763,-0.026416304530909,-0.008335261163684,0.029030861420210
1403637156.388319015502930,1.629146005904329,-1.577496130608381,0.472927613605502,0.173338680079467,0.755986688112743,-0.298503306326438,0.556177674396248,0.131849921525728,-0.547375318977901,-0.139391867968060,0.147495645748673,-0.555744378571521,-0.155385030380268,-0.015645724222945,0.008369059593620,0.015993162412208,0.007374775254293,-0.027787192428619,-0.007769244109678,0.029381439409630
1403637156.438318967819214,1.634917326857120,-1.605857139830221,0.464935305216660,0.180604213090415,0.751664383894642,-0.310084166833660,0.553381045643375,0.106768092323822,-0.566947167068716,-0.143736852106283,0.115426529135127,-0.567220725380634,-0.159846320218179,-0.008658436811305,0.000273558311918,0.016109468111897,0.005771320952791,-0.028361009221840,-0.007992308388842,0.029217223790294
1403637156.488318920135498,1.638981194158743,-1.634948307944496,0.456870015110864,0.188357373303277,0.746835737531171,-0.321151020739753,0.551017153041878,0.062861970363784,-0.574887414939659,-0.157129296980804,0.081277423544658,-0.581823917156034,-0.161305955949268,-0.018415453180874,0.006936502216375,0.004176658968464,0.004063867301623,-0.029091168114275,-0.008065290105796,0.029085686518286
1403637156.538319110870361,1.642710581562650,-1.664993392763473,0.448063723180503,0.196473407792821,0.741397451625772,-0.331743632168256,0.549248742619316,0.041196120059088,-0.589800206988833,-0.169969324341660,0.074587463549543,-0.600899404130227,-0.176125166743020,-0.033391343490455,0.011099197141394,0.006155842401360,0.003729387403907,-0.030045084818977,-0.008806291930361,0.029036484912906
1403637156.588319063186646,1.645250230638097,-1.695900093569216,0.438221638289843,0.204496885053387,0.736953315324270,-0.341837223464647,0.546102689693075,0.006944853983516,-0.606492971421869,-0.175698211412941,0.050793029948940,-0.618134605613959,-0.196841885536257,-0.043848175965424,0.011641634192090,0.021143674123315,0.002539649075447,-0.030906700805743,-0.009842084890660,0.027993425470763
1403637156.638319015502930,1.646661167527070,-1.727582596847456,0.427468471824147,0.213124813581846,0.731766561744773,-0.351714112992097,0.543500409999955,-0.021634954547691,-0.616230826152693,-0.200615415505922,0.028218764690980,-0.633650669861169,-0.215063534414480,-0.049853719238671,0.017419843708476,0.014448118908557,0.001410936888973,-0.031682503278240,-0.010753166465696,0.028682530904963
1403637156.688318967819214,1.646931578705949,-1.759882379481468,0.414982600456622,0.221461322191791,0.727300242312750,-0.361211385805089,0.539921823109277,-0.053842553031432,-0.628346397829236,-0.232067815788546,0.005408228735259,-0.645996268750279,-0.249717665499826,-0.059250781766691,0.017649870921043,0.017649849711280,0.000270411178878,-0.032299782634011,-0.012485871367525,0.027745482268816
1403637156.738318920135498,1.646398954134276,-1.793044373032644,0.400780707242975,0.230091615857036,0.722676767864314,-0.369705409943378,0.536762561436698,-0.070107999573375,-0.631228844357913,-0.267068996741625,-0.010652501592473,-0.663240503538971,-0.284038135152810,-0.059455497980902,0.032011659181058,0.016969138411185,-0.000532624571673,-0.033161993551177,-0.014201893213647,0.026682616448686
1403637156.788319110870361,1.643448275130433,-1.825712007615277,0.385686838208628,0.237635042524869,0.720548306688448,-0.376654357885552,0.531480215039502,-0.094709073326033,-0.632608135998967,-0.301267605731741,-0.059013354958775,-0.653350199319434,-0.301876229120528,-0.035695718367258,0.020742063320468,0.000608623388786,-0.002950679003843,-0.032667634582633,-0.015093869034348,0.023462844860894
1403637156.838319063186646,1.640098496973845,-1.859019521293184,0.369643112095083,0.244791083855434,0.719989649370063,-0.381809938689273,0.525274595600196,-0.108339729364697,-0.638224097757983,-0.318430628082283,-0.066995627023771,-0.666150908849159,-0.320874828280970,-0.041344102340927,0.027926811091175,0.002444200198687,-0.003349778156588,-0.033307513677907,-0.016043726113544,0.021597396580442
1403637156.888319015502930,1.636529257444958,-1.892335887065577,0.352821580248492,0.249808218671124,0.719890872589559,-0.386527473156728,0.519566644369785,-0.111625873353526,-0.635826002679324,-0.334783942996583,-0.071384858655644,-0.666327950907703,-0.336430957777385,-0.040241014697883,0.030501948228379,0.001647014780802,-0.003569239528887,-0.033316365772392,-0.016821531846591,0.017890530554494
1403637156.938318967819214,1.636258603272832,-1.927515901839409,0.331946413676716,0.254966171001564,0.720733304246283,-0.389025397571868,0.513999023188844,-0.118960335145973,-0.641723191262987,-0.360963336758997,-0.005413088604848,-0.703600966482805,-0.417503729598111,-0.113547246541125,0.061877775219818,0.056540392839114,-0.000270654172126,-0.035180014773832,-0.020875166571776,0.016068919389817
1403637156.988318920135498,1.632807714490193,-1.961561034381201,0.312033247489047,0.257720755449371,0.721571987816010,-0.391855933273263,0.509276748112848,-0.114617363179485,-0.635153560309675,-0.400617980094484,-0.069017841473318,-0.680903300195844,-0.398263703567233,-0.045599521706167,0.045749739886169,-0.002354276527252,-0.003450888782639,-0.034045132541793,-0.019913166187668,0.012426272819012
1403637157.038319110870361,1.629645961594817,-1.996106237843164,0.290802324936674,0.258775583264905,0.722239679341949,-0.394303048843505,0.505895393102826,-0.106983253629764,-0.640562280599547,-0.417887484074820,-0.063234816685829,-0.690901433659452,-0.424616831262811,-0.043748436943935,0.050339153059905,0.006729347187991,-0.003161752895376,-0.034545203461963,-0.021230922552374,0.008713309367524
1403637157.088319063186646,1.627590127820941,-2.031764667545028,0.268782114840621,0.258267679628811,0.722454816202258,-0.396624762130951,0.504029406155909,-0.098900115657440,-0.654852522601065,-0.413131349149616,-0.041116714689476,-0.713169274168483,-0.440404621923629,-0.057783400967964,0.058316751567418,0.027273272774013,-0.002055833773876,-0.035658429701863,-0.022020210096053,0.006058553248069
1403637157.138319015502930,1.626234299841948,-2.068848165324012,0.247373422548535,0.256601495042728,0.722125688351385,-0.399037413526463,0.503447420860398,-0.078912858655915,-0.682363433162510,-0.382653938301697,-0.027116585440254,-0.741670662891956,-0.428174254180513,-0.051796273215661,0.059307229729446,0.045520315878816,-0.001355827978993,-0.037083497778985,-0.021408692292086,0.006014680930522
1403637157.188318967819214,1.625517466140429,-2.107652807790828,0.227143144837901,0.254690500779924,0.721722193795020,-0.400496149397161,0.503837928419668,-0.072827060996874,-0.702144401990380,-0.352555868712915,-0.014336687702904,-0.776093589476835,-0.404605940074971,-0.058490373293970,0.073949187486455,0.052050071362056,-0.000716833701519,-0.038804642466816,-0.020230277710634,0.004937657954879
1403637157.238318920135498,1.624326962801373,-2.147243639086682,0.209165366090889,0.253006475261293,0.721113110976677,-0.401705183739408,0.504595432014881,-0.074590572276710,-0.729754275208911,-0.316562657318883,-0.023810089488191,-0.791817381052978,-0.359555917839485,-0.050780482788519,0.062063105844067,0.042993260520602,-0.001190503339056,-0.039590831295854,-0.017977778747012,0.004579302066910
1403637157.288319110870361,1.625694463729638,-2.189589407751341,0.190977763755223,0.250709750182419,0.720524424538629,-0.402561332360326,0.505898753205644,-0.068722252905144,-0.753457475287076,-0.280859407390989,0.027349914233648,-0.846912142579757,-0.363750659114670,-0.096072167138792,0.093454667292681,0.082891251723680,0.001367500928265,-0.042345768664660,-0.018187602335666,0.005675610910624
1403637157.338319063186646,1.624572381823082,-2.232115880049673,0.176867827087877,0.248007711907381,0.719799013984563,-0.403230296847304,0.507727172806175,-0.068922521618044,-0.786021341986013,-0.239712054864921,-0.022441659533160,-0.850530257095494,-0.282199002472860,-0.046480862084884,0.064508915109481,0.042486947607939,-0.001122081906556,-0.042526472298332,-0.014109936667346,0.006817000595560
1403637157.388319015502930,1.622729420532255,-2.275080133077237,0.165725452544036,0.244113126965951,0.719002433860384,-0.404626727332972,0.509628779479298,-0.077592485619221,-0.802675055340778,-0.190680951697299,-0.036859260968272,-0.859285880030150,-0.222847703400950,-0.040733224650949,0.056610824689372,0.032166751703651,-0.001842961290827,-0.042964253027564,-0.011142374543841,0.009245214081148
1403637157.438318967819214,1.620297543825260,-2.318893779922210,0.157562998112985,0.239295256840298,0.718107341017681,-0.406381153446935,0.511775326636006,-0.078259152401291,-0.846867004923839,-0.138866680546105,-0.048637580524308,-0.876273772579265,-0.163249244307636,-0.029621571876983,0.029406767655426,0.024382563761530,-0.002431876706995,-0.043813646844974,-0.008162454431051,0.011260341587055
1403637157.488318920135498,1.616056851642193,-2.363120929905075,0.151684538582314,0.235402861693350,0.717764634049724,-0.407025544253058,0.513546131461964,-0.102815100336364,-0.865657825143595,-0.096404100667004,-0.084813924546204,-0.884543843224028,-0.117569302736243,-0.018001175790161,0.018886018080433,0.021165202069240,-0.004240692183067,-0.044227149982864,-0.005878459530671,0.008676221943128
1403637157.538319110870361,1.608381635819532,-2.408325798570563,0.149927825073693,0.232028557920400,0.717385456953571,-0.407465217519579,0.515260080903438,-0.127621499756270,-0.892259505515110,-0.067038495153219,-0.153503730882961,-0.904093924465139,-0.035134136146335,0.025882231126691,0.011834418950028,-0.031904359006884,-0.007675215822661,-0.045204868665488,-0.001756713508621,0.007657846799844
1403637157.588319063186646,1.600854469365899,-2.454967755274539,0.148572228798820,0.229737207017325,0.717250206286186,-0.407047673037981,0.516802814590504,-0.157202095476475,-0.922688938366863,-0.030794212444458,-0.150543472642093,-0.932840023705096,-0.027111951353436,-0.006658622834381,0.010151085338233,-0.003682261091023,-0.007527166453632,-0.046641956703976,-0.001355596274873,0.005593910055462
1403637157.638319015502930,1.591603177410601,-2.502617266561702,0.149125610484860,0.228559864674678,0.717912148475217,-0.406037603356248,0.517200154671579,-0.179481361588303,-0.959270247883494,0.008379013045449,-0.185026015560511,-0.952991134586431,0.011067644275740,0.005544653972208,-0.006279113297063,-0.002688631230291,-0.009251291955298,-0.047649511287163,0.000553381686041,0.003465500313890
1403637157.688318967819214,1.581211774005089,-2.551703778581746,0.151475585540766,0.227266028156636,0.718359123176937,-0.405327711600741,0.517706257256831,-0.215320401769626,-0.981254026966339,0.039006345285284,-0.207828266310718,-0.981731176652682,0.046999545940384,-0.007492135458907,0.000477149686343,-0.007993200655100,-0.010391403405512,-0.049086512020044,0.002349975055906,0.003245850291659
1403637157.738318920135498,1.569579125547936,-2.602558952654975,0.156018871400361,0.226177296976841,0.718878993983289,-0.404566475179022,0.518056743516621,-0.229435675013042,-1.022215385177113,0.088225138839014,-0.232653191018436,-1.017104451450973,0.090865803848270,0.003217516005395,-0.005110933726140,-0.002640665009255,-0.011632648457153,-0.050855174073229,0.004543285859594,0.002937974222784
1403637157.788319110870361,1.556440678360220,-2.654859702968889,0.162678674398378,0.228136923571650,0.717748363807671,-0.402158557739842,0.520633580161024,-0.257649786036898,-1.048131701365132,0.103651703811621,-0.262767941374178,-1.046011016062933,0.133195551859631,0.005118155337280,-0.002120685302199,-0.029543848048010,-0.013138447187716,-0.052300750313915,0.006659802998017,0.008380128914750
1403637157.838319063186646,1.541926755050847,-2.708094124754491,0.169008968182366,0.231617560571776,0.716871900270719,-0.399006739936787,0.522725172267461,-0.286281195800378,-1.074461938475024,0.087942615035638,-0.290278743018845,-1.064689451079011,0.126605996420654,0.003997547218467,-0.009772487396013,-0.038663381385017,-0.014513923309373,-0.053234421785601,0.006330293783988,0.010429150852828
1403637157.888319015502930,1.526099316995667,-2.762260526757122,0.173980527260433,0.234413703972755,0.715912473688008,-0.396747113384776,0.524510508406207,-0.310665139971928,-1.092981457968131,0.062555350106786,-0.316549062988315,-1.083329073195745,0.099431276386394,0.005883923016387,-0.009652384772386,-0.036875926279608,-0.015827438055180,-0.054166402002632,0.004971559078067,0.008254036283858
1403637157.938318967819214,1.509601912077370,-2.817969138615126,0.177335070862480,0.238293106903481,0.715075894197556,-0.393709575873812,0.526189728714952,-0.331499701901355,-1.108189370306665,0.028695409009849,-0.329948413029260,-1.114173299718529,0.067090936023838,-0.001551288872095,0.005983929411864,-0.038395527013989,-0.016497404918297,-0.055708611858003,0.003354543602047,0.010544403577968
1403637157.988318920135498,1.491592783684445,-2.873551503125415,0.178996690761281,0.242012760846816,0.715251515651969,-0.391012081858445,0.526264804813687,-0.355821394028856,-1.110204939714291,-0.003283507105045,-0.360182911355699,-1.111648350356258,0.033232429668947,0.004361517326843,0.001443410641967,-0.036515936773992,-0.018009128392925,-0.055582364510289,0.001661619898802,0.009197568376346
1403637158.038319110870361,1.473415757587253,-2.929595679294823,0.179366400474031,0.246831602868213,0.715765903745079,-0.387401257635626,0.525997715245831,-0.376515695801559,-1.116804201266382,-0.000717602172280,-0.363539135152097,-1.120879247573167,0.007394166048492,-0.012976560649463,0.004075046306784,-0.008111768220772,-0.018177026097192,-0.056044176169408,0.000369709712750,0.012098815403897
1403637158.088319063186646,1.454390512813649,-2.985676089552598,0.180495940917050,0.250772579855088,0.716334432901218,-0.384854101897250,0.525228915508062,-0.383045009126209,-1.123834488242273,0.023010530596062,-0.380505258350157,-1.121609274805467,0.022590830404666,-0.002539750776052,-0.002225213436805,0.000419700191396,-0.019025244773603,-0.056080410257775,0.001129540443019,0.009577812742783
1403637158.138319015502930,1.435024193071716,-3.041156302266418,0.182722415685162,0.252432753765400,0.716480709538352,-0.383418510966360,0.525284059470850,-0.394242409164238,-1.118128987757598,0.050701247678389,-0.387326764222263,-1.109605312478481,0.044529537828930,-0.006915644941975,-0.008523675279117,0.006171709849459,-0.019366319741934,-0.055480212713820,0.002226474768113,0.004400699216269
1403637158.188318967819214,1.415177735116492,-3.096699513246559,0.187333786867754,0.254237573646449,0.716888896544335,-0.382130533011526,0.524795028461722,-0.405178409269613,-1.112346875483372,0.097004939377381,-0.396929537645972,-1.110865279006506,0.092227511606832,-0.008248871623641,-0.001481596476866,0.004777427770549,-0.019846457955223,-0.055543210980141,0.004611371182591,0.004613906082822
1403637158.238318920135498,1.394279916207404,-3.152187785852705,0.193559005170185,0.255010637700223,0.715679208586622,-0.382440971739630,0.525843843922699,-0.435861925597015,-1.091799921477437,0.125244209702441,-0.417956776776418,-1.109766510478740,0.124504484785361,-0.017905148820598,0.017966589001303,0.000739724917080,-0.020897818909089,-0.055488272606146,0.006225218302432,0.003609631529864
1403637158.288319110870361,1.371480433153399,-3.206048381962213,0.200480337678714,0.256206319121081,0.715371424275605,-0.383866228813300,0.524641559304040,-0.453872394278739,-1.087837585160491,0.135931355694955,-0.455987921624214,-1.077207812968457,0.138426122116832,0.002115527345475,-0.010629772192034,-0.002494766421877,-0.022799483054005,-0.053860596109508,0.006921332508529,0.004472687494824
1403637158.338319063186646,1.348038194311059,-3.259715512449310,0.208973537452188,0.258706164345436,0.713782952794103,-0.386574407738835,0.523588812057297,-0.476544078761065,-1.085799811316555,0.172890878684720,-0.468845223972441,-1.073343633362197,0.169864157464562,-0.007698854788624,-0.012456177954359,0.003026721220158,-0.023442238842340,-0.053667130487097,0.008493199773474,0.008298193140133
1403637158.388319015502930,1.323863127535675,-3.312654378062490,0.216740981877823,0.260415792841783,0.710914133607789,-0.391674632477591,0.522853413251570,-0.485989124327825,-1.075637981294257,0.154728386127502,-0.483501796610924,-1.058778321993292,0.155349036665074,-0.002487327716901,-0.016859659300966,-0.000620650537572,-0.024175066775384,-0.052938865613180,0.007767444425634,0.012281070863450
1403637158.438318967819214,1.298598259544098,-3.365488425149781,0.223751094705876,0.263735597766356,0.707543486032511,-0.397158172675212,0.521623557482857,-0.510290736022041,-1.074345972994174,0.134046746893377,-0.505297841721123,-1.056681949476251,0.140202390268480,-0.004992894300918,-0.017664023517923,-0.006155643375102,-0.025264867991577,-0.052834047087291,0.007010112828053,0.014692089137186
1403637158.488318920135498,1.272662889820705,-3.418382274860971,0.229218862128615,0.266590390230125,0.702996184254084,-0.404138450237051,0.520958771690374,-0.520978012206993,-1.071187265744016,0.099326204799981,-0.518707889146248,-1.057878003094880,0.109355452744282,-0.002270123060745,-0.013309262649136,-0.010029247944301,-0.025935369723393,-0.052893849711190,0.005467767422740,0.017662900712262
1403637158.538319110870361,1.245429233524916,-3.470820071992429,0.233182927645951,0.269118029402371,0.697679261074749,-0.412523136419277,0.520234367218833,-0.550206897144024,-1.070892881948680,0.053576993045512,-0.544671048160615,-1.048751941957995,0.079281007913672,-0.005535848983409,-0.022140939990685,-0.025704014868160,-0.027233656295789,-0.052437797131458,0.003964065517336,0.020541400476725
1403637158.588319063186646,1.217129149419311,-3.523354078803266,0.235173966191739,0.270854171930166,0.691805078639865,-0.422426794649903,0.519229577237202,-0.566578275886451,-1.063510180375934,0.023297449734990,-0.566002221893889,-1.050681138224353,0.039820808891844,-0.000576053992562,-0.012829042151581,-0.016523359156855,-0.028300084105605,-0.052534006810837,0.001991038545788,0.023376382498722
1403637158.638319015502930,1.187993836533831,-3.578067471082079,0.234909544058475,0.273198549726368,0.685834383797514,-0.432486604239264,0.517637988928637,-0.606347962529141,-1.060969387914385,-0.003610092652631,-0.582706813422128,-1.094268889152404,-0.005288447708744,-0.023641149107013,0.033299501238019,0.001678355056114,-0.029135312885480,-0.054713392278813,-0.000264422133264,0.024073219613917
1403637158.688318967819214,1.156734218480505,-3.630054951896568,0.233772845665751,0.277899154990833,0.679592529375528,-0.441933475286435,0.515384183976970,-0.638603553950218,-1.046819704674391,-0.033261548334015,-0.625192957296991,-1.039750607873224,-0.022733989535299,-0.013410596653227,-0.007069096801167,-0.010527558798716,-0.031259618053326,-0.051987480814489,-0.001136698392724,0.024930419792573
1403637158.738318920135498,1.122557258006993,-3.678141910947657,0.230554308390799,0.283331953602222,0.674056653093484,-0.450876811646999,0.511938212294605,-0.679911613890122,-1.034833411677943,-0.070975912425737,-0.683539861344633,-0.961740098208616,-0.064370806887823,0.003628247454511,-0.073093313469326,-0.006605105537914,-0.034176960473511,-0.048086959051089,-0.003218537274952,0.024659370544655
1403637158.788319110870361,1.087688128300206,-3.725800398476554,0.226704728965567,0.288342334490458,0.669950408036206,-0.458609595361026,0.507643957863688,-0.694295351786530,-1.015070279861597,-0.089297241187789,-0.697379933842425,-0.953166114537760,-0.076991294806161,0.003084582055895,-0.061904165323836,-0.012305946381629,-0.034869129706788,-0.047658487528897,-0.003849579425232,0.021927419753152
1403637158.838319063186646,1.052475716956557,-3.774914649424041,0.220665037846024,0.292835561822076,0.668142578155775,-0.465104048521310,0.501508776629871,-0.720128820253501,-1.013065474414431,-0.099665356409464,-0.704248898497057,-0.982285955730630,-0.120793937588936,-0.015879921756444,-0.030779518683802,0.021128581179473,-0.035212411343648,-0.049114250947487,-0.006039691119543,0.020325019083637
1403637158.888319015502930,1.015923444795122,-3.822353602348179,0.215487450695994,0.295993963636680,0.665900273136940,-0.470579158030461,0.497513472937305,-0.739596739157947,-1.003361186519955,-0.088732324859492,-0.731046140408634,-0.948779963309859,-0.103551841755327,-0.008550598749313,-0.054581223210096,0.014819516895835,-0.036552272161435,-0.047438952924139,-0.005177587150030,0.015613201985077
1403637158.938318967819214,0.978585653421487,-3.871984377442010,0.211147695635128,0.302064951756598,0.665915385365761,-0.472493561510461,0.491999287382222,-0.750619033227939,-1.014481534657351,-0.057935060306380,-0.746756539635237,-0.992616448509423,-0.086795183991656,-0.003862493592702,-0.021865086147928,0.028860123685276,-0.037337791373635,-0.049630775093831,-0.004339755060866,0.016843838919988
1403637158.988318920135498,0.941211200339109,-3.921573643232782,0.207510541259170,0.305823559057732,0.666463715807611,-0.474747906849429,0.486736572674850,-0.760766246805307,-1.026519551244075,-0.022593578182025,-0.747489774509346,-0.991786261656520,-0.072743156892453,-0.013276472295961,-0.034733289587555,0.050149578710428,-0.037374453082377,-0.049589265790772,-0.003637154375959,0.013741356529524
1403637159.038319110870361,0.904210696260414,-3.968511745472473,0.206247422674329,0.309722524332400,0.667071392461088,-0.476083745815083,0.482112001771239,-0.767880069566749,-1.029582758560825,0.011557310225279,-0.740007258670239,-0.938758463714481,-0.025262275328885,-0.027872810896510,-0.090824294846343,0.036819585554165,-0.037000504078695,-0.046938102239691,-0.001263118584841,0.012448686355464
1403637159.088319063186646,0.866644451468509,-4.015623163245762,0.206233793845871,0.311449685233183,0.666696277068888,-0.477427422518330,0.480185614047465,-0.770255438148631,-1.020451447120518,0.027235929758964,-0.751325612358043,-0.942229254045628,-0.000272576829114,-0.018929825790588,-0.078222193074890,0.027508506588078,-0.037566244791905,-0.047111417773289,-0.000013628828458,0.005878856793830
1403637159.138319015502930,0.831233260534428,-4.058296031048440,0.203135398459973,0.311305253593448,0.665460305900771,-0.479144522264462,0.480283402939901,-0.769832539771184,-1.009433113390124,0.019321036114118,-0.708224494097127,-0.853458169974683,-0.061967966815200,-0.061608045674057,-0.155974943415440,0.081289002929318,-0.035411190934081,-0.042672867802677,-0.003098395385897,0.004245694819297
1403637159.188318967819214,0.793499604607868,-4.105668235570056,0.201375378151442,0.309219568782891,0.663343669380420,-0.481509214847829,0.482190118720065,-0.775105749663801,-1.009897664549810,-0.015859991998979,-0.754673838244270,-0.947444993986291,-0.035200439740379,-0.020431911419532,-0.062452670563519,0.019340447741401,-0.037733655926561,-0.047372204521617,-0.001760020308531,0.008498845696104
1403637159.238318920135498,0.755394798339600,-4.153120569674208,0.197874972718081,0.306753336900527,0.661691710865110,-0.483359078393470,0.484180205509695,-0.785624884819087,-1.006750395250147,-0.050689180576732,-0.762096852157547,-0.949047587165335,-0.070008175432222,-0.023528032661540,-0.057702808084813,0.019318994855489,-0.038104806268268,-0.047452334104151,-0.003500405433361,0.008048286539305
1403637159.288319110870361,0.717048323193923,-4.203959562497924,0.192366535278223,0.304157303215268,0.660794596801023,-0.484643136146610,0.485757003372434,-0.798276866024306,-1.014902937145960,-0.078473688660982,-0.766926577320816,-1.016775977781784,-0.110168328538341,-0.031350288703490,0.001873040635823,0.031694639877359,-0.038346475145677,-0.050838992823716,-0.005508437439858,0.006835001600334
1403637159.338319063186646,0.677021304510855,-4.252804092210628,0.185996571821313,0.301962246710450,0.660287278154858,-0.485547982220052,0.486911356234853,-0.815796633177559,-1.018467886155991,-0.106312063891373,-0.800541137116893,-0.976891525890434,-0.127399390635718,-0.015255496060666,-0.041576360265556,0.021087326744345,-0.040027018683069,-0.048844529712704,-0.006369963456910,0.005376588720630
1403637159.388319015502930,0.636704932558707,-4.304100305421365,0.178661831328903,0.300211466890277,0.660414115442648,-0.485740547546049,0.487629358982164,-0.829513061695657,-1.020388955402165,-0.129646816660921,-0.806328208017465,-1.025925242613291,-0.146694949747417,-0.023184853678193,0.005536287211127,0.017048133086496,-0.040316371952148,-0.051296213210737,-0.007334740492411,0.003812572950862
1403637159.438318967819214,0.595061710094089,-4.355443906936887,0.171023137252890,0.300150325838866,0.661280593492535,-0.484425136323047,0.487801236024860,-0.850729341432847,-1.028419408334524,-0.150689100097511,-0.832865243574537,-1.026873009612855,-0.152774027216916,-0.017864097858310,-0.001546398721669,0.002084927119405,-0.041643222464617,-0.051343601515522,-0.007638694076013,0.003171353887071
1403637159.488318920135498,0.552534799517954,-4.406748692435893,0.162406888869607,0.299360258241484,0.661639967837209,-0.483429931087639,0.488785730637229,-0.865320446205102,-1.041913334720823,-0.165456490424062,-0.850539022659926,-1.026096688542184,-0.172325132007717,-0.014781423545177,-0.015816646178639,0.006868641583655,-0.042526910576135,-0.051304785499006,-0.008616248383283,0.003294249804431
1403637159.538319110870361,0.509221691919123,-4.458183365511301,0.153064208045602,0.301772459882750,0.664661618062689,-0.480427576778994,0.486156003152143,-0.883586705748042,-1.050855941477899,-0.183527616883358,-0.866258847461363,-1.028689537369000,-0.186852903692851,-0.017327858286679,-0.022166404108898,0.003325286809494,-0.043313107598831,-0.051434673075408,-0.009342680824006,0.011113732827778
1403637159.588319063186646,0.466252195146068,-4.510801376183745,0.142393713964085,0.303236205089566,0.667398856560816,-0.478142604101010,0.483741894327645,-0.892282002883151,-1.056581350801370,-0.193619648782229,-0.859390755039982,-1.052361217058746,-0.213410085154055,-0.032891247843168,-0.004220133742623,0.019790436371826,-0.042969496773055,-0.052618010672444,-0.010670494081517,0.009095951150745
1403637159.638319015502930,0.422551399022996,-4.567315906085662,0.131523818346613,0.305410810128887,0.670362179303786,-0.475462176689668,0.480910079071981,-0.890852514273098,-1.070411157073917,-0.190450181983821,-0.874016755988791,-1.130291675968481,-0.217398119676439,-0.016835758284307,0.059880518894564,0.026947937692618,-0.043700796123073,-0.056514529901917,-0.010869895617472,0.010717112710771
1403637159.688318967819214,0.377385649496287,-4.620059161263628,0.122481883952849,0.307104427825265,0.672215847288616,-0.473043456396228,0.479627577840218,-0.897152359528687,-1.086719963463998,-0.172133501554847,-0.903315852003290,-1.054866109558024,-0.180838860336649,0.006163492474603,-0.031853853905974,0.008705358781802,-0.045165749526708,-0.052743255177965,-0.009041934393764,0.007429524624245
1403637159.738318920135498,0.331410651643802,-4.672818651688758,0.115413780423983,0.309376670667773,0.673942468715058,-0.470634434364269,0.478111758587260,-0.898191740998623,-1.098323988623835,-0.133838275023200,-0.919500833954035,-1.055190814810994,-0.141362205390828,0.021309092955412,-0.043133173812842,0.007523930367628,-0.045974997852485,-0.052759490425131,-0.007068103528866,0.008061123057401
1403637159.788319110870361,0.285738842711035,-4.726491880712624,0.110272666260626,0.310544476190696,0.674573994852379,-0.469095939831369,0.477975996269764,-0.885336525122734,-1.117871738851482,-0.085682042127665,-0.913432694186138,-1.073460485550531,-0.102821891032759,0.028096169063404,-0.044411253300951,0.017139848905094,-0.045671808932767,-0.053673229023866,-0.005141114163357,0.004073324573394
1403637159.838319063186646,0.239855261814471,-4.779683443955947,0.107224516699160,0.312785057761496,0.674454133962079,-0.468224304293792,0.477538615916235,-0.893963904491432,-1.097225252537579,-0.068338418654781,-0.917672493091970,-1.063832279415984,-0.060963049368202,0.023708588600538,-0.033392973121596,-0.007375369286578,-0.045883580896564,-0.053191563243323,-0.003048149561465,0.004893107592508
1403637159.888319015502930,0.193849737072085,-4.833125849547951,0.104922232417050,0.315858379457398,0.673750280117070,-0.469154138586996,0.475592723257421,-0.904228755651474,-1.122245294702584,-0.063437828579059,-0.920111372334305,-1.068849131174044,-0.046045729554839,0.015882616682831,-0.053396163528540,-0.017392099024221,-0.046005524742386,-0.053442405592004,-0.002302284282110,0.007639849285790
1403637159.938318967819214,0.148333241783005,-4.887309210076179,0.102086459930096,0.317549208794727,0.671142810090816,-0.474024867405562,0.473318342702229,-0.902254633369695,-1.113706590487117,-0.070973107859703,-0.910330773940672,-1.083668244031128,-0.056715503827201,0.008076140570977,-0.030038346455989,-0.014257604032502,-0.045516495289080,-0.054183360528228,-0.002835772486954,0.012418491662337
1403637159.988318920135498,0.104805647286066,-4.939671353635839,0.098708126633949,0.321112933216484,0.667998861422669,-0.479475158055633,0.469859104484152,-0.900979833637437,-1.124451582072862,-0.093313932115174,-0.870552720162565,-1.047243869922776,-0.067566730359587,-0.030427113474871,-0.077207712150086,-0.025747201755587,-0.043527594496940,-0.052362143559660,-0.003378333296147,0.016032078627550
1403637160.038319110870361,0.060017459273426,-4.994596519236604,0.094430109417172,0.325754283280112,0.661768854517815,-0.485783254279978,0.468999744110797,-0.898640652670510,-1.128270278715824,-0.113570087217310,-0.895760343198260,-1.098499121573722,-0.085560017949978,-0.002880309472249,-0.029771157142102,-0.028010069267332,-0.044788188012640,-0.054925165600766,-0.004278017216777,0.020088458661248
1403637160.088319063186646,0.015775480643373,-5.049854269905024,0.089253271406024,0.330555504003519,0.654149079621731,-0.492749954083169,0.469062387272799,-0.891932022914930,-1.130475306108599,-0.114678276937239,-0.884840416450645,-1.105156067327339,-0.103536858963408,-0.007091606464285,-0.025319238781260,-0.011141417973831,-0.044241978630053,-0.055257750668419,-0.005176838011148,0.022773047317621
1403637160.138319015502930,-0.028597685880648,-5.105341450439086,0.083240955548567,0.335701277114587,0.645543520775545,-0.500417166019131,0.469213038269111,-0.898791169673989,-1.130324820774860,-0.127027814535106,-0.887464176832208,-1.109744669016242,-0.120246431825072,-0.011326992841782,-0.020580151758618,-0.006781382710034,-0.044373166524021,-0.055487180534063,-0.006012315857457,0.025246431388644
1403637160.188318967819214,-0.073817074137254,-5.161284150987286,0.076719247000794,0.342086475154199,0.637383517348765,-0.508399393617137,0.467171437374354,-0.909971226841097,-1.114942401663225,-0.147665678342626,-0.904388627624330,-1.118855077987348,-0.130434295347296,-0.005582599216768,0.003912676324124,-0.017231382995330,-0.045219388256606,-0.055942700548200,-0.006521708547773,0.026475880399517
1403637160.238318920135498,-0.119153699027250,-5.215927449033112,0.068694332328153,0.349471635598659,0.629967706192560,-0.516444834446083,0.462920077378849,-0.918172321109766,-1.096556274622377,-0.172743058602420,-0.906733362528239,-1.092867003155708,-0.160498446516067,-0.011438958581527,-0.003689271466669,-0.012244612086353,-0.045336624889996,-0.054643298045826,-0.008024914672641,0.027737419688489
1403637160.288319110870361,-0.165234287186490,-5.270958477515840,0.059272887223752,0.356084579150812,0.621587176835215,-0.525591683786581,0.458897086523114,-0.923259213480131,-1.074875416506297,-0.194993874061685,-0.921608247528326,-1.100616371136312,-0.188428183291549,-0.001650965951805,0.025740954630015,-0.006565690770136,-0.046080588159239,-0.055031028482729,-0.009421445104401,0.029244993610052
1403637160.338319063186646,-0.211688135354057,-5.325880585266184,0.048466751537266,0.363798185745185,0.613653940953505,-0.534468977384473,0.453235736691559,-0.937190951770904,-1.073707835610878,-0.218767868515065,-0.929077849389034,-1.098443202563935,-0.216122919840587,-0.008113102381870,0.024735366953057,-0.002644948674477,-0.046453848167568,-0.054922107750343,-0.010806135686485,0.030548172934071
1403637160.388319015502930,-0.258640737962086,-5.375577555029372,0.038979449530711,0.370619563762004,0.604609411726020,-0.544776727317406,0.447556606009246,-0.952262405120922,-1.031551280379431,-0.233283892415484,-0.939052947711253,-0.993940343159136,-0.189746221087204,-0.013209457409669,-0.037610937220295,-0.043537671328280,-0.046952602608029,-0.049696969763188,-0.009487302006555,0.032670651948713
1403637160.438318967819214,-0.307053855300956,-5.426687919033975,0.027328293873007,0.378703124246577,0.596233123311470,-0.554566658937257,0.439938435633100,-0.969566459008373,-1.016612806433474,-0.249519509771989,-0.968263270185218,-1.022208254945834,-0.233023335382449,-0.001303188823155,0.005595448512360,-0.016496174389540,-0.048413117338870,-0.051110364004604,-0.011651155657704,0.034023075560142
1403637160.488318920135498,-0.355508218255915,-5.476634397828035,0.014974619187883,0.387279714531281,0.588210322022405,-0.564160004834202,0.430983211650223,-0.970704568061209,-1.012954095220245,-0.265961547073591,-0.969088183293690,-0.998930528535585,-0.247073729330346,-0.001616384767519,-0.014023566684660,-0.018887817743245,-0.048454362954959,-0.049946478794060,-0.012353674685124,0.035222696092982
1403637160.538319110870361,-0.404271766445722,-5.525819789611684,0.001840105176030,0.395276839774826,0.580703463486680,-0.574059608528802,0.420708061829054,-0.976799394523980,-0.992099398497306,-0.274391225808802,-0.975267243446853,-0.983704083139697,-0.262689278156996,-0.001532151077127,-0.008395315357609,-0.011701947651806,-0.048763548189807,-0.049185391783649,-0.013134514011853,0.035994251580681
1403637160.588319063186646,-0.452787173278933,-5.573921418384432,-0.010541355213928,0.403097639430331,0.571903455218773,-0.583653436209688,0.412052663375869,-0.969805605449086,-0.977880154320333,-0.299628613184544,-0.970309062023052,-0.962033492921603,-0.247629443956994,0.000503456573966,-0.015846661398730,-0.051999169227550,-0.048515406833211,-0.048101628772748,-0.012381460389958,0.034961137609711
1403637160.638319015502930,-0.500139522001720,-5.620685634786332,-0.024726035415685,0.410681369185031,0.564206741877611,-0.592622307574542,0.402256592225888,-0.964877962773992,-0.955305759593131,-0.301424967144325,-0.947047877630969,-0.935285219995484,-0.283693874586708,-0.017830085143023,-0.020020539597647,-0.017731092557617,-0.047352348722787,-0.046764216401900,-0.014184680201757,0.034244017215673
1403637160.688318967819214,-0.547592096175074,-5.668760354710896,-0.039740052706079,0.415406799230167,0.557377506233553,-0.601198489330992,0.394116585700663,-0.941889659784108,-0.961351872606662,-0.294480186123110,-0.949052388553968,-0.961495315444670,-0.300280632177796,0.007162728769860,0.000143442838009,0.005800446054686,-0.047452574173354,-0.048074719924564,-0.015014017290393,0.028898607636036
1403637160.738318920135498,-0.594075521962641,-5.718569090176841,-0.054630781361555,0.418308739100816,0.552260025676333,-0.608847957083232,0.386433471618901,-0.921467572924773,-0.958781275247222,-0.267467719626746,-0.929669402353168,-0.996175659346034,-0.297814857127909,0.008201829428395,0.037394384098812,0.030347137501163,-0.046483425787567,-0.049808735465945,-0.014890728655476,0.024670337690410
1403637160.788319110870361,-0.638307415194651,-5.766971876807657,-0.067630112407296,0.421465395988296,0.548633808681002,-0.614464575993625,0.379211219250672,-0.903012364731233,-0.976756268799243,-0.222103288791002,-0.884634490027437,-0.968052039790866,-0.259985629148344,-0.018377874703796,-0.008704229008377,0.037882340357342,-0.044231893232010,-0.048402786630817,-0.012999331045741,0.020670967134560
1403637160.838319063186646,-0.680979226462271,-5.815525479007259,-0.078043881426635,0.423747412772072,0.544930312981091,-0.618914076970004,0.374745846530250,-0.872561768824040,-0.978536319740563,-0.183059248971406,-0.853437039253380,-0.971072970079378,-0.208275579013861,-0.019124729570660,-0.007463349661185,0.025216330042455,-0.042671811267620,-0.048553602199601,-0.010413769019340,0.015318143521253
1403637160.888319015502930,-0.719302629508220,-5.864420337813824,-0.087831146122712,0.424648295862810,0.541713306699019,-0.623092676925654,0.371451254039677,-0.854060440043104,-0.998693620024239,-0.136289112762639,-0.766468791880580,-0.977898108727614,-0.195745480598972,-0.087591648162524,-0.020795511296625,0.059456367836333,-0.038323403045949,-0.048894858806565,-0.009787264696077,0.012565967832607
1403637160.938318967819214,-0.757238363119313,-5.912956446040706,-0.094376913378087,0.424126095864722,0.539680746665859,-0.627119803509413,0.368215288290756,-0.831019023784181,-1.029395830226340,-0.077694924715774,-0.758715395789249,-0.970723090291320,-0.130915469958232,-0.072303627994931,-0.058672739935019,0.053220545242458,-0.037935733611093,-0.048536108226882,-0.006545767255376,0.011152272690703
1403637160.988318920135498,-0.792454282610955,-5.961190534580865,-0.097914999811525,0.422494855207950,0.537396797554422,-0.630797327341299,0.367147805549942,-0.807072834454547,-1.019099432151867,-0.024532963870137,-0.704319061523834,-0.964682690796288,-0.070761796152462,-0.102753772930713,-0.054416741355579,0.046228832282325,-0.035215919491642,-0.048234088540159,-0.003538086433438,0.009495496385432
1403637161.038319110870361,-0.825306580237776,-6.008707376902277,-0.098014496806742,0.419710589446876,0.535114820187257,-0.634462049080454,0.367359576707545,-0.793239085521952,-1.050585916862629,0.041714170688373,-0.657043446114591,-0.950333221194692,-0.001989932313356,-0.136195639407361,-0.100252695667936,0.043704103001728,-0.032852297626821,-0.047516842321412,-0.000099496995217,0.010282927056748
1403637161.088319063186646,-0.856531322579031,-6.057445236300154,-0.094383505074820,0.417228608896388,0.532084419829210,-0.637436869070957,0.369432938491432,-0.773725449755591,-1.101537190072990,0.119998132502217,-0.624495442390370,-0.974758117559328,0.072619903894177,-0.149230007365222,-0.126779072513661,0.047378228608040,-0.031224742341255,-0.048737859397877,0.003630991731922,0.010675580451723
1403637161.138319015502930,-0.881357419991027,-6.109564383853371,-0.092814166626349,0.414511029580712,0.528146405386267,-0.640137216184172,0.373451904921479,-0.773443930668567,-1.116188198404183,0.168004984606703,-0.496522421760593,-1.042383945159136,0.031386798902221,-0.276921508907974,-0.073804253245046,0.136618185704481,-0.024826097411996,-0.052119147553217,0.001569338448472,0.013614307138576
1403637161.188318967819214,-0.916104321686239,-6.160604516272949,-0.083669455946260,0.410670237551551,0.522557015527202,-0.643243000340702,0.380161234248506,-0.785221653819583,-1.142528034544491,0.215860383601752,-0.694938696649433,-1.020803621905755,0.182894388023450,-0.090282957170150,-0.121724412638736,0.032965995578302,-0.034746901695212,-0.051040132419578,0.009144710680088,0.020065373351352
1403637161.238318920135498,-0.953100338527276,-6.213280995764025,-0.071792442962429,0.408433630625274,0.516164699708687,-0.644790137929102,0.388589307853764,-0.801001384253797,-1.132216676767391,0.246565708447104,-0.739921042464433,-1.053530594546592,0.237540486212892,-0.061080341789364,-0.078686082220799,0.009025222234212,-0.036996016841037,-0.052676479491076,0.011877012983832,0.021844116584868
1403637161.288319110870361,-0.991453521123573,-6.265545057061827,-0.058784553290129,0.404912242162439,0.511128022560109,-0.646814365495020,0.395506507266385,-0.834377278460617,-1.131627432471787,0.286256641700950,-0.767060725821479,-1.045277238539808,0.260156801026558,-0.067316552639138,-0.086350193931979,0.026099840674392,-0.038353182596297,-0.052264061297802,0.013007889672300,0.018943506441388
1403637161.338319063186646,-1.033648273820618,-6.319189899789509,-0.043278951531902,0.403260245609959,0.508207451616412,-0.647431315930910,0.399923807223474,-0.880396200519628,-1.132677671698752,0.316617612940520,-0.843895858742715,-1.072897877748801,0.310112330910706,-0.036500341776914,-0.059779793949951,0.006505282029815,-0.042194752697045,-0.053644842727683,0.015505601758227,0.011162808762744
1403637161.388319015502930,-1.078524181798553,-6.373002007751733,-0.025490257207304,0.404286146034627,0.508497168231573,-0.646484674080116,0.400051131987483,-0.923195321882691,-1.111025697886423,0.341712085013447,-0.897519015499535,-1.076243185629960,0.355774225784695,-0.025676306383157,-0.034782512256463,-0.014062140771248,-0.044875907977935,-0.053812107962224,0.017788694324598,0.002862691137484
1403637161.438318967819214,-1.125724388777536,-6.427738646629729,-0.006813951263065,0.407519559265623,0.510348139842330,-0.645204230035237,0.396464483302177,-0.965548103014485,-1.099500715144334,0.363536423907433,-0.944005039853016,-1.094733821579448,0.373526475107394,-0.021543063161469,-0.004766893564886,-0.009990051199960,-0.047200206978983,-0.054736638877996,0.018676305944239,0.010655460555211
1403637161.488318920135498,-1.175540349396500,-6.484543432597956,0.011621447546501,0.410831707408108,0.510109998655629,-0.645045010912670,0.393601360968640,-1.000624330878494,-1.093077617519567,0.377340861866369,-0.996320162544232,-1.136096802830882,0.368708327818982,-0.004304168334263,0.043019185311315,0.008632534047387,-0.049815960618964,-0.056804785968227,0.018435398809566,0.008774938780004
1403637161.538319110870361,-1.227401104152173,-6.541994033925305,0.030343911523862,0.413379222756106,0.509672219896980,-0.646860562662154,0.388488428310605,-1.037701356555473,-1.092702050025671,0.394789713762289,-1.037211138466959,-1.149007643430665,0.374447851142012,-0.000490218088514,0.056305593404994,0.020341862620277,-0.051860754755673,-0.057450601327349,0.018722463977360,0.012019967043323
1403637161.588319063186646,-1.280672669022681,-6.599529332138443,0.048471682915518,0.416863508872888,0.506858310442027,-0.649051262492369,0.384775163911471,-1.058682169946910,-1.076580751924972,0.363515140625861,-1.065432313485598,-1.150707061662536,0.362555773593255,0.006750143538687,0.074126309737564,0.000959367032606,-0.053271564870508,-0.057535298213138,0.018127771391656,0.012433174794353
1403637161.638319015502930,-1.335168403206277,-6.657017854007937,0.064895566499497,0.420563176554513,0.503718474928491,-0.651251716032797,0.381137133990419,-1.085023792648534,-1.065035201506453,0.342293991809694,-1.089915723096559,-1.149771533897454,0.328477984940598,0.004891930448025,0.084736332391001,0.013816006869097,-0.054495734183596,-0.057488521869494,0.016423883583979,0.012903256933387
1403637161.688318967819214,-1.391027231329923,-6.712579190509341,0.080635418748764,0.425575275495997,0.499618705577533,-0.652416757834024,0.378971249596690,-1.102288566080802,-1.074018505086433,0.330159620729329,-1.117177627896523,-1.111227789777475,0.314797345199485,0.014889061815721,0.037209284691042,0.015362275529843,-0.055858828123646,-0.055561336501404,0.015739852249267,0.013853203811114
1403637161.738318920135498,-1.445862700292135,-6.766477787596967,0.095839670678016,0.432130482842869,0.495467010631602,-0.651941272196311,0.377820413398784,-1.116240230203046,-1.062027341452584,0.300626168127051,-1.096710425148817,-1.077972969787669,0.304085328583418,-0.019529805054229,0.015945628335085,-0.003459160456367,-0.054835468962213,-0.053898597087627,0.015204251929253,0.015717269822573
1403637161.788319110870361,-1.501686350812777,-6.819136141428996,0.110744724665628,0.441394638522875,0.491316981566110,-0.649190551381519,0.377266516808724,-1.129416269085985,-1.050085695889316,0.290995803483986,-1.116468751422542,-1.053163059142331,0.298099942591201,-0.012947517663443,0.003077363253015,-0.007104139107215,-0.055823650520642,-0.052658353832029,0.014905053987612,0.021063866068455
1403637161.838319063186646,-1.557673741425721,-6.870462950894745,0.124597791802891,0.451424498047845,0.486032559150837,-0.645668835214354,0.378285645036232,-1.133169918571351,-1.016530131602875,0.266299390248366,-1.119748880134623,-1.026537168297114,0.277061606971803,-0.013421038436728,0.010007036694239,-0.010762216723437,-0.055987390612944,-0.051326809465749,0.013853067137263,0.023829896263317
1403637161.888319015502930,-1.611921815205185,-6.916793747983411,0.138379958291199,0.461536851746301,0.481034330435092,-0.641999211651388,0.378717202754209,-1.134054952101728,-0.984020701540668,0.243605677821814,-1.084962510290168,-0.926616825463978,0.275643592640357,-0.049092441811560,-0.057403876076691,-0.032037914818543,-0.054248073779464,-0.046330797088665,0.013782166488307,0.023739925953967
1403637161.938318967819214,-1.667362160012843,-6.962734093330398,0.150534902382818,0.470328001642812,0.475264946725937,-0.638616445671815,0.380898722236987,-1.127008531247078,-0.943038507560102,0.221269714074995,-1.108807953594817,-0.918807783183131,0.243099113669761,-0.018200577652261,-0.024230724376971,-0.021829399594766,-0.055440344807657,-0.045940345346987,0.012154944091619,0.022518754592718
1403637161.988318920135498,-1.722821181793891,-7.007429676121842,0.161322257684738,0.478193011742805,0.470723003332477,-0.635265994861840,0.382345934235209,-1.114523948060409,-0.891489162146467,0.186696577111938,-1.109181493418876,-0.893912508330288,0.215747311791076,-0.005342454641533,0.002423346183821,-0.029050734679138,-0.055459021781049,-0.044695582791444,0.010787355301920,0.019576347135673
1403637162.038319110870361,-1.776428479641680,-7.047449995197479,0.170469215375428,0.484523703523184,0.466716500459312,-0.632575907045525,0.383744981398745,-1.099951621563899,-0.826781216762471,0.153048647101177,-1.072141867059128,-0.800403328216356,0.182938455958964,-0.027809754504771,-0.026377888546115,-0.029889808857787,-0.053607297847789,-0.040020319075637,0.009146957690690,0.016164650904622
1403637162.088319063186646,-1.829215749190286,-7.083953121660809,0.176506111788881,0.488140987997950,0.463874822677529,-0.631520641360609,0.384343862000893,-1.083956034381446,-0.764322648643750,0.106859504459287,-1.055746397810331,-0.730063225509134,0.120738043413846,-0.028209636571115,-0.034259423134616,-0.013878538954558,-0.052787269548605,-0.036503126463329,0.006036896413454,0.009514655203946
1403637162.138319015502930,-1.881301727942580,-7.117209946052538,0.180586011131751,0.489146958923557,0.461001887319903,-0.631750250250623,0.386140044247679,-1.060837382555242,-0.699620436489682,0.063495296158288,-1.041720568508036,-0.665137122158785,0.081598064675365,-0.019116814047206,-0.034483314330898,-0.018102768517077,-0.052085978752294,-0.033256824391730,0.004079899342869,0.007083710635656
1403637162.188318967819214,-1.932510159957551,-7.146753487881062,0.182104702335842,0.485934859293182,0.458565259231014,-0.634605402037055,0.388408546836314,-1.042779706264760,-0.635163861986027,0.014323419442755,-1.024169617023685,-0.590871400069353,0.030373853048602,-0.018610089241075,-0.044292461916674,-0.016050433605847,-0.051208432014971,-0.029543541828524,0.001518691204092,0.010872499064655
1403637162.238318920135498,-1.983170646551777,-7.173084277319890,0.181075128819745,0.480495633965297,0.456896960296452,-0.638755042595325,0.390334611546547,-1.037288462359072,-0.572288335117005,-0.016650009518233,-1.013210698157543,-0.526616290996988,-0.020591489959520,-0.024077764201528,-0.045672044120017,0.003941480441287,-0.050660486594226,-0.026330789438828,-0.001029573516097,0.014601078351201
1403637162.288319110870361,-2.033479618773848,-7.195076891300093,0.177187136214008,0.475215811934051,0.455904839534602,-0.642370629707131,0.392021279354136,-1.034503585639638,-0.509745603023586,-0.050295530851948,-1.006175606186079,-0.439850601707166,-0.077759555485578,-0.028327979453558,-0.069895001316419,0.027464024633630,-0.050308972222071,-0.021992613980203,-0.003887992605737,0.013383319443946
1403637162.338319063186646,-2.083937211542508,-7.214649845753214,0.173393809638812,0.470922156904251,0.456132297721439,-0.645181400243247,0.392322074184174,-1.044488007276758,-0.447571646349831,-0.078851520644627,-1.009152817776317,-0.391459462387258,-0.075866603855962,-0.035335189500441,-0.056112183962574,-0.002984916788665,-0.050457592768660,-0.019572954453121,-0.003793326575197,0.010291390130098
1403637162.388319015502930,-2.134838968590894,-7.233043184234326,0.167575578195878,0.465725259589013,0.455537469953737,-0.648353067730037,0.393984638804540,-1.051101099955322,-0.392264150334450,-0.113467260770703,-1.018036111842610,-0.367867120447667,-0.116364739832738,-0.033064988112712,-0.024397029886783,0.002897479062035,-0.050901757048386,-0.018393338481112,-0.005818231442934,0.012678374046115
1403637162.438318967819214,-2.187311609310414,-7.249596632939590,0.160588639760441,0.459151338368159,0.455377275891967,-0.652311532849281,0.395349527870922,-1.063899044780384,-0.335505684602446,-0.154234885513235,-1.049453815227558,-0.331069289837561,-0.139738901974134,-0.014445229552826,-0.004436394764885,-0.014495983539101,-0.052472640719520,-0.016553448705264,-0.006986938435437,0.015591636016317
1403637162.488318920135498,-2.241242550162927,-7.262132161374597,0.153508488568593,0.452527031126771,0.459521705012766,-0.656676637148046,0.390941022336726,-1.095070271146608,-0.291073588816054,-0.134274032417388,-1.078619845702296,-0.250710807796590,-0.141603158880268,-0.016450425444312,-0.040362781019464,0.007329126462880,-0.053930940852513,-0.012535528435007,-0.007080151191849,0.019954710878151
1403637162.538319110870361,-2.296874871020777,-7.273125164021231,0.148452633768720,0.448461463257394,0.464836912854674,-0.659389740073086,0.384726046826988,-1.129343821469977,-0.241867495195434,-0.090277681263988,-1.112642172763950,-0.219859214236338,-0.101116710267809,-0.016701648706027,-0.022008280959097,0.010839029003821,-0.055632320857850,-0.010993002646634,-0.005055854799872,0.019054428475875
1403637162.588319063186646,-2.355404271005461,-7.283722034675113,0.146638578697568,0.447906454484756,0.468513068739266,-0.659550978746063,0.380615053415551,-1.153919862770518,-0.196065464333886,-0.026830128088702,-1.170589116054457,-0.211937615197099,-0.036281136023444,0.016669253283939,0.015872150863213,0.009451007934742,-0.058529399984684,-0.010596870653882,-0.001814055071153,0.011090266065905
1403637162.638319015502930,-2.414510196038337,-7.293734559739409,0.147883894002444,0.451857613288710,0.470311913022363,-0.656717349459612,0.378620819159510,-1.178355482700033,-0.195241133368983,0.042919945222608,-1.182119628014644,-0.200250692259874,0.024906329850047,0.003764145314612,0.005009558890891,0.018013615372561,-0.059105925032876,-0.010012525064297,0.001245315304876,0.011109275616452
1403637162.688318967819214,-2.472955806716613,-7.301146844253079,0.151188580997939,0.458138918315286,0.467046881862967,-0.652650814507601,0.382129370749678,-1.192844321086553,-0.168322143096915,0.071331365023059,-1.168913328328144,-0.148245831651641,0.066093802941867,-0.023930992758408,-0.020076311445275,0.005237562081192,-0.058445610678276,-0.007412284513670,0.003304686995495,0.017772155938159
1403637162.738318920135498,-2.533039645821479,-7.308188034276388,0.154531052886774,0.465279817037254,0.459487930026988,-0.649295470797080,0.388330948573110,-1.208412559457630,-0.121872099774270,0.068795169965789,-1.201677928106708,-0.140823934766353,0.066849501529360,-0.006734631350921,0.018951834992083,0.001945668436429,-0.060083839104867,-0.007041190023309,0.003342471888835,0.025127686937765
1403637162.788319110870361,-2.594729807165707,-7.313986521248556,0.157757796522565,0.471972257346028,0.451187395092001,-0.648171815584029,0.391848721177309,-1.229111294937825,-0.070865498098002,0.022338008250212,-1.233798520316705,-0.115969297055597,0.064534626535747,0.004687225378880,0.045103798957596,-0.042196618285536,-0.061690161344227,-0.005798486972168,0.003226743635791,0.022567792414798
1403637162.838319063186646,-2.655694280059358,-7.315428043195468,0.158264401749648,0.477880767056772,0.444919103886730,-0.649639783657347,0.389416377369387,-1.236662984225640,-0.010234932891623,-0.008113092095156,-1.219290620679181,-0.028830466433119,0.010132114204411,-0.017372363546459,0.018595533541496,-0.018245206299567,-0.060964472893652,-0.001441521946912,0.000506605227084,0.018140975980273
1403637162.888319015502930,-2.717390587134654,-7.313890160191468,0.156948998027592,0.484152286626331,0.437750356112427,-0.652271727468804,0.385373562433648,-1.252216554902538,0.058242109529482,-0.050336339503661,-1.233927318270700,0.030757689412828,-0.026308099530483,-0.018289236631838,0.027484420116654,-0.024028239973178,-0.061696307075295,0.001537883004000,-0.001315403722056,0.021353731861553
1403637162.938318967819214,-2.779336599049973,-7.309041678522682,0.153636802635774,0.491249972257909,0.430974657232378,-0.655766756977934,0.378026811248464,-1.252500064546373,0.117909289597333,-0.073393197568999,-1.238921419833914,0.096969725853251,-0.066243971011543,-0.013578644712459,0.020939563744082,-0.007149226557456,-0.061946011915319,0.004848481668786,-0.003312195391818,0.025493483154421
1403637162.988318920135498,-2.842758290742926,-7.301920933712655,0.148509362909785,0.498219129797891,0.424064464681298,-0.660203177357998,0.368888591724384,-1.253640004339058,0.180909050588691,-0.093449392527645,-1.268435043532994,0.142415032018107,-0.102548892318020,0.014795039193935,0.038494018570584,0.009099499790375,-0.063421691692954,0.007120744810027,-0.005127439725989,0.028249751633397
1403637163.038319110870361,-2.903926995609049,-7.291132315580088,0.142299655692231,0.504872312675283,0.415911582232139,-0.665739702837667,0.359043384181752,-1.251081240048768,0.239232686803658,-0.110506031923225,-1.223369430538441,0.215771539548223,-0.124193670589826,-0.027711809510327,0.023461147255435,0.013687638666601,-0.061168704866123,0.010788618132566,-0.006209707217554,0.030875251810040
1403637163.088319063186646,-2.964612859131758,-7.277566325804492,0.135122925339370,0.511815335980815,0.406367264983511,-0.671976209161729,0.348365730411731,-1.236511455019546,0.304417895351509,-0.135843554367760,-1.213718427946276,0.271320054262896,-0.143534743942621,-0.022793027073269,0.033097841088614,0.007691189574861,-0.060685863522709,0.013565989775596,-0.007176730352861,0.034188476488946
1403637163.138319015502930,-3.024626813295244,-7.260842232556548,0.126741408970656,0.519792161046214,0.396125500970692,-0.678011865118031,0.336452979708597,-1.221699816134530,0.366940680538950,-0.154904391694032,-1.200280227946139,0.334482183945957,-0.167630487239175,-0.021419588188391,0.032458496592993,0.012726095545143,-0.060013954163486,0.016724093247944,-0.008381516368714,0.037249229101749
1403637163.188318967819214,-3.083737459857753,-7.241992518792514,0.117730559274868,0.526696416898050,0.384549634454709,-0.684923489427707,0.324949652558175,-1.192734157796164,0.420446771403098,-0.178001792584187,-1.182214058697370,0.376994634810763,-0.180217165784234,-0.010520099098794,0.043452136592335,0.002215373200047,-0.059110646562509,0.018849713764033,-0.009010849695788,0.038040895224388
1403637163.238318920135498,-3.140296569148384,-7.219741155401059,0.108130071568022,0.534409273119590,0.372358338596537,-0.691060469687281,0.313355108011683,-1.166729242095555,0.466206541828916,-0.187615573629640,-1.131183264593042,0.445027692240588,-0.192009937251855,-0.035545977502513,0.021178849588328,0.004394363622216,-0.056559109290631,0.022251363391455,-0.009600487706845,0.038998660649137
1403637163.288319110870361,-3.196793783071773,-7.195090589189094,0.097781204001116,0.540848089863224,0.359998999907936,-0.697270167360199,0.302817399543139,-1.124246097570756,0.524419163832662,-0.216981046632870,-1.129939968088865,0.493009443557518,-0.206976561785197,0.005693870518109,0.031409720275144,-0.010004484847673,-0.056497213923389,0.024650566211965,-0.010348867566906,0.037085043347991
1403637163.338319063186646,-3.254250166351428,-7.168372680413070,0.089187530501806,0.545725612392928,0.346814114231131,-0.703953444218491,0.293858936432712,-1.086028012737976,0.569657343749622,-0.229799916790138,-1.149128761487683,0.534358685124649,-0.171873633897685,0.063100748749707,0.035298658624973,-0.057926282892453,-0.057456383279655,0.026717908776025,-0.008593673499311,0.035919930820757
1403637163.388319015502930,-3.308493804800879,-7.138872755648903,0.078335320610135,0.548689957905579,0.333526462210431,-0.711100199364054,0.286419160607964,-1.051943543663228,0.618674348833462,-0.246968973093314,-1.084873803605306,0.589999057950288,-0.217044404823096,0.032930259942078,0.028675290883174,-0.029924568270219,-0.054243638449451,0.029499924764167,-0.010852209891671,0.034163284892286
1403637163.438318967819214,-3.360722559858989,-7.106782557923783,0.065404647259229,0.550065038075341,0.320372260270349,-0.718760429628518,0.279595267371731,-1.006334154319085,0.663355401585377,-0.266766102660940,-1.044576097347599,0.641804566574931,-0.258613713651361,0.038241943028514,0.021550835010446,-0.008152389009580,-0.052228755058110,0.032090197725120,-0.012930673350905,0.033476861394222
1403637163.488318920135498,-3.410654644665623,-7.072570823271387,0.051419574124996,0.549483715902348,0.308050771835403,-0.726574145370002,0.274339897225342,-0.972841700102473,0.707867889800907,-0.288864881046705,-0.998642648512530,0.684235345585591,-0.279701729429015,0.025800948410057,0.023632544215316,-0.009163151617690,-0.049932084806634,0.034211734652396,-0.013985073134233,0.031037713524127
1403637163.538319110870361,-3.459481979554607,-7.038085821411030,0.036787555783363,0.547174982461689,0.297939576454734,-0.734628273157854,0.268612821040123,-0.939491702139063,0.749963548780085,-0.279939535143499,-0.976542972563861,0.689697406220336,-0.292639250502515,0.037051270424797,0.060266142559749,0.012699715359016,-0.048827334888983,0.034485001860357,-0.014632018341633,0.028652288452387
1403637163.588319063186646,-3.506337358737503,-7.001303494240743,0.023463529402553,0.542180942154536,0.288975084322178,-0.743254062323525,0.264776557582024,-0.919252653153463,0.800487225918193,-0.238841653569089,-0.937108477354217,0.735647244973623,-0.266480781752084,0.017855824200754,0.064839980944570,0.027639128182995,-0.046855379182897,0.036782327170287,-0.013324026380810,0.027887406761067
1403637163.638319015502930,-3.556378243613137,-6.964602497784394,0.012612362182595,0.535730168226467,0.282636856379013,-0.752130992931701,0.259631592337688,-0.915473393345070,0.825660759477792,-0.193128122317379,-1.000818651967718,0.734020629143587,-0.217023551368944,0.085345258622648,0.091640130334205,0.023895429051566,-0.050040884875634,0.036700996456348,-0.010851167219958,0.027353909996603
1403637163.688318967819214,-3.602541115189874,-6.925280070652336,0.003955900830714,0.530452959035413,0.276712786418013,-0.758946765056436,0.257000972554043,-0.914417557000154,0.857323340984789,-0.148451614067075,-0.923258312022476,0.786449292657652,-0.173129392146667,0.008840755022322,0.070874048327137,0.024677778079592,-0.046162871576737,0.039322427132058,-0.008656461351881,0.021570311019301
1403637163.738318920135498,-3.647652065564005,-6.883732513846334,-0.002688467338694,0.523905967500164,0.271436970194594,-0.765923074058646,0.255355346632591,-0.941692992402586,0.877588980539358,-0.100695740331891,-0.902219867906548,0.830951928577565,-0.132887490119558,-0.039473124496038,0.046637051961793,0.032191749787667,-0.045110950374132,0.041547556806003,-0.006644368169409,0.022097560844473
1403637163.788319110870361,-3.694351198079426,-6.839966421522136,-0.005666720329634,0.520460502672377,0.267821262725869,-0.770150107875917,0.253498417605811,-0.957711780485457,0.912081862727712,-0.026313267425950,-0.933979087460943,0.875318507408840,-0.059564832596988,-0.023732693024514,0.036763355318873,0.033251565171038,-0.046699132515421,0.043766092324198,-0.002978252990940,0.013603050690091
1403637163.838319063186646,-3.740715447005892,-6.794982185556307,-0.006557750326899,0.516603778874449,0.263944053683609,-0.773880440254464,0.254092771186550,-0.970989193259141,0.949896002015768,0.026769600009608,-0.927285862858035,0.899685577323599,-0.017820616940366,-0.043703330401106,0.050210424692169,0.044590216949974,-0.046364248926466,0.044984235965829,-0.000891029997265,0.013292985649516
1403637163.888319015502930,-3.787945035328647,-6.748122175388547,-0.004571596701324,0.513834479749444,0.259420905115109,-0.776408034857965,0.256642718224908,-0.996266048045092,0.982039906945760,0.074933033780103,-0.944592667288860,0.937201097139826,0.039723110394404,-0.051673380756232,0.044838809805934,0.035209923385699,-0.047229588322755,0.046860010167761,0.001986153625575,0.012809214684376
1403637163.938318967819214,-3.836597409264050,-6.699108344616151,0.000038780903606,0.513573269462120,0.255741990733720,-0.776954190981200,0.259192430804396,-1.028655833002140,1.021456814174381,0.102172303121859,-0.973048406679347,0.980277550313446,0.092207640034664,-0.055607426322792,0.041179263860934,0.009964663087196,-0.048652373935404,0.049013830772396,0.004610377604930,0.009033714025804
1403637163.988318920135498,-3.887790241798982,-6.649402766008012,0.006541248876107,0.514311847373758,0.253043808595109,-0.776706591773508,0.261111135109660,-1.082965629745305,1.044087679303225,0.150514727516871,-1.023857627125354,0.994112520222351,0.130049483474877,-0.059108002619951,0.049975159080874,0.020465244041994,-0.051192832534932,0.049705578608139,0.006502467972501,0.006802478053027
1403637164.038319110870361,-3.938050433087436,-6.595687137799049,0.015148544450190,0.515330140762689,0.252554417051371,-0.776057712572167,0.261506289038341,-1.113908320765598,1.081419784769622,0.193367499777692,-1.005199991235425,1.074308466017684,0.172145254799610,-0.108708329530173,0.007111318751938,0.021222244978082,-0.050260191288454,0.053715628208963,0.008607295574082,0.002722951810289
1403637164.088319063186646,-3.993059601477074,-6.541582910559847,0.025442226323966,0.517901798634797,0.252429639717125,-0.774276887991602,0.261824950463406,-1.146023407473792,1.113356253813448,0.240270967255333,-1.100184417010371,1.082085576741268,0.205873833812121,-0.045838990463421,0.031270677072180,0.034397133443212,-0.055009168389637,0.054104227239202,0.010293681873777,0.006293451534827
1403637164.138319015502930,-4.049228346857427,-6.485336854917762,0.038510991116146,0.520468756125149,0.253536291233548,-0.772194497556734,0.261815356440721,-1.183904601888487,1.158676514909761,0.268911360192942,-1.123375978941879,1.124922185651104,0.261375545110730,-0.060528622946609,0.033754329258657,0.007535815082212,-0.056168745380353,0.056246055642085,0.013068764792179,0.006971485525200
1403637164.188318967819214,-4.107026377342820,-6.425738556933077,0.052573106185756,0.523269152599432,0.255345101001827,-0.769899290682471,0.261234292425149,-1.201396346856128,1.215143625031890,0.288127932371884,-1.155961712118853,1.191967096442092,0.281242569606026,-0.045434634737274,0.023176528589798,0.006885362765857,-0.057798030485393,0.059598297984684,0.014062115069611,0.008177932861695
1403637164.238318920135498,-4.166149122749959,-6.363898585684003,0.067511069923908,0.524927153832866,0.258506369979232,-0.768378329987234,0.259269515861615,-1.219604727697789,1.246427692975902,0.314074992472262,-1.182456035820732,1.236800604486452,0.298759559682348,-0.037148691877057,0.009627088489450,0.015315432789914,-0.059122745407139,0.061839971249074,0.014937963738151,0.008698571799326
1403637164.288319110870361,-4.227261977568658,-6.300801647961813,0.084221466819237,0.528558279918924,0.263755460703023,-0.765507272148718,0.255064340835628,-1.244326561880539,1.286083572909604,0.335912021316819,-1.222252433850980,1.261933940547855,0.334206663009336,-0.022074128029558,0.024149632361748,0.001705358307483,-0.061112854818700,0.063096937722190,0.016710396895329,0.016329711637398
1403637164.338319063186646,-4.288972492609927,-6.236189263520743,0.100440985116425,0.529451428590348,0.269255295571347,-0.764400818796369,0.250747200969157,-1.245599925582190,1.312484720569419,0.318453940164492,-1.234211477861165,1.292248921206015,0.324390675306835,-0.011388447721024,0.020235799363404,-0.005936735142343,-0.061710515041269,0.064612384441070,0.016219518297189,0.014269975437138
1403637164.388319015502930,-4.350668864998453,-6.170000963360555,0.115627735097615,0.529106303325861,0.273073053285453,-0.763917031048733,0.248813980764529,-1.250198423907732,1.339823498266480,0.278169426381097,-1.233928624536553,1.323767265646597,0.303735289288332,-0.016269799371179,0.016056232619883,-0.025565862907235,-0.061696372388526,0.066188300160188,0.015186749981189,0.008640788248769
1403637164.438318967819214,-4.413163316649867,-6.102996038210377,0.128534232913929,0.527061952739264,0.276805781022709,-0.764563543958596,0.247036120469364,-1.252966129248879,1.352657284005639,0.230198434048351,-1.249890225016488,1.340099781022295,0.258130202498436,-0.003075904232391,0.012557502983344,-0.027931768450085,-0.062494451651414,0.067004925150178,0.012906497816315,0.009314812088824
1403637164.488318920135498,-4.475280599702605,-6.034328293870572,0.139452951551213,0.523651161053064,0.277743943935552,-0.765846354326514,0.249253133781083,-1.257920119786041,1.373247388881576,0.190021225511788,-1.242346845849046,1.373356196530640,0.218374581003905,-0.015573273936995,-0.000108807649063,-0.028353355492117,-0.062117283052738,0.068667744339805,0.010918718637284,0.008734856692898
1403637164.538319110870361,-4.537909679505692,-5.964825360296282,0.148105471713676,0.520379508674625,0.276547183167996,-0.766812310926629,0.254412464798338,-1.262753323196323,1.389259029249279,0.145359216862354,-1.252576817860362,1.390053368853011,0.173049743116868,-0.010176505335961,-0.000794339603732,-0.027690526254514,-0.062629079803086,0.069502933574290,0.008652520162463,0.012599658023803
1403637164.588319063186646,-4.601581181827766,-5.894914339859744,0.154020262188591,0.517110222717302,0.276526486113692,-0.767752890969881,0.258235587102680,-1.283560403253900,1.402621237511431,0.100887249282383,-1.273431260880167,1.398221742178926,0.118295922314097,-0.010129142373734,0.004399495332505,-0.017408673031714,-0.063671502322074,0.069911020436538,0.005914790474916,0.010235169010619
1403637164.638319015502930,-4.665096162623051,-5.823697289877420,0.158983638002846,0.514302290590044,0.276519874735779,-0.768532367828626,0.261510826486531,-1.312534219789870,1.422893062002593,0.072463021604298,-1.270300827358983,1.424342358005203,0.099267610954057,-0.042233392430886,-0.001449296002610,-0.026804589349760,-0.063514980795286,0.071217049982324,0.004963375814254,0.008767972289732
1403637164.688318967819214,-4.730658740781432,-5.750928284997473,0.162036307337826,0.513515822188330,0.279391030057029,-0.768216348690897,0.260932547394802,-1.334967822268465,1.447680694704147,0.050214736111035,-1.311252813675743,1.455381485558887,0.061053444924709,-0.023715008592722,-0.007700790854740,-0.010838708813674,-0.065562578158381,0.072769004879947,0.003052669334980,0.006097982430610
1403637164.738318920135498,-4.800542716584114,-5.677988646892653,0.164309511690730,0.516244946049047,0.283703355293513,-0.765966233418628,0.257486487289137,-1.368110589101769,1.470681175053451,0.035503429910385,-1.397680848985971,1.458794153310907,0.045464130416055,0.029570259884202,0.011887021742544,-0.009960700505670,-0.069883975802682,0.072939638104820,0.002273204352904,0.013112249073699
1403637164.788319110870361,-4.869883992588624,-5.604480844396690,0.166184750689662,0.521920535030615,0.287606203356544,-0.762452378029988,0.252087282782387,-1.386299364424197,1.481499700894341,0.008169346927816,-1.386820229790870,1.470150441740394,0.037504636909798,0.000520865366674,0.011349259153946,-0.029335289981982,-0.069341276004510,0.073507802495963,0.001875238998932,0.018862002177556
1403637164.838319063186646,-4.939407556369788,-5.529971270616948,0.167309642330601,0.527436052353742,0.289192143329190,-0.759515095489886,0.247620545668487,-1.390653768342493,1.504586508484230,-0.021028908244131,-1.390472601681274,1.490192896753530,0.022497854274418,-0.000181166661219,0.014393611730701,-0.043526762518549,-0.069523563781163,0.074509573779742,0.001124891640940,0.015686404489556
1403637164.888319015502930,-5.009431316164399,-5.455028603219628,0.166939380215190,0.532614541833190,0.289598397906890,-0.757670556755862,0.241639908092280,-1.389323074463562,1.529773282854590,-0.063771639243869,-1.400476531490722,1.498854777365699,-0.007405249370430,0.011153457027160,0.030918505488891,-0.056366389873438,-0.070023759794611,0.074942667397320,-0.000370262115412,0.016266838624514
1403637164.938318967819214,-5.078882050843373,-5.378448255976871,0.164939882943343,0.536435487820424,0.287857018084707,-0.757224875405749,0.236613170835844,-1.379838255316384,1.535391955771287,-0.082481362325504,-1.389016018248388,1.531608405510741,-0.039989983574363,0.009177762932004,0.003783550260547,-0.042491378751142,-0.069450734678974,0.076580347242757,-0.001999497271847,0.013129951412919
1403637164.988318920135498,-5.147055834873306,-5.301269904624521,0.161379561062861,0.539188356763753,0.284442648578108,-0.757993157151741,0.231979889885764,-1.381425562793738,1.535834049679812,-0.105801086538210,-1.363476980911642,1.543568499108648,-0.071206505517439,-0.017948581882095,-0.007734449428836,-0.034594581020771,-0.068173784029933,0.077178351352351,-0.003560321880481,0.012852065647079
1403637165.038319110870361,-5.216676432322644,-5.224897119422264,0.156820607658126,0.542271062099965,0.279847381798353,-0.759051419694461,0.226866657685535,-1.388227246377213,1.527189097455915,-0.119632999180883,-1.392406637376959,1.527449877286254,-0.091178720275500,0.004179390999746,-0.000260779830339,-0.028454278905383,-0.069620597449338,0.076372785202256,-0.004558953404736,0.015216424196425
1403637165.088319063186646,-5.285546767905577,-5.148303311293067,0.151388335755715,0.546116721594668,0.273267846353793,-0.759989633553852,0.222479139324418,-1.372491322517989,1.539256542180189,-0.127499441763229,-1.377408025257308,1.531877623496290,-0.108645541660683,0.004916702739319,0.007378918683898,-0.018853900102546,-0.068870335582933,0.076593808129197,-0.005432271902411,0.017687335126486
1403637165.138319015502930,-5.354731312581373,-5.071851064950242,0.145413346635783,0.552132070204572,0.264884132400818,-0.759867460751984,0.218146775232208,-1.375756403137340,1.538645634324992,-0.113028022898708,-1.383692213107662,1.529046385068766,-0.119499896362617,0.007935809970322,0.009599249256226,0.006471873463909,-0.069184544675797,0.076452246342825,-0.005974989119932,0.022383627123069
1403637165.188318967819214,-5.421688646226586,-4.995126307963470,0.138558331376147,0.556667722239893,0.257179654071458,-0.761307916421972,0.210689176136720,-1.338926455863567,1.546563697344248,-0.146392400391758,-1.339147950015251,1.534496603145447,-0.137100435941883,0.000221494151684,0.012067094198802,-0.009291964449875,-0.066957333645212,0.076724756986772,-0.006855015259636,0.023462600099875
1403637165.238318920135498,-5.488245028913973,-4.919535994668696,0.130766619841873,0.559943800252098,0.248435785581249,-0.763729220136472,0.203617973940423,-1.309091795587636,1.565053338662405,-0.132247062500346,-1.331128923211205,1.511807707667665,-0.155834379300720,0.022037127623569,0.053245630994739,0.023587316800374,-0.066556382687387,0.075590313294774,-0.007791711534274,0.023921056904942
1403637165.288319110870361,-5.552637134799404,-4.841770015074750,0.124985842301168,0.561161624979602,0.240253962262711,-0.767821346393631,0.194489188104615,-1.262555553263959,1.573826792944033,-0.092709568561073,-1.287837204999571,1.555313658828155,-0.115615109777456,0.025281651735611,0.018513134115878,0.022905541216384,-0.064392105885432,0.077765979593946,-0.005780777540705,0.025962120425945
1403637165.338319063186646,-5.618158876404972,-4.764415698489571,0.122055122383836,0.559276670456288,0.232189114811929,-0.773791088607720,0.185863315469895,-1.222936767150900,1.577446341239349,-0.056778890859306,-1.310436081840586,1.547087807121489,-0.058614454245751,0.087499314689686,0.030358534117860,0.001835563386445,-0.065521741605568,0.077354316585179,-0.002930719917333,0.026731328297690
1403637165.388319015502930,-5.678099765508650,-4.686454404183978,0.121435165375813,0.556546805640793,0.225446056504058,-0.779772897113035,0.177155179618728,-1.204362440351856,1.566571047653228,-0.005613866601411,-1.198818925356377,1.559227373106949,-0.012399151985205,-0.005543514995479,0.007343674546279,0.006785285383794,-0.059940889103678,0.077961294305593,-0.000619957008023,0.025654388807474
1403637165.438318967819214,-5.737564932067161,-4.609173915485369,0.122074070830734,0.552825563856466,0.218891407880203,-0.785777556106018,0.170364549783858,-1.197129765339788,1.547672704775619,0.040016463253351,-1.189304465379349,1.545611247981924,0.012778121284574,-0.007825299960439,0.002061456793694,0.027238341968777,-0.059465166558511,0.077280488698609,0.000638905454920,0.023578061991364
1403637165.488318920135498,-5.796823173857474,-4.532894123401353,0.126455226306438,0.550825894409871,0.213153019565171,-0.789851632746143,0.165199947173319,-1.178575852373254,1.526069301383207,0.106464495850110,-1.185165966068601,1.525597296603291,0.087623193078072,0.006590113695347,0.000472004779916,0.018841302772038,-0.059258241790313,0.076279792084017,0.004381155475704,0.017910838611247
1403637165.538319110870361,-5.856016049139833,-4.456363891642504,0.132139904968260,0.550543845042988,0.209425024678085,-0.792408737694429,0.158527682596404,-1.172927390173157,1.513171358110700,0.139274080019556,-1.183852989606416,1.530598796405928,0.113693139531544,0.010925599433260,-0.017427438295228,0.025580940488012,-0.059192875282359,0.076530231758849,0.005684678661823,0.016128949190105
1403637165.588319063186646,-5.914973350553749,-4.380673940976075,0.139445144574103,0.549603100225160,0.205810257264543,-0.795065459596336,0.153132247369594,-1.157223888510779,1.502548713837583,0.178194739354955,-1.179147152800665,1.513800457001210,0.146104931453375,0.021923264289886,-0.011251743163627,0.032089807901580,-0.058957301413916,0.075689950666430,0.007305239605843,0.014159187286907
1403637165.638319015502930,-5.973129708880761,-4.306172299100689,0.147589791874066,0.551002534260254,0.205721625750025,-0.795816297675305,0.144052907960635,-1.154549660686385,1.475601049844456,0.178347669530339,-1.163128275785820,1.490034258515112,0.162893101346232,0.008578615099435,-0.014433208670656,0.015454568184108,-0.058156358327013,0.074501641875385,0.008144647299963,0.018435296002443
1403637165.688318967819214,-6.033295423600328,-4.233371373413867,0.155029857820592,0.552760864678108,0.206445963438086,-0.795869654082878,0.135746028930615,-1.144562770103490,1.443009591132375,0.169147178300866,-1.203315441962365,1.456019902305231,0.148801460838639,0.058752671858874,-0.013010311172856,0.020345717462226,-0.060165714719567,0.072800925686822,0.007440065946525,0.017043933417922
1403637165.738318920135498,-6.090636038528431,-4.162592473090644,0.161674516555246,0.554484272051655,0.208003247337238,-0.795587348248198,0.127759979852499,-1.136086441803121,1.407249868854279,0.144052724810560,-1.146813392248539,1.415579356466133,0.132893301430007,0.010726950445418,-0.008329487611853,0.011159423380554,-0.057340614928103,0.070778900323223,0.006644658734654,0.016643598437396
1403637165.788319110870361,-6.148003887016487,-4.094239884350228,0.166884909917329,0.556122735274945,0.210469031560995,-0.795026004398968,0.119849665804719,-1.130282918161258,1.358366960106355,0.115499023116690,-1.147352592958321,1.367046559939554,0.104207469721713,0.017069674797062,-0.008679599833198,0.011291553394977,-0.057367848488056,0.068352588740416,0.005210393362083,0.016929649337355
1403637165.838319063186646,-6.203515441515155,-4.027288999496509,0.170031968206422,0.558132756017304,0.213178927398849,-0.793965620370036,0.112521843408421,-1.095907542780924,1.320380746205313,0.080932716397487,-1.110232148773254,1.339018974062376,0.062941225807299,0.014324605992330,-0.018638227857064,0.017991490590188,-0.055511554498668,0.066950884853719,0.003147058289093,0.016273349926806
1403637165.888319015502930,-6.258458882130955,-3.961493214598481,0.170880523056715,0.559091122568887,0.216703150872641,-0.793046908126891,0.107393959685401,-1.067334784790471,1.257942619516714,0.044127911042062,-1.098869860279954,1.315916952916760,0.016971113190764,0.031535075489483,-0.057974333400045,0.027156797851298,-0.054943440615800,0.065795784898028,0.000848554850292,0.012724461126685
1403637165.938318967819214,-6.311349346579281,-3.897559578723464,0.170409266729750,0.560166435854639,0.221974836577049,-0.791323644818480,0.103670753926547,-1.041750732825558,1.206056078494921,0.009260396492464,-1.057810297773026,1.278673936938826,-0.009425135527796,0.016059564947469,-0.072617858443905,0.018685532020259,-0.052890464448326,0.063933635875017,-0.000471256326964,0.013532042125878
1403637165.988318920135498,-6.362616912605679,-3.837147761071707,0.168947652508652,0.560489612296030,0.228548267557678,-0.789585903123507,0.100852295428837,-1.016613537865942,1.139537231213571,-0.023325495623074,-1.025352298380120,1.208237505300221,-0.029232312300062,0.008738760514178,-0.068700274086649,0.005906816676988,-0.051267566026398,0.060411817651757,-0.001461614221098,0.014734739614955
1403637166.038319110870361,-6.411531587594308,-3.775340912452081,0.166764681989433,0.560590552461740,0.235255743074644,-0.787607736773641,0.100334544476678,-1.005407334616796,1.076950331599975,-0.089452221303774,-0.978289767893284,1.236132256922187,-0.043659243837583,-0.027117566723512,-0.159181925322212,-0.045792977466191,-0.048914674988629,0.061806848619626,-0.002182970519219,0.014025951155546
1403637166.088319063186646,-6.459991679413146,-3.720682485336884,0.160528276330129,0.560533265042507,0.241828686180947,-0.785824927577040,0.098997618755830,-0.974309083570421,1.024270712574636,-0.178933232365609,-0.969202760680528,1.093169584831694,-0.124728232136194,-0.005106322889893,-0.068898872257058,-0.054205000229415,-0.048460091818837,0.054658427115197,-0.006236405659304,0.013881330674845
1403637166.138319015502930,-6.506640724942276,-3.669569803367077,0.149858765905656,0.560673587309651,0.246868130875314,-0.784093342664268,0.099493137657989,-0.940725276965642,0.966944978032539,-0.255836067452438,-0.932981800343384,1.022254614294104,-0.213390411994420,-0.007743476622257,-0.055309636261565,-0.042445655458018,-0.046649045529130,0.051112681969807,-0.010669510424473,0.010706948567451
1403637166.188318967819214,-6.550316737314706,-3.620824566176083,0.136346260099007,0.560500130415102,0.251425984176774,-0.782683587213671,0.100154783169519,-0.914350872699303,0.903649075960855,-0.322789971579815,-0.873521080503215,0.974905673562386,-0.270250373863820,-0.040829792196088,-0.071256597601531,-0.052539597715995,-0.043676012372430,0.048745237190994,-0.013512505806649,0.009639365994111
1403637166.238318920135498,-6.593364201698884,-3.574241221341634,0.120073566901793,0.562204780307133,0.253849697088844,-0.780197811590924,0.103814695859709,-0.871812782582678,0.841625137517409,-0.368877466189582,-0.860950108749581,0.931667785196619,-0.325454174321562,-0.010862673833097,-0.090042647679210,-0.043423291868020,-0.043047464384179,0.046583344834449,-0.016272693197214,0.010649755655056
1403637166.288319110870361,-6.633901494857142,-3.531255402545147,0.102481655752909,0.565339557004195,0.254234773364578,-0.776958992329689,0.109957216846360,-0.819609357032878,0.772106949238176,-0.359754235959112,-0.810742770426916,0.859713096384540,-0.351836880826504,-0.008866586605963,-0.087606147146364,-0.007917355132608,-0.040537293158257,0.042985818796487,-0.017591911148885,0.015257248138029
1403637166.338319063186646,-6.670855426120187,-3.493853364959401,0.086018882353938,0.573782884715033,0.254599110362011,-0.769506989451119,0.117522284681855,-0.770038528744921,0.708531592040738,-0.288877937196012,-0.739079330101873,0.748041465102849,-0.329255781982194,-0.030959198643048,-0.039509873062111,0.040377844786182,-0.036953931263045,0.037402037585746,-0.016462773398971,0.027143172225857
1403637166.388319015502930,-6.705035935852679,-3.461086945658391,0.070844875838326,0.585281364700151,0.253807529585774,-0.759306623473504,0.128378010615376,-0.713640442760982,0.643738927454946,-0.250674571621005,-0.683610846591944,0.655329010990655,-0.303480419733727,-0.030029596169038,-0.011590083535709,0.052805848112722,-0.034180509732492,0.032766419301010,-0.015174006515612,0.037669424241592
1403637166.438318967819214,-6.738215429077417,-3.430380173098842,0.057307348684383,0.594480317594412,0.253602528450386,-0.750289605436477,0.139084210212353,-0.623169703646354,0.630868264243532,-0.257119689229697,-0.663590497343992,0.614136036876748,-0.270750801286938,0.040420793697638,0.016732227366784,0.013631112057241,-0.033179493224739,0.030706772559549,-0.013537527153943,0.033502157849621
1403637166.488318920135498,-6.764922546435419,-3.401871214077160,0.043832106702720,0.599373193628355,0.255480918406394,-0.744554406182795,0.145327255956191,-0.531185604044753,0.614133011136182,-0.236636964634498,-0.534142856558355,0.570179724199400,-0.269505096653353,0.002957252513602,0.043953286936782,0.032868132018854,-0.026707117358002,0.028508959021682,-0.013475241981663,0.019933643688558
1403637166.538319110870361,-6.787646411321912,-3.374102932427199,0.032319083692340,0.600269368350730,0.257444692812005,-0.742177733739169,0.150236903271266,-0.444331428761485,0.602970230881755,-0.201362384407068,-0.454475564043171,0.555363514455534,-0.230259581837003,0.010144135281687,0.047606716426221,0.028897197429935,-0.022723864886493,0.027768281649961,-0.011513023010380,0.011732492727253
1403637166.588319063186646,-6.806726925267450,-3.344634303177228,0.022889303222031,0.596355819414615,0.261159833955730,-0.743819919240947,0.151285179442434,-0.352028758435545,0.606880074327476,-0.221970051184363,-0.381610642843036,0.589373147069459,-0.188595789265150,0.029581884407490,0.017506927258017,-0.033374261919213,-0.019080513945538,0.029468629249971,-0.009429780470309,0.011474124877020
1403637166.638319015502930,-6.820510672164360,-3.310395477351992,0.018117381830129,0.588343789498623,0.265627124270802,-0.748826300087602,0.150176524487477,-0.271484546173118,0.592415376446111,-0.206329379562695,-0.275675200842554,0.684777169559118,-0.095438518855303,0.004190654669436,-0.092361793113007,-0.110890860707392,-0.013783746896910,0.034238825825236,-0.004771921391902,0.021018400281406
1403637166.688318967819214,-6.830052378556392,-3.278836194872695,0.013312391789006,0.576566832205616,0.270758370836105,-0.756762555446647,0.146870784352845,-0.207850334159194,0.577335980065817,-0.199471199933079,-0.190834309834411,0.631186251532065,-0.096099892470452,-0.017016024324783,-0.053850271466248,-0.103371307462627,-0.009541706392032,0.031559282479297,-0.004804990041123,0.030915577894733
1403637166.738318920135498,-6.837344156382728,-3.247390890010737,0.009561427665681,0.568483563495557,0.277615709153604,-0.761513110173379,0.140903296982723,-0.165345593511097,0.538418440748820,-0.193847918084869,-0.145835695606481,0.628906697011317,-0.075019354010533,-0.019509897904617,-0.090488256262497,-0.118828564074336,-0.007291777826336,0.031445304861958,-0.003750964123325,0.026118454878127
1403637166.788319110870361,-6.842440517213283,-3.218151360135497,0.005792892245078,0.562671175755918,0.284108509284565,-0.764438569201732,0.135340965130162,-0.126093529249727,0.490016550133563,-0.207240182162225,-0.101926827791104,0.584788366714211,-0.075370420896714,-0.024166701458623,-0.094771816580648,-0.131869761265511,-0.005096360830555,0.029239529875240,-0.003768535420603,0.021488532891314
1403637166.838319063186646,-6.846747030434782,-3.189609388545666,0.005605208871689,0.560350219564652,0.290814851595374,-0.764719310097536,0.128991202371926,-0.092252009090328,0.436914547831603,-0.203705404489349,-0.086130346570275,0.570839976192052,-0.003753671047575,-0.006121662520053,-0.133925428360449,-0.199951733441774,-0.004306513221499,0.028541971589831,-0.000187683373390,0.019053698205528
1403637166.888319015502930,-6.848618907056936,-3.167463698508605,0.000649697462812,0.561919297231818,0.297679716947329,-0.762008707739860,0.122377362470709,-0.051386234594184,0.370166238424940,-0.215829566679401,-0.037437568146344,0.442914223137128,-0.099110322696499,-0.013948666447841,-0.072747984712188,-0.116719243982902,-0.001871876622155,0.022145690037060,-0.004955511408877,0.020067831880888
1403637166.938318967819214,-6.849115646907904,-3.149268739397956,-0.005779843789118,0.565096896379810,0.304207861364623,-0.758018429671553,0.116323407206556,-0.002016447551992,0.299825029720197,-0.208677453472062,-0.009934806493914,0.363899529254614,-0.128590947672483,0.007918358941922,-0.064074499534417,-0.080086505799579,-0.000496739850967,0.018194959110649,-0.006429541251930,0.020521931981639
1403637166.988318920135498,-6.847114864972434,-3.135405636248037,-0.011751226774042,0.571246539567011,0.309383873732351,-0.752031265945684,0.111391134060175,0.062391065682324,0.216376414461196,-0.187182345229121,0.040015676871322,0.277262327416350,-0.119427773593678,0.022375388811002,-0.060885912955153,-0.067754571635443,0.002000781935470,0.013863103149919,-0.005971382984924,0.022341348286293
1403637167.038319110870361,-6.840166424575139,-3.126091596150831,-0.016703981051975,0.576970298997160,0.314703376278180,-0.746140992306474,0.106492622440016,0.166303838693013,0.140467001402104,-0.138995442957770,0.138968277823973,0.186280091341961,-0.099054707694939,0.027335560869039,-0.045813089939858,-0.039940735262831,0.006948440397294,0.009314040097206,-0.004952754277933,0.021886111029263
1403637167.088319063186646,-6.829259818334057,-3.121507631964123,-0.019760976425078,0.582759146557795,0.319571437602493,-0.740056811725605,0.102867821938832,0.277161025371666,0.086754331591916,-0.103011023404887,0.218132332848854,0.091679371166422,-0.061139965769678,0.059028692522812,-0.004925039574506,-0.041871057635209,0.010906606241083,0.004583964186708,-0.003056995373103,0.020723529600174
1403637167.138319015502930,-6.813774010850826,-3.121887833341417,-0.020802930442405,0.588576276960146,0.323385606200464,-0.734243110673624,0.099432239894373,0.393458030587253,-0.004783783488851,-0.046790186310952,0.309716445033246,-0.007604034797657,-0.020839100220257,0.083741585554007,0.002820251308806,-0.025951086090695,0.015485807483231,-0.000380201377294,-0.001041954017327,0.019389684710289
1403637167.188318967819214,-6.793699997689131,-3.127287402498154,-0.020000317651734,0.594083069157709,0.326106142445762,-0.728878364211480,0.097244130844479,0.488187932541126,-0.114106968984658,0.025988491151822,0.401480646115681,-0.107991486123447,0.016052271122068,0.086707286425445,-0.006115482861211,0.009936220029754,0.020074013161695,-0.005399569156737,0.000802612790671,0.016887252845205
1403637167.238318920135498,-6.769161679099232,-3.139163300348510,-0.016957053096477,0.597873967482756,0.327992159791813,-0.725182974107689,0.095276000051726,0.610710324318507,-0.193413533830516,0.059074008114512,0.490766839829694,-0.237518183522114,0.060865349150845,0.119943484488813,0.044104649691598,-0.001791341036333,0.024538318589898,-0.011875897850356,0.003043264555256,0.011909243997248
1403637167.288319110870361,-6.738464686278536,-3.154432178320949,-0.013008842778041,0.599329575489848,0.328523256425586,-0.723861881628716,0.094342494431835,0.718143352681287,-0.298766723762919,0.094942439046000,0.613937514428174,-0.305376394530283,0.078963905145329,0.104205838253113,0.006609670767365,0.015978533900671,0.030696992820697,-0.015268877972439,0.003948210318436,0.004479990394210
1403637167.338319063186646,-6.703728666266239,-3.174479767974023,-0.008816824032533,0.598156735757100,0.327593335087328,-0.725255924886800,0.094313146969890,0.815065850575188,-0.382143660399505,0.093507150149642,0.694721062783562,-0.400952175439269,0.083840454866652,0.120344787791626,0.018808515039764,0.009666695282990,0.034736020012296,-0.020047589653074,0.004192018745508,0.004091222835401
1403637167.388319015502930,-6.664444812395783,-3.198132381490142,-0.006276131380544,0.594123683042579,0.325105323311198,-0.729455154857527,0.096014348169553,0.913957170215509,-0.461844439012571,0.057113714361959,0.785677826689890,-0.473052721460602,0.050813901499690,0.128279343525619,0.011208282448031,0.006299812862269,0.039283853870456,-0.023652613516119,0.002540692651989,0.013112358846479
1403637167.438318967819214,-6.621424240361643,-3.225268980662093,-0.005619886595666,0.586217975302394,0.319820567774180,-0.737198901504639,0.102961495139277,0.996514764122045,-0.547118044241693,0.021119701316266,0.860412261235882,-0.542732501029062,0.013124908214455,0.136102502886164,-0.004385543212631,0.007994793101811,0.043020572034140,-0.027136599171951,0.000656244784878,0.028189402826400
1403637167.488318920135498,-6.574117889551487,-3.256849651808547,-0.006437528103768,0.578067971718067,0.311391469353854,-0.745373080009790,0.115289828190205,1.058250191456847,-0.617366221277669,0.000377712780488,0.946127918501014,-0.631614025283152,-0.016352845757322,0.112122272955834,0.014247804005483,0.016730558537810,0.047306350810156,-0.031580671146454,-0.000817641508102,0.037751176243641
1403637167.538319110870361,-6.523977769991247,-3.291806786169764,-0.008901514512989,0.568694250946102,0.301786774590812,-0.754216241859311,0.129110232509061,1.105777530896482,-0.682511421214984,-0.023351030403744,1.002798565831849,-0.699140020216829,-0.049279540197903,0.102978965064633,0.016628599001845,0.025928509794159,0.050140119560240,-0.034957134361218,-0.002463986409222,0.042395222128119
1403637167.588319063186646,-6.473092345773323,-3.328391614309448,-0.011453027656922,0.560853891700559,0.292056903311198,-0.761309658247866,0.143364157484111,1.134848028581648,-0.729386321848121,-0.029413358405497,1.017709454921848,-0.731697260594563,-0.051030311544952,0.117138573659799,0.002310938746442,0.021616953139455,0.050885424217924,-0.036584828139684,-0.002551513143933,0.040479453823996
1403637167.638319015502930,-6.419174517199927,-3.366385222448084,-0.014423217293797,0.554576969198896,0.283134639452031,-0.766575403132178,0.156975515572573,1.152412247478134,-0.761386897053693,-0.051383890373531,1.078357599869865,-0.759872887443969,-0.059403849389438,0.074054647608270,-0.001514009609724,0.008019959015908,0.053917828573396,-0.037993608138636,-0.002970189636876,0.036442440785829
1403637167.688318967819214,-6.363218435960325,-3.404779855517380,-0.018040309859772,0.549650057915562,0.277844577704047,-0.769893450978116,0.167186358937827,1.165076838079427,-0.782426260150510,-0.081318300957491,1.119122692070605,-0.767893393706135,-0.072341920310132,0.045954146008822,-0.014532866444376,-0.008976380647359,0.055956081239602,-0.038394633069296,-0.003617092565975,0.025886854636169
1403637167.738318920135498,-6.307571508793619,-3.443515060038814,-0.024321487988084,0.544912225540199,0.276580682371367,-0.772237965532169,0.173845670600542,1.170144374186262,-0.799988543746107,-0.116619825663427,1.112939604716044,-0.774704829244769,-0.125623682370318,0.057204769470218,-0.025283714501338,0.009003856706891,0.055646927166706,-0.038735204521434,-0.006281178128312,0.017191640095988
1403637167.788319110870361,-6.250160041627881,-3.483155021609512,-0.031600559658594,0.539679792710447,0.278155927558493,-0.774228577112435,0.178731954855692,1.170744012194945,-0.817563025424964,-0.138076409519268,1.148224963184137,-0.792796207136444,-0.145580878063224,0.022519049010808,-0.024766818288520,0.007504468543956,0.057411467165738,-0.039639961570698,-0.007279071670510,0.015191884205309
1403637167.838319063186646,-6.191697848633578,-3.522947175274415,-0.042822242795227,0.534199702399240,0.282183792333595,-0.775628359557797,0.182766608412134,1.160436555734683,-0.825530134030115,-0.161633389111307,1.169244974964958,-0.795843832273880,-0.224433876769473,-0.008808419230275,-0.029686301756236,0.062800487658166,0.058462192994303,-0.039792153664903,-0.011221683136632,0.016061538070117
1403637167.888319015502930,-6.134446339047985,-3.563681581768427,-0.052250762195349,0.528624915361514,0.287824589134314,-0.776879515465953,0.184853788703617,1.150512935001946,-0.833055144678450,-0.137332352016833,1.145031283698791,-0.814688906828123,-0.188570567837349,0.005481651303155,-0.018366237850327,0.051238215820516,0.057251509585593,-0.040734406494012,-0.009428519400122,0.016591437117749
1403637167.938318967819214,-6.077153109094922,-3.605040236347464,-0.060703719419184,0.524823948815835,0.293959396407263,-0.777061889086129,0.185263370753983,1.128538303719073,-0.845460629171058,-0.097322135753412,1.145865691843946,-0.827173880435225,-0.169059305704218,-0.017327388124874,-0.018286748735834,0.071737169950806,0.057293229953063,-0.041358654579037,-0.008452957223835,0.014461597747950
1403637167.988318920135498,-6.019877168830670,-3.645174702259522,-0.067485530384199,0.524038900879865,0.301441729796648,-0.775229511962513,0.183126507322645,1.100277864835956,-0.871905682067290,-0.059863724448716,1.145519897737945,-0.802690083746093,-0.135636348653194,-0.045242032901989,-0.069215598321197,0.075772624204478,0.057275940264252,-0.040134465912059,-0.006781810965015,0.016065584511340
1403637168.038319110870361,-5.963546789906784,-3.686891742111091,-0.072290646794340,0.524477371384919,0.308222434474327,-0.772655367447805,0.181455506794318,1.093716172672238,-0.894860333451484,-0.028580999780864,1.126603280827266,-0.834337614285954,-0.096101961602932,-0.032887108155028,-0.060522719165530,0.067520961822068,0.056330378923886,-0.041717039851568,-0.004805116410141,0.014911597173778
1403637168.088319063186646,-5.907757662922868,-3.729606535522062,-0.076340176373890,0.523946722774810,0.312270674155255,-0.771042538696420,0.182921462045160,1.080612551817650,-0.923120802238150,-0.038010514625687,1.115783603772480,-0.854296682940231,-0.080990668829732,-0.035171051954829,-0.068824119297919,0.042980154204046,0.055789126983916,-0.042714793410971,-0.004049529579551,0.009256373388212
1403637168.138319015502930,-5.852560711065028,-3.773865137116290,-0.081917774112038,0.521025894691880,0.313021433958637,-0.771630909777703,0.187444226421193,1.069490376578097,-0.937067282536659,-0.107313351049769,1.103940089956113,-0.885172876051195,-0.111552061147298,-0.034449713378016,-0.051894406485464,0.004238710097529,0.055196951857840,-0.044258601594228,-0.005577597738148,0.010935543806486
1403637168.188318967819214,-5.798669519244402,-3.818875854932270,-0.090701741199148,0.519575226232558,0.313449025714131,-0.771469026077801,0.191381384587994,1.040416855465806,-0.962174122414762,-0.165001069995888,1.077824864306397,-0.900215214831720,-0.175679509283222,-0.037408008840591,-0.061958907583041,0.010678439287334,0.053891191820625,-0.045010717815980,-0.008783967087109,0.008441497710177
1403637168.238318920135498,-5.744895298178712,-3.864652446243592,-0.103307819368995,0.521361753450779,0.313851148751555,-0.769268578187907,0.194692663135552,1.033567175011076,-0.971194942449668,-0.237754036911154,1.075485446976648,-0.915532699346465,-0.252121803839035,-0.041918271965572,-0.055662243103204,0.014367766927881,0.053774221065690,-0.045776591311322,-0.012606078169847,0.008754415929399
1403637168.288319110870361,-5.692290998445232,-3.910921026283076,-0.119008441033213,0.524088548679140,0.314752225168577,-0.766583955373070,0.196497504461003,1.014672630282213,-0.984133508262619,-0.335895782170970,1.052081981295350,-0.925368070790639,-0.314011235426555,-0.037409351013137,-0.058765437471980,-0.021884546744415,0.052604299733480,-0.046268580039484,-0.015700621664218,0.008651481254242
1403637168.338319063186646,-5.639803366177301,-3.957612099924826,-0.139127294382306,0.528899680474635,0.315274140073257,-0.762667551689055,0.198003914596456,1.004586980227940,-0.983775128234142,-0.405446357504679,1.049753646481704,-0.933822363397397,-0.402377450718905,-0.045166666253764,-0.049952764836745,-0.003068906785774,0.052487632267931,-0.046691073641750,-0.020118853349093,0.012810466642791
1403637168.388319015502930,-5.587335872490971,-4.004412602851088,-0.161688763392082,0.535575509533261,0.315555718619922,-0.757435409290596,0.199687412691036,1.015964560211120,-0.989092716175183,-0.447913210624539,1.049350874465597,-0.936010951174856,-0.451229810521791,-0.033386314254477,-0.053081765000327,0.003316599897253,0.052467493686331,-0.046800502926263,-0.022561469009776,0.017303863956900
1403637168.438318967819214,-5.534585275997927,-4.051513496633659,-0.186211770582156,0.541933134543129,0.315704457303364,-0.752458080421816,0.201111935326981,1.026562821223320,-0.987167560951275,-0.483609726503888,1.055012935999619,-0.942018774030530,-0.490460611541183,-0.028450114776299,-0.045148786920745,0.006850885037294,0.052750596493044,-0.047100893782571,-0.024523007190075,0.016400605256243
1403637168.488318920135498,-5.481402376142961,-4.098733399504151,-0.212035411173700,0.546760627992682,0.313554902160252,-0.748596628568377,0.205764979295267,1.031577998823585,-0.983912813096903,-0.509109365980699,1.063659011483586,-0.944398958058858,-0.516473304378196,-0.032081012660001,-0.039513855038045,0.007363938397497,0.053182899854965,-0.047219902870491,-0.025823640591544,0.016060791444442
1403637168.538319110870361,-5.428253928331158,-4.146322150350442,-0.239225495732489,0.548420224013925,0.311843494280068,-0.747256103747269,0.208799445354062,1.045258556372048,-0.977825731988826,-0.535271290069065,1.062964901346756,-0.951771386206118,-0.543799616744883,-0.017706344974709,-0.026054345782709,0.008528326675817,0.053148447811803,-0.047588750846291,-0.027190084558790,0.008170236263867
1403637168.588319063186646,-5.375067419244675,-4.193879916861350,-0.266021148431846,0.545981020860439,0.310984497911031,-0.748858837978071,0.210722110138801,1.072405288465515,-0.963976243211800,-0.510535477120954,1.063731196182789,-0.951156237311442,-0.535913565074134,0.008674092282726,-0.012820005900358,0.025378087953180,0.053186509086483,-0.047557766510908,-0.026795652699357,0.007198054641820
1403637168.638319015502930,-5.320865927277278,-4.241004287221720,-0.291760952161804,0.543295658817577,0.311084315703144,-0.750764050481970,0.210736129169603,1.069190223104609,-0.958049381538760,-0.487314040562510,1.084030873160351,-0.942488306034293,-0.514796565547418,-0.014840650055741,-0.015561075504468,0.027482524984908,0.054201491967397,-0.047124370360370,-0.025739803729958,0.006588224016642
1403637168.688318967819214,-5.267003859011268,-4.288337180056216,-0.315080697928236,0.540380104813608,0.311946357905562,-0.752984339060101,0.209029656367970,1.076513594922568,-0.960151060481618,-0.438913722741223,1.077242392658590,-0.946658759494066,-0.466395360117916,-0.000728797736022,-0.013492300987552,0.027481637376693,0.053862068266009,-0.047332892834496,-0.023319745766432,0.008266880191939
1403637168.738318920135498,-5.212625824525801,-4.335815259644543,-0.335748509018454,0.538254075459154,0.313284723673518,-0.754569390670477,0.206785557589507,1.092269625824817,-0.949669710239609,-0.387968019724279,1.087561726889039,-0.949562497339887,-0.413356616011947,0.004707898935778,-0.000107212899722,0.025388596287668,0.054378034485468,-0.047478079588326,-0.020667811090218,0.007445698808525
1403637168.788319110870361,-5.158268837013478,-4.383525028045419,-0.354637663655224,0.536037878005242,0.312456484993860,-0.756425229581119,0.207015000379371,1.078124726365522,-0.962681811348377,-0.358408295386826,1.087135603153245,-0.954191728064954,-0.377781651612782,-0.009010876787723,-0.008490083283424,0.019373356225956,0.054356987512323,-0.047709768400876,-0.018889154636771,0.006031351229447
1403637168.838319063186646,-5.103330500099990,-4.432003817965017,-0.371042778657162,0.535828697142262,0.313970528932977,-0.756908926521402,0.203467420567992,1.073711496160640,-0.976645083673920,-0.322268626115109,1.098767786136380,-0.969576723052387,-0.328102612941785,-0.025056289975740,-0.007068360621533,0.005833986826675,0.054938336913488,-0.048478789919598,-0.016405115001937,0.007785984862966
1403637168.888319015502930,-5.051936537970980,-4.480827661903620,-0.386778397269420,0.535607976840422,0.315393133854672,-0.757123584448089,0.201035181335796,1.073517533723836,-0.980296251667935,-0.323535310801766,1.027880222843156,-0.976477810013851,-0.314712672378557,0.045637310880680,-0.003818441654083,-0.008822638423209,0.051393962129009,-0.048823843938602,-0.015735618612258,0.005669001076743
1403637168.938318967819214,-4.997640765710726,-4.529776655644783,-0.403106500138989,0.535931077480198,0.317199419231390,-0.757178122269434,0.197088050847122,1.069141437002829,-0.989651238900849,-0.331585270293525,1.085916480815732,-0.978980808452120,-0.326562368825516,-0.016775043812903,-0.010670430448729,-0.005022901468009,0.054295772260254,-0.048948993741163,-0.016328102869569,0.008706297554943
1403637168.988318920135498,-4.943718098795325,-4.579472840135971,-0.420752507483645,0.536289545677493,0.317754789788741,-0.757279318327370,0.194816454122786,1.077927490326649,-1.006437398237905,-0.358515816884248,1.078454366802254,-0.993924637704152,-0.352920483464322,-0.000526876475605,-0.012512760533753,-0.005595333419927,0.053922666915401,-0.049696184491188,-0.017646007344656,0.004735960660559
1403637169.038319110870361,-4.889546491081068,-4.629770218108666,-0.439265962343288,0.537704714064302,0.319487486842335,-0.756425231658625,0.191369420583310,1.075848966226426,-1.028174808232780,-0.366793585299835,1.083428021335227,-1.005943722083142,-0.370267684733736,-0.007579055108801,-0.022231086149638,0.003474099433900,0.054171607714257,-0.050297377972695,-0.018513454859643,0.008394395931583
1403637169.088319063186646,-4.833710696765534,-4.681052158702163,-0.457709468048557,0.539232281786399,0.322606523689169,-0.755044839881458,0.187245472364505,1.083969120991416,-1.053897541798974,-0.349521375421086,1.116716951294962,-1.025639789996261,-0.368870465887666,-0.032747830303546,-0.028257751802713,0.019349090466580,0.055835794315534,-0.051281940593497,-0.018443505705269,0.011130923468969
1403637169.138319015502930,-4.778178527471043,-4.733682654926041,-0.474825496734432,0.540533935104209,0.325087635164830,-0.753077888397526,0.187122389014304,1.108189206690894,-1.087383673517130,-0.302305960504710,1.110644445082898,-1.052610928325580,-0.342320900180154,-0.002455238392003,-0.034772745191550,0.040014939675444,0.055532169294491,-0.052630496223879,-0.017116028685875,0.006851065505392
1403637169.188318967819214,-4.722256531891131,-4.788015663499725,-0.489531490229750,0.541933469458242,0.329183794825191,-0.749935231599522,0.188529287674914,1.133772391515891,-1.109628186961271,-0.273983543923352,1.118440978226683,-1.086661207794559,-0.294120150401199,0.015331413289208,-0.022966979166712,0.020136606477847,0.055921995579912,-0.054333008573684,-0.014705993495318,0.011062179524138
1403637169.238318920135498,-4.663688797781639,-4.844053626205898,-0.502394229248961,0.542496153815518,0.334241464860224,-0.746326270276105,0.192295773638478,1.155189864349202,-1.146296762655830,-0.199819413625602,1.171355799281788,-1.120760322963802,-0.257255025721737,-0.016165934932586,-0.025536439692028,0.057435612096135,0.058567734109492,-0.056037962706173,-0.012862739019211,0.014575032521867
1403637169.288319110870361,-4.605362258791245,-4.901547900542297,-0.512043218105151,0.542572027387108,0.340069444094692,-0.742019406178644,0.198432782433907,1.178239661197992,-1.165843690369295,-0.169346417847419,1.166526329863074,-1.149881100279675,-0.192979040967165,0.011713331334918,-0.015962590089620,0.023632623119747,0.058326538990394,-0.057494274336398,-0.009648988856189,0.018993023121314
1403637169.338319063186646,-4.545933035249377,-4.959620829989571,-0.519169711619309,0.541716136517972,0.346352351110331,-0.737597972153097,0.206235078956096,1.216138966483811,-1.178887091691317,-0.121507231518953,1.188585604360930,-1.161459696599761,-0.142530006210376,0.027553362122882,-0.017427395091556,0.021022774691423,0.059429223541868,-0.058072929447274,-0.007126493514159,0.021966664954830
1403637169.388319015502930,-4.484257783047408,-5.016474731252870,-0.523640802049464,0.540523171974417,0.354187732958734,-0.732534158012025,0.213961346335924,1.237990479917986,-1.199373484797690,-0.083715104492626,1.233506220402577,-1.137079109669139,-0.089421893882462,0.004484259515408,-0.062294375128551,0.005706789389836,0.061675252201969,-0.056853901263300,-0.004471090430155,0.024343838937765
1403637169.438318967819214,-4.422482959738286,-5.076039113397876,-0.526968585307769,0.538465626775027,0.363812090194146,-0.726985486685074,0.221782853168615,1.273045529673155,-1.208835598391130,-0.059853742743101,1.235497644444811,-1.191288779001619,-0.066555728638590,0.037547885228344,-0.017546819389511,0.006701985895490,0.061774823309122,-0.059564382145005,-0.003327783258305,0.027482972066362
1403637169.488318920135498,-4.358568663233923,-5.137045704054231,-0.528772699416226,0.536621902352932,0.373590013086764,-0.720586798786788,0.230699157890015,1.302381996614344,-1.212803319286690,-0.011150310228440,1.278287149156881,-1.220132976736597,-0.036082316579919,0.024094847457463,0.007329657449907,0.024932006351480,0.063914296504363,-0.061006590656356,-0.001804114108457,0.029628014167781
1403637169.538319110870361,-4.293013220038865,-5.198073808924771,-0.528616332668715,0.535420686506333,0.385656671204917,-0.712605318069529,0.238300820550948,1.332247444647408,-1.224588915872314,0.020992868277015,1.311103862436846,-1.220557441353650,0.003127323020426,0.021143582210562,-0.004031474518663,0.017865545256588,0.065555443195058,-0.061028104870539,0.000156366747511,0.032774531382502
1403637169.588319063186646,-4.225510003057384,-5.258903448455074,-0.527709817155294,0.533695703676281,0.397543486291794,-0.704080097482993,0.247788798602326,1.366790608242161,-1.224450318673613,0.043775726722477,1.350065627152518,-1.216593950840472,0.018130327558848,0.016724981089643,-0.007856367833140,0.025645399163629,0.067503216981480,-0.060829639530303,0.000906515513421,0.035041741124096
1403637169.638319015502930,-4.150872655914680,-5.318399231213962,-0.527987800811908,0.533440105448069,0.411710095711840,-0.693481588322647,0.254989681450054,1.402956851206784,-1.212128903827717,0.063074457909734,1.492748366449858,-1.189916789970841,-0.005559678434401,-0.089791515243073,-0.022212113856876,0.068634136344135,0.074637347142704,-0.059495782758888,-0.000277983656614,0.038207348091775
1403637169.688318967819214,-4.079130696709369,-5.379211191831790,-0.526155382536240,0.530650462184124,0.423818776605587,-0.684420134613263,0.265248583250283,1.448363440316549,-1.208159232322757,0.055705720655803,1.434840552476803,-1.216240372253768,0.036648400464008,0.013522887839746,0.008081139931011,0.019057320191795,0.071741959205311,-0.060811960617828,0.001832418275668,0.036973882977763
1403637169.738318920135498,-4.005605548764477,-5.439335196125750,-0.524586949467244,0.526218796618990,0.436333023318548,-0.676096362917948,0.274956321796171,1.485608541932723,-1.194578026196041,0.041811848531275,1.470504361280098,-1.202481232654666,0.031368691295435,0.015104180652625,0.007903206458625,0.010443157235839,0.073525147944893,-0.060124004293960,0.001568433068996,0.036866299744020
1403637169.788319110870361,-3.929350146075735,-5.498557403542250,-0.524970156386488,0.521331757807434,0.448147569146779,-0.668332387260741,0.284092898023873,1.518726734812286,-1.182120023862730,0.004486540026311,1.525102235971513,-1.184439630051384,-0.007664109148632,-0.006375501159227,0.002319606188654,0.012150649174944,0.076255402688742,-0.059222207416500,-0.000383206919244,0.035056003791767
1403637169.838319063186646,-3.851440577017093,-5.556831170020988,-0.527245120202776,0.516820046601532,0.459216569085467,-0.660389921477449,0.293090999041547,1.552596796866884,-1.161322962699560,-0.035126923924909,1.558192867181348,-1.165476441059709,-0.045499319717290,-0.005596070314465,0.004153478360149,0.010372395792382,0.077909569058642,-0.058273766478738,-0.002274963816288,0.033878237447617
1403637169.888319015502930,-3.772789164645831,-5.615407786773271,-0.530301754507423,0.514000871096638,0.471488339023389,-0.651564551147405,0.298270827210682,1.580804119071143,-1.148005878981413,-0.068280081944083,1.573029747583315,-1.171533452307015,-0.061132744393670,0.007774371487828,0.023527573325602,-0.007147337550413,0.078651412371262,-0.058576616752283,-0.003056634304647,0.032451048983416
1403637169.938318967819214,-3.692274742115497,-5.673246046115126,-0.535356781593357,0.511094668723110,0.481918414769910,-0.643003713964799,0.305095239123697,1.621499571957832,-1.143146772003352,-0.104415085826824,1.610289986298878,-1.156766290015400,-0.101100638135764,0.011209585658954,0.013619518012048,-0.003314447691061,0.080514422530334,-0.057838259341855,-0.005055027085934,0.030795954806590
1403637169.988318920135498,-3.610097448290656,-5.730484013823739,-0.541834477425905,0.509061751702724,0.492294181008273,-0.634093031111789,0.310529548021137,1.661350092457911,-1.126955812467467,-0.155501847813450,1.643547443905798,-1.144760445900905,-0.129554040203325,0.017802648552113,0.017804633433438,-0.025947807610125,0.082177293824841,-0.057237967708613,-0.006477695832548,0.029713654685095
1403637170.038319110870361,-3.525307656452264,-5.785982538605923,-0.550618416010616,0.505490074819516,0.501897081463445,-0.626583890119956,0.316183068046945,1.714958251512626,-1.106956365249075,-0.178451155690470,1.695789367844784,-1.109966261458417,-0.175678101535447,0.019168883667842,0.003009896209342,-0.002773054155022,0.084789791838392,-0.055498524782184,-0.008783938584711,0.027808284705018
1403637170.088319063186646,-3.435457061649284,-5.839299143725201,-0.561795557106310,0.501050940144798,0.511341888873677,-0.619509036724250,0.322003076817763,1.765016060419775,-1.089517833481587,-0.199691677226133,1.797013609825316,-1.066333119320067,-0.223543035101125,-0.031997549405541,-0.023184714161520,0.023851357874991,0.089850594802980,-0.053316605119278,-0.011177141095694,0.027773329310031
1403637170.138319015502930,-3.345629734384530,-5.893140581084158,-0.572702132312264,0.497313622426660,0.519836258549032,-0.611796393609182,0.328868663775400,1.813948517844357,-1.072561908336295,-0.226864125798966,1.796548258617014,-1.076829774124027,-0.218131712145684,0.017400259227344,0.004267865787732,-0.008732413653282,0.089827327264754,-0.053841437358956,-0.010906575205954,0.027766606123378
1403637170.188318967819214,-3.252783925625920,-5.945863959697360,-0.585067676420860,0.493672218112834,0.527871985694275,-0.603786392415295,0.336275036416415,1.857701735538096,-1.051446923678719,-0.260153294512079,1.856917946067151,-1.054468577883649,-0.247311118026193,0.000783789470944,0.003021654204930,-0.012842176485886,0.092845808758610,-0.052723378613202,-0.012365544108597,0.028060679970841
1403637170.238318920135498,-3.157706613879265,-5.997206627139787,-0.598450433224428,0.490049009169762,0.536431946051783,-0.595617117078452,0.342539028009927,1.910676853486011,-1.025446426098143,-0.286608096709044,1.901548048390636,-1.026854328133133,-0.267655391327435,0.009128805095375,0.001407902034990,-0.018952705381608,0.095077311746655,-0.051342667442427,-0.013382756803568,0.027740100841760
1403637170.288319110870361,-3.060080140651083,-6.045956708126449,-0.612492245308830,0.486824638732134,0.545206516734586,-0.586810899151533,0.348431620078367,1.960899858146676,-1.002073172308919,-0.305153480497401,1.952522016283252,-0.974997900411431,-0.280835170386875,0.008377841863424,-0.027075271897488,-0.024318310110526,0.097626473228182,-0.048750080986663,-0.014041812084402,0.028260579824567
1403637170.338319063186646,-2.958686311378520,-6.093959259610361,-0.628240740087098,0.482259393473773,0.552235050364491,-0.578391856996858,0.357666305814460,2.021241779656792,-0.976804753172673,-0.316554806538377,2.027878519386910,-0.960051945255109,-0.314970195944340,-0.006636739730118,-0.016752807917564,-0.001584610594037,0.101393829272562,-0.048002551483911,-0.015748494778268,0.030093568236334
1403637170.388319015502930,-2.854398618147743,-6.139564739715298,-0.645003541063185,0.474538174097026,0.557319952073068,-0.571499234421537,0.370940180354638,2.067806866918136,-0.947131525736379,-0.342805359824480,2.085755853747346,-0.912110471955076,-0.335256339247106,-0.017948986829211,-0.035021053781303,-0.007549020577374,0.104287693230778,-0.045605480104937,-0.016762800976087,0.035167337774892
1403637170.438318967819214,-2.749606156616406,-6.185342345345039,-0.661832615550994,0.466533977414829,0.560759725071978,-0.564091700436620,0.386904551734949,2.108765908977831,-0.912355232833882,-0.348172221915792,2.095851229386227,-0.915552985734192,-0.336581810745609,0.012914679591604,0.003197752900310,-0.011590411170184,0.104792461531337,-0.045777605629741,-0.016829074487809,0.039275657062335
1403637170.488318920135498,-2.643416004915771,-6.228733481434395,-0.679858040113500,0.457615971693054,0.563452800571902,-0.556400199653297,0.404385189893095,2.132991561177145,-0.867488824149175,-0.361451776673298,2.123805059431028,-0.867823549408141,-0.360508835058146,0.009186501746116,0.000334725258965,-0.000942941615153,0.106190151700635,-0.043391136089356,-0.018025424562506,0.042498581919174
1403637170.538319110870361,-2.535179696675742,-6.269001959823298,-0.699052633457006,0.450095008002003,0.566133684199453,-0.546989020704751,0.421556813033414,2.145426789821545,-0.797918591214060,-0.392949811412622,2.164717907057105,-0.805366495548690,-0.383890402444450,-0.019291117235560,0.007447904334630,-0.009059408968172,0.108236308240029,-0.040268478388903,-0.019194593343506,0.042294379201786
1403637170.588319063186646,-2.426269528093826,-6.306642326460862,-0.719549966015544,0.443515187429075,0.568467822444946,-0.536647964533883,0.438346410417712,2.162080145514291,-0.750171060275782,-0.402540349236665,2.178205448936909,-0.752808050684992,-0.409947042126719,-0.016125303422618,0.002636990409210,0.007406692890054,0.108910168581916,-0.037640366637564,-0.020497332558538,0.041837123216208
1403637170.638319015502930,-2.317511358412615,-6.342485701384389,-0.741142998793722,0.436425515598499,0.572207447342470,-0.526000033014038,0.453249789641022,2.153725438568871,-0.677016255725057,-0.422106500229633,2.175165468023656,-0.716868182129308,-0.431861067418362,-0.021440029454785,0.039851926404252,0.009754567188729,0.108758169681211,-0.035843374923527,-0.021593032778178,0.039987533832746
1403637170.688318967819214,-2.209524923222414,-6.371252662094992,-0.764319032481279,0.430643929953723,0.576293497403230,-0.513979094234093,0.467179945133637,2.141532475958992,-0.589724002804324,-0.444408518822828,2.159730763483791,-0.575339762898827,-0.463521115799318,-0.018198287524799,-0.014384239905498,0.019112596976490,0.107986435190202,-0.028766960710604,-0.023176033687557,0.039430309586560
1403637170.738318920135498,-2.101697113856274,-6.398135333687907,-0.787055827764527,0.424227589736487,0.582156767952082,-0.502202429939720,0.478452891094408,2.131582339049936,-0.508502515911240,-0.451688451958215,2.156558243977005,-0.537653944605043,-0.454736339335343,-0.024975904927069,0.029151428693803,0.003047887377128,0.107827809366140,-0.026882671592914,-0.022736795283249,0.036950031359652
1403637170.788319110870361,-1.994575122484526,-6.421145736535996,-0.809354496579080,0.414560611682735,0.589318106184745,-0.491701455056422,0.488951273706756,2.110079083045548,-0.417468312465392,-0.456143290836061,2.142431654706790,-0.460206301414066,-0.445971675044122,-0.032352571661242,0.042737988948675,-0.010171615791939,0.107121991371748,-0.023010402848089,-0.022298668814553,0.038222132701715
1403637170.838319063186646,-1.889208370901064,-6.439216628791586,-0.831060634722170,0.403513092201762,0.599932676374496,-0.482943702031933,0.493987195084649,2.077324549865121,-0.319398686546701,-0.414796691375379,2.107337041382439,-0.361418189787047,-0.434123176873923,-0.030012491517318,0.042019503240346,0.019326485498544,0.105366751583461,-0.018070892255590,-0.021706138143090,0.036703404804548
1403637170.888319015502930,-1.785451333444101,-6.452270824584368,-0.850537532454936,0.392525907116857,0.610521629496359,-0.472447826891300,0.499979802616953,2.055758121205380,-0.231530639146554,-0.360358862359358,2.075142728149586,-0.261084164844909,-0.389538326148023,-0.019384606944207,0.029553525698355,0.029179463788665,0.103757037456963,-0.013054195792782,-0.019476897732766,0.038932293529988
1403637170.938318967819214,-1.683679803015184,-6.457189572451184,-0.867888955674088,0.381077144442070,0.622176943035568,-0.462048845634856,0.504169540716504,2.013531313072880,-0.147550574113542,-0.313995774283304,2.035432549718087,-0.098375051154071,-0.347028795335493,-0.021901236645207,-0.049175522959471,0.033033021052188,0.101771530428917,-0.004918747866816,-0.017351423219152,0.039629588092525
1403637170.988318920135498,-1.582520691642335,-6.460004297306928,-0.882807637568999,0.369204464409239,0.633622033064957,-0.452054073341637,0.507797496498507,1.984346105308031,-0.068345917384088,-0.291770853214146,2.023184156915751,-0.056294550801551,-0.298373922449764,-0.038838051607720,-0.012051366582537,0.006603069235618,0.101159111372849,-0.002814724855744,-0.014918681894911,0.039243878836476
1403637171.038319110870361,-1.482990538516924,-6.459861744561999,-0.895051968156142,0.357261550330528,0.643298933904257,-0.441976092927789,0.513018322843697,1.960090955750524,-0.003621569658933,-0.236916720539974,1.990595468989121,0.002851044022715,-0.244885677578123,-0.030504513238597,-0.006472613681648,0.007968957038149,0.099530153125411,0.000142552744929,-0.012244330587142,0.038215673857725
1403637171.088319063186646,-1.385252779329196,-6.455487137938458,-0.906357655147271,0.343749576019817,0.652276852616333,-0.433217492188061,0.518356769985126,1.928332235049131,0.051051455000002,-0.202142342063347,1.954757047956151,0.087492215909900,-0.226113955461667,-0.026424812907021,-0.036440760909898,0.023971613398320,0.097737759187728,0.004374606623541,-0.011305686991130,0.038387492166491
1403637171.138319015502930,-1.292253461198166,-6.448441385442073,-0.914832085595007,0.333277888172538,0.661542610996955,-0.424243772682277,0.520868932103742,1.876985988948889,0.110262722120184,-0.164893230573714,1.859988136443528,0.140915184314891,-0.169488770591807,0.016997852505361,-0.030652462194707,0.004595540018094,0.092999318131031,0.007045752496385,-0.008474430447736,0.033606890286774
1403637171.188318967819214,-1.197316408451743,-6.436273940856493,-0.918920011848645,0.324758898242340,0.668154818082174,-0.415892551600446,0.524532346580522,1.837149383363309,0.159270645099424,-0.108210891228885,1.898742865710752,0.243349123787404,-0.081758603043837,-0.061593482347444,-0.084078478687980,-0.026452288185048,0.094937052746422,0.012167444585580,-0.004087926253638,0.028246152766915
1403637171.238318920135498,-1.109048517156251,-6.424298987869443,-0.921510687471525,0.316878033397833,0.671892059601714,-0.409132617824514,0.529867788439860,1.786147960185504,0.209882028319003,-0.049324087384577,1.765359509487876,0.239499288145313,-0.051813561870869,0.020788450697628,-0.029617259826309,0.002489474486292,0.088267891295493,0.011974952987050,-0.002590675622880,0.024514528783608
1403637171.288319110870361,-1.023745696732069,-6.410970952625465,-0.921956079261245,0.312379783687765,0.674826071047517,-0.401706964710124,0.534471850597518,1.729253238123836,0.243744299734168,0.011885506320665,1.706049900419735,0.266559688035064,-0.008907801813829,0.023203337704101,-0.022815388300896,0.020793308134494,0.085302820424181,0.013328035243979,-0.000445391789720,0.020511587755911
1403637171.338319063186646,-0.944889975459789,-6.395408855293992,-0.918028283500398,0.310176541135046,0.677564336621743,-0.394600515571231,0.537575591129988,1.673981045651121,0.293141651279331,0.050908821179408,1.577115929500561,0.311242243453188,0.078555990133768,0.096865116150560,-0.018100592173858,-0.027647168954360,0.078855721272280,0.015562097331473,0.003927795760847,0.017027934534524
1403637171.388319015502930,-0.864627883717554,-6.376389527510296,-0.914947574821043,0.311106192354877,0.680831900899898,-0.387120005840626,0.538348363862504,1.624382757301639,0.349316297205057,0.089460839300673,1.605243365724069,0.380386918439161,0.061614232347017,0.019139391577569,-0.031070621234104,0.027846606953657,0.080262091742235,0.019019327783696,0.003080708679355,0.016504159191982
1403637171.438318967819214,-0.787548594361135,-6.354441806067418,-0.909272816860222,0.313973793478770,0.683696449037494,-0.380053905247166,0.538087959062876,1.569467593549968,0.419492329465346,0.132835705874676,1.541587257300546,0.438954847477521,0.113495267453943,0.027880336249422,-0.019462518012174,0.019340438420733,0.077079289356419,0.021947721442878,0.005674757960821,0.016300518789653
1403637171.488318920135498,-0.709785086906279,-6.331384097079968,-0.902758439547687,0.314796283244516,0.686379343436576,-0.375701561276802,0.537247646633456,1.537410026440257,0.482049254939230,0.145742463138176,1.555271632319738,0.461154619540311,0.130287670502708,-0.017861605879481,0.020894635398919,0.015454792635469,0.077763507454856,0.023057708987450,0.006514377312535,0.010492568401478
1403637171.538319110870361,-0.631959589141901,-6.303388180659184,-0.895332231399891,0.315579711859828,0.688528803389832,-0.372492721985471,0.536271110943791,1.510181412974973,0.540978352889510,0.166949659435323,1.556504017695939,0.559916192504919,0.148523596383359,-0.046322604720967,-0.018937839615409,0.018426063051964,0.077825497764378,0.027995916420784,0.007426208147796,0.008120155831183
1403637171.588319063186646,-0.556357302528998,-6.275072465307675,-0.888170821528050,0.316481523282372,0.690068980026682,-0.370473696605499,0.535157442580462,1.480251427199873,0.605584306935447,0.159440193517228,1.512047174258611,0.566314847110100,0.143228334030001,-0.031795747058738,0.039269459825346,0.016211859487227,0.075602286612903,0.028315715351509,0.007161409871841,0.005831684026607
1403637171.638319015502930,-0.482368387772415,-6.243383603871071,-0.882316667946429,0.319330144308238,0.691291561389393,-0.367940873898103,0.533632597770221,1.460456270560133,0.665295244301493,0.136727599296516,1.479779706359565,0.633777833149717,0.117083183291654,-0.019323435799432,0.031517411151776,0.019644416004862,0.073988914756583,0.031688861436604,0.005854153581621,0.008567314061888
1403637171.688318967819214,-0.410749634112995,-6.207302349744196,-0.877833033044540,0.321429868093864,0.691466034984340,-0.367067465822218,0.532746692054537,1.436755433977656,0.729741266334581,0.100605172040620,1.432376439209029,0.721625770733471,0.089672783556397,0.004378994768627,0.008115495601110,0.010932388484223,0.071618753659420,0.036081254126875,0.004483634901888,0.004893650826163
1403637171.738318920135498,-0.337771088592118,-6.170414110978172,-0.875316692912282,0.323920257311771,0.690938576995727,-0.366712933503431,0.532166490981445,1.413894791785162,0.796948811393093,0.072219977770706,1.459572302374147,0.737765478908471,0.050326850640591,-0.045677510588985,0.059183332484622,0.021893127130115,0.072978545520876,0.036888238766024,0.002516340132258,0.005269755536323
1403637171.788319110870361,-0.266161923860141,-6.130409901683266,-0.874006004095059,0.326875226753677,0.690292879412725,-0.366514607504896,0.531333576251636,1.401543276889949,0.858628313154055,0.036205421109386,1.432177831314688,0.800081133830798,0.026213676347226,-0.030634554424739,0.058547179323257,0.009991744762160,0.071609164731977,0.040004209294906,0.001310688817223,0.006287084557317
1403637171.838319063186646,-0.197510431205946,-6.087603848473568,-0.874771729059841,0.330524042929435,0.689371323131442,-0.366275660750031,0.530436778732126,1.381244926346239,0.921763861211162,-0.005193324394112,1.373031162508448,0.856121880655420,-0.015314513900705,0.008213763837791,0.065641980555742,0.010121189506593,0.068651492654195,0.042806053209699,-0.000765724964782,0.007752286273851
1403637171.888319015502930,-0.128315566681027,-6.040368779157355,-0.876797677665658,0.333290602930364,0.688031126285400,-0.366698691338968,0.530153386324229,1.360468590062130,0.997343287525044,-0.040493027464119,1.383898610286954,0.944702287262566,-0.040519010758283,-0.023430020224825,0.052641000262478,0.000025983294164,0.069194864524920,0.047235069316213,-0.002025948605817,0.006231935755938
1403637171.938318967819214,-0.059743410821884,-5.992065568522713,-0.879471063763754,0.335060941144993,0.686928830077798,-0.368002143115031,0.529563377500487,1.349343804009967,1.063290485936809,-0.062624841624716,1.371444425094168,0.966065134004345,-0.053467772952752,-0.022100621084201,0.097225351932464,-0.009157068671964,0.068572155859142,0.048303210634642,-0.002673386098096,0.005058163570739
1403637171.988318920135498,0.009281528770192,-5.938685649854807,-0.883143835919605,0.337540529441873,0.685245224850443,-0.368762379201640,0.529641086481508,1.335282843233510,1.136050956772012,-0.092080052835327,1.380500108389024,1.067599391500236,-0.073455513169668,-0.045217265155514,0.068451565271775,-0.018624539665659,0.069024939592076,0.053379918667906,-0.003672772155852,0.006186077886187
1403637172.038319110870361,0.079517318896440,-5.884667453665698,-0.887815389386183,0.339582241672349,0.684032638420233,-0.370002599580396,0.529038114903251,1.317931014710267,1.199699745611429,-0.124043635146453,1.404710443979874,1.080359802536588,-0.093430712921675,-0.086779429269607,0.119339943074841,-0.030612922224778,0.070235790126248,0.054018196189109,-0.004671553466578,0.005492059989920
1403637172.088319063186646,0.147630470041196,-5.824155865637286,-0.893869585129275,0.341461091410252,0.682510462052828,-0.370981892041130,0.529108899961944,1.321160141178861,1.260273301195597,-0.145936313601759,1.362264322051617,1.210232914736300,-0.121084030336556,-0.041104180872756,0.050040386459297,-0.024852283265203,0.068113151144756,0.060511588028413,-0.006054195743091,0.005219626555606
1403637172.138319015502930,0.221109548034854,-5.762943405957776,-0.900414399391658,0.339307904292488,0.681427731709326,-0.374657665357900,0.529299561997448,1.317992344857394,1.326199142657123,-0.163255807725894,1.469582961376689,1.224250361126323,-0.130896410080201,-0.151590616519295,0.101948781530800,-0.032359397645693,0.073479077993658,0.061212459679510,-0.006544814262383,0.008799139155759
1403637172.188318967819214,0.290050539875020,-5.696570672306067,-0.907209307341062,0.333536681025724,0.680304802806787,-0.380640641423569,0.530142773019700,1.307710459185016,1.372723549668678,-0.166139772721220,1.378821151749637,1.327455938994807,-0.135898288590802,-0.071110692564621,0.045267610673871,-0.030241484130418,0.068940991840166,0.066372733651709,-0.006794907949405,0.016861247370256
1403637172.238318920135498,0.359856838954375,-5.627709905659607,-0.912477025144009,0.323591634260582,0.681067036468817,-0.389422618205390,0.528948173739364,1.288192351253930,1.439141669822649,-0.142873044470890,1.396127313037865,1.377216646345344,-0.105354456532779,-0.107934961783935,0.061925023477305,-0.037518587938111,0.069806299079355,0.068860766646460,-0.005267717802947,0.026686159738121
1403637172.288319110870361,0.425516861317509,-5.555486147943332,-0.915835261630368,0.312441177205658,0.681615041896640,-0.398818215421010,0.527944577105387,1.255958140647369,1.479532627479854,-0.088002410429825,1.313195437819621,1.444469644111094,-0.067164473515036,-0.057237297172251,0.035062983368760,-0.020837936914790,0.065660022363133,0.072223757716275,-0.003358236486358,0.029252095256466
1403637172.338319063186646,0.489139678091038,-5.481019463711751,-0.917172378171538,0.303032589252544,0.681644542926797,-0.407184618402956,0.527003466293208,1.224957449262196,1.495641414183138,-0.033645594664371,1.272457548980666,1.489335104972273,-0.026742356326900,-0.047500099718470,0.006306309210865,-0.006903238337471,0.063622816773529,0.074466684231582,-0.001337116541170,0.025251289355983
1403637172.388319015502930,0.550088288983687,-5.405530356622678,-0.915991393168812,0.294409110209990,0.681005925367210,-0.414792305781262,0.526784157416276,1.182450977051506,1.515407538665366,0.013674439859683,1.218973380356599,1.509783581623282,0.023619722580045,-0.036522403305093,0.005623957042083,-0.009945282720363,0.060948610892650,0.075489107089073,0.001180985002726,0.023038983850816
1403637172.438318967819214,0.609189556989848,-5.329841474024916,-0.912433300445784,0.287490622142088,0.680094636056309,-0.421304006610356,0.526615003775863,1.130567640672462,1.530259722923187,0.053887065781022,1.182026487391505,1.513779095607475,0.071161922325857,-0.051458846719042,0.016480627315712,-0.017274856544835,0.059101268006160,0.075688882597762,0.003558092723028,0.019092142678261
1403637172.488318920135498,0.663792918524736,-5.252876351427624,-0.907431190405566,0.280205375383306,0.678887141739616,-0.427996160498859,0.526703410834932,1.055859245943058,1.547483207939220,0.101632865009547,1.092068272175238,1.539303919940468,0.100042296212133,-0.036209026232181,0.008179287998752,0.001590568797414,0.054603361534889,0.076965122597293,0.005002110040218,0.019932528638249
1403637172.538319110870361,0.714974894061757,-5.176323919093726,-0.899273657669334,0.276207124566344,0.677295252108243,-0.432295838676387,0.527352892922285,0.990078981217471,1.576027585006992,0.144023997632348,1.023635605880464,1.531042806213135,0.163150032356653,-0.033556624662993,0.044984778793857,-0.019126034724305,0.051181975537021,0.076552432333897,0.008157532736232,0.012235897736012
1403637172.588319063186646,0.762971045587601,-5.098932879987443,-0.889769987847516,0.273297447379361,0.676143988859768,-0.435868541151945,0.527405372004118,0.929369634619429,1.551848735684027,0.181192376714676,0.959923945971691,1.547822258243996,0.190073577704637,-0.030554311352262,0.004026477440031,-0.008881200989961,0.047996151525844,0.077391039106283,0.009503669821817,0.009499184773474
1403637172.638319015502930,0.807764207927169,-5.023237882837358,-0.878190470206481,0.271107422992656,0.674945572894000,-0.438846947714059,0.527600791613437,0.870051522414098,1.540138161380952,0.219356454631388,0.895864101153946,1.513901386770581,0.231590573682687,-0.025812578739848,0.026236774610371,-0.012234119051299,0.044793162339568,0.075694997150086,0.011579517641035,0.007782421530497
1403637172.688318967819214,0.849890853916935,-4.947681782922775,-0.865109242994874,0.268105614310108,0.674571889869963,-0.442169979732866,0.526837597363460,0.810527736558312,1.513521808146007,0.257732647881835,0.842533723298091,1.511123439411273,0.261624793736990,-0.032005986739779,0.002398368734734,-0.003892145855155,0.042126645989766,0.075556099914583,0.013081227211607,0.009116038086469
1403637172.738318920135498,0.891405854104754,-4.872722317502881,-0.849815186201333,0.266445412961792,0.674491486309995,-0.445046793190535,0.525358381181622,0.746321319397076,1.488425336085921,0.292021291053040,0.830300795592925,1.499190738137573,0.305881427582084,-0.083979476195849,-0.010765402051652,-0.013860136529044,0.041515000187819,0.074959465419894,0.015294056793541,0.007273756666578
1403637172.788319110870361,0.924623527136104,-4.801001975223556,-0.832488891559826,0.264464836403299,0.675250091235446,-0.449764466338232,0.521351694551944,0.672821125022772,1.476112760481494,0.292617188084403,0.664350926329348,1.434401373779517,0.346524570943799,0.008470198693424,0.041711386701976,-0.053907382859396,0.033217673031350,0.071720342279326,0.017326294641507,0.013085609703130
1403637172.838319063186646,0.955206187684337,-4.729293437959331,-0.815029929921144,0.261342637898034,0.677014712352632,-0.456799973010444,0.514475353668412,0.607454096406002,1.440945670121979,0.301905967722283,0.611653794283161,1.434172113017596,0.349179565777221,-0.004199697877159,0.006773557104383,-0.047273598054938,0.030582660548232,0.071708537264224,0.017458961638682,0.020942342859789
1403637172.888319015502930,0.980961255874250,-4.659730998385679,-0.798206074564011,0.258097307364933,0.680254236523683,-0.465275391701760,0.504141610561284,0.549713566289379,1.402519759318655,0.268916815843917,0.515101855037679,1.391250118272555,0.336477428032549,0.034611711251700,0.011269641046100,-0.067560612188632,0.025755068189913,0.069562439573652,0.016823855357133,0.028259439296735
1403637172.938318967819214,1.007423514035209,-4.591661541574047,-0.784539938756765,0.254864872032469,0.683778924276960,-0.474274974101205,0.492497237210340,0.512933401772665,1.347305730763850,0.212998880278486,0.529245667947184,1.361390434555724,0.273322976806020,-0.016312266174519,-0.014084703791874,-0.060324096527534,0.026462258160959,0.068069456811632,0.013666135807246,0.030949039045083
1403637172.988318920135498,1.033164497006764,-4.529139283449517,-0.772864099677237,0.251684659665069,0.686492502811388,-0.482857654142612,0.481903892398608,0.479674149784072,1.289397275581111,0.136004595077101,0.514820150401853,1.250446355009176,0.233517004289726,-0.035146000617782,0.038950920571935,-0.097512409212625,0.025740982971555,0.062522258124530,0.011675839079528,0.028521013760259
1403637173.038319110870361,1.056231631464305,-4.466023773545885,-0.767670614897826,0.248239895592015,0.688578451081602,-0.490773248693107,0.472629124483184,0.458654129163231,1.211729945005426,0.058491540431600,0.461340929274826,1.262305382759748,0.103869299358289,-0.002686800111596,-0.050575437754322,-0.045377758926689,0.023067134457540,0.063115509903632,0.005193484779411,0.025682507868627
1403637173.088319063186646,1.086387240567070,-4.407755353451230,-0.765664221402872,0.247855120633249,0.688415488808455,-0.497873353711021,0.465590031689935,0.435962840732006,1.119651740729543,-0.000865214887584,0.603112757228456,1.165369513276075,0.040127908168042,-0.167149916496451,-0.045717772546532,-0.040993123055626,0.030155609102765,0.058268420094655,0.002006393494954,0.020013571663566
1403637173.138319015502930,1.106511913958813,-4.353524324466640,-0.767474503037175,0.247543851493561,0.686586381105485,-0.506282050037492,0.459347002469857,0.401905457983331,1.039097682200717,-0.062469347170637,0.402493851682915,1.084621614067567,-0.036205667214479,-0.000588393699584,-0.045523931866850,-0.026263679956159,0.020124673391743,0.054231028984590,-0.001810281634303,0.021272064089632
1403637173.188318967819214,1.124684133589779,-4.303446333216511,-0.772894890979488,0.248918676736318,0.682228888613225,-0.515256285672256,0.455098007014572,0.370185598781748,0.951923627104705,-0.108093097426857,0.363444739227228,1.001560780165373,-0.108407862232050,0.006740859554520,-0.049637153060668,0.000314764805193,0.018172219630966,0.050077991250129,-0.005420387942313,0.021860461321107
1403637173.238318920135498,1.139547296192876,-4.257535348725438,-0.781012246125563,0.254178522739396,0.676062778301156,-0.523272903796036,0.452236516135756,0.329692253211793,0.852172353398188,-0.125072397433682,0.297263535554545,0.918220565504844,-0.162347257747915,0.032428717657248,-0.066048212106656,0.037274860314233,0.014863162603097,0.045910984491074,-0.008117355146075,0.023506831588002
1403637173.288319110870361,1.153285975018597,-4.216581009025590,-0.788607562565011,0.261475136208083,0.667657166945727,-0.531053789172846,0.451493669475147,0.294978577746564,0.743795425837082,-0.109548815565479,0.274772528340399,0.819083669440725,-0.151905749314511,0.020206049406166,-0.075288243603643,0.042356933749032,0.013738678825721,0.040954339699848,-0.007595316439448,0.027202332296181
1403637173.338319063186646,1.165765764892147,-4.180365405621242,-0.796274691824019,0.271247983719937,0.658593852546836,-0.537785585488295,0.451071316707677,0.253940568654100,0.650865489966156,-0.114984170381299,0.249596035504329,0.724312758845438,-0.153342731419176,0.004344533149770,-0.073447268879283,0.038358561037878,0.012479789873550,0.036215603404348,-0.007667129259008,0.029876534576347
1403637173.388319015502930,1.175872622008825,-4.147675524916981,-0.804724288547599,0.279898841795544,0.649102579276394,-0.545075343168707,0.450794132845318,0.213883007555277,0.564045406082615,-0.114794487063634,0.202137335106741,0.653798237595808,-0.168992095635022,0.011745672448536,-0.089752831513193,0.054197608571388,0.010106857116678,0.032689880704261,-0.008449596723580,0.029539328169201
1403637173.438318967819214,1.182625631477443,-4.118429141978936,-0.814479130606728,0.288355018906451,0.639841382928567,-0.552227376500495,0.449999236007019,0.163843928005633,0.491212761421714,-0.142641241246868,0.135060318175928,0.584928216591907,-0.195097027241618,0.028783609829705,-0.093715455170193,0.052455785994749,0.006753009468619,0.029246382938044,-0.009754842059130,0.028918075535301
1403637173.488318920135498,1.190210295542515,-4.086618868175876,-0.828029971262053,0.296530117301825,0.630670141290598,-0.559564649960910,0.448567124220653,0.116478349770099,0.447991775329075,-0.171219402155688,0.151693425967566,0.636206082794608,-0.271017071568507,-0.035215076197467,-0.188214307465533,0.099797669412819,0.007584664065072,0.031810273803060,-0.013550840655324,0.028763448886257
1403637173.538319110870361,1.194555432960488,-4.063229315330672,-0.839206855543315,0.303248155697660,0.621678875603781,-0.567213750724155,0.447017329287605,0.074911242922981,0.379799223170450,-0.190360071036031,0.086902416853044,0.467789272429607,-0.223536832899896,-0.011991173930063,-0.087990049259157,0.033176761863865,0.004345137417973,0.023389552845203,-0.011176884281262,0.027341427610702
1403637173.588319063186646,1.196036964771348,-4.041085403309448,-0.852762781475509,0.307934451564385,0.612306791096744,-0.576008982783160,0.445500189528196,0.026627357540253,0.329791352568978,-0.223446641793036,0.029630664475201,0.442878662786497,-0.271118777202893,-0.003003306934948,-0.113087310217520,0.047672135409857,0.001481531810860,0.022143912021225,-0.013555925932194,0.027528759373372
1403637173.638319015502930,1.196371398366530,-4.022236863968137,-0.867577500559156,0.309808303992812,0.602344867887850,-0.586124380519760,0.444587095479157,-0.018118654657679,0.270379513182231,-0.268615538192581,0.006688678282453,0.376971146333928,-0.296294664241559,-0.024807332940131,-0.106591633151696,0.027679126048978,0.000334433595182,0.018848539341311,-0.014814719083647,0.028699113733175
1403637173.688318967819214,1.197494987065510,-3.995939603202612,-0.887451933530223,0.310729099253364,0.593089600374654,-0.596099817565670,0.443122060275498,-0.086416875402722,0.248545210831998,-0.302924971523086,0.022471795410383,0.525945716891408,-0.397489038496435,-0.108888670813105,-0.277400506059410,0.094564066973349,0.001123588698980,0.026297260765524,-0.019874432971067,0.027434756320433
1403637173.738318920135498,1.193516093559287,-3.980559452748324,-0.905805439120900,0.310739904454712,0.584561265916301,-0.606547939827048,0.440259508541692,-0.153369748023101,0.196340358378934,-0.329240555105219,-0.079577946015900,0.307603302439140,-0.367070461879208,-0.073791802007201,-0.111262944060206,0.037829906773990,-0.003978893506223,0.015380150454289,-0.018353505590677,0.027574849255466
1403637173.788319110870361,1.184847620094429,-3.968860863550097,-0.925653370847998,0.310346994837896,0.577539570388116,-0.616750397195299,0.435605021769078,-0.214193154926006,0.138627734373849,-0.364906559555353,-0.173368807947653,0.233970891436413,-0.396957120270718,-0.040824346978352,-0.095343157062564,0.032050560715365,-0.008668473464859,0.011698589198227,-0.019847931727098,0.026473800473918
1403637173.838319063186646,1.172568294588953,-3.960499412113538,-0.947133649517383,0.308055647734919,0.571382330891213,-0.627738131284518,0.429614697578382,-0.296051929780905,0.041079539509854,-0.375135800429044,-0.245586744319287,0.167229188213355,-0.429605983091891,-0.050465185461618,-0.126149648703501,0.054470182662848,-0.012279325505476,0.008361451436559,-0.021480278669385,0.028268673832202
1403637173.888319015502930,1.156943031674919,-3.954584961865295,-0.969018390635850,0.306581978223946,0.567505153035711,-0.637297913439756,0.421659532598919,-0.378670407766682,-0.016751175974677,-0.350800665553136,-0.312505556309205,0.118289117774160,-0.437695239788050,-0.066164851457477,-0.135040293748837,0.086894574234914,-0.015625262914034,0.005914450248243,-0.021884741118467,0.026220660293671
1403637173.938318967819214,1.137099149457260,-3.952965336731516,-0.988028675012702,0.309197422910891,0.567792621184068,-0.642686773522762,0.411050123626171,-0.478682171100991,-0.093676096382035,-0.293628839289102,-0.396878022845543,0.032392533567512,-0.380206050129783,-0.081804148255448,-0.126068629949546,0.086577210840681,-0.019843882217658,0.001619625133779,-0.019010284376852,0.024374117327548
1403637173.988318920135498,1.125444847091797,-3.930098612746793,-1.020159100087805,0.318365611676116,0.568574807399694,-0.642855211555524,0.402620420083726,-0.579411693098819,-0.146822299718960,-0.196946835919392,-0.233086269597648,0.457334915843030,-0.642609114341874,-0.346325423501171,-0.604157215561990,0.445662278422483,-0.011654302365463,0.022866723984723,-0.032130425075103,0.024960592572448
1403637174.038319110870361,1.094720587160664,-3.938841753076134,-1.027860289738593,0.334255837216104,0.570835851495966,-0.637530485720670,0.394935875441323,-0.644375613778377,-0.246594539929999,-0.089224324534856,-0.614482854556605,-0.174862139540712,-0.154023205463844,-0.029892759221773,-0.071732400389287,0.064798880928988,-0.030724259931133,-0.008743140329342,-0.007701189650787,0.037149774688446
1403637174.088319063186646,1.060816690802315,-3.952888572206567,-1.029310685540374,0.351578876869632,0.569365933989214,-0.630310436121385,0.393603202055252,-0.689143535728268,-0.317931669141796,-0.004574316251124,-0.678078573833094,-0.280936650530716,-0.029007943699748,-0.011064961895174,-0.036995018611080,0.024433627448624,-0.033903896358349,-0.014046819130432,-0.001450395801781,0.037744618998146
1403637174.138319015502930,1.025464408663019,-3.970346013260419,-1.027631246329257,0.370480902264480,0.566083868448476,-0.620858482615806,0.396014771825123,-0.708410677846429,-0.374591744225761,0.077766429276107,-0.707046317077837,-0.349149154051628,0.033588816255127,-0.001364360768592,-0.025442590174133,0.044177613020980,-0.035352282139296,-0.017457441053852,0.001679439211117,0.043045626664866
1403637174.188318967819214,0.989713008286359,-3.988864406352173,-1.023156575195199,0.385939591604704,0.560376237965642,-0.612561741218679,0.402240247551894,-0.727375486950994,-0.412271807322705,0.135789063677517,-0.715028689437708,-0.370368215045727,0.089493508028820,-0.012346797513286,-0.041903592276978,0.046295555648697,-0.035751400376661,-0.018518393091754,0.004474671134058,0.038943680732679
1403637174.238318920135498,0.952892316445632,-4.009637618812130,-1.016098839758019,0.397998210840772,0.554171396385591,-0.605543319111806,0.409644695162341,-0.745697903615823,-0.424129396212670,0.167736233852612,-0.736414539114166,-0.415464645417108,0.141154843359347,-0.009283364501657,-0.008664750795561,0.026581390493265,-0.036820691840727,-0.020773212459957,0.007057735437180,0.033941205765187
1403637174.288319110870361,0.915711055876626,-4.028825105370887,-1.008908473412361,0.405235172543342,0.547791426567348,-0.601307978708379,0.417298122035939,-0.763625546687820,-0.403634245931849,0.179494103563408,-0.743622374685877,-0.383748267291663,0.143806778333842,-0.020003172001943,-0.019885978640186,0.035687325229566,-0.037181260569006,-0.019187486558756,0.007190366345658,0.026045581399728
1403637174.338319063186646,0.877763143325981,-4.048402775523497,-1.001806663603284,0.406601124673494,0.544564757724228,-0.600464360531454,0.421387353619629,-0.771221869983732,-0.377991082595367,0.207350389824472,-0.758958974812579,-0.391553776466994,0.142036331637936,-0.012262895171152,0.013562693871627,0.065314058186536,-0.037947912550645,-0.019577670152611,0.007101809809077,0.010901522311883
1403637174.388319015502930,0.838553069272778,-4.066746448830466,-0.993248184474287,0.405624823331172,0.540902966269228,-0.601064215975819,0.426162283704317,-0.797654022157348,-0.354673785640909,0.226340562069415,-0.784202228937586,-0.366873816017517,0.171169745820132,-0.013451793219762,0.012200030376608,0.055170816249282,-0.039210074053203,-0.018343673306969,0.008558479128997,0.012251005209665
1403637174.438318967819214,0.798453128119599,-4.081737506221574,-0.984380362427240,0.401922825848925,0.535759548842189,-0.603870365744729,0.432157759691246,-0.820332701666096,-0.329766716626688,0.243574742194983,-0.801999587909988,-0.299821433754162,0.177356610081369,-0.018333113756109,-0.029945282872526,0.066218132113613,-0.040099941153179,-0.014991057391108,0.008867822047046,0.018328155907825
1403637174.488318920135498,0.755753263265186,-4.096995923455686,-0.972647108023043,0.397670319107423,0.528141577196109,-0.607845636096865,0.439827778131172,-0.864837420707227,-0.287692150237727,0.275198207725294,-0.853998111524337,-0.305168635713720,0.234665311878222,-0.010839309182890,0.017476485475993,0.040532895847072,-0.042699864854414,-0.015258417234111,0.011733254404197,0.024556152519867
1403637174.538319110870361,0.710016817022407,-4.110591186656190,-0.958434156452783,0.396928899917536,0.523118107229173,-0.610891537300771,0.442274150220791,-0.926613424359423,-0.249445874005122,0.314984073265186,-0.914725435454962,-0.271904226777780,0.284257947047201,-0.011887988904461,0.022458352772659,0.030726126217985,-0.045736446242779,-0.013595263200505,0.014212951570261,0.012813640212722
1403637174.588319063186646,0.662092537951526,-4.120802982526041,-0.942461622997957,0.397182885912773,0.517898728568333,-0.614996036953749,0.442500323860319,-0.987446184228620,-0.229721724992549,0.318818521109148,-0.958486495501565,-0.204236112171752,0.319450973748697,-0.028959688727055,-0.025485612820796,-0.000632452639550,-0.047924279070881,-0.010211795869851,0.015972533454825,0.013297316608177
1403637174.638319015502930,0.610960381728301,-4.131412942321357,-0.925817474742625,0.403123381660171,0.514759823953431,-0.617188330557171,0.437712722486282,-1.045971406669737,-0.198504684269549,0.326479549430645,-1.022644099733917,-0.212199398275431,0.332883282568884,-0.023327306935820,0.013694714005882,-0.006403733138239,-0.051132156223225,-0.010609959795316,0.016644148255332,0.017072777462105
1403637174.688318967819214,0.557263394045952,-4.139691980201390,-0.909221204354078,0.413055231439617,0.509777022737921,-0.618711278634880,0.432098503305460,-1.090820886004131,-0.161269343013307,0.304459418904454,-1.073940777836715,-0.165580915510932,0.331925724319984,-0.016880108167416,0.004311572497624,-0.027466305415530,-0.053696987682349,-0.008279037880033,0.016596270388547,0.025084723483933
1403637174.738318920135498,0.501699017779315,-4.147987986267561,-0.893562874555994,0.423960767042636,0.504159757562358,-0.620871693572175,0.424968877665298,-1.125814265259349,-0.141025434362945,0.282495169183993,-1.111288585140129,-0.165920279557315,0.313166894620902,-0.014525680119221,0.024894845194371,-0.030671725436909,-0.055564376266637,-0.008296006066170,0.015658329798084,0.028704485027232
1403637174.788319110870361,0.443968821166243,-4.152962864513571,-0.879931475547228,0.435803919235993,0.497842671466066,-0.623123473025158,0.417066848132460,-1.150328489814777,-0.093874188378035,0.244360694082681,-1.154599527813762,-0.099497185368558,0.272626940186081,0.004271037998985,0.005622996990523,-0.028266246103400,-0.057730196613071,-0.004974878246010,0.013631399008766,0.031475928852633
1403637174.838319063186646,0.386038953097113,-4.156832645755755,-0.868597757168690,0.442833438821183,0.491630348094185,-0.629294198143715,0.407660346952281,-1.159645301825848,-0.054401763561887,0.182920699592679,-1.158598466308209,-0.077395698653982,0.226674583744485,-0.001046835517640,0.022993935092096,-0.043753884151806,-0.057929868069130,-0.003869781242185,0.011333718378538,0.029296488316334
1403637174.888319015502930,0.327439185960669,-4.157963231213875,-0.859960637240348,0.444789181024444,0.484474593600417,-0.639275338733445,0.398464545331896,-1.171566502114738,-0.020689135882126,0.145202537060818,-1.171996460431798,-0.022611730726628,0.172742563306989,0.000429958317060,0.001922594844502,-0.027540026246171,-0.058599767136444,-0.001130585458120,0.008637119928342,0.030933506344053
1403637174.938318967819214,0.268061980414126,-4.157899762348391,-0.852814734041867,0.446109888623769,0.476498582443060,-0.649859685731329,0.389380863760690,-1.183183050063241,0.014995785538220,0.134751692175599,-1.187545243462270,0.001269378520256,0.142918200267038,0.004362193399028,0.013726407017964,-0.008166508091439,-0.059377205546544,0.000063468865484,0.007145903198481,0.032243344994974
1403637174.988318920135498,0.208273902021791,-4.156599694890281,-0.845958030868144,0.448878737136204,0.468701774458484,-0.658871893577505,0.380413398581161,-1.198772954656308,0.034442641708742,0.116778226752920,-1.195762708214878,0.026001373959039,0.137134194255819,-0.003010246441430,0.008441267749703,-0.020355967502899,-0.059788078392335,0.001300067458110,0.006856703173723,0.030337862208134
1403637175.038319110870361,0.148417589166665,-4.154736383166059,-0.839809140102570,0.451775355471920,0.460785445540247,-0.666279282484161,0.373694687009179,-1.202607375368667,0.046565914880033,0.100727389141245,-1.197121690445685,0.037266092325592,0.122977346190118,-0.005485684922981,0.009299822554442,-0.022249957048874,-0.059856312855126,0.001863311724223,0.006148890765573,0.026158868148552
1403637175.088319063186646,0.087708830903183,-4.151871759940200,-0.834099430740327,0.457277097588723,0.452679700768191,-0.670476977327643,0.369376999022465,-1.214886572426394,0.058503371306835,0.097635206262603,-1.214176323198408,0.057292519155586,0.114194296149041,-0.000710249227986,0.001210852151248,-0.016559089886438,-0.060708758263482,0.002864623225859,0.005709709362244,0.022998851570154
1403637175.138319015502930,0.026405289865681,-4.148330313930393,-0.828831190599056,0.463457391991225,0.443816172935142,-0.672904631943366,0.368013324159683,-1.232649918819587,0.080762114330772,0.077309685386143,-1.226071990023413,0.070828987743911,0.105364903309212,-0.006577928796174,0.009933126586861,-0.028055217923069,-0.061303541037502,0.003541446009806,0.005268240141270,0.022317040355388
1403637175.188318967819214,-0.035461511634181,-4.144260186895790,-0.824463614340741,0.469495902166946,0.434440663328301,-0.674227435869617,0.369123654912541,-1.239347409973501,0.109867718722806,0.063458683798516,-1.237337210013950,0.081402618323661,0.087351608471283,-0.002010199959551,0.028465100399145,-0.023892924672767,-0.061866801499862,0.004070127034604,0.004367576258315,0.022569694866077
1403637175.238318920135498,-0.097765930663280,-4.139299734261457,-0.819514685211473,0.476012401788546,0.424968376557886,-0.674372098816075,0.371532427397200,-1.255306589705941,0.141749462537656,0.051847106644914,-1.246089568945599,0.099209147299862,0.098978676978783,-0.009217020760342,0.042540315237794,-0.047131570333869,-0.062304419029099,0.004960452634332,0.004948929129268,0.023495845040128
1403637175.288319110870361,-0.160888903324933,-4.131078907058196,-0.816567563061217,0.483395302381315,0.416975596105558,-0.672965036976162,0.373601917682129,-1.269553304318828,0.190592247138753,0.030452742266137,-1.262454637350802,0.164415916868274,0.058942218158409,-0.007098666968026,0.026176330270479,-0.028489475892272,-0.063122972661653,0.008220827203261,0.002947122150256,0.022329860590403
1403637175.338319063186646,-0.224647088871855,-4.120110380566988,-0.814180879563848,0.490724765907404,0.411114711409891,-0.671102254427425,0.373892581218072,-1.277516782463145,0.242343862470428,0.022390050334324,-1.275164927030480,0.219370739032401,0.047733715469804,-0.002351855432666,0.022973123438027,-0.025343665135480,-0.063758185546922,0.010968526491208,0.002386683497369,0.019144309725999
1403637175.388319015502930,-0.287783200510053,-4.108232987133217,-0.812558791180593,0.495983772975565,0.406521011141455,-0.669730404510634,0.374435508091145,-1.271215707872158,0.299048667802629,-0.014736329792402,-1.262723436990885,0.237548095218938,0.032441798604005,-0.008492270881273,0.061500572583691,-0.047178128396407,-0.063136111638199,0.011877393433771,0.001622088383255,0.014273919642549
1403637175.438318967819214,-0.351694285177893,-4.092450047334027,-0.813017754129121,0.496088051142430,0.403421130676315,-0.671110770245919,0.375177785719621,-1.282552499195583,0.356119069439155,-0.037953253782306,-1.278222912365150,0.315659097019778,-0.009179267724594,-0.004329586830432,0.040459972419377,-0.028773986057712,-0.063911084667839,0.015782939799190,-0.000458962948528,0.006950260607712
1403637175.488318920135498,-0.416162547266398,-4.073067752996545,-0.814477608124708,0.492836713608508,0.401565033842085,-0.674754871565355,0.374917805143729,-1.286482909633476,0.422163105786900,-0.073461965202190,-1.289366471405802,0.387646256437913,-0.029197107756274,0.002883561772326,0.034516849348986,-0.044264857445915,-0.064468262088506,0.019382294337482,-0.001459853995587,0.010462010885099
1403637175.538319110870361,-0.480957895712356,-4.050488444101320,-0.817602369503959,0.487039077406524,0.400733529584833,-0.679511795122620,0.374792336680885,-1.295104600390387,0.486984403450094,-0.092041547098350,-1.295902025445249,0.451584455246519,-0.062494989185553,0.000797425054861,0.035399948203574,-0.029546557912797,-0.064795348445958,0.022579308895225,-0.003124761379251,0.015092822026873
1403637175.588319063186646,-0.546713731204809,-4.026335260573124,-0.821929092648891,0.480516560115876,0.401329966189192,-0.684227365323585,0.373993323784441,-1.317654937309602,0.534964887132600,-0.106626665473101,-1.315117964043279,0.483064131249781,-0.086534545424422,-0.002536973266323,0.051900755882819,-0.020092120048679,-0.065755835492453,0.024153183528196,-0.004326723144932,0.016220277787972
1403637175.638319015502930,-0.613553301651377,-3.999228080797387,-0.826612298337520,0.473473972989387,0.403805874496946,-0.689248741501741,0.371078677589629,-1.342177329155424,0.587749507037062,-0.086637294185046,-1.336792683796204,0.542144112543646,-0.093664203097725,-0.005384645359221,0.045605394493415,0.007026908912679,-0.066839570446568,0.027107179775737,-0.004683205688629,0.018914354669771
1403637175.688318967819214,-0.682306161484115,-3.969369561219571,-0.829565706953140,0.468407036175439,0.405764998106932,-0.692642178850955,0.369048000738690,-1.376402307867168,0.629718541049945,-0.047196051710645,-1.375058508012752,0.597170961062925,-0.059068228644241,-0.001343799854415,0.032547579987021,0.011872176933596,-0.068752859832738,0.029858519577816,-0.002953408615619,0.013438935880178
1403637175.738318920135498,-0.752977248522794,-3.938349511835088,-0.830329351491896,0.464294916217752,0.407152110929316,-0.694965293271618,0.368348517694922,-1.414677355710934,0.668951538936354,0.010846457813818,-1.413423088718868,0.620401579350721,-0.015272905340491,-0.001254266992065,0.048549959585633,0.026119363154308,-0.070671087038679,0.031020049384483,-0.000763644538756,0.009943802208590
1403637175.788319110870361,-0.825900731581622,-3.903811047564267,-0.828692152144740,0.463054601097259,0.409962510316507,-0.695482401628771,0.365807880672796,-1.451502990819072,0.704819342088851,0.059957271760605,-1.458464097577553,0.690766650350765,0.032743862035186,0.006961106758481,0.014052691738086,0.027213409725419,-0.072923483058828,0.034538464270821,0.001637199347155,0.008039648152540
1403637175.838319063186646,-0.901140332413340,-3.868185060381324,-0.824758861579440,0.464506014398313,0.413125193399947,-0.694162425964498,0.362905309337207,-1.495340273466139,0.739512972747610,0.115031121203491,-1.504793451717233,0.712520423171287,0.078665886327642,0.009453178251093,0.026992549576323,0.036365234875849,-0.075239600831718,0.035625987182943,0.003933290565300,0.009439589466097
1403637175.888319015502930,-0.977880767709275,-3.831243041096097,-0.818891788393941,0.468037223084982,0.417385979699610,-0.691705643683176,0.358152766642864,-1.529988743644124,0.769907967144579,0.156294939651741,-1.534810169627737,0.738841090318312,0.117341575615621,0.004821425983613,0.031066876826267,0.038953364036120,-0.076740435295935,0.036942019285227,0.005867073185499,0.015394345511344
1403637175.938318967819214,-1.055979724040524,-3.793445953014696,-0.810263174201923,0.473252868998800,0.421229418484233,-0.687692231300131,0.354509370817313,-1.544433322985436,0.789884265572097,0.222967213550357,-1.561980616245785,0.755942482550953,0.172572448418276,0.017547293260349,0.033941783021144,0.050394765132081,-0.078098956331249,0.037797088081401,0.008628614192018,0.016894640618532
1403637175.988318920135498,-1.133426871842952,-3.754161677120350,-0.800904301832048,0.478703470458397,0.422860979094163,-0.683359786785237,0.353625482022220,-1.553245859513917,0.832295051703161,0.258944171927308,-1.548944433237073,0.785686267175732,0.187177625903985,-0.004301426276844,0.046608784527429,0.071766546023323,-0.077447147802427,0.039284275894346,0.009358872369875,0.014411468465719
1403637176.038319110870361,-1.212138313066238,-3.712378730894302,-0.786930197185436,0.482707100790515,0.421869337809154,-0.679590079099530,0.356619462526060,-1.559666579543326,0.851683138715688,0.298389883588873,-1.574222819282247,0.835655736747309,0.279481026796733,0.014556239738921,0.016027401968378,0.018908856792140,-0.078711441223287,0.041782946226048,0.013974104646612,0.012678668408108
1403637176.088319063186646,-1.291398645253794,-3.669351847464306,-0.770909681277184,0.486871866367369,0.421230772630227,-0.675459638989505,0.359547907830742,-1.572379503783358,0.886495270667866,0.326682204024714,-1.585208155523411,0.860538489273377,0.320410623732435,0.012828651740053,0.025956781394489,0.006271580292279,-0.079260332187555,0.043026883429996,0.016020515908253,0.013174144691795
1403637176.138319015502930,-1.370545898668899,-3.624802911124115,-0.755162632112579,0.491452068325964,0.422023089391277,-0.671131897989319,0.360490432688621,-1.564117794272900,0.915523216575906,0.300612372134509,-1.582946577917595,0.890979576508158,0.314941283643505,0.018828783644695,0.024543640067748,-0.014328911508995,-0.079147253415105,0.044548936340191,0.015747049164605,0.012841160807465
1403637176.188318967819214,-1.448911470598523,-3.578796867942093,-0.740697644725877,0.494823123266686,0.422070828999780,-0.667480541245019,0.362596220398526,-1.563898110673180,0.953994248072831,0.276800607698878,-1.567312933298568,0.920121741136916,0.289300023632038,0.003414822625388,0.033872506935915,-0.012499415933159,-0.078365571929624,0.046006043182022,0.014464987386702,0.010795019067120
1403637176.238318920135498,-1.527040305086258,-3.530915356874051,-0.727888719814976,0.498046876778843,0.422068965649022,-0.664840367399174,0.363034960635110,-1.560771362021337,1.002778268613586,0.232300513328860,-1.562578179945389,0.957631134629048,0.256178742529105,0.001806817924052,0.045147133984538,-0.023878229200245,-0.078128834487736,0.047881511068042,0.012808924910901,0.008379887062229
1403637176.288319110870361,-1.605141348019498,-3.480821964335032,-0.718037370049862,0.500031344867664,0.421043286589203,-0.664176577397243,0.362712942979543,-1.560210439643651,1.047492780156116,0.192703842080174,-1.562014900050829,1.001864028972408,0.197026243706819,0.001804460407178,0.045628751183708,-0.004322401626645,-0.078101042933240,0.050093392539019,0.009851349765115,0.004705080751262
1403637176.338319063186646,-1.682277427814465,-3.428118068103668,-0.710008137046761,0.500862614127210,0.419382869120340,-0.664647658993746,0.362626723025458,-1.545722504366451,1.086802141918162,0.162366725657728,-1.542723067154705,1.054078929875282,0.160584813207634,-0.002999437211745,0.032723212042880,0.001781912450094,-0.077136079794967,0.052703896231364,0.008029233003101,0.003835282326326
1403637176.388319015502930,-1.759000566794265,-3.373097825090452,-0.703912681074449,0.501890513672001,0.419446678827187,-0.664963383405008,0.360546938188998,-1.536510484335692,1.141392123705001,0.130964196117866,-1.534464242975133,1.100405909693166,0.121909235707936,-0.002046241360559,0.040986214011835,0.009054960409931,-0.076723138979800,0.055020243013216,0.006095455972311,0.004684373396817
1403637176.438318967819214,-1.834758340802101,-3.315777689573584,-0.699567053588350,0.500705890575982,0.419249374605740,-0.667222030890624,0.358243401236365,-1.528458171793050,1.179081314741873,0.106472482183660,-1.515156925122963,1.146403803633228,0.086912632608332,-0.013301246670087,0.032677511108645,0.019559849575328,-0.075757774007836,0.057320135516868,0.004345627486099,0.006884778426001
1403637176.488318920135498,-1.909904129183901,-3.257052093122224,-0.696148283311033,0.500797479803117,0.420211777697556,-0.669836310660592,0.352055766928640,-1.516831396450957,1.215135672367577,0.086607883042438,-1.502917200929545,1.174513049130125,0.068375470754281,-0.013914195521412,0.040622623237453,0.018232412288157,-0.075145788381801,0.058725596451360,0.003418770277318,0.013572923355389
1403637176.538319110870361,-1.984084131414726,-3.197990366566083,-0.693502003733098,0.500468613832622,0.418969104905265,-0.673496975503424,0.346983976130131,-1.502772867472574,1.250802092685176,0.072016305478006,-1.483594385153042,1.181230025087879,0.052925389664358,-0.019178482319532,0.069572067597298,0.019090915813649,-0.074180002230824,0.059061726556141,0.002646279577935,0.012771226416877
1403637176.588319063186646,-2.055761246611959,-3.136256888454177,-0.696312980454829,0.499623514302731,0.415328262221311,-0.678314053092777,0.343174626003823,-1.493814729311693,1.271659755483205,0.048536706559856,-1.433543671078455,1.234670739711891,-0.056219588049813,-0.060271058233238,0.036989015771314,0.104756294609669,-0.071677115197234,0.061733478111906,-0.002810976721732,0.014378530685310
1403637176.638319015502930,-2.129665285904982,-3.072512281957700,-0.694875903502159,0.497889723434385,0.411937275586208,-0.683897854847782,0.338669792593976,-1.475973386530422,1.289717444945830,0.016183008317131,-1.478082195469475,1.274893345762577,0.028741566463497,0.002108808939053,0.014824099183253,-0.012558558146365,-0.073904039293022,0.063744606496477,0.001437076952670,0.016245313167348
1403637176.688318967819214,-2.203509869309900,-3.007773794910174,-0.694719548015710,0.496327037371879,0.408948320690598,-0.689121668132882,0.333964173958447,-1.477142376958157,1.310720373561287,-0.009372687254128,-1.476893076573354,1.294770975740355,0.003127112711240,-0.000249300384803,0.015949397820932,-0.012499799965369,-0.073844583404918,0.064738487047526,0.000156355486450,0.015595796767619
1403637176.738318920135498,-2.276708034679826,-2.942324736767749,-0.695799703090664,0.494009339463550,0.406037764108216,-0.694365974982985,0.330066659065585,-1.461333515999916,1.329075999047056,-0.029135287128259,-1.463964703544064,1.308982411191401,-0.021603122101431,0.002631187544148,0.020093587855655,-0.007532165026829,-0.073198165369926,0.065449058142425,-0.001080155074954,0.015038178913388
1403637176.788319110870361,-2.348720322939809,-2.878113541119237,-0.699029834148079,0.492786413526964,0.403804521921571,-0.698289432161888,0.326336218722273,-1.455182454200380,1.336627063817764,-0.047160432382639,-1.440240271119044,1.284219014063485,-0.064602374709795,-0.014942183081336,0.052408049754279,0.017441942327156,-0.072012288259983,0.064211195648512,-0.003230131057415,0.011965404574816
1403637176.838319063186646,-2.420959325329052,-2.811732731384010,-0.702115732765890,0.491582296166378,0.401933412647868,-0.702010579758281,0.322455460180893,-1.457613028039600,1.346163801677886,-0.074166446347112,-1.444781425635793,1.327617460819205,-0.061718031215118,-0.012831602403807,0.018546340858681,-0.012448415131994,-0.072239002389243,0.066380809735227,-0.003085898617811,0.011637571972581
1403637176.888319015502930,-2.492674036376419,-2.744508376291056,-0.706410309669397,0.488378750424143,0.401323103786441,-0.706535220667469,0.318172821683031,-1.454940293416582,1.346668945176411,-0.080169791433807,-1.434295588798211,1.344488384063131,-0.085891619982769,-0.020644704618371,0.002180561113280,0.005721828548962,-0.071714711047367,0.067224355092955,-0.004294576903507,0.014063961583261
1403637176.938318967819214,-2.564028548353957,-2.677169653671475,-0.711506571875219,0.485819586841346,0.401464264834276,-0.710205533909963,0.313709854333656,-1.454450007295211,1.347439744548882,-0.106353010972909,-1.427091600531359,1.346775736777041,-0.101925341320026,-0.027358406763852,0.000664007771841,-0.004427669652884,-0.071354511977538,0.067338722619581,-0.005096262205822,0.012642571669110
1403637176.988318920135498,-2.634864897755446,-2.609755357142886,-0.717657441276537,0.482379134433053,0.402882527007456,-0.714013934519459,0.308512789698818,-1.443845585230685,1.346330314677102,-0.142520584277824,-1.416728339127210,1.348287216398680,-0.123017505344989,-0.027117246103475,-0.001956901721579,-0.019503078932835,-0.070836349401489,0.067414296528590,-0.006150869401318,0.014881106383238
1403637177.038319110870361,-2.706290623762053,-2.542676965254090,-0.725404188282586,0.476410987920274,0.404049470439965,-0.719298051401842,0.303952149647811,-1.457606609977871,1.330616165474229,-0.166771627233632,-1.428509070802501,1.341562720120272,-0.154934349093343,-0.029097539175370,-0.010946554646043,-0.011837278140288,-0.071425726006607,0.067078391888796,-0.007746747006049,0.018515125789317
1403637177.088319063186646,-2.778061982981634,-2.476160315572679,-0.734554415779996,0.468683098031396,0.407498006800143,-0.725343152839553,0.296915541362154,-1.463295632806867,1.310189698603275,-0.190439618976746,-1.435428553322969,1.330334262333845,-0.183004724475115,-0.027867079483898,-0.020144563730570,-0.007434894501631,-0.071771359219581,0.066516649681411,-0.009150227497410,0.025113491546213
1403637177.138319015502930,-2.850171105779671,-2.411100976020252,-0.745114221746179,0.460191573125419,0.409657035599551,-0.731682897976299,0.291624700629328,-1.471645359424448,1.289531771638683,-0.218651559188371,-1.442183831334407,1.301188031958143,-0.211196320736160,-0.029461528090041,-0.011656260319460,-0.007455238452211,-0.072109122798036,0.065059339552427,-0.010559805966183,0.024079411589161
1403637177.188318967819214,-2.923151601113753,-2.346944760748395,-0.756534947267498,0.453101770484367,0.411532080611327,-0.736950665481132,0.286781883769810,-1.483725311796235,1.251311592385219,-0.237977630019546,-1.459611298675448,1.283125529121000,-0.228414728259653,-0.024114013120787,-0.031813936735781,-0.009562901759893,-0.072980495334082,0.064156215271857,-0.011420725521320,0.020492365737136
1403637177.238318920135498,-2.997958996216708,-2.287313811764046,-0.768311652257203,0.447370902746509,0.413376213464177,-0.741015465779764,0.282622470785663,-1.509617639838383,1.200374990286357,-0.250411154962989,-1.496149328898290,1.192620117058149,-0.235534324417122,-0.013468310940093,0.007754873228208,-0.014876830545867,-0.074807395102955,0.059630948984349,-0.011776704989704,0.016741254190398
1403637177.288319110870361,-3.073907891858140,-2.227616234862555,-0.780989727861121,0.443850265509436,0.414121152508961,-0.743563181587323,0.280382609731044,-1.534089311104110,1.153619307770968,-0.276982296457890,-1.518972118409845,1.193946983483525,-0.253560544821638,-0.015117192694264,-0.040327675712557,-0.023421751636251,-0.075948895641432,0.059697576901491,-0.012678075603918,0.009890946155568
1403637177.338319063186646,-3.151883848186281,-2.170344402533664,-0.794619403877895,0.440570924034055,0.415364957738169,-0.745766684977940,0.277851155038020,-1.568086991288316,1.085530430502442,-0.283610323842921,-1.559520613837576,1.145437738952386,-0.272593780301178,-0.008566377450740,-0.059907308449944,-0.011016543541743,-0.077975956328141,0.057271832328892,-0.013629676016775,0.009708731799830
1403637177.388319015502930,-3.231213360029180,-2.116075655043551,-0.808467816233160,0.439618900543879,0.416816533813836,-0.746523724752245,0.275139106282702,-1.600738830831309,1.032101634915811,-0.300272302945638,-1.586591749949786,1.085375984897450,-0.276968511243054,-0.014147080881523,-0.053274349981638,-0.023303791702584,-0.079329511842899,0.054268747490112,-0.013848412355265,0.006615663073962
1403637177.438318967819214,-3.312534060281209,-2.064330125532138,-0.823002291159228,0.440857147589192,0.420382922612349,-0.745657002823581,0.270034827264143,-1.634107288568255,0.970044378573076,-0.315723600605692,-1.626415556111325,1.034911577196848,-0.290689775744724,-0.007691732456930,-0.064867198623772,-0.025033824860968,-0.081320700252029,0.051745529511413,-0.014534474926068,0.012815209164698
1403637177.488318920135498,-3.395522588001327,-2.015584433495235,-0.838286651924016,0.443010769019493,0.423957626782888,-0.744840152344743,0.263086557392123,-1.662517671579725,0.911500924050884,-0.334212529330532,-1.659772137284429,0.974914770489240,-0.305687506822098,-0.002745534295295,-0.063413846438357,-0.028525022508434,-0.082988527720119,0.048745692036903,-0.015284360764789,0.016292656148099
1403637177.538319110870361,-3.479730828872824,-1.971109803580250,-0.854005937519901,0.446501540844509,0.425695472815943,-0.743751711164245,0.257396834844075,-1.685995271251007,0.837039469563655,-0.317941430258333,-1.684158392875520,0.889489205167661,-0.314384512635948,-0.001836878375487,-0.052449735604005,-0.003556917622386,-0.084208240871497,0.044474629914985,-0.015719285595884,0.013966165085903
1403637177.588319063186646,-3.566252435371787,-1.930479925248860,-0.867996841259206,0.451882904006295,0.429228978551487,-0.741137648886408,0.249558230562754,-1.698993412913393,0.770609617750346,-0.276582100103497,-1.730433780249510,0.812598341581974,-0.279818341641666,0.031440367336117,-0.041988723831628,0.003236241538168,-0.086521606498963,0.040629878331390,-0.013990903739305,0.020949727844244
1403637177.638319015502930,-3.649281307879574,-1.910734186984809,-0.881031556315044,0.458394738404340,0.432037459229760,-0.737393961859708,0.243860703349993,-1.700841014965733,0.660767418946585,-0.215668111673459,-1.660579033807315,0.394915141901451,-0.260694549734460,-0.040261981158418,0.265852277045135,0.045026438061001,-0.083028872507787,0.019745738264051,-0.013034715055838,0.019674281709673
1403637177.688318967819214,-3.734843718189818,-1.881179892163721,-0.889969868087761,0.465506037971894,0.433684399948892,-0.733320697630661,0.239713838313853,-1.696358816686317,0.561934976624133,-0.151320575273136,-1.711249838179907,0.591086460125737,-0.178766405939283,0.014891021493590,-0.029151483501604,0.027445830666147,-0.085562410310244,0.029554294821088,-0.008938311772718,0.018662432656643
1403637177.738318920135498,-3.820479275382855,-1.856120461589434,-0.896308652560637,0.472938180989399,0.435416322844510,-0.728838897737057,0.235660696571227,-1.683790763640374,0.466758841735338,-0.105237716371410,-1.712712777230926,0.501189089456890,-0.126775810360351,0.028922013590552,-0.034430247721552,0.021538093988941,-0.085635557193037,0.025059430574286,-0.006338784472876,0.019468080868239
1403637177.788319110870361,-3.904553142026100,-1.836099549688036,-0.900964739108979,0.479484581963363,0.432961052840649,-0.726116820151470,0.235358504999613,-1.655045213852068,0.400496618167750,-0.094790284412695,-1.681470918562372,0.400416710559436,-0.093121375736986,0.026425704710303,0.000079907608314,-0.001668908675710,-0.084073866643244,0.020020911901398,-0.004656086548342,0.015017990221059
1403637177.838319063186646,-3.983836116353419,-1.828732486253467,-0.906026031358439,0.480975051269223,0.427490299389392,-0.728078058913988,0.236257029763298,-1.631994512732734,0.331938493659951,-0.098643741434214,-1.585660998750565,0.147341409207108,-0.101225941525771,-0.046333513982169,0.184597084452843,0.002582200091557,-0.079282974327320,0.007367063434569,-0.005061292249460,0.012133352247711
1403637177.888319015502930,-4.064715978276714,-1.815384236974298,-0.912201745223931,0.483041067161757,0.420831045300116,-0.730757367365921,0.235724900651737,-1.615882591748081,0.282886196986027,-0.121879892930735,-1.617598781128309,0.266965240181268,-0.123514395102353,0.001716189380228,0.015920956804758,0.001634502171618,-0.080879861923295,0.013348249279169,-0.006175713865492,0.014976809261058
1403637177.938318967819214,-4.144076837386294,-1.805458662549126,-0.919602816769375,0.485832468391042,0.413599033100500,-0.733900167387298,0.233009005800838,-1.598072001681628,0.243186961012934,-0.160162592407996,-1.587218695881292,0.198511677818925,-0.148021572073243,-0.010853305800336,0.044675283194009,-0.012141020334753,-0.079360859109579,0.009925574425172,-0.007401071545444,0.017589507855278
1403637177.988318920135498,-4.222585023375375,-1.796985757305737,-0.927657195008720,0.489650277268227,0.408051295655936,-0.736689798731269,0.225886888796014,-1.578986867374297,0.189472434339101,-0.177966456422685,-1.570165217207866,0.169458266475784,-0.161087718412130,-0.008821650166432,0.020014167863316,-0.016878738010555,-0.078508185989081,0.008472905243389,-0.008054378239346,0.020382399069451
1403637178.038319110870361,-4.298067039579920,-1.793590790641074,-0.936798839356274,0.496681177962027,0.403935788647016,-0.737494117243827,0.215049094718196,-1.547468831229924,0.144507076118141,-0.195188001915197,-1.509634565292058,0.067899074278836,-0.182832189501612,-0.037834265937866,0.076608001839305,-0.012355812413585,-0.075482016204545,0.003394966664662,-0.009141644347553,0.027164573050828
1403637178.088319063186646,-4.373890605897243,-1.789675321777092,-0.946686580622144,0.505394884568875,0.400992072963821,-0.736967051366295,0.201645563482710,-1.501198407541874,0.093209034966056,-0.218967091519117,-1.516472772567586,0.078309451961348,-0.197755013911282,0.015274365025712,0.014899583004708,-0.021212077607835,-0.075823566317323,0.003915468863982,-0.009887741265870,0.032528905562448
1403637178.138319015502930,-4.447543005087836,-1.788889219057887,-0.958192011576025,0.511167506957698,0.395816115752885,-0.738515215993864,0.191396598941797,-1.450975299614542,0.023745062342224,-0.249208470465107,-1.473049388621221,0.015722069377836,-0.230108838526514,0.022074089006679,0.008022992964388,-0.019099631938593,-0.073652399190593,0.000786102719205,-0.011505430953881,0.025888540297775
1403637178.188318967819214,-4.515837512723852,-1.799172570815681,-0.969293016946321,0.515777464423277,0.391261970997202,-0.740211343644675,0.181589768390801,-1.399113890045509,-0.053927848702112,-0.204029530148179,-1.365891455335933,-0.205667231295433,-0.222020319140992,-0.033222434709576,0.151739382593320,0.017990788992813,-0.068294507636017,-0.010283351757794,-0.011101005370296,0.023752420890411
1403637178.238318920135498,-4.574544300159586,-1.832384399836152,-0.979725570324185,0.522387728665588,0.387504536325360,-0.739487086364417,0.173522748846200,-1.328267621978983,-0.157557472314783,-0.161388364109596,-1.174136868458844,-0.664237213875383,-0.208651266542627,-0.154130753520139,0.506679741560599,0.047262902433031,-0.058706787435733,-0.033211829020471,-0.010432553377864,0.022218598597110
1403637178.288319110870361,-4.640094481456449,-1.844331277163912,-0.986203999468156,0.529540492946170,0.384455269970389,-0.737458966901675,0.167138516981085,-1.260380838746562,-0.244986257699970,-0.128189373221521,-1.310998624874405,-0.238936635084281,-0.129568088616398,0.050617786127844,-0.006049622615689,0.001378715394877,-0.065550181296864,-0.011946877327760,-0.006478429143972,0.020526341300605
1403637178.338319063186646,-4.702239077024045,-1.860810758438117,-0.990681409853988,0.537847653377792,0.382020761782642,-0.733991661628089,0.161357615201294,-1.214387531555340,-0.345714913486349,-0.097736474323652,-1.242893096667129,-0.329589939805553,-0.089548293116550,0.028505565111789,-0.016124973680796,-0.008188181207101,-0.062144595567595,-0.016479481274205,-0.004477410385832,0.021943380174204
1403637178.388319015502930,-4.761281215251732,-1.883009561962010,-0.993385779251340,0.543431522633727,0.381528241309934,-0.731659459125276,0.154249204741702,-1.133529911214600,-0.440395665353867,-0.048167162888066,-1.180843890694246,-0.443976493886838,-0.054087439528835,0.047313979479646,0.003580828532970,0.005920276640769,-0.059042138227688,-0.022198803523893,-0.002704369397352,0.018696681683863
1403637178.438318967819214,-4.811225528221417,-1.916381263222712,-0.992758409208486,0.548756045037154,0.380167925638377,-0.729282176744122,0.149955520186320,-1.037637197573898,-0.522024212959382,-0.021615154399288,-0.998887212006776,-0.667434661729335,0.012547412823229,-0.038749985567123,0.145410448769953,-0.034162567222517,-0.049944312969685,-0.033371701260702,0.000627370042854,0.014736138128270
1403637178.488318920135498,-4.855845714721171,-1.952569667373093,-0.992034075171793,0.550610892022055,0.378584806362707,-0.729381079264512,0.146643892436488,-0.942233091320959,-0.607847962571257,0.018397462912290,-0.892404581058399,-0.723768773247315,0.014486694549438,-0.049828510262560,0.115920810676058,0.003910768362852,-0.044620186499754,-0.036188404150381,0.000724334036692,0.008227613969241
1403637178.588319063186646,-4.932875890850085,-2.032212237600674,-0.987941361909148,0.552069675384573,0.373368205592818,-0.730886087271246,0.147040076191834,-0.759090221540452,-0.770491471754340,0.036624302625862,-0.770300659365215,-0.796424562981335,0.040927074079804,0.011210437824763,0.025933091226995,-0.004302771453942,-0.077030176128915,-0.079642570227581,0.004092713262645,0.011271746490001
1403637178.638319015502930,-4.964628043205204,-2.078044753474070,-0.985218175491858,0.551546409641435,0.368028750432382,-0.732641676858374,0.153582454066118,-0.669533088823489,-0.853010288182506,0.015273325388047,-0.635043652727196,-0.916651191654616,0.054463780286501,-0.034489436096293,0.063640903472110,-0.039190454898454,-0.031752152355119,-0.045832515873396,0.002723186417290,0.017282228573328
1403637178.688318967819214,-4.994202664111381,-2.126451220520951,-0.982577437962290,0.551261272922318,0.362186239255148,-0.733854925107964,0.162447179000017,-0.598630189215712,-0.910364613901033,0.013196067284379,-0.591492982215213,-0.968130264218590,0.052814800959494,-0.007137207000500,0.057765650317558,-0.039618733675114,-0.029574620906177,-0.048406467046881,0.002640737529569,0.021379677027997
1403637178.738318920135498,-5.019841191912495,-2.184933071364148,-0.985391568137061,0.552859743768598,0.355109938246719,-0.733753861367564,0.172766624111029,-0.538398124070836,-0.974108454307928,-0.011712032512057,-0.512771045038851,-1.169638132317791,-0.056282657170746,-0.025627079031985,0.195529678009863,0.044570624658689,-0.025638527801114,-0.058481850843197,-0.002814130174771,0.025229539554770
1403637178.788319110870361,-5.045648153163587,-2.236400667498417,-0.984934521233798,0.554763891158182,0.348670838819236,-0.732924204053265,0.182996673021699,-0.477713789912986,-1.015462500381383,-0.037326031052233,-0.516137256114448,-1.029347996034389,0.009140903195475,0.038423466201463,0.013885495653007,-0.046466934247708,-0.025806961251091,-0.051467596134269,0.000457046903263,0.024530136281361
1403637178.838319063186646,-5.068637086551380,-2.288841789618120,-0.985041637036683,0.556860437496990,0.343061622960635,-0.731774381878898,0.191628364361941,-0.433332108257221,-1.036975603981676,-0.053169586215828,-0.459779106235395,-1.048823442630035,-0.002142318100781,0.026446997978174,0.011847838648358,-0.051027268115047,-0.022988933387794,-0.052441122119703,-0.000107115802885,0.021136512014889
1403637178.888319015502930,-5.092977038723546,-2.346740932995805,-0.984521150298102,0.556393289525788,0.336911193915386,-0.732319338632831,0.201558282016778,-0.381336514178557,-1.064125533427285,-0.084575593878302,-0.486799507691514,-1.157983971893277,0.010409744699139,0.105462993512958,0.093858438465992,-0.094985338577441,-0.024339952172166,-0.057899143377685,0.000520486738582,0.023404940508151
1403637178.938318967819214,-5.114796898670222,-2.402166792304897,-0.988636158386896,0.556037424968295,0.331862640851097,-0.732552668016597,0.209895588862008,-0.337725696375801,-1.068549772435423,-0.104622837969162,-0.436397615114706,-1.108518243347217,-0.082300240263520,0.098671918738905,0.039968470911794,-0.022322597705642,-0.021819859946675,-0.055425859309092,-0.004115008088795,0.019512089647078
1403637178.988318920135498,-5.134208866237059,-2.458676681728853,-0.993899472438759,0.556748533456218,0.328362633263052,-0.731810364490557,0.216015374441504,-0.298861223903331,-1.069989506151345,-0.121371032177951,-0.388239721590994,-1.130198866320759,-0.105266381427102,0.089378497687664,0.060209360169414,-0.016104650750849,-0.019411967566837,-0.056509889423956,-0.005263314051863,0.014249032692109
1403637179.038319110870361,-5.151075952855980,-2.514499362512241,-1.000448777433034,0.557364104715953,0.325452158734950,-0.730969722172734,0.221606435862457,-0.239872881892862,-1.045528285925268,-0.141949088880604,-0.337340445526752,-1.116449356751450,-0.130985600215086,0.097467563633890,0.070921070826182,-0.010963488665518,-0.016867086618921,-0.055822680783388,-0.006549304994275,0.012777570364691
1403637179.088319063186646,-5.164602537759378,-2.570325430824969,-1.009107449559963,0.555792303968788,0.325063589317997,-0.731811999300092,0.223337805642416,-0.206543133394036,-1.030036684988090,-0.193201823834080,-0.270531956067327,-1.116522431053310,-0.173173607689807,0.063988822673290,0.086485746065220,-0.020028216144273,-0.013526584903397,-0.055826068312727,-0.008658672126929,0.005031349398361
1403637179.138319015502930,-5.176538932711810,-2.625057459592342,-1.020094166857549,0.551861710516169,0.326259395582588,-0.734410974670591,0.222809289626007,-0.170970149652366,-1.028173323643553,-0.207365517965845,-0.238728126717524,-1.094641619279066,-0.219734555506912,0.067757977065158,0.066468295635512,0.012369037541066,-0.011936394952432,-0.054732028767373,-0.010986717297585,0.009780300061333
1403637179.188318967819214,-5.186256476974705,-2.679767415887042,-1.031873697703073,0.549267439965145,0.327128874988099,-0.735907368072810,0.223007453147437,-0.136441486308026,-1.018842978770423,-0.206245728544377,-0.194351070605532,-1.094200169404594,-0.235590841587419,0.057909584297506,0.075357190634171,0.029345113043041,-0.009717544262895,-0.054709956294700,-0.011779530845524,0.006249705295281
1403637179.238318920135498,-5.195524278367295,-2.734544041635668,-1.042092806504247,0.546170919976950,0.330256370479118,-0.737555787588325,0.220543683030049,-0.095021641562272,-1.026261368620635,-0.144721201661099,-0.185356204621251,-1.095533559754742,-0.204382370937690,0.090334563058979,0.069272191134107,0.059661169276591,-0.009267801392590,-0.054776625748626,-0.010219108801174,0.010612667947857
1403637179.288319110870361,-5.204661792760095,-2.790058353034359,-1.049017979485183,0.544336386754810,0.332816213562955,-0.738294798125967,0.218751130521588,-0.069604874916358,-1.011732726708204,-0.046542687699957,-0.182749590721624,-1.110281992584137,-0.138502931271982,0.113144715805266,0.098549265875933,0.091960243572025,-0.009137514392799,-0.055514311398691,-0.006925172980937,0.007396676393334
1403637179.338319063186646,-5.209467960160168,-2.844179948709880,-1.049773183227737,0.544030151296452,0.335118263622292,-0.738183035838789,0.216362541737171,-0.024392406776348,-0.999790909121364,0.057947617187830,-0.096123439671929,-1.082432945798924,-0.015104089255444,0.071731032895581,0.082642036677560,0.073051706443274,-0.004806167400074,-0.054121595675521,-0.000755203742553,0.006666654966104
1403637179.388319015502930,-5.212280260316853,-2.898394128076003,-1.045649006379963,0.542864867110080,0.337157881699577,-0.738531025883889,0.214928412901365,0.006990684353105,-1.014905522548285,0.160981685587960,-0.056246056774117,-1.084284621376852,0.082483615617981,0.063236741127223,0.069379098828566,0.078498069969978,-0.002812300156685,-0.054214179366123,0.004124176847774,0.005548245366255
1403637179.438318967819214,-5.213877301876948,-2.953044735830932,-1.037284770798934,0.542191620931938,0.338713678968148,-0.738546398864764,0.214127313986210,0.039547981869803,-1.021126508467700,0.222822869005250,-0.031940861663084,-1.093013197477188,0.167284871155855,0.071488843532886,0.071886689009488,0.055537997849395,-0.001597041560095,-0.054650607754929,0.008364235581029,0.003750073272695
1403637179.488318920135498,-5.214000156977743,-3.007666765697114,-1.027134338358203,0.541131170271605,0.338885702565073,-0.739080301303144,0.214694772603140,0.071722174251796,-1.028314017784127,0.209159584635455,-0.002457104359173,-1.092441639157176,0.203008842418946,0.074179278610970,0.064127621373049,0.006150742216509,-0.000122855100795,-0.054622029866182,0.010150432440731,0.002654211050260
1403637179.538319110870361,-5.213115193376854,-3.062812845120884,-1.018089642650699,0.540950584274391,0.338961460233164,-0.738961831129584,0.215436779551239,0.085549157583958,-1.041342855607088,0.179541955048008,0.017699204500672,-1.102917381179489,0.180893224097190,0.067849953083286,0.061574525572401,-0.001351269049182,0.000884963600889,-0.055146079423770,0.009044695707504,0.001553010045026
1403637179.588319063186646,-5.209914942400828,-3.117322115160775,-1.010307377951495,0.541978371321963,0.338822149494974,-0.738296149531543,0.215355036202306,0.117762948830527,-1.035160997050985,0.131220005436879,0.064005080560527,-1.090186440480633,0.155645442419147,0.053757868270000,0.055025443429649,-0.024425436982267,0.003200250976026,-0.054509270039891,0.007782264699204,0.002470277600351
1403637179.638319015502930,-5.206752072785677,-3.172371944155245,-1.004693378168325,0.542017068578854,0.338291877759814,-0.738240336629114,0.216280623692133,0.147353456904341,-1.043938771600060,0.061759957622117,0.063257452630030,-1.100997629882559,0.112280102742048,0.084096004274311,0.057058858282499,-0.050520145119931,0.003162869615151,-0.055049828994470,0.005613999783170,0.002137767976787
1403637179.688318967819214,-5.200767694311167,-3.226985419488172,-1.004094693274094,0.543627669357236,0.338194262281977,-0.737270209515171,0.215699411752154,0.161889505125760,-1.047793609205449,-0.052551991156752,0.119687683633273,-1.092270548328900,0.011973709303648,0.042201821492487,0.044476939123451,-0.064525700460400,0.005984378474510,-0.054613475332927,0.000598684894231,0.003940821660987
1403637179.738318920135498,-5.193441709164603,-3.280810043489402,-1.010028817394356,0.545577742407721,0.339009013643314,-0.736167967726275,0.213247600107591,0.183869557132432,-1.051626143487535,-0.191932341094113,0.146519842663493,-1.076493506648807,-0.118682595589787,0.037349714468939,0.024867363161272,-0.073249745504327,0.007325985146564,-0.053824624001230,-0.005934124120262,0.006838986292831
1403637179.788319110870361,-5.185766236614695,-3.335184141905872,-1.022548742839343,0.547994030605224,0.341800107227064,-0.734662520438883,0.207716658414764,0.200831064458243,-1.043896820822438,-0.348758789725288,0.153508865408301,-1.087477819930747,-0.250397553708886,0.047322199049942,0.043580999108310,-0.098361236016402,0.007675472549908,-0.054374098416471,-0.012519925444987,0.013636204702779
1403637179.838319063186646,-5.176968031559841,-3.389387850447780,-1.041816376280902,0.552695157761054,0.345627700173949,-0.731312270142969,0.200628808993844,0.233284151065081,-1.059360012085304,-0.470135745546280,0.175964268909694,-1.084075204692841,-0.385353036332472,0.057319882155387,0.024715192607537,-0.084782709213808,0.008798205054855,-0.054203708541908,-0.019267633441559,0.019820560495162
1403637179.888319015502930,-5.166500987712340,-3.444147906266136,-1.065991420852406,0.557987353400778,0.349159851930528,-0.727391598735014,0.194007663081560,0.280418247035948,-1.068152329580035,-0.544330647409795,0.209341076593227,-1.095202160833276,-0.483501352532891,0.071077170442720,0.027049831253241,-0.060829294876904,0.010467043847501,-0.054760055818355,-0.024175044571503,0.019969526430467
1403637179.938318967819214,-5.153102882011805,-3.499436635743715,-1.092878872187057,0.562484830885403,0.351294353509022,-0.724027412989425,0.189703446084513,0.348406714950596,-1.090030746791823,-0.589173986310208,0.267962369559512,-1.105775644101416,-0.537749539530955,0.080444345391084,0.015744897309593,-0.051424446779253,0.013398105700534,-0.055288729477579,-0.026887451334652,0.014782107980034
1403637179.988318920135498,-5.136734245011199,-3.555704565876897,-1.122218893324151,0.563802455396127,0.351866143749222,-0.722977458527365,0.188734211614276,0.410099230989904,-1.110363298553287,-0.629579252750721,0.327373052219409,-1.125359675890262,-0.586800982358906,0.082726178770495,0.014996377336975,-0.042778270391816,0.016368637000607,-0.056267930133182,-0.029340021137094,0.004052110395633
1403637180.038319110870361,-5.119220206459328,-3.614669850078795,-1.151836095467422,0.561376976827289,0.349348701029185,-0.725177682729507,0.192168424691824,0.477579650711100,-1.139161510165149,-0.625118892826880,0.350279434827406,-1.179301185360956,-0.592341783260844,0.127300215883695,0.040139675195807,-0.032777109566036,0.017514038551870,-0.058965284201898,-0.029617202143271,0.010743433254516
1403637180.088319063186646,-5.096187353469104,-3.673533878332691,-1.181523289724265,0.557785552457871,0.346694115008541,-0.727972702413547,0.196810092801230,0.531777740290057,-1.161548074716982,-0.602249594879337,0.460657499121705,-1.177281687821227,-0.593744451375682,0.071120241168352,0.015733613104245,-0.008505143503655,0.023032852990224,-0.058864028253896,-0.029687194256842,0.014043158672648
1403637180.138319015502930,-5.070919531293659,-3.733910573082527,-1.209223086188907,0.553983612007953,0.342805439840456,-0.730882592922920,0.203463076268600,0.600639483065171,-1.162183615534408,-0.567718749962774,0.505356925454829,-1.207535046591882,-0.553996457625041,0.095282557610342,0.045351431057474,-0.013722292337734,0.025267822175445,-0.060376694749836,-0.027699796464642,0.018144614856542
1403637180.188318967819214,-5.041731242799874,-3.793862663088357,-1.235983937173921,0.549217059854776,0.339201663000223,-0.734363219185873,0.209793982967385,0.650575204712288,-1.165691224216072,-0.539961438277711,0.583766326598649,-1.199042943613067,-0.535217530123490,0.066808878113638,0.033351719396995,-0.004743908154221,0.029188288493785,-0.059952090005830,-0.026760850985014,0.018751320984245
1403637180.238318920135498,-5.009783147013336,-3.853472163447149,-1.260163487596109,0.545927420925047,0.336446047781706,-0.736611054804824,0.214875456843078,0.682174229889449,-1.171867694580516,-0.479300435062438,0.638962525092903,-1.192191144137910,-0.483591469632524,0.043211704796546,0.020323449557393,0.004291034570086,0.031948095786538,-0.059609500358792,-0.024179550422188,0.014041293913838
1403637180.288319110870361,-4.976826722675606,-3.914329650579259,-1.281294829509529,0.541976351035317,0.334225646216789,-0.739173733285784,0.219492697714000,0.700595509760745,-1.182920654941866,-0.401123596464709,0.659125972388552,-1.217145099602111,-0.422625226081097,0.041469537372193,0.034224444660245,0.021501629616389,0.032956424337730,-0.060857487132110,-0.021131341913420,0.013917983485442
1403637180.338319063186646,-4.941979447744208,-3.974506701445482,-1.299816304152627,0.539523405394857,0.332833134132285,-0.740700762593676,0.222483662654056,0.724118159352584,-1.176493552508647,-0.378302926205572,0.696946163287628,-1.203542165111715,-0.370429846131394,0.027171996064956,0.027048612603068,-0.007873080074178,0.034847274931399,-0.060177050866223,-0.018521474643098,0.008771260531543
1403637180.388319015502930,-4.905836081555995,-4.034553784504454,-1.317574926354673,0.532876285405869,0.332363498646394,-0.745299399622203,0.223844084447982,0.731891911936482,-1.185291839271517,-0.346587461370195,0.722868013144921,-1.200942806487752,-0.355172782760095,0.009023898791561,0.015650967216235,0.008585321389900,0.036143366188213,-0.060047083058972,-0.017758622202047,0.016419908673939
1403637180.438318967819214,-4.869117099244165,-4.094164453671835,-1.333738577176246,0.525482697474288,0.333560551846459,-0.750442407598456,0.222354414808575,0.744954172257488,-1.176607607244777,-0.312090697918194,0.734380346596269,-1.192214520331992,-0.323273324728918,0.010573825661219,0.015606913087215,0.011182626810724,0.036718982311830,-0.059610669167381,-0.016163650821573,0.018413943015882
1403637180.488318920135498,-4.832753717036816,-4.154664441311538,-1.346841641047096,0.516589964288009,0.335006690592053,-0.756623919174254,0.220058108209778,0.742107129882681,-1.186047052933364,-0.271317207202022,0.727268337724115,-1.210000906740839,-0.262061527338344,0.014838792158565,0.023953853807475,-0.009255679863678,0.036363382207349,-0.060499987639703,-0.013103063870850,0.022330017922218
1403637180.538319110870361,-4.795247257531940,-4.213549279346272,-1.357453536596170,0.510494189190241,0.336171668114883,-0.760882599330636,0.217811759085018,0.721852440692596,-1.213294404314440,-0.197825976127539,0.750126328592674,-1.177692268155205,-0.212237101361193,-0.028273887900078,-0.035602136159235,0.014411125233654,0.037506459504876,-0.058884838034734,-0.010611895549074,0.015709666445789
1403637180.588319063186646,-4.759981971271978,-4.274614128540211,-1.365958822750843,0.508268178129434,0.337673203992933,-0.762531998140942,0.214907464312703,0.681225866521364,-1.252875535979086,-0.114614233732751,0.705306397831825,-1.221298148599461,-0.170105885319066,-0.024080531310461,-0.031577387379625,0.055491651586316,0.035265286259961,-0.061064849193939,-0.008505286154673,0.008570929448387
1403637180.638319015502930,-4.725832843235330,-4.336718384727340,-1.370671525678312,0.514243297032790,0.341039061434279,-0.758517227833745,0.209518030518338,0.662653080866442,-1.289740769331771,-0.043029106178312,0.682983212076511,-1.242086308288391,-0.094254148437153,-0.020330131210069,-0.047654461043380,0.051225042258841,0.034149128036648,-0.062104256187129,-0.004712702927470,0.019203762944708
1403637180.688318967819214,-4.691723155502827,-4.400149022359060,-1.373661323666157,0.522313921012124,0.342011965125334,-0.753078412461862,0.207578631636228,0.670264602303451,-1.316130337532661,-0.025604219291907,0.682194405241341,-1.268613962478957,-0.059796016782822,-0.011929802937890,-0.047516375053704,0.034191797490915,0.034109687732503,-0.063430637631720,-0.002989797987845,0.019942348652513
1403637180.738318920135498,-4.657396770198069,-4.464517721962412,-1.375102845162302,0.527406596762279,0.340678850161038,-0.749948796961567,0.208223448920822,0.680633467385862,-1.326039520463388,0.017698104650262,0.686528360819624,-1.287375219803725,-0.028830457417757,-0.005894893433762,-0.038664300659663,0.046528562068019,0.034326385304758,-0.064368699603352,-0.001441521496145,0.012316321554717
1403637180.788319110870361,-4.621702209764091,-4.528202743499902,-1.375147923289397,0.533610216049727,0.339909972105966,-0.746176943935012,0.207222866812744,0.691704071508908,-1.345445190240198,0.070543220260629,0.713888485411120,-1.273695571986776,-0.000901559102740,-0.022184413902212,-0.071749618253423,0.071444779363369,0.035694560433979,-0.063685021537490,-0.000045078127096,0.014738297226217
1403637180.838319063186646,-4.586152542282482,-4.593316499881123,-1.372810625483029,0.537920178089473,0.340170471688653,-0.743721394758889,0.204461290158313,0.696348421804964,-1.361869120518068,0.094971956444317,0.710994027688909,-1.302276369571946,0.046746000707821,-0.014645605883944,-0.059592750946122,0.048225955736496,0.035549667481608,-0.065113756381221,0.002337297806368,0.011366573297224
1403637180.888319015502930,-4.549180013499766,-4.658299631826012,-1.369297327710077,0.544157047618670,0.342177056384888,-0.739900227370108,0.198382517244761,0.722751600135103,-1.387994916395714,0.134356929422417,0.739451280850012,-1.299663878353850,0.070266022469944,-0.016699680714909,-0.088331038041864,0.064090906952472,0.036972528782716,-0.064983131944889,0.003513297772952,0.019440006981572
1403637180.938318967819214,-4.511188989516196,-4.724863719759198,-1.364443578101800,0.547539083315749,0.343464425658312,-0.738165262774588,0.193249024271481,0.765322392795120,-1.399474212214983,0.151904790598234,0.759821204293379,-1.331283028274146,0.097075084743551,0.005501188501741,-0.068191183940837,0.054829705854683,0.037991023983571,-0.066564087933186,0.004853749608277,0.013032035540637
1403637180.988318920135498,-4.471065912551542,-4.792305450725602,-1.357614692119864,0.551381249595135,0.344963101328624,-0.736061704878533,0.187596223117506,0.807992766045085,-1.411054395900057,0.194199643176482,0.802462304580763,-1.348835905678248,0.136577849889505,0.005530461464322,-0.062218490221809,0.057621793286977,0.040123076964654,-0.067441730966404,0.006828885981936,0.014613367128865
1403637181.038319110870361,-4.428498800779927,-4.860542436318271,-1.349576937788838,0.554314828670139,0.346800276698793,-0.734624626465358,0.181083673998151,0.859130418687872,-1.438629010087872,0.224171770163891,0.851338987831793,-1.364734505804383,0.160754473390869,0.007791430856079,-0.073894504283489,0.063417296773022,0.042567111771615,-0.068236985592669,0.008037754331026,0.015027954693800
1403637181.088319063186646,-4.383190316439330,-4.930934283663174,-1.338489581771583,0.555039619450018,0.345294908499078,-0.734940273350217,0.180458420732588,0.919726823381679,-1.462855101866674,0.257247852961777,0.906170551003527,-1.407838289517270,0.221747331819841,0.013556272378152,-0.055016812349405,0.035500521141936,0.045308484340597,-0.070391847344903,0.011087356017255,0.003623275087724
1403637181.138319015502930,-4.334030157784434,-5.002274797825375,-1.325915007760542,0.554046168546780,0.340890324874142,-0.736761931732081,0.184413897188495,0.978155541573705,-1.480049567508400,0.281291928761235,0.983204110754428,-1.426811643957657,0.251491720062014,-0.005048569180723,-0.053237923550744,0.029800208699221,0.049160158654896,-0.071340514162202,0.012574574011041,0.012546180917761
1403637181.188318967819214,-4.283007407946890,-5.074854834207524,-1.311605635484130,0.551693188418897,0.334784498894656,-0.739541607467277,0.191395339485477,1.024528626464710,-1.494117802001349,0.324004423398923,1.020455969933524,-1.451602111998617,0.286187718458122,0.004072656531185,-0.042515690002732,0.037816704940801,0.051022749837544,-0.072580036382148,0.014309372276412,0.019928430101648
1403637181.238318920135498,-4.229926189906273,-5.148655046518280,-1.294801387369009,0.550890978459632,0.328154804089522,-0.741099174351186,0.199011477510086,1.063377438921315,-1.500079615429134,0.364341191898722,1.061625373257198,-1.476005653843802,0.336085282818312,0.001752065664118,-0.024073961585332,0.028255909080410,0.053081218040617,-0.073800212310756,0.016804248115120,0.020496720351116
1403637181.288319110870361,-4.175568719949309,-5.223280713000368,-1.276754578448426,0.550698863256910,0.321958281092854,-0.742012577386952,0.206133360334648,1.083358158778140,-1.504576318016290,0.409803411364163,1.087145252009251,-1.492507636176968,0.360934801554663,-0.003787093231111,-0.012068681839322,0.048868609809500,0.054357469956964,-0.074625666482088,0.018046808920583,0.018972611883463
1403637181.338319063186646,-4.120573576566549,-5.297398873737833,-1.256241570056897,0.552890456009695,0.317817450898908,-0.741042231951026,0.210144288579427,1.101254212888696,-1.501455593715906,0.444563912359276,1.099903916605329,-1.482364628442383,0.410260559085552,0.001350296283367,-0.019090965273523,0.034303353273724,0.054995143382761,-0.074118160737465,0.020513008391530,0.012486600137887
1403637181.388319015502930,-4.063364136213362,-5.370285235282180,-1.233483422962543,0.556475999945509,0.315754392115013,-0.738947604444282,0.211163593525923,1.139551081747327,-1.471354267241663,0.476504481084967,1.144189898248243,-1.457728621085284,0.455163375964685,-0.004638816500916,-0.013625646156379,0.021341105120282,0.057209440353186,-0.072886361544347,0.022758147094353,0.009495014725690
1403637181.438318967819214,-4.002795875960299,-5.440010675298916,-1.208653374805343,0.559105745302355,0.315147088032629,-0.737421992248196,0.210456370355365,1.167871602432606,-1.458859801933907,0.515599454217019,1.211366360310256,-1.394510130243215,0.496601436740043,-0.043494757877649,-0.064349671690693,0.018998017476976,0.060568260253063,-0.069725440016736,0.024830048157200,0.006359888237117
1403637181.488318920135498,-3.941886074321562,-5.510364455083367,-1.183158916179625,0.558884676286105,0.315545075296081,-0.738125596197728,0.207965930639409,1.211591707116981,-1.428482274212755,0.539276266718196,1.218197194538122,-1.407076937582159,0.509889658783040,-0.006605487421142,-0.021405336630596,0.029386607935155,0.060909801638737,-0.070353779784451,0.025494458625718,0.005255327902538
1403637181.538319110870361,-3.878910372151346,-5.579936424508295,-1.156371709235768,0.557263777125094,0.315873286699205,-0.739973039337821,0.205234135823606,1.247709939461524,-1.419049520022506,0.569002817191622,1.259509238757861,-1.391434080598772,0.535742095183231,-0.011799299296338,-0.027615439423734,0.033260722008391,0.062975702170216,-0.069571969424928,0.026787206943857,0.007378563904764
1403637181.588319063186646,-3.813835743331062,-5.648709502972832,-1.127955217236533,0.554962660497514,0.315098080534510,-0.742382879283012,0.203954175354302,1.285622987362473,-1.403290591709708,0.611386880141930,1.301493817606905,-1.375462881034369,0.568330381986773,-0.015870830244432,-0.027827710675339,0.043056498155157,0.065074628820284,-0.068773078464537,0.028416491999234,0.007305265095574
1403637181.638319015502930,-3.746964657052096,-5.716715959222326,-1.097664570241985,0.552813674701677,0.314597606959066,-0.744758450240256,0.201891648054568,1.323003143852467,-1.383616998745686,0.656552924862257,1.337423001045279,-1.360130422111326,0.605813517639767,-0.014419857192812,-0.023486576634361,0.050739407222490,0.066871086278966,-0.068006456249494,0.030290646994549,0.007685307581275
1403637181.688318967819214,-3.678466376767392,-5.784594497706398,-1.065850564628139,0.551673599614818,0.313080032806592,-0.746361425875416,0.201449136287721,1.356703106986122,-1.374866449014545,0.662431421437058,1.369966912196344,-1.357572064363048,0.636280719081492,-0.013263805210222,-0.017294384651497,0.026150702355566,0.068498280284704,-0.067878538484072,0.031814005613846,0.005047040099548
1403637181.738318920135498,-3.608455180244920,-5.852116347914341,-1.034469924148742,0.549773431996853,0.310227219846852,-0.748486965756057,0.203163745854879,1.370950705456988,-1.368053219641920,0.648709348914220,1.400225265808325,-1.350438292037182,0.627613408126724,-0.029274560351336,-0.017614927604739,0.021095940787496,0.070011196522473,-0.067521850207943,0.031380640479397,0.008765161779114
1403637181.788319110870361,-3.538734324673626,-5.919807584692120,-1.002820314861847,0.549892912597843,0.306602091508541,-0.749176577658973,0.205784833368347,1.381059445440667,-1.362139780183006,0.633644887846753,1.394411792167021,-1.353819571143757,0.632989771073551,-0.013352346726354,-0.008320209039248,0.000655116773203,0.069720855571294,-0.067691236777779,0.031649609286895,0.009055723149289
1403637181.838319063186646,-3.468860130223838,-5.987472230498165,-0.972475848195423,0.550315784125740,0.303479320434255,-0.749373440396868,0.208548043957733,1.389765926650566,-1.345637108499141,0.606475332387435,1.397485221741529,-1.353294206722824,0.606889912103808,-0.007719295090963,0.007657098223683,-0.000414579716373,0.069874194449788,-0.067664645806045,0.030344466666424,0.008391575069537
1403637181.888319015502930,-3.398374382457606,-6.054691028771608,-0.943736231712291,0.550558446854847,0.301309509131099,-0.749630013058985,0.210125723853937,1.403316826547363,-1.333388588416818,0.573520703288046,1.409716299734863,-1.344377247566920,0.574792877827853,-0.006399473187500,0.010988659150101,-0.001272174539807,0.070485747766232,-0.067218798273443,0.028739616483132,0.005411792362708
1403637181.938318967819214,-3.327205630100449,-6.121641039691504,-0.916793445950428,0.550014461689633,0.300033982464087,-0.750320351094539,0.210910104149543,1.409525469322270,-1.325509848045081,0.542928126374447,1.423376404580654,-1.339001495369246,0.538856229130605,-0.013850935258384,0.013491647324165,0.004071897243842,0.071168752357157,-0.066950010919895,0.026942785761863,0.003472582869874
1403637181.988318920135498,-3.256592241215740,-6.188124665084866,-0.891790901696581,0.550641748491870,0.299197062607126,-0.750002748178414,0.211590784936183,1.414755416844663,-1.307273507854928,0.511961307908889,1.412269124538975,-1.329673775942984,0.500051361963078,0.002486292305689,0.022400268088056,0.011909945945811,0.070613388884709,-0.066483625393363,0.025002544253847,0.002575361530847
1403637182.038319110870361,-3.185126522792752,-6.253727339874739,-0.867325865395103,0.552068083184279,0.298620884143484,-0.748936113575527,0.212464342573018,1.431648198541497,-1.292483857534990,0.501797571463740,1.429308916078957,-1.312048490729653,0.489298859502536,0.002339282462541,0.019564633194663,0.012498711961204,0.071465718422989,-0.065602674789872,0.024465036301478,0.004131453068675
1403637182.088319063186646,-3.113586975216913,-6.318508789230990,-0.843739652495644,0.555749464537409,0.297604851443770,-0.746072192965295,0.214359902844420,1.439220687873398,-1.281069474343397,0.496215363205299,1.430792316026662,-1.295630222734302,0.471724707860926,0.008428371846736,0.014560748390905,0.024490655344373,0.071539547575839,-0.064781449356252,0.023586212899459,0.010272319915434
1403637182.138319015502930,-3.041415915026580,-6.382493148459178,-0.821059752156991,0.557392968397263,0.296199771555193,-0.744505373442742,0.217463843033326,1.456549687057888,-1.254858295344145,0.457880885660386,1.443422580361706,-1.279688404969727,0.453598439358239,0.013127106696183,0.024830109625582,0.004282446302147,0.072171060190333,-0.063984359228188,0.022679900338653,0.008188954991808
1403637182.188318967819214,-2.969345968402606,-6.444627503561372,-0.799426296942402,0.558583099193633,0.293547064626098,-0.742973118673634,0.223172549998900,1.467401460249839,-1.225767901533988,0.437159537349279,1.441400307105920,-1.242688287163769,0.432669516917582,0.026001153143919,0.016920385629781,0.004490020431697,0.072069946623973,-0.062134355102193,0.021633455214589,0.013174302585713
1403637182.238318920135498,-2.896569069845743,-6.504956687439872,-0.779125977012496,0.559688423706006,0.290892299982562,-0.741320214844919,0.229292122068390,1.485128030100050,-1.189351256922952,0.399572918820942,1.455539359247761,-1.206584828258967,0.406006785796364,0.029588670852289,0.017233571336015,-0.006433866975422,0.072776898556863,-0.060329183878500,0.020300319929906,0.013921345710058
1403637182.288319110870361,-2.824576859443834,-6.563901913854108,-0.760504011869056,0.559868771235305,0.288275168919558,-0.740222782228629,0.235615404100788,1.489304885314279,-1.152792455729214,0.385091053261492,1.439838715489379,-1.178900031138000,0.372437882131031,0.049466169824899,0.026107575408786,0.012653171130461,0.071992210401910,-0.058945226414236,0.018621965143440,0.013866556429531
1403637182.338319063186646,-2.752217848067207,-6.620891393176987,-0.742238873830947,0.560743643060915,0.286078262885735,-0.738562845527141,0.241351854100826,1.492591766883191,-1.101961809698478,0.360450538846267,1.447181607672467,-1.139790673446669,0.365303109142362,0.045410159210725,0.037828863748192,-0.004852570296095,0.072359011376627,-0.056989479322879,0.018265138038108,0.012845884494820
1403637182.388319015502930,-2.680594328345984,-6.675947429618698,-0.724287134501138,0.562251656794869,0.285146059449069,-0.736720617226188,0.244555783750777,1.505349031165023,-1.059346950115483,0.356605173050718,1.432471760535981,-1.101121778945770,0.359035128998759,0.072877270629041,0.041774828830288,-0.002429955948041,0.071623519721223,-0.055056036441711,0.017951739329809,0.008198073556529
1403637182.438318967819214,-2.606799604915388,-6.727959431239419,-0.706900926189745,0.563976583758590,0.283141386182782,-0.734288625852568,0.250163111481351,1.505658508830502,-0.998324025546320,0.365547779345286,1.475895876135915,-1.040241024465565,0.347724497843790,0.029762632694586,0.041916998919245,0.017823281501496,0.073794723430596,-0.052012001620721,0.017386208311393,0.013319303010487
1403637182.488318920135498,-2.532558678518861,-6.777061420514332,-0.687626102217371,0.569644905234961,0.284863289181968,-0.729637162508349,0.248972286616500,1.518510066320822,-0.933386230979196,0.381222544312160,1.484819943965197,-0.982040722045273,0.385496847085931,0.033690122355625,0.048654491066077,-0.004274302773772,0.074240926396528,-0.049101989274913,0.019274823972374,0.015251134407269
1403637182.538319110870361,-2.457213448189349,-6.823499275173807,-0.667308515631113,0.572695283775779,0.287208821507587,-0.726827857136076,0.247492365296757,1.540688572504183,-0.890381734562113,0.421977772952363,1.506898858227284,-0.928753550275885,0.406350181622221,0.033789714276899,0.038371815713772,0.015627591330143,0.075345230329512,-0.046437854659476,0.020317586586257,0.009977724498190
1403637182.588319063186646,-2.382382413926040,-6.867011483709081,-0.644658980160665,0.575581677339416,0.289726107219652,-0.724449356189623,0.244821661261685,1.558920422544176,-0.825888228794143,0.459515341644599,1.496622112556236,-0.870245000635789,0.452991141414986,0.062298309987940,0.044356771841646,0.006524200229613,0.074831034263308,-0.043512208535274,0.022649535470448,0.010480073431642
1403637182.638319015502930,-2.303948678976907,-6.907526401997761,-0.620910420225029,0.576369470412209,0.291663837998966,-0.723649669741653,0.243025913563265,1.605309578053904,-0.761720829065329,0.475794983511399,1.568676194988859,-0.810299138535071,0.474971651680980,0.036633383065044,0.048578309469743,0.000823331830419,0.078433734949133,-0.040514918288680,0.023748559935636,0.005740951965465
1403637182.688318967819214,-2.223800776467522,-6.944838397312918,-0.595610085568944,0.575288336741022,0.292122173616561,-0.724223158760011,0.243328546633882,1.635456935140917,-0.705318446445346,0.509018484145802,1.602959578889076,-0.746240617973657,0.506007175687740,0.032497356251842,0.040922171528310,0.003011308458062,0.080147902509385,-0.037311995315157,0.025300334656085,0.002682833019355
1403637182.738318920135498,-2.142438981537820,-6.979160977149020,-0.570097517233559,0.574980232019683,0.291286387945229,-0.724110320392600,0.245385853066838,1.669486883132981,-0.648566115876933,0.485036755550802,1.627237450448618,-0.686452251373908,0.510251853321791,0.042249432684363,0.037886135496975,-0.025215097770989,0.081361794929703,-0.034322579836101,0.025512568335385,0.004489414473856
1403637182.788319110870361,-2.059359750068308,-7.010497574195985,-0.546231800353373,0.572909241148834,0.289523744844489,-0.725615028323295,0.247858494405323,1.691853910937299,-0.595128535093042,0.461163980532130,1.661578290972079,-0.626729550155803,0.477312516800965,0.030275619965219,0.031601015062761,-0.016148536268836,0.083079231469512,-0.031336597046965,0.023865716880186,0.007943308068572
1403637182.838319063186646,-1.974775176486803,-7.038510814584052,-0.524175941329835,0.571173933238094,0.286927412915417,-0.726954428495159,0.250938750690818,1.716442979438522,-0.531985798525374,0.430956948503782,1.691693084954341,-0.560265342072013,0.441117601153298,0.024749894484181,0.028279543546639,-0.010160652649516,0.084584573581505,-0.028013240388067,0.022055859023539,0.009172620455532
1403637182.888319015502930,-1.889283759070414,-7.063942567885062,-0.503831300369133,0.570150280739139,0.284737717628967,-0.727832994608744,0.253203912867465,1.733077047108701,-0.473861241945340,0.382290970327163,1.709829978948707,-0.508635551092848,0.406893207257632,0.023247068159994,0.034774309147508,-0.024602236930469,0.085491417416389,-0.025431753301009,0.020344640960702,0.006854335703645
1403637182.938318967819214,-1.803645347066984,-7.087135271755834,-0.484426835049069,0.569237096157114,0.281528931096706,-0.728566837605027,0.256711808174795,1.746420507938416,-0.417006229756145,0.342802647232784,1.712769873493237,-0.463854519781586,0.388089676512442,0.033650634445180,0.046848290025441,-0.045287029279658,0.085638412003430,-0.023192703870772,0.019404465320064,0.009792674816891
1403637182.988318920135498,-1.717273976230624,-7.107075882898870,-0.468559274629139,0.567649572941281,0.278050190607015,-0.729708488839513,0.260744271573776,1.762268794401491,-0.361026107626866,0.271758369545081,1.727429064131951,-0.398812603198071,0.317351511048581,0.034839730269541,0.037786495571204,-0.045593141503500,0.086371370836361,-0.019940611143037,0.015867560419930,0.011346555475354
1403637183.038319110870361,-1.631213321634487,-7.125093131228274,-0.456950983586807,0.565643493942022,0.274143593046558,-0.731093546669882,0.265320474464823,1.766700180839266,-0.298982375565945,0.182150522758281,1.721206526040900,-0.360343591986358,0.232164935207701,0.045493654798366,0.061361216420413,-0.050014412449421,0.086060654596136,-0.018017248329404,0.011608291042332,0.012983993771945
1403637183.088319063186646,-1.543662580086602,-7.139086887379158,-0.449794296059344,0.564488149761019,0.270668366089753,-0.731786406686663,0.269407533982084,1.766636857647193,-0.241433454364553,0.093043719662348,1.751016500857171,-0.279875389927657,0.143133887052371,0.015620356790021,0.038441935563103,-0.050090167390023,0.087550741547885,-0.013993756150884,0.007156687527463,0.011062768385641
1403637183.138319015502930,-1.456461338904958,-7.149850641096005,-0.447087883194591,0.562298399541256,0.267599320583847,-0.733089144299434,0.273480200392513,1.766756668608915,-0.171245779210189,0.012803121510164,1.744026486866136,-0.215275279639445,0.054128308915842,0.022730181742779,0.044029500429257,-0.041325187405678,0.087201241181643,-0.010763753716847,0.002706412864753,0.011401380851385
1403637183.188318967819214,-1.370166567057398,-7.157136342661340,-0.449000887526357,0.560896565276278,0.265744169377780,-0.733988191222278,0.275747012040452,1.770758411134572,-0.090941542625873,-0.072801646542274,1.725897082894933,-0.145714170270547,-0.038260123123029,0.044861328239639,0.054772627644673,-0.034541523419245,0.086294771847561,-0.007285701565334,-0.001913004331767,0.006738978101093
1403637183.238318920135498,-1.283030460947810,-7.160662346473667,-0.453549521814007,0.559077244246634,0.264123345303256,-0.735120380173903,0.277973955766332,1.766307375090640,-0.018562953343811,-0.113245535844915,1.742723784182667,-0.070520143499795,-0.090972772511386,0.023583590907973,0.051957190155984,-0.022272763333530,0.087136106109588,-0.003526003812327,-0.004548634287649,0.006979439011430
1403637183.288319110870361,-1.196587578427244,-7.160330454688576,-0.459486431026353,0.557556881728998,0.263014971937374,-0.736143025097755,0.279368743372168,1.750782219602697,0.064925154788484,-0.137731213810803,1.728851055367928,0.006637810380587,-0.118737731298413,0.021931164234769,0.058287344407897,-0.018993482512390,0.086442882520566,0.000331891785091,-0.005936909212346,0.005111255173994
1403637183.338319063186646,-1.111124155010829,-7.156593939927506,-0.466594784271707,0.555664711794340,0.261567175443940,-0.737449520294375,0.281047230575910,1.745786152943115,0.135468622741927,-0.161425495678606,1.709270098415290,0.074730366489817,-0.142167200488295,0.036516054527825,0.060738256252110,-0.019258295190311,0.085463423416415,0.003736514761069,-0.007108353245354,0.006387700497368
1403637183.388319015502930,-1.026142338304871,-7.148474200965603,-0.475288103872877,0.553977552073561,0.260190339835184,-0.738591742094394,0.282651901399946,1.720997385630090,0.208611578411430,-0.170343317575245,1.699637955020233,0.162394934109938,-0.173866557835471,0.021359430609857,0.046216644301492,0.003523240260226,0.084981816705958,0.008119738961903,-0.008693319601170,0.005872590401351
1403637183.438318967819214,-0.942552561769890,-7.136338727078134,-0.484687271137424,0.554056047410207,0.259467551612509,-0.738696325880168,0.282889066808049,1.704441770231129,0.285787604662252,-0.195586368802861,1.671797125049594,0.242709709215406,-0.187983524566011,0.032644645181535,0.043077895446846,-0.007602844236850,0.083589776534981,0.012135473887469,-0.009399167264548,0.001543722204368
1403637183.488318920135498,-0.861516926057804,-7.123612761574031,-0.493316764701213,0.554289927676255,0.258703517899994,-0.738760479713714,0.282963106280629,1.687811119851914,0.359662318159942,-0.202541211722431,1.620714259875291,0.254519552810820,-0.172590035870465,0.067096859976623,0.105142765349122,-0.029951175851966,0.081035635712086,0.012725965504103,-0.008629493563789,0.001610024950472
1403637183.538319110870361,-0.780482458521861,-7.103140772635530,-0.505134937953708,0.552474542947533,0.257440035945396,-0.739978031614696,0.284480262962104,1.665861867735607,0.444827571055147,-0.223972178614964,1.620683168303207,0.409438216887182,-0.236362563398257,0.045178699432400,0.035389354167965,0.012390384783293,0.081034467535943,0.020471988938501,-0.011818173252494,0.005891081959281
1403637183.588319063186646,-0.699711025168657,-7.078085841122723,-0.517995441058019,0.551764098382215,0.256264104620672,-0.740384096624676,0.285860941516482,1.647970381393467,0.523928018093417,-0.251170209775227,1.615430207658380,0.501099108141477,-0.257210307381084,0.032540173735088,0.022828909951941,0.006040097605856,0.080771433353204,0.025054931512806,-0.012860503104311,0.003979301109046
1403637183.638319015502930,-0.622149262442701,-7.049557528487691,-0.531926727042948,0.550732995085455,0.254543086372824,-0.741008813892328,0.287761920757224,1.619743411753397,0.602691018929997,-0.266546023556668,1.551236733893739,0.570566796835544,-0.278625985417033,0.068506677859657,0.032124222094454,0.012079961860364,0.077561762725955,0.028528312635032,-0.013931285984929,0.005667125171728
1403637183.688318967819214,-0.543807778392363,-7.015710918451401,-0.547014342564697,0.550578238306416,0.253124728061230,-0.741071506251498,0.289144424413594,1.596093627135199,0.687392457989701,-0.290350990505948,1.566831175253406,0.676932846299278,-0.301752598208693,0.029262451881793,0.010459611690424,0.011401607702746,0.078341484050338,0.033846610036290,-0.015087615521750,0.003975393290397
1403637183.738318920135498,-0.466191183916452,-6.978230443523199,-0.563254793572768,0.547234050799803,0.251488161893896,-0.743309459811916,0.291169443840842,1.577303756955960,0.769089619012184,-0.304920523265619,1.552333369938692,0.749610213448049,-0.324809329923721,0.024970387017268,0.019479405564135,0.019888806658102,0.077616594475911,0.037480474928202,-0.016240451008070,0.009585639820312
1403637183.788319110870361,-0.391547719455824,-6.935480052837656,-0.579724145774583,0.541556674333587,0.249869600915030,-0.746929156310404,0.293902001484741,1.537273568849063,0.857931747345709,-0.296652463523765,1.492863594389886,0.855004552127321,-0.329385787529244,0.044409974459177,0.002927195218388,0.032733324005479,0.074643464460628,0.042750390685542,-0.016469352201815,0.014889146807384
1403637183.838319063186646,-0.318641026065107,-6.889945927286664,-0.594479171502928,0.535988430238269,0.248587133817648,-0.750630491892971,0.295761228344013,1.472172385994599,0.924430174109949,-0.259818474235981,1.458135258400487,0.910683379515185,-0.295100795996947,0.014037127594113,0.013746794594764,0.035282321760966,0.072906693390717,0.045534125550992,-0.014755025728345,0.014114797978932
1403637183.888319015502930,-0.249405612289236,-6.840310934802487,-0.607080021293592,0.530601095541644,0.246886080433721,-0.754101372526819,0.298061840313802,1.402516023973750,0.993609106104756,-0.217236603519464,1.384709596079393,0.992700796396807,-0.252017236155645,0.017806427894357,0.000908309707949,0.034780632636182,0.069235413775871,0.049634992484178,-0.012600849790664,0.014036664524787
1403637183.938318967819214,-0.183010470769390,-6.786554664912304,-0.618007516207484,0.525886013653154,0.244968610389054,-0.757179745463325,0.300188463516080,1.341020755434272,1.082535426400308,-0.196616884923629,1.327904096784959,1.075126423124117,-0.218550106703457,0.013116658649312,0.007409003276191,0.021933221779828,0.066395141519846,0.053756269890183,-0.010927494913892,0.012634512651756
1403637183.988318920135498,-0.119804419589002,-6.727467059388276,-0.627009950364683,0.521105843073610,0.243552559097532,-0.760362981742066,0.301627232304878,1.280635262582456,1.169298266217773,-0.143481013276289,1.264122229168670,1.181753237488256,-0.180048854851956,0.016513033413786,-0.012454971270483,0.036567841575667,0.063206051180388,0.059087605524027,-0.009002434157199,0.012175121405081
1403637184.038319110870361,-0.059145768811322,-6.663454525245744,-0.632780490906295,0.517073070458065,0.242039906869637,-0.762978912224186,0.303175366398399,1.208575007742083,1.263718529892399,-0.086255645080911,1.213168387683459,1.280245799100507,-0.115410370576623,-0.004593379941376,-0.016527269208109,0.029154725495712,0.060658650777680,0.064012534142533,-0.005770540541612,0.010543480934265
1403637184.088319063186646,-0.003168176363644,-6.594167205077306,-0.635673991765317,0.515119717617849,0.241258371731663,-0.764547517955443,0.303171844634139,1.154908626437246,1.370024811425883,-0.041112681826128,1.119552916642433,1.385747724920767,-0.057870072369630,0.035355709794813,-0.015722913494884,0.016757390543502,0.055977592447678,0.069287320168438,-0.002893500859021,0.005248590205329
1403637184.138319015502930,0.050233281415259,-6.519979093710987,-0.636118813326976,0.514656308533697,0.242198630804300,-0.765403648224078,0.301041463270864,1.064307317033851,1.450096710691491,0.020589772569501,1.068030174131003,1.483763642353661,-0.008896439717482,-0.003722857097152,-0.033666931662170,0.029486212286983,0.053401457778903,0.074188111366319,-0.000444821561659,0.005047899473962
1403637184.188318967819214,0.099016924696736,-6.441762740092258,-0.633961329374267,0.514264282410852,0.244191405814533,-0.766258410282604,0.297910815234946,0.973339331492653,1.525981176832731,0.068602577717716,0.975673796104569,1.564328564234541,0.043149720204960,-0.002334464611916,-0.038347387401811,0.025452857512757,0.048783643281476,0.078216353618728,0.002157483952709,0.007656743413354
1403637184.238318920135498,0.144894958351446,-6.357885816632111,-0.631122140403982,0.517185640308439,0.248169228986598,-0.765314701040908,0.291932279156680,0.916535338339801,1.592880036046816,0.048478169435162,0.917561548149100,1.677540069029829,0.056783833558975,-0.001026209809299,-0.084660032983013,-0.008305664123813,0.045878033654711,0.083876923460148,0.002839188970285,0.015619372576241
1403637184.288319110870361,0.187030298585360,-6.273890195322307,-0.631318502518459,0.520217960042834,0.254895871020808,-0.764572922708704,0.282541350683553,0.864575266025358,1.638967338663627,-0.026690667950401,0.842703590019187,1.679906017863193,-0.003927227308366,0.021871676006171,-0.040938679199567,-0.022763440642034,0.042135340233913,0.083995621309804,-0.000196362114477,0.023931916528046
1403637184.338319063186646,0.227205742176275,-6.188354769406034,-0.635780761366668,0.523002421105472,0.262284176921502,-0.764013232107029,0.271954516821831,0.808546167960386,1.667114459184228,-0.101142870081215,0.803509638104809,1.710710149785776,-0.089245262075078,0.005036529855577,-0.043595690601548,-0.011897608006138,0.040175443590915,0.085535425916272,-0.004462258848208,0.026437635044332
1403637184.388319015502930,0.265013528381857,-6.101751605345629,-0.644836385644409,0.524014034523877,0.269453257834073,-0.764365077374344,0.261821049488248,0.772682499930681,1.697084812764616,-0.162418264086928,0.756156445238623,1.732064933033950,-0.181112658277319,0.016526054692058,-0.034980120269335,0.018694394190391,0.037807786205582,0.086603164060405,-0.009055624277741,0.024918430625058
1403637184.438318967819214,0.302754646015990,-6.014891986497278,-0.656364622038855,0.523748023991522,0.275745410455613,-0.765204818614728,0.253207546385259,0.743764299316837,1.717944010118480,-0.204947107080063,0.754823072538035,1.737194033684349,-0.230564947772785,-0.011058773221198,-0.019250023565868,0.025617840692722,0.037741117634133,0.086859618848351,-0.011528236394446,0.021406600939543
1403637184.488318920135498,0.339702197732454,-5.927239903367606,-0.670312809245114,0.520948338687504,0.280745655500299,-0.767378880426104,0.246828602905775,0.716177817474577,1.730686999080770,-0.243487405151459,0.738951739048566,1.753043334425850,-0.278964010165999,-0.022773921573989,-0.022356335345080,0.035476605014539,0.036947551716464,0.087652083129672,-0.013948187206259,0.017692785348748
1403637184.538319110870361,0.375307058253009,-5.838481838989510,-0.685337122375076,0.517605602818306,0.284919597756258,-0.769775093093645,0.241560693818721,0.685719485868151,1.736624839905044,-0.266230666365661,0.712094493986180,1.775154515884844,-0.300485116339490,-0.026375008118029,-0.038529675979800,0.034254449973829,0.035604860520555,0.088758064378096,-0.015024313129962,0.015759276581660
1403637184.588319063186646,0.409938774219233,-5.750192606152155,-0.702105536251775,0.512759144116811,0.288675101459512,-0.773071740781265,0.236864580567380,0.655438681478955,1.738042301613934,-0.283812500069059,0.692634979872674,1.765786340732168,-0.335368597366398,-0.037196298393719,-0.027744039118234,0.051556097297339,0.034631715966224,0.088289232837354,-0.016768413876699,0.016794493145538
1403637184.638319015502930,0.442963888866211,-5.661930330947628,-0.719609527688681,0.508636127676449,0.291717981519027,-0.775764586266715,0.233193515294066,0.623697121586762,1.735800919045215,-0.294400261824316,0.660502922844236,1.765247187561445,-0.350080162600572,-0.036805801257473,-0.029446268516230,0.055679900776256,0.033025114646978,0.088262275204527,-0.017503991436906,0.013709369737851
1403637184.688318967819214,0.475808478762167,-5.573366916930979,-0.737462003677653,0.504514385564206,0.294007100054361,-0.778383386232770,0.230530613830792,0.597700894532051,1.736186363033648,-0.292536244752049,0.656892424380555,1.771269969547660,-0.357049860288724,-0.059191529848504,-0.035083606514012,0.064513615536675,0.032844589895956,0.088563414016649,-0.017852475988972,0.012029644757021
1403637184.738318920135498,0.505951993386485,-5.485381069730513,-0.754122571222376,0.499904370551499,0.295518991856173,-0.781220759972719,0.229037704196205,0.545127098315884,1.728081574687261,-0.271679828466585,0.602870867428818,1.759718622207774,-0.333211668669873,-0.057743769112934,-0.031637047520513,0.061531840203288,0.030143514624318,0.087985847200466,-0.016660567544723,0.011630583726967
1403637184.788319110870361,0.533550841128673,-5.397815080065443,-0.769343885445605,0.496613263713116,0.297194255666187,-0.783289836348660,0.226953459934230,0.489479653774628,1.694285297088148,-0.238419281655512,0.551974849226810,1.751313112572067,-0.304425123174891,-0.062495195452182,-0.057027815483919,0.066005841519380,0.027598847742188,0.087565989665070,-0.015221314223229,0.009436754855601
1403637184.838319063186646,0.560150705875232,-5.310392299829136,-0.783236284318886,0.494126289934063,0.298706912636900,-0.784738704924603,0.225385347643071,0.448577945210688,1.676393338367080,-0.177897108072013,0.531997802283822,1.748457272184929,-0.277848242442348,-0.083419857073134,-0.072063933817849,0.099951134370335,0.026599864746559,0.087422780236307,-0.013892398873281,0.007219800592296
1403637184.888319015502930,0.583986850161709,-5.224498204851180,-0.793626435849452,0.492408743867128,0.299221504279997,-0.785868478055595,0.224523619109874,0.405113538739769,1.660054047624557,-0.118112391113243,0.476723340368345,1.717883537860526,-0.207803228787920,-0.071609801628576,-0.057829490235969,0.089690837674677,0.023836144286477,0.085894094977956,-0.010390151530566,0.004575471440864
1403637184.938318967819214,0.605233967357912,-5.139809008670867,-0.801629278487221,0.491737921686451,0.301637552306264,-0.786133882099538,0.221815515303337,0.331948716907691,1.613793744625808,-0.064254084331894,0.424942749181057,1.693785538926024,-0.160057005397637,-0.092994032273365,-0.079991794300216,0.095802921065743,0.021247117196204,0.084689196180313,-0.008002842637769,0.007400424749518
1403637184.988318920135498,0.632901476766986,-5.058079826029311,-0.817314800740550,0.489912763195316,0.300626560485787,-0.787429387242293,0.222629997296058,0.301498400619159,1.595085659796792,-0.040589736874612,0.553350715897853,1.634585211693060,-0.313710744244457,-0.251852315278695,-0.039499551896268,0.273121007369844,0.027667509409074,0.081729182641556,-0.015685522253329,0.005174949740830
1403637185.038319110870361,0.647261500250190,-4.976764931620880,-0.820231709492155,0.488872820021193,0.303007244775254,-0.788028529231700,0.219547290065626,0.240960486931468,1.558700235207509,0.003006870723877,0.287199374085395,1.626291684358174,-0.058337952490483,-0.046238887153927,-0.067591449150665,0.061344823214361,0.014360023483203,0.081314894408431,-0.002916908751606,0.008151372271564
1403637185.088319063186646,0.659058208501472,-4.897088887195454,-0.821547301541551,0.487665401938557,0.303329796811501,-0.788763164419456,0.219148717936944,0.184618232976360,1.534428462433251,0.041647433915607,0.235934390030221,1.593522408209915,-0.026311866080876,-0.051316157053861,-0.059093945776664,0.067959299996482,0.011796708251283,0.079676044425426,-0.001315592049396,0.003006956779763
1403637185.138319015502930,0.669461091111773,-4.818916785053495,-0.820548868616082,0.486566364582486,0.302607572852825,-0.789668158184848,0.219330868000963,0.130166054668190,1.497939153715690,0.125409272750441,0.208057850625437,1.563443533855128,0.019968677553001,-0.077891795957247,-0.065504380139438,0.105440595197440,0.010402882610300,0.078172102141959,0.000998432925469,0.003213523594356
1403637185.188318967819214,0.676042109058048,-4.742372664277231,-0.816946606110063,0.486497224893185,0.303040036080569,-0.789763569964687,0.218542193317791,0.083172373194822,1.478012142339666,0.141470437214290,0.131620484448573,1.530883875489910,0.072045318828160,-0.048448111253751,-0.052871733150244,0.069425118386130,0.006581017946275,0.076544120776264,0.003602262506019,0.001814294308684
1403637185.238318920135498,0.680409207940223,-4.667598509886049,-0.812943008209070,0.485344971358389,0.303988392042828,-0.790520194433117,0.217046397053181,0.021793886465744,1.423940210465976,0.150444767721856,0.087342060939396,1.495484514028815,0.080072034382492,-0.065548174473652,-0.071544303562839,0.070372733339364,0.004367098882176,0.074774154391182,0.004003597900992,0.004488632934530
1403637185.288319110870361,0.681298184662332,-4.595969418163233,-0.807338502938336,0.483315785476001,0.305167904259346,-0.791879315115548,0.214954767362355,-0.045854745307233,1.373441455255323,0.202626403366745,0.017779466618899,1.432576369611155,0.112089677826492,-0.063634211926132,-0.059134914355831,0.090536725540253,0.000888976722109,0.071629091722816,0.005604505270734,0.006850103553974
1403637185.338319063186646,0.686029326407944,-4.525000724780169,-0.807792740421426,0.482015028198362,0.307428967242891,-0.792781223153055,0.211298071233146,-0.087075090658746,1.346745049289242,0.234167438586904,0.094622925151686,1.419375221282983,-0.009084758325693,-0.181698015810432,-0.072630171993741,0.243252196912597,0.004731141745612,0.070968693383064,-0.000454237483090,0.009162811078036
1403637185.388319015502930,0.681163723057480,-4.456968584052186,-0.795453517370492,0.480493216208750,0.310784426758339,-0.793730476812470,0.206231034136259,-0.113080261105669,1.318857193610488,0.292265844744312,-0.097312159813388,1.360644112170997,0.246784696370910,-0.015768101292280,-0.041786918560510,0.045481148373402,-0.004865603350464,0.068032140727983,0.012339223050934,0.012672979457882
1403637185.438318967819214,0.675091786258401,-4.390132001649737,-0.781197409935422,0.478610066886817,0.313428789519261,-0.794908268982312,0.202028813981152,-0.155928645712668,1.267579874675917,0.325247456233351,-0.121438851794694,1.336732922856842,0.285122420615312,-0.034489793917974,-0.069153048180925,0.040125035618040,-0.006071936799079,0.066836582402449,0.014256107435069,0.010878387260219
1403637185.488318920135498,0.666478059687009,-4.327258404708173,-0.764765014312307,0.478520099552367,0.315567639091732,-0.794949854962354,0.198721683713166,-0.199835571963555,1.220054079745889,0.371017910547056,-0.172274695721789,1.257473138051105,0.328648225885682,-0.027560876241766,-0.037419058305216,0.042369684661374,-0.008613726571392,0.062873596941563,0.016432395623115,0.007879500414357
1403637185.538319110870361,0.656146296590515,-4.266920848830979,-0.747479081431148,0.480088999755227,0.316210717119073,-0.794128937477534,0.197191696969904,-0.246633035719278,1.166820347632639,0.402345801272096,-0.206634473681916,1.206746514171264,0.345717338816186,-0.039998562037362,-0.039926166538625,0.056628462455910,-0.010331763096494,0.060337555877195,0.017285932881159,0.004853767624293
1403637185.588319063186646,0.645501245661001,-4.209932057945211,-0.732383050699262,0.483849849674179,0.314848077091671,-0.792117910920877,0.198265545469447,-0.264382860766602,1.120497625393556,0.424805689726492,-0.212901221628713,1.139776904691321,0.301920902571931,-0.051481639137889,-0.019279279297765,0.122884787154561,-0.010645050929514,0.056988790885768,0.015096030731886,0.009208299694376
1403637185.638319015502930,0.630011683438021,-4.156716381725928,-0.710914264306795,0.490229676303368,0.312601334450764,-0.788286606828005,0.201393881899840,-0.316515132517892,1.063702987891070,0.437474581495731,-0.309791539899842,1.064314539395101,0.429376137334340,-0.006723592618049,-0.000611551504031,0.008098444161391,-0.015489562222980,0.053215676219283,0.021468786392467,0.016758977419956
1403637185.688318967819214,0.612573497978542,-4.105605589413614,-0.689300934511192,0.498550728585243,0.309993313768069,-0.783257922126125,0.204593117853169,-0.352062192781564,1.024853684792740,0.423791564263467,-0.348764041796877,1.022216821108207,0.432267008153998,-0.003298150984687,0.002636863684532,-0.008475443890530,-0.017438185459478,0.051110792312314,0.021613329795603,0.021124914268148
1403637185.738318920135498,0.593484409059554,-4.057132275579198,-0.669218411341655,0.506013584289081,0.307999441818105,-0.778572591369936,0.207150467829920,-0.376001828600132,0.985754483088767,0.393649750789805,-0.381782142475592,0.969467201244286,0.401650846434838,0.005780313875460,0.016287281844481,-0.008001095645033,-0.019089088918988,0.048473313834416,0.020082523169537,0.018779004396212
1403637185.788319110870361,0.573737440561398,-4.010305342903944,-0.650375347963090,0.512636021265204,0.307718718493815,-0.774359453064027,0.207077129206214,-0.395233822118939,0.970123039899704,0.342350809625375,-0.394937863394722,0.936535080907262,0.376859829965131,-0.000295958724216,0.033587958992442,-0.034509020339756,-0.019746968498155,0.046826932675254,0.018843063378565,0.015708813727417
1403637185.838319063186646,0.553461447188430,-3.964697940104112,-0.634028924285444,0.516722238875751,0.308405355301314,-0.771788573376701,0.205491271536917,-0.409643548085501,0.934511861943878,0.309635034604453,-0.405520254193616,0.912148925889654,0.326928785336514,-0.004123293891884,0.022362936054224,-0.017293750732060,-0.020275993372968,0.045607402799833,0.016346423677646,0.010255353527008
1403637185.888319015502930,0.532260066657261,-3.920967229657044,-0.619219835005969,0.521033820834407,0.308496927645885,-0.768877813271028,0.205378459044056,-0.416245985423777,0.905396130040202,0.277263223260020,-0.424028015008013,0.874615043039261,0.296182068050727,0.007782029584236,0.030781087000941,-0.018918844790707,-0.021201380531169,0.043730710447068,0.014809089279475,0.010408349851542
1403637185.938318967819214,0.505696880572197,-3.888069896954381,-0.599922282091602,0.523710612428801,0.307944384360002,-0.767312153548066,0.205254743155961,-0.421608968330457,0.868545558818885,0.247421087403079,-0.531264228354326,0.657947281520682,0.385951426359302,0.109655260023869,0.210598277298202,-0.138530338956223,-0.026563186085064,0.032897332702663,0.019297552914367,0.006304640050123
1403637185.988318920135498,0.484014569921816,-3.847335777282368,-0.588069902527232,0.526934122034024,0.306856407639491,-0.765087232183187,0.206932605640312,-0.414743845906455,0.844463312880830,0.226010373632016,-0.433646626565277,0.814683170382680,0.237047817353820,0.018902780658822,0.029780142498150,-0.011037443721804,-0.021682310650381,0.040734119672013,0.011852379564370,0.008795507099878
1403637186.038319110870361,0.461996648948425,-3.807752481498065,-0.577205430332021,0.530103594761801,0.305445212497995,-0.762920307948026,0.208916262419085,-0.414408850592947,0.830447186715833,0.210358669812267,-0.440356739640159,0.791662895731771,0.217288615013946,0.025947889047213,0.038784290984061,-0.006929945201679,-0.022017920973391,0.039583295784303,0.010864472195212,0.009092308739092
1403637186.088319063186646,0.439229592498465,-3.770200121438732,-0.566044666515646,0.532736396744386,0.304745155693417,-0.761102993768723,0.209867945483559,-0.402276287494619,0.816368651866464,0.219915605644913,-0.455341563246758,0.751047917441757,0.223215489202372,0.053065275752139,0.065320734424707,-0.003299883557459,-0.022767056449960,0.037552360059332,0.011160763816375,0.006820577266503
1403637186.138319015502930,0.416768963055837,-3.733663962635439,-0.553143663744047,0.533768327811828,0.304201470878989,-0.760337201919997,0.210808388629330,-0.401616914739193,0.795330492284344,0.257379307265412,-0.449213017255470,0.730723872938452,0.258020301499304,0.047596102516278,0.064606619345892,-0.000640994233891,-0.022460629442628,0.036536158803293,0.012901002771598,0.003365320810450
1403637186.188318967819214,0.393083435497708,-3.703778653902135,-0.528830663044519,0.534179261555865,0.303882026508891,-0.760103807310415,0.211069733975983,-0.393444594185876,0.782053152134488,0.287165464164138,-0.473711002928595,0.597706744683651,0.486260477724694,0.080266408742720,0.184346407450838,-0.199095013560555,-0.023685527558129,0.029885308733304,0.024313000699528,0.001254887555606
1403637186.238318920135498,0.371602401681260,-3.667808553160548,-0.513665561721448,0.533668788415707,0.304253270472217,-0.760450113120436,0.210578244681135,-0.413717012539173,0.744413793732294,0.317192642419604,-0.429621086047559,0.719402700907626,0.303302315713051,0.015904073508386,0.025011092824668,0.013890326706553,-0.021481033816448,0.035970100741587,0.015165101323071,0.001743438437124
1403637186.288319110870361,0.348731323671439,-3.633513371185781,-0.495951115830719,0.533619476889045,0.305009031983464,-0.760390864979662,0.209822488662807,-0.429756431620531,0.706918212448418,0.368162334411999,-0.457419815278305,0.685901022990574,0.354287566314762,0.027663383657774,0.021017189457844,0.013874768097237,-0.022871078009821,0.034295181974767,0.017714445890729,0.002143160936523
1403637186.338319063186646,0.324369974343025,-3.604170650642265,-0.471252096091172,0.535830379286715,0.304363459531631,-0.758888613407291,0.210562963448352,-0.416040137790012,0.695433727973786,0.428544588873778,-0.487227451224587,0.586854970538845,0.493980865887822,0.071187313434576,0.108578757434941,-0.065436277014044,-0.024361349328414,0.029342720543517,0.024699019739548,0.005695584738516
1403637186.388319015502930,0.286773674228472,-3.595527420217919,-0.433827770217981,0.536311412405058,0.303077040261639,-0.758858057641936,0.211302685601117,-0.429963521741346,0.640363116293146,0.476103133304548,-0.751926719384259,0.172864773343606,0.748487231276865,0.321963197642913,0.467498342949540,-0.272384097972318,-0.037596300114553,0.008643230424346,0.037424325873191,0.003120506632622
1403637186.438318967819214,0.265402795618736,-3.563960617035711,-0.409514024796613,0.536553480216391,0.301125351910837,-0.758753465278018,0.213838874465924,-0.410205696998193,0.639476149619045,0.497377598001689,-0.427417979812270,0.631336665733733,0.486275372175690,0.017212282814077,0.008139483885312,0.011102225826000,-0.021370878609736,0.031566803182209,0.024313745421368,0.006422113865080
1403637186.488318920135498,0.243745065199140,-3.533271685438870,-0.384110413552276,0.536225188770722,0.298803790394230,-0.759109453407311,0.216637207149414,-0.416319854249761,0.621102187455008,0.535544100573999,-0.433155021480745,0.613779217282288,0.508072709422624,0.016835167230984,0.007322970172720,0.027471391151375,-0.021657730419596,0.030688931596841,0.025403611244336,0.007336165644283
1403637186.538319110870361,0.222566478726043,-3.503643622844561,-0.357195355146254,0.536167669416177,0.295693448411163,-0.759252859474413,0.220510113644402,-0.409902413710104,0.616354056423226,0.533405269029757,-0.423570113670173,0.592558991453017,0.538299114672296,0.013667699960069,0.023795064970210,-0.004893845642538,-0.021178586473096,0.029628062594309,0.026915058406023,0.009939327256359
1403637186.588319063186646,0.201861865740297,-3.472432292324006,-0.330121886206173,0.536405859277767,0.294124923199980,-0.759272884409606,0.221954884346806,-0.406354816997369,0.619368815597679,0.523494127889587,-0.414092654624452,0.624227205720550,0.541469895187539,0.007737837627083,-0.004858390122871,-0.017975767297951,-0.020704612985746,0.031211330520555,0.027073468940080,0.004291745983006
1403637186.638319015502930,0.181559336918164,-3.440867595236332,-0.304218126343124,0.535987601691595,0.292996770261792,-0.759786615805465,0.222698185650286,-0.405826527899163,0.626976517726479,0.490635958921578,-0.406050963683048,0.631294543802885,0.518075691336476,0.000224435783885,-0.004318026076406,-0.027439732414899,-0.020302528822134,0.031564697087675,0.025903759863050,0.003009375790588
1403637186.688318967819214,0.161494086636115,-3.409656711969713,-0.280186836934880,0.534634335891145,0.291753321233580,-0.761026378170780,0.223349453018527,-0.401670550914309,0.635162050487455,0.444600706718502,-0.401305388355610,0.624218260633306,0.480626246525772,-0.000365162558699,0.010943789854149,-0.036025539807270,-0.020065250282048,0.031210883266619,0.024031289408243,0.004621106402191
1403637186.738318920135498,0.141774809515225,-3.377772219699686,-0.258253118748205,0.531065164333787,0.290235814261692,-0.763756664814496,0.224518864023535,-0.398982862958601,0.643953112108944,0.395628596702266,-0.394385918533516,0.637690453549543,0.438674782086383,-0.004596944425085,0.006262658559401,-0.043046185384117,-0.019719277120890,0.031884492270027,0.021933718186675,0.009770127476726
1403637186.788319110870361,0.122467604151145,-3.345102799355329,-0.237487581456069,0.526743285504401,0.287685184851030,-0.766907076359610,0.227227379122353,-0.402206207424788,0.646828725143460,0.350480877063316,-0.386142634264354,0.653385914417669,0.415309161564001,-0.016063573160434,-0.006557189274209,-0.064828284500685,-0.019307205364080,0.032669420344356,0.020765537292136,0.013030064326217
1403637186.838319063186646,0.102808501463020,-3.313024169266040,-0.220183999214823,0.521671621845186,0.283906938188742,-0.770360947299893,0.231947365332997,-0.408166792342373,0.655766036397396,0.305336910809273,-0.393182428730478,0.641573213637685,0.346071974864875,-0.014984363611896,0.014192822759710,-0.040735064055602,-0.019659102688125,0.032078630089289,0.017303582241246,0.017228450107500
1403637186.888319015502930,0.082149610871304,-3.279518985000346,-0.204831323073332,0.517094960564360,0.279982998838541,-0.773368919298827,0.236902589227905,-0.437115304204595,0.665618457193831,0.270249774786475,-0.413178205871782,0.670104324375158,0.307053815659157,-0.023937098332814,-0.004485867181326,-0.036804040872682,-0.020658890591717,0.033505184265694,0.015352676141491,0.016726706262369
1403637186.938318967819214,0.060373138251981,-3.247852785966555,-0.189598066952459,0.513441515814203,0.275173629725189,-0.775686126111832,0.242833929054193,-0.463223793304879,0.672245454456463,0.232231387949401,-0.435529867740097,0.633324584661214,0.304665412969024,-0.027693925564782,0.038920869795248,-0.072434025019623,-0.021776472619322,0.031666199033791,0.015233256120872,0.017553167669335
1403637186.988318920135498,0.038928417759993,-3.217951845549929,-0.175588490373009,0.510496323404086,0.271481550404433,-0.777578631996302,0.247108766828854,-0.495230807219458,0.692373963543010,0.207286129391850,-0.428894818865745,0.598019378648241,0.280191798800735,-0.066335988353713,0.094354584894769,-0.072905669408885,-0.021444720491989,0.029900940416626,0.014009576579451,0.013290837006884
1403637187.038319110870361,0.013259080170117,-3.183072668699800,-0.165780054869629,0.510249343563216,0.268178222556776,-0.777559045246362,0.251252819875044,-0.537072787059705,0.712156678453010,0.177684423923922,-0.513384793389941,0.697580875942726,0.196167961746205,-0.023687993669764,0.014575802510283,-0.018483537822283,-0.025669337589875,0.034879176850129,0.009808435503380,0.010610673724219
1403637187.088319063186646,-0.014385142166488,-3.146820280709503,-0.157441539330275,0.511800346417952,0.266540946896179,-0.776433889334688,0.253311556244008,-0.575956368068923,0.736830843031357,0.149952693249900,-0.552884974004310,0.725048451266016,0.166770469831794,-0.023071394064613,0.011782391765340,-0.016817776581894,-0.027644222336606,0.036252387990297,0.008338515539354,0.006508659479010
1403637187.138319015502930,-0.043747881028255,-3.109373641701327,-0.150040771229315,0.514606138554027,0.266824680340525,-0.774620088204720,0.252881061120445,-0.614543818433177,0.768808889416739,0.116053007893298,-0.587255337285670,0.748933494402154,0.148015503177787,-0.027288481147507,0.019875395014584,-0.031962495284489,-0.029362738861767,0.037446639008176,0.007400768100960,0.006761119922720
1403637187.188318967819214,-0.074876358106085,-3.070240987013944,-0.144874287197558,0.517457980122362,0.267720879922590,-0.773482278979858,0.249575506340834,-0.646267439891788,0.800937817892113,0.078453907643196,-0.622570135285747,0.782653840144524,0.103329779178090,-0.023697304606041,0.018283977747588,-0.024875871534894,-0.031128477077830,0.039132654687383,0.005166484031757,0.009199459453318
1403637187.238318920135498,-0.107505064570784,-3.029349858388141,-0.141521964511762,0.518067484123316,0.268698955668848,-0.774552074416996,0.243877094317888,-0.677044484529463,0.832299420070211,0.039729138807289,-0.652574751637764,0.817823352453198,0.067046517656461,-0.024469732891699,0.014476067617013,-0.027317378849172,-0.032628706464699,0.040891128625804,0.003352322685796,0.011822790011444
1403637187.288319110870361,-0.141533218803863,-2.987252689217202,-0.139905439266392,0.516130615359597,0.270975822654764,-0.777776829884358,0.235041473617180,-0.712071371012271,0.843006423224677,0.011471487594923,-0.680560488529328,0.841940171671911,0.032330381576781,-0.031510882482943,0.001066251552766,-0.020858893981858,-0.034028154233078,0.042097169170939,0.001616525245370,0.019738654005742
1403637187.338319063186646,-0.176816747803526,-2.945010219122843,-0.139164410183328,0.514071762179717,0.273066688968438,-0.780921214099225,0.226554329190695,-0.737816107577735,0.841728477573107,-0.000753215973804,-0.705671252973813,0.844850207599113,0.014820595795307,-0.032144854603922,-0.003121730026006,-0.015573811769111,-0.035283528999663,0.042242470094358,0.000741029083064,0.019029456527912
1403637187.388319015502930,-0.213404849750342,-2.902552234987736,-0.139615038046016,0.512610266357644,0.276357446086454,-0.783327435436591,0.217383085150734,-0.766326453014876,0.837660361639086,-0.008046979736881,-0.731762736799644,0.849160492524700,-0.009012565848801,-0.034563716215232,-0.011500130885614,0.000965586111920,-0.036588101946816,0.042457984135107,-0.000450627862687,0.020284728504077
1403637187.438318967819214,-0.251223332392651,-2.860480318440908,-0.139841226050887,0.511379381443465,0.278385973018504,-0.785434625046355,0.209963873176632,-0.791253655346278,0.827387591303473,-0.017080498470657,-0.756370374177182,0.841439133395445,-0.004523764411620,-0.034883281169096,-0.014051542091972,-0.012556734059036,-0.037818482642309,0.042071916546828,-0.000226188004871,0.016138811218501
1403637187.488318920135498,-0.289677147244939,-2.818723091032801,-0.140296040109961,0.510066976165236,0.279051433117968,-0.787390320980896,0.204886456180156,-0.810307653061790,0.809782337795950,-0.032886453158420,-0.769077030494786,0.835145344618807,-0.009096289856377,-0.041230622567004,-0.025363006822857,-0.023790163302042,-0.038453814852289,0.041757227408107,-0.000454814059074,0.011273018906228
1403637187.538319110870361,-0.328961922074190,-2.778282384457127,-0.141870780479470,0.508337554564847,0.279385732292668,-0.789413711110276,0.200904295428002,-0.832018598276067,0.791047715524680,-0.038721895554012,-0.785692499405974,0.808811046144189,-0.031494687247489,-0.046326098870093,-0.017763330619510,-0.007227208306523,-0.039284774829250,0.040440706575674,-0.001574740369509,0.009603001858563
1403637187.588319063186646,-0.367941640411376,-2.738137091911789,-0.144865274202135,0.507509653927997,0.278811370127903,-0.790793744442865,0.198351770365982,-0.864617366180162,0.767707887897086,-0.054516535382724,-0.779595110223567,0.802906616618189,-0.059889931568797,-0.085022255956595,-0.035198728721103,0.005373396186073,-0.038979718337187,0.040145292545338,-0.002994493722665,0.006143352495193
1403637187.638319015502930,-0.410774521123893,-2.700277045081898,-0.147358367850389,0.506141530339804,0.277524126365333,-0.792342094789196,0.197471809065263,-0.897431226904404,0.741332257783115,-0.060429683317914,-0.856658431223473,0.757201658721591,-0.049861920517109,-0.040772795680931,-0.015869400938476,-0.010567762800805,-0.042832880712516,0.037860046829891,-0.002493093648254,0.005177058270257
1403637187.688318967819214,-0.454805936399195,-2.663104400028319,-0.150597847217265,0.505421645009094,0.275695855717564,-0.793369207786866,0.197752512075326,-0.914574424220745,0.727690936003845,-0.081879630730751,-0.880629145339441,0.743453610084202,-0.064789649125745,-0.033945278881304,-0.015762674080357,-0.017089981605006,-0.044031415275302,0.037172645053579,-0.003239479366876,0.004469705054876
1403637187.738318920135498,-0.500313601673475,-2.627144199622445,-0.155288873351962,0.503858474594741,0.274471909270762,-0.794863103845998,0.197444814428313,-0.950176521078290,0.704030325655413,-0.088766708544152,-0.910154173476265,0.719204694004523,-0.093820612168251,-0.040022347602024,-0.015174368349110,0.005053903624099,-0.045507665274280,0.035960200405874,-0.004691026134697,0.005007176130369
1403637187.788319110870361,-0.547400577601527,-2.592194244762119,-0.159665790330089,0.503408864462871,0.273725563850901,-0.795537163598258,0.196912295727688,-0.981619811198733,0.682624258058491,-0.104744884675024,-0.941735926123584,0.698996430746748,-0.087538005631545,-0.039883885075149,-0.016372172688257,-0.017206879043479,-0.047086975928052,0.034949954860326,-0.004376916978127,0.002447131920319
1403637187.838319063186646,-0.596473758154905,-2.558449535484273,-0.165129862610732,0.500984306007243,0.272915324369322,-0.797346858538197,0.196900833005088,-1.014899681280080,0.658173867179501,-0.114893987616973,-0.981464547065086,0.674894829186772,-0.109281549831870,-0.033435134214995,-0.016720962007271,-0.005612437785103,-0.049073180553378,0.033744709277845,-0.005464072280643,0.006264218039403
1403637187.888319015502930,-0.647650370124737,-2.525916896597048,-0.170797450217742,0.500531456994679,0.273581392077361,-0.797851423349616,0.195075853776906,-1.057956112119688,0.635639585610658,-0.123193812555537,-1.023533215513980,0.650653398255946,-0.113351860240959,-0.034422896605708,-0.015013812645288,-0.009841952314578,-0.051176611969832,0.032532638887226,-0.005667587607010,0.004115266575086
1403637187.938318967819214,-0.700498257945358,-2.494961798674164,-0.176811043671936,0.501185333943856,0.275053538664983,-0.797619163614802,0.192256291813506,-1.089663704671420,0.601299110361143,-0.130715023226169,-1.056958764406845,0.619102548879873,-0.120271983784170,-0.032704940264575,-0.017803438518730,-0.010443039441999,-0.052847887820621,0.030955097922884,-0.006013593454193,0.006511114881838
1403637187.988318920135498,-0.755152426722463,-2.466184742622206,-0.183379705404169,0.503017325426637,0.275640443928668,-0.796560324062154,0.191017188026196,-1.125241382453317,0.566321204959007,-0.131974147496985,-1.093084417988638,0.575541669918478,-0.131373359932063,-0.032156964464679,-0.009220464959471,-0.000600787564922,-0.054654168777105,0.028777056051958,-0.006568661732233,0.005042687118421
1403637188.038319110870361,-0.814327471883628,-2.439814541681780,-0.191086769818334,0.505568860532593,0.276963331961355,-0.794982562233221,0.188928996593277,-1.158523020200283,0.543155902335526,-0.142829212569787,-1.183496388542865,0.527402006929510,-0.154140700283186,0.024973368342583,0.015753895406016,0.011311487713399,-0.059175045161165,0.026370200940425,-0.007707064414165,0.007774383324653
1403637188.088319063186646,-0.872417753073781,-2.412945671434259,-0.199046774514862,0.508106510694194,0.278038126889568,-0.793423505909550,0.187087450290260,-1.183841083275754,0.512150510903975,-0.155198229348540,-1.161806731788288,0.537377917433957,-0.159200245755763,-0.022034351487467,-0.025227406529982,0.004002016407223,-0.058090281190152,0.026868870247522,-0.007960004696529,0.007325794670207
1403637188.138319015502930,-0.931898073765662,-2.387817153542932,-0.207798619587687,0.511316605643339,0.278838668421659,-0.791330284450740,0.186012651981850,-1.211875611279896,0.480186745756820,-0.165342647848340,-1.189607548335786,0.502570837115426,-0.175037068384849,-0.022268062944110,-0.022384091358606,0.009694420536510,-0.059480320691881,0.025128517891326,-0.008751845072825,0.008119696163100
1403637188.188318967819214,-0.994051351315048,-2.364475366526203,-0.215896286425745,0.517034289544781,0.281372334383608,-0.787550617764487,0.182398402781430,-1.237439619895984,0.451357969283992,-0.168254897822521,-1.243066736468548,0.466836185544268,-0.161953491212043,0.005627116572564,-0.015478216260276,-0.006301406610478,-0.062153277549386,0.023341787016729,-0.008097666838058,0.016304651854859
1403637188.238318920135498,-1.055866928498445,-2.342265238798351,-0.224734562503308,0.524611550893292,0.283862345706753,-0.782485350322954,0.178666073693801,-1.237132088677612,0.418161923724407,-0.178524875430252,-1.236312722707620,0.444202978182005,-0.176765690128162,-0.000819365969992,-0.026041054457599,-0.001759185302090,-0.061815577183396,0.022210127727852,-0.008838276077563,0.020317790054694
1403637188.288319110870361,-1.117349693152957,-2.321568580969177,-0.234597875053282,0.530566542560317,0.284851606606766,-0.778425156499880,0.177237078110854,-1.230213330121151,0.380150507697999,-0.219271016318329,-1.229650602345449,0.413931577559820,-0.197265498491313,-0.000562727775702,-0.033781069861821,-0.022005517827016,-0.061482764654512,0.020696657829174,-0.009863312549974,0.014828083750629
1403637188.338319063186646,-1.178272991173563,-2.302360586974761,-0.246390569979874,0.533848373790193,0.284159296361864,-0.776352225920307,0.177585555159425,-1.232801079399340,0.351228204876853,-0.233663211740646,-1.218467122432930,0.384160246252095,-0.235854123459876,-0.014333956966411,-0.032932041375242,0.002190911719230,-0.060923298020606,0.019207993994417,-0.011792694926593,0.007916617357234
1403637188.388319015502930,-1.240181221743640,-2.283766912108783,-0.258590892527076,0.538103739333663,0.282183064357401,-0.773509849596078,0.180276444614508,-1.210540539104817,0.338950762223740,-0.256973875903614,-1.238165792208453,0.371873851966099,-0.244006683646933,0.027625253103636,-0.032923089742359,-0.012967192256681,-0.061908230570077,0.018593674865978,-0.012200322547201,0.012220267463914
1403637188.438318967819214,-1.301460044706944,-2.266035632280646,-0.271556066465200,0.541215252633696,0.279957981033185,-0.771442309504917,0.183265769521172,-1.198864658492411,0.323534852814698,-0.275936831146920,-1.225577628067998,0.354625934760387,-0.259303726053787,0.026712969575587,-0.031091081945689,-0.016633105093133,-0.061278822963305,0.017731279828137,-0.012965173938124,0.010553361710144
1403637188.488318920135498,-1.361961163850744,-2.249140367069977,-0.285352616869599,0.544193756294510,0.277485414666897,-0.769780808772883,0.185182360666933,-1.184246245922187,0.316383191677558,-0.291630359446304,-1.210023536844362,0.337905626465286,-0.275931271236557,0.025777290922175,-0.021522434787727,-0.015699088209747,-0.060501119143800,0.016895265210668,-0.013796550404400,0.009256135916569
1403637188.538319110870361,-1.421832719708080,-2.232376712267333,-0.300093133916012,0.546881296316892,0.272940590563685,-0.768961476496021,0.187410056898134,-1.174305196645613,0.313257660228822,-0.324949748410786,-1.197426549326926,0.335271817092391,-0.294809216320349,0.023121352681313,-0.022014156863569,-0.030140532090438,-0.059871555857336,0.016763654802644,-0.014740517046413,0.011577966482688
1403637188.588319063186646,-1.481084760530856,-2.216191063118898,-0.315829012409652,0.547562017892841,0.267111300197129,-0.770047797280441,0.189350943413703,-1.160158158309577,0.296915674685368,-0.336762800069883,-1.185041946599591,0.323713291685755,-0.314717870011148,0.024883788290013,-0.026797617000387,-0.022044930058734,-0.059252040822776,0.016185649148435,-0.015735878493640,0.012552493084669
1403637188.638319015502930,-1.543479152294211,-2.205038509655724,-0.332325844006789,0.549083584921223,0.260570027046690,-0.770977070080537,0.190275682064146,-1.149422451562784,0.295855308974812,-0.355032609272511,-1.247889025346825,0.223051281981759,-0.329936946595133,0.098466573784041,0.072804026993053,-0.025095662677378,-0.062394391763356,0.011152553463174,-0.016496831597137,0.013685363400756
1403637188.688318967819214,-1.601628848410991,-2.189302201292497,-0.350708519479965,0.549169467052370,0.251174381508287,-0.773334830831466,0.193073990879696,-1.133781036052314,0.307999822511459,-0.387050174435736,-1.162995031454087,0.314726467411105,-0.367653860085554,0.029213995401774,-0.006726644899646,-0.019396314350182,-0.058149696116780,0.015736308363228,-0.018382675473176,0.020166899643362
1403637188.738318920135498,-1.659657742604392,-2.173670710096523,-0.370194424003312,0.549655068570960,0.240600817072773,-0.775788573979505,0.195301410391766,-1.133487211107369,0.310618071675903,-0.410727731261992,-1.160578990682401,0.312630122066782,-0.389718462131431,0.027091779575033,-0.002012050390879,-0.021009269130561,-0.058028894193401,0.015631491195973,-0.019485904523347,0.022182839130514
1403637188.788319110870361,-1.718108165844777,-2.158191975845378,-0.391147031343348,0.548852404159303,0.229015501171298,-0.779215769991718,0.197827506853892,-1.131704904737948,0.331438613383481,-0.425744659505757,-1.169004005411301,0.309573504093711,-0.419050548249731,0.037299100673353,0.021865109289770,-0.006694111256026,-0.058450423240384,0.015478734251146,-0.020952607340036,0.024738035579912
1403637188.838319063186646,-1.776346698745616,-2.141399368285209,-0.412864835987454,0.548159920824149,0.218736893527065,-0.782636685375383,0.197875443945999,-1.125038485793472,0.362097531322247,-0.428423867133757,-1.164771768829701,0.335852471497256,-0.434356507116782,0.039733283036229,0.026245059824991,0.005932639983025,-0.058238532900839,0.016792607560169,-0.021717804644107,0.021710405375764
1403637188.888319015502930,-1.834920780655461,-2.123528062395010,-0.433470060916194,0.547927730497341,0.210630920395188,-0.785473729518090,0.196063351400642,-1.135037593912432,0.381239254299800,-0.417380351263695,-1.171482755409917,0.357426458672412,-0.412104891588638,0.036445161497485,0.023812795627388,-0.005275459675057,-0.058574081909845,0.017871305890199,-0.020605224928739,0.017560604421071
1403637188.938318967819214,-1.894266543544834,-2.105029785877198,-0.453130388245907,0.547413485672135,0.204708165414854,-0.788067318400257,0.193346694789942,-1.130628840536260,0.408359222896786,-0.391462936240147,-1.186916389719154,0.369965883183198,-0.393206921585603,0.056287549182894,0.038393339713588,0.001743985345457,-0.059345762889374,0.018498276517812,-0.019660327329713,0.014064224757476
1403637188.988318920135498,-1.953324869004605,-2.083919955014796,-0.471078817737875,0.546508016809122,0.202173714218310,-0.790802143152457,0.187314567580890,-1.122218203886453,0.449080627388105,-0.344519257050109,-1.181167635644643,0.422197019886495,-0.358968932178813,0.058949431758190,0.026883607501610,0.014449675128705,-0.059058325459770,0.021109830862402,-0.017948429491968,0.014298162049875
1403637189.038319110870361,-2.013306880888037,-2.061708687333192,-0.486490765601994,0.545756879649606,0.202697581289679,-0.793152057470805,0.178809766467801,-1.131133378672847,0.459999655381567,-0.298416817699523,-1.199635661421771,0.444223659053293,-0.308237781448562,0.068502282748924,0.015775996328274,0.009820963749039,-0.059982011883432,0.022211267681604,-0.015411947864119,0.017741803635902
1403637189.088319063186646,-2.073437431769652,-2.038714292221821,-0.499949384166901,0.543666105794005,0.203312911263558,-0.796082430518337,0.171300289971546,-1.126380871153177,0.471272234670290,-0.271005996478516,-1.202612164532634,0.459888340811126,-0.269172628001154,0.076231293379457,0.011383893859164,-0.001833368477362,-0.060130550881615,0.022994395111371,-0.013458618564907,0.016700861645164
1403637189.138319015502930,-2.134404208729308,-2.016238108848041,-0.512498828987718,0.538931186616668,0.204641577582739,-0.800472908590441,0.164067435614622,-1.145729332171633,0.463879534460749,-0.256090166653136,-1.219336702043203,0.449524096175192,-0.250989135778229,0.073607369871570,0.014355438285557,-0.005101030874907,-0.060966776959655,0.022476183373780,-0.012549444820817,0.019573048620240
1403637189.188318967819214,-2.196004203459631,-1.994176140507557,-0.524659182189035,0.534682037666286,0.204401220693373,-0.804182154022006,0.160082237392580,-1.164572597373806,0.460287893614900,-0.270484266731098,-1.232001069534241,0.441239787608735,-0.243207295966908,0.067428472160435,0.019048106006165,-0.027276970764190,-0.061599994730323,0.022061968340484,-0.012160353201318,0.013820786491362
1403637189.238318920135498,-2.259978016875420,-1.973291533657833,-0.537275114315074,0.530374718123811,0.203301327519229,-0.807723383797521,0.157968869941803,-1.191063933656614,0.448820137518850,-0.321340698147650,-1.279477488520613,0.417692535337113,-0.252318883150813,0.088413554863999,0.031127602181737,-0.069021814996837,-0.063973813415790,0.020884606849723,-0.012615932126039,0.012127573476396
1403637189.288319110870361,-2.322825046682034,-1.952076526922549,-0.554144016639519,0.528137031925950,0.200718995979037,-0.809555622948527,0.159382726523414,-1.210509678634088,0.437089644175564,-0.375052594982141,-1.256935801302710,0.424298516135301,-0.337376759498703,0.046426122668622,0.012791128040263,-0.037675835483438,-0.062847029806614,0.021215006735285,-0.016868902324445,0.008253918006969
1403637189.338319063186646,-2.387063254713883,-1.930919414609396,-0.573864929893792,0.529036639445021,0.197312479017653,-0.809090826091181,0.162972558683101,-1.239087752715379,0.430441821796539,-0.423491627560373,-1.284765385884733,0.423142649803326,-0.394418641232387,0.045677633169354,0.007299171993213,-0.029072986327986,-0.064238208031849,0.021157112313152,-0.019720913254273,0.010102798980079
1403637189.388319015502930,-2.451528872918048,-1.909862809162480,-0.596021835832661,0.533610860422629,0.195057040237206,-0.806052512703373,0.165805752184600,-1.257828233758179,0.431063040001927,-0.432628333174057,-1.289313593668559,0.421132510561577,-0.443138541387225,0.031485359910381,0.009930529440350,0.010510208213169,-0.064465618204165,0.021056605446916,-0.022156905938869,0.013155833887815
1403637189.438318967819214,-2.516812283350380,-1.888740103558013,-0.617872867734390,0.540028402959836,0.193793654478633,-0.801579029517936,0.168179674507798,-1.277068743351408,0.428319755917564,-0.414113810692258,-1.305669453830057,0.422454514973368,-0.437021054810320,0.028600710478649,0.005865240944196,0.022907244118062,-0.065283410432332,0.021122705604467,-0.021851031901728,0.016544357951678
1403637189.488318920135498,-2.583387850457478,-1.867336545583562,-0.638575466811425,0.545407630248763,0.193560650105824,-0.797713772308098,0.169462470969308,-1.289033525296648,0.440765020982490,-0.368949730406966,-1.331512611971340,0.428071567729878,-0.414052376411828,0.042479086674692,0.012693453252611,0.045102646004862,-0.066575567107098,0.021403557974451,-0.020702599077036,0.013502048796146
1403637189.538319110870361,-2.649802900000270,-1.845035613224969,-0.657441028653930,0.549676387554314,0.195230856572551,-0.794582664863460,0.168461183379646,-1.305366127153297,0.440396812246070,-0.329304759223947,-1.328295923809007,0.446016945752232,-0.377309797527436,0.022929796655710,-0.005620133506162,0.048005038303489,-0.066415049542792,0.022300932358593,-0.018865561842504,0.011281555497245
1403637189.588319063186646,-2.716812677607428,-1.822033147883017,-0.674686599100414,0.553248671025589,0.197880524066587,-0.791805932851895,0.166741029456138,-1.318826272311934,0.449129344402535,-0.272051817887928,-1.340196830254471,0.460049745576681,-0.344911737863153,0.021370557942537,-0.010920401174146,0.072859919975225,-0.067009777607159,0.023002465341953,-0.017245570446484,0.011036520191714
1403637189.638319015502930,-2.782772502238057,-1.797344120686492,-0.689650744156247,0.555659088718900,0.200428688950224,-0.789949344887866,0.164472946957872,-1.307129689089014,0.462217092826442,-0.223658989374044,-1.319197750697584,0.493781014836763,-0.299283186535346,0.012068061608570,-0.031563922010320,0.075624197161302,-0.065959824630629,0.024689027196525,-0.014964145055833,0.009142080988268
1403637189.688318967819214,-2.848543188445487,-1.772873229781182,-0.701623306300675,0.558433280808952,0.202813738075309,-0.787703472429826,0.162917457796469,-1.288124417353910,0.475445653443558,-0.163617827853026,-1.315414978626091,0.489418284851843,-0.239451471247287,0.027290561272182,-0.013972631408285,0.075833643394260,-0.065770686207431,0.024470890905310,-0.011972562144428,0.009131949831351
1403637189.738318920135498,-2.913935000697698,-1.747667035374605,-0.712534499395624,0.557354804270871,0.205050421139156,-0.788105526688568,0.161862984495435,-1.264570912277506,0.488431000211658,-0.139185721228591,-1.307837492295242,0.504124368902014,-0.218224070013669,0.043266580017737,-0.015693368690356,0.079038348785079,-0.065391812252211,0.025206194406578,-0.010911193094949,0.005455063318661
1403637189.788319110870361,-2.977901875360586,-1.721960436689213,-0.721778759351425,0.556084349392950,0.206574588698001,-0.788736113895318,0.161221829482808,-1.238463140708980,0.503970204769398,-0.108563570291356,-1.279332612991132,0.514130012457486,-0.184884493837643,0.040869472282152,-0.010159807688088,0.076320923546287,-0.063966874662888,0.025706598685392,-0.009244259955801,0.004357000893510
1403637189.838319063186646,-3.041686145428972,-1.696237522984989,-0.728734637536887,0.554782452121797,0.208958419610283,-0.789477993197119,0.158988389353277,-1.229381717325016,0.505569398187711,-0.038108404222362,-1.275686617957282,0.514458764710583,-0.139117696382226,0.046304900632266,-0.008889366522873,0.101009292159865,-0.063784270068386,0.025722913704224,-0.006955878185463,0.007187834148287
1403637189.888319015502930,-3.103161109817691,-1.668664256831363,-0.733036643028973,0.555682970887017,0.209545717808999,-0.788691586823493,0.158973610665201,-1.220773018258670,0.505133914515388,0.030197567036378,-1.229500460317385,0.551465848991339,-0.086040191896022,0.008727442058714,-0.046331934475951,0.116237758932400,-0.061474964388719,0.027573266153626,-0.004302005492085,0.002664212361614
1403637189.938318967819214,-3.164446008825439,-1.642012378137652,-0.734878931919972,0.556857565704251,0.209150987860968,-0.787729976140914,0.160146809158818,-1.186664325822589,0.523425846811592,0.052152536566594,-1.225699149072765,0.533038082218946,-0.036845812958890,0.039034823250177,-0.009612235407354,0.088998349525484,-0.061284899007748,0.026651878693711,-0.001842288890999,0.003917435770168
1403637189.988318920135498,-3.225062778259826,-1.615527141734347,-0.732806096294461,0.558479476347955,0.210062515885179,-0.786577674236462,0.158965330531098,-1.159984248816142,0.534077661066178,0.081359913994000,-1.212336544861963,0.529705233232372,0.041456752046448,0.052352296045821,0.004372427833806,0.039903161947552,-0.060616769434387,0.026485236403305,0.002072835625510,0.004974001242359
1403637190.038319110870361,-3.284167716517574,-1.588583224036288,-0.728979237732502,0.560499990718503,0.209650465850234,-0.785190226482144,0.159256870527640,-1.138666117288801,0.542843185955837,0.114892669105424,-1.182094255823243,0.538876298311235,0.076536879274173,0.043428138534442,0.003966887644602,0.038355789831251,-0.059104938257748,0.026943917698059,0.003826858561960,0.005004907056446
1403637190.088319063186646,-3.343002466904912,-1.562114539333003,-0.724074342950240,0.562682493749692,0.209871337682757,-0.783777234161473,0.158226673026612,-1.133298896740242,0.533542302433608,0.141651721973849,-1.176696129931639,0.529374198916284,0.098097989198761,0.043397233191397,0.004168103517324,0.043553732775087,-0.058834750387338,0.026468684703285,0.004904894782261,0.005610690937112
1403637190.138319015502930,-3.401049154300214,-1.536017482685591,-0.717699124595173,0.563419815337952,0.209279442332023,-0.783323595146415,0.158632821284376,-1.116384176455799,0.532523413673075,0.151276624781227,-1.160934855059786,0.521941630710562,0.127504488699090,0.044550678603988,0.010581782962513,0.023772136082137,-0.058046687395302,0.026097056647412,0.006375218355067,0.002249202638235
1403637190.188318967819214,-3.458334393679840,-1.510602303293365,-0.709842031673777,0.564921625075722,0.209059182773398,-0.782418079115737,0.158049881660077,-1.130154756730370,0.515368273866097,0.177432587639153,-1.145705880222786,0.508304072601075,0.157142008290220,0.015551123492417,0.007064201265021,0.020290579348933,-0.057285239379626,0.025415179392227,0.007857092921396,0.003722217429791
1403637190.238318920135498,-3.515028433477856,-1.485414695541757,-0.700991282212267,0.565408536057212,0.207696513342342,-0.782125785529099,0.159544982088329,-1.105834815892578,0.521771497288624,0.186327203405178,-1.133881877314349,0.503752635448106,0.177015158045007,0.028047061421771,0.018018861840518,0.009312045360171,-0.056694039798016,0.025187607751608,0.008850749461510,0.004202243561472
1403637190.288319110870361,-3.571307181703614,-1.464308707562158,-0.690667621633057,0.566302000334576,0.206998956976118,-0.781708378089682,0.159328239343364,-1.086237347617347,0.522340643017838,0.213025470798057,-1.125570670803810,0.422118149339020,0.206472423954424,0.039333323186463,0.100222493678818,0.006553046843634,-0.056278748225759,0.021105987979599,0.010323660579211,0.002454440771957
1403637190.338319063186646,-3.625999839601176,-1.438942315268961,-0.678618178858199,0.566351078987347,0.206432392010520,-0.781836483666968,0.159260276484606,-1.060341146748403,0.525886835498886,0.246806275706020,-1.093854201131896,0.507328329689948,0.240989085322256,0.033513054383493,0.018558505808938,0.005817190383764,-0.054692657897562,0.025366392293197,0.012049442774858,0.001173770971189
1403637190.388319015502930,-3.679316275698068,-1.414001238739408,-0.664895669225828,0.566047719840162,0.205212864993765,-0.782256894873568,0.159849333209646,-1.040760285871344,0.521570662259445,0.286259279098055,-1.066329738869117,0.498822006304801,0.274450454383765,0.025569452997773,0.022748655954644,0.011808824714290,-0.053316436096892,0.024941076529553,0.013722509632371,0.002900349422376
1403637190.438318967819214,-3.732168846955741,-1.389547710605771,-0.649246013725358,0.565870481926533,0.203728205226330,-0.782457529285114,0.161386588490267,-1.035209497684886,0.523878654874984,0.298304261912660,-1.057052433237222,0.489071029087208,0.312993408503185,0.021842935552336,0.034807625787776,-0.014689146590524,-0.052852571257673,0.024453528133636,0.015649655500470,0.004307685067903
1403637190.488318920135498,-3.783806538875782,-1.364732389022046,-0.633290470261928,0.567050885704907,0.202913966341394,-0.781803705105792,0.161437857913627,-1.015677648565506,0.532517519902736,0.279407331637373,-1.032754823312556,0.496306904989658,0.319111173596728,0.017077174747050,0.036210614913078,-0.039703841959355,-0.051637691920040,0.024815321583725,0.015955543463430,0.003153698253077
1403637190.538319110870361,-3.834226449919638,-1.340072576729316,-0.618219314066686,0.567298204943760,0.203393485365423,-0.781946964026491,0.159256969166964,-0.999543169062238,0.524382808622561,0.256343656244583,-1.008394374157861,0.493194364467406,0.301421974071247,0.008851205095623,0.031188444155156,-0.045078317826664,-0.050419911043856,0.024659812292730,0.015071156195241,0.004502402151830
1403637190.588319063186646,-3.883410325509540,-1.314318135713931,-0.604488708326155,0.568345771642249,0.204762475540520,-0.781284875771959,0.157001131705763,-0.979919771447293,0.530253153218709,0.225079690453729,-0.983678449906916,0.515089311535150,0.274612376701390,0.003758678459623,0.015163841683559,-0.049532686247661,-0.049183875589902,0.025754441015385,0.013730605740531,0.005830505849095
1403637190.638319015502930,-3.930846890258644,-1.287845368094149,-0.592339189486233,0.569232091943882,0.208938718764976,-0.780238950891920,0.153449069117796,-0.957507766142718,0.524034213862601,0.196035200529079,-0.948732199763607,0.529455857324089,0.242990608532345,-0.008775566379111,-0.005421643461488,-0.046955408003265,-0.047436564749104,0.026472767619782,0.012149518839922,0.011302701204864
1403637190.688318967819214,-3.977059583220794,-1.262112655507168,-0.581292713315436,0.569653224298130,0.214479773366052,-0.778717874409368,0.151960859891447,-0.920163602409807,0.511008980196902,0.163557289858350,-0.924254740681017,0.514654742552627,0.220929734110951,0.004091138271210,-0.003645762355724,-0.057372444252601,-0.046212692962150,0.025732712586981,0.011046476170797,0.011901123207969
1403637190.738318920135498,-4.021390235690570,-1.236226579096424,-0.572032006221663,0.567866316311616,0.218964222002519,-0.778088385255375,0.155438029491465,-0.890385562731641,0.502441806558463,0.139483049471591,-0.886613894936411,0.517722021953067,0.185214318509608,-0.003771667795231,-0.015280215394604,-0.045731269038017,-0.044330652469776,0.025886076410744,0.009260707093773,0.011965014248806
1403637190.788319110870361,-4.064175810594796,-1.210571230881381,-0.564024788979736,0.566699236075512,0.223044784532050,-0.776824303331583,0.160146812887063,-0.866437822100753,0.496689493966937,0.112163066638165,-0.855708233816675,0.513105006960611,0.160143733938676,-0.010729588284078,-0.016415512993673,-0.047980667300510,-0.042785574904227,0.025655348215044,0.008007217241927,0.012928071240698
1403637190.838319063186646,-4.105468253945165,-1.184933532274780,-0.557135064595714,0.564905212841337,0.226576400596756,-0.775939079098122,0.165721998315432,-0.847038077792595,0.489549511856923,0.096037900455924,-0.825849654598989,0.512754461132761,0.137794619091636,-0.021188423193606,-0.023204949275838,-0.041756718635712,-0.041292443350369,0.025637698606600,0.006889724384022,0.013792365188293
1403637190.888319015502930,-4.145523227983737,-1.160628885103766,-0.551541374223461,0.563361753894099,0.229116702239872,-0.774999578931812,0.171769390927501,-0.824040705969117,0.493419615670634,0.067102922474403,-0.801100244760152,0.486093406995077,0.111873914136330,-0.022940461208966,0.007326208675557,-0.044770991661927,-0.040054974038571,0.024304647171014,0.005593690372253,0.013607232559738
1403637190.938318967819214,-4.184871833752609,-1.134365742078061,-0.547549897432216,0.562427350639336,0.231420709480889,-0.773811056317686,0.177020845090872,-0.802544049661960,0.498437392320635,0.033100377909967,-0.786972865893248,0.525263361444286,0.079829611956360,-0.015571183768712,-0.026825969123651,-0.046729234046392,-0.039348605768872,0.026263143025705,0.003991476791245,0.011861200399990
1403637190.988318920135498,-4.223409960440348,-1.109087499292979,-0.544046765799474,0.561727401537378,0.233446847613981,-0.772707909076636,0.181348788117187,-0.789716957977510,0.502715380320043,0.011627840629397,-0.770763268811921,0.505565337846317,0.070062699471834,-0.018953689165589,-0.002849957526274,-0.058434858842438,-0.038538126687739,0.025278242785082,0.003503131632742,0.009908226753847
1403637191.038319110870361,-4.260845002548963,-1.082191384781437,-0.542944101210280,0.561283545037348,0.235910667226017,-0.771528613659901,0.184527877198307,-0.763373572688412,0.520383108314520,-0.009374498436134,-0.748697986116151,0.537920238227975,0.022053207657570,-0.014675586572261,-0.017537129913455,-0.031427706093704,-0.037435042108616,0.026896114511542,0.001102664589194,0.008429658839561
1403637191.088319063186646,-4.298046451530720,-1.055390949645527,-0.542998508505583,0.561317738805856,0.237582021748975,-0.770246640608633,0.187609412542833,-0.754416182640189,0.531520838420326,-0.032846504465218,-0.744029689197130,0.536009213896428,-0.001088146943805,-0.010386493443058,-0.004488375476102,-0.031758357521413,-0.037201448981756,0.026800435135910,-0.000054407295303,0.007465634954645
1403637191.138319015502930,-4.335102499804734,-1.028037845010935,-0.544822958150124,0.561214758803612,0.239185471174138,-0.769349933139749,0.189549426952637,-0.735301825095787,0.533596734254579,-0.060223813822167,-0.741121672268982,0.547062614411402,-0.036489027689464,0.005819847173195,-0.013465880156823,-0.023734786132703,-0.037056048274014,0.027353104634592,-0.001824449644541,0.005347672164331
1403637191.188318967819214,-4.371535348776778,-1.000477744393278,-0.547008079992925,0.561579544405742,0.241133707516286,-0.768313241728454,0.190204397922873,-0.725251745408203,0.547100815117288,-0.084000689400720,-0.728657674342994,0.551202538020851,-0.043702478533964,0.003405928934791,-0.004101722903562,-0.040298210866756,-0.036432848972044,0.027560100617657,-0.002185121842802,0.004661507006869
1403637191.238318920135498,-4.407192986309662,-0.972990588145256,-0.551637751025972,0.561633520248717,0.242293711673751,-0.767825924477809,0.190538436847238,-0.707502822820749,0.555662326897077,-0.102099796037377,-0.713153430773788,0.549743649236826,-0.092593508964978,0.005650607953039,0.005918677660251,-0.009506287072399,-0.035657637532884,0.027487156248021,-0.004629671033046,0.002605826842022
1403637191.288319110870361,-4.442262800402514,-0.945301435396348,-0.557723613157738,0.561818886524745,0.244025511903603,-0.767283896785571,0.189964496729863,-0.699049303736145,0.546225202831567,-0.126275887950149,-0.701393606252764,0.553780942471512,-0.121716778322663,0.002344302516619,-0.007555739639945,-0.004559109627486,-0.035069814092852,0.027689152748908,-0.006085862131766,0.003824497396357
1403637191.338319063186646,-4.476418063904098,-0.917482593984555,-0.565089464367508,0.562324363008691,0.244592058490591,-0.766583997086575,0.190564978684370,-0.680418235225705,0.563811459075282,-0.145412304265065,-0.683105921492258,0.556377358838662,-0.147317164687991,0.002687686266553,0.007434100236619,0.001904860422926,-0.034155263501584,0.027818841411793,-0.007365851209770,0.002389075006387
1403637191.388319015502930,-4.509949703276343,-0.888983914947478,-0.572361375132341,0.563729031228656,0.246195461488114,-0.765500080117008,0.188698175490676,-0.658787071588520,0.568491741976732,-0.142721783016533,-0.670633427010773,0.569974124311226,-0.145438353997486,0.011846355422253,-0.001482382334494,0.002716570980952,-0.033531639372245,0.028498679037077,-0.007271910764833,0.006067563333086
1403637191.438318967819214,-4.542228909243772,-0.860397439402132,-0.579225091758218,0.564651292726866,0.247387027544389,-0.764786151613195,0.187271777172401,-0.645276243323590,0.560730971990047,-0.108273688970605,-0.645584735026158,0.571730056151190,-0.137274463432680,0.000308491702567,-0.010999084161143,0.029000774462075,-0.032279205967429,0.028586475545346,-0.006863716625877,0.004388486727678
1403637191.488318920135498,-4.572993726768082,-0.831390989868123,-0.584275936781625,0.565083214066249,0.247171605888576,-0.764579787814573,0.187095982021107,-0.598055653484748,0.584898688587371,-0.074218994248489,-0.615296937279087,0.580129543934831,-0.101016996805454,0.017241283794339,0.004769144652541,0.026798002556964,-0.030764817524310,0.029006449534009,-0.005050845023407,0.001107163029434
1403637191.538319110870361,-4.601601792384893,-0.801653995745756,-0.587458985173106,0.566047178279769,0.248604127982692,-0.764124135896852,0.184121928219768,-0.580194932420854,0.577939847986079,-0.024149620286651,-0.572159129722367,0.594737613703395,-0.063660724983217,-0.008035802698487,-0.016797765717317,0.039511104696567,-0.028608065616812,0.029736994122367,-0.003183048391481,0.006938003547542
1403637191.588319063186646,-4.629793558942476,-0.773010006636147,-0.588158974678304,0.566494278361581,0.250267920340264,-0.764136607888523,0.180403561818417,-0.561980995453797,0.580508108875530,0.035757793113267,-0.563835868867434,0.572880328533424,-0.013999803455218,0.001854873413637,0.007627780342106,0.049757596568484,-0.028191766557582,0.028643989109608,-0.000699989505198,0.008196226263799
1403637191.638319015502930,-4.657104286356057,-0.744641362612016,-0.586536511696168,0.563604182774493,0.251799831935835,-0.766666405712746,0.176549687475457,-0.521734508784761,0.573228742672423,0.066091333561360,-0.546215069182918,0.567373421572095,0.032449290588781,0.024480560398157,0.005855321100328,0.033642042972579,-0.027310727413582,0.028368644024132,0.001622462982136,0.011305169648865
1403637191.688318967819214,-4.682327962399288,-0.716682088543061,-0.583861127797334,0.559164906070066,0.252695884457701,-0.770390654944013,0.173140511067540,-0.505816954658037,0.560327355760130,0.105720897572500,-0.504474001968513,0.559186014660423,0.053507729005617,-0.001342952689524,0.001141341099707,0.052213168566884,-0.025223676043231,0.027959274068954,0.002675383898833,0.013565069885804
1403637191.738318920135498,-4.706569901219418,-0.688753722963956,-0.577759627315325,0.555342118724726,0.253056302467006,-0.773491169280399,0.171081997876166,-0.474603933004553,0.548824685635367,0.137274334344184,-0.484839238781330,0.558567844273915,0.122030126017176,0.010235305776778,-0.009743158638548,0.015244208327007,-0.024241938820130,0.027928365579105,0.006101500482009,0.010694734793307
1403637191.788319110870361,-4.727965207208601,-0.662302852050024,-0.574184713523422,0.551810078289123,0.253867453086656,-0.776399006854611,0.168111676920496,-0.459126969038499,0.528882697489350,0.170496256068099,-0.427904487457572,0.529015400245029,0.071498003094825,-0.031222481580928,-0.000132702755679,0.098998252973274,-0.021395305989182,0.026450870913932,0.003574913791903,0.011029356821983
1403637191.838319063186646,-4.750591680770422,-0.637533286189878,-0.566273759027318,0.551723234883565,0.256605762647073,-0.776722335785551,0.162657209363023,-0.457359786781811,0.494518502907610,0.226981330200976,-0.452529902802577,0.495391789645346,0.158219240811707,-0.004829883979234,-0.000873286737736,0.068762089389269,-0.022626473561822,0.024769565860146,0.007910954496104,0.012224852601772
1403637191.888319015502930,-4.772078236205813,-0.613030409551112,-0.556806976172499,0.552448731095550,0.259824109938161,-0.776362345411861,0.156695054268967,-0.430240896765084,0.471933607301396,0.255584390744301,-0.429731518531721,0.490058000131067,0.189335837661109,-0.000509378233363,-0.018124392829671,0.066248553083192,-0.021486555435390,0.024502876638767,0.009466782854819,0.013647149319279
1403637191.938318967819214,-4.793396805285686,-0.590567541027914,-0.545147709104664,0.554104034855451,0.262965698413404,-0.775329912927765,0.150603074783630,-0.412777783728802,0.428989459388193,0.297652157098327,-0.426371788217283,0.449257798909584,0.233185563739775,0.013594004488480,-0.020268339521392,0.064466593358552,-0.021318569079873,0.022462868523198,0.011659267067835,0.014253133623142
1403637191.988318920135498,-4.813646657985686,-0.569828877680676,-0.531486931332551,0.555087827636756,0.265613927894650,-0.774652935707126,0.145738032504266,-0.393679622045217,0.376515494975875,0.338054744726417,-0.404997440235659,0.414773662503748,0.273215816001179,0.011317818190442,-0.038258167527873,0.064838928725238,-0.020249852700000,0.020738663347238,0.013660777772114,0.011332782194805
1403637192.038319110870361,-4.832422032026333,-0.550658364706632,-0.516906622286961,0.552833350303338,0.265796715748334,-0.776590948389141,0.143645019300500,-0.352262526674886,0.354370273681358,0.346708798605452,-0.375506048371046,0.383408796892387,0.291605068526737,0.023243521696160,-0.029038523211029,0.055103730078715,-0.018775374040647,0.019170512974044,0.014580309045590,0.007280849266230
1403637192.088319063186646,-4.849955908458858,-0.534377480463134,-0.501686309820697,0.548250013511910,0.264943273756247,-0.780218187145288,0.143131285270666,-0.331677525419652,0.302007325067332,0.380643538238957,-0.350677863082972,0.325617995403476,0.304406539629976,0.019000337663319,-0.023610670336144,0.076236998608981,-0.017533876432525,0.016280884243498,0.015220312466264,0.011858537181546
1403637192.138319015502930,-4.865795779813427,-0.520349167148224,-0.484668616097194,0.544206219282440,0.264743252935468,-0.783283622771755,0.142187788565035,-0.313567644057719,0.264011602070848,0.405960638528079,-0.316797729213231,0.280566533867292,0.340354199057125,0.003230085155512,-0.016554931796444,0.065606439470953,-0.015839871354569,0.014028313314910,0.017017693723503,0.010330425166121
1403637192.188318967819214,-4.881588692872085,-0.507877774882546,-0.465702207776937,0.541370499112115,0.265150267265821,-0.785401933139243,0.140560029457535,-0.302166901500347,0.217112080809413,0.431146714899284,-0.315858562399364,0.249428083186716,0.379328528161014,0.013691660899017,-0.032316002377303,0.051818186738270,-0.015792913058658,0.012471392265678,0.018966408320257,0.007834239642426
1403637192.238318920135498,-4.897495913626978,-0.498675181875129,-0.444613994297461,0.540167335415451,0.266211064439667,-0.786295505193147,0.138167642496803,-0.294980209407021,0.159731147314659,0.481800208567918,-0.318144718504305,0.184052035674051,0.421764671815657,0.023164509097284,-0.024320888359392,0.060035536752261,-0.015907220754893,0.009202593007418,0.021088213479476,0.006031546005329
1403637192.288319110870361,-4.912555530196322,-0.491689267340768,-0.421227373333271,0.540745299409742,0.268850284181561,-0.785807082875942,0.133496345881697,-0.294160068190005,0.104216501146866,0.505330453828097,-0.301191182433699,0.139717757706260,0.467730635033026,0.007031114243694,-0.035501256559395,0.037599818795071,-0.015059616569344,0.006985914534360,0.023386620964190,0.010836819363837
1403637192.338319063186646,-4.927212233799558,-0.487426954720244,-0.397519892802676,0.542616372654836,0.271600170473320,-0.784285524487752,0.129217009734565,-0.286858751655645,0.037855000773153,0.499098024412487,-0.293134351619434,0.085246333707719,0.474150062796631,0.006275599963789,-0.047391332934567,0.024947961615857,-0.014656703603237,0.004262312620524,0.023707480530595,0.011258904242753
1403637192.388319015502930,-4.941794588881058,-0.486404305879187,-0.373878744773495,0.545177005344267,0.272293245156527,-0.782472810823500,0.127963751929817,-0.276714267318338,-0.014290167812081,0.468170925225249,-0.291647379766617,0.020452996326640,0.472823411503157,0.014933112448279,-0.034743164138721,-0.004652486277908,-0.014582355081500,0.001022648841057,0.023641148029181,0.006897474908698
1403637192.438318967819214,-4.955246224621731,-0.488430217446846,-0.352087544399289,0.544185388928130,0.270626287098172,-0.783443998193799,0.129765854147817,-0.259264725481934,-0.074887189544622,0.416703084918992,-0.269032971383284,-0.040518269994416,0.435824423118682,0.009768245901349,-0.034368919550206,-0.019121338199691,-0.013451635740672,-0.002025911567659,0.021791200374206,0.005640154206304
1403637192.488318920135498,-4.968215726471813,-0.493089509335796,-0.332760373181477,0.540194027200122,0.266711815386072,-0.786724055905031,0.134612333651560,-0.239526994746592,-0.119822296789318,0.385358620597512,-0.259390284375500,-0.093185926648030,0.386543792993124,0.019863289628908,-0.026636370141288,-0.001185172395612,-0.012969501850082,-0.004659291888950,0.019327171217812,0.016186606430546
1403637192.538319110870361,-4.977998331943368,-0.499700632005019,-0.315509974974583,0.536047584981745,0.262490968594202,-0.790052576420656,0.139887113533731,-0.233911784889799,-0.157107645043947,0.351308976294123,-0.195651363080382,-0.132221948997749,0.345006648041971,-0.038260421809417,-0.024885696046199,0.006302328252152,-0.009782605471555,-0.006611122669223,0.017250398206894,0.017194340647811
1403637192.588319063186646,-4.989615224285903,-0.508033460737882,-0.299521693351647,0.531431558849824,0.258512033919128,-0.793527487272920,0.145141839315090,-0.232621203612154,-0.195781945112574,0.323026346346949,-0.232338068425549,-0.166656733593510,0.319765937411287,-0.000283135186604,-0.029125211519064,0.003260408935663,-0.011616892342535,-0.008332828732863,0.015988281622936,0.017530232027593
1403637192.638319015502930,-5.001589936604000,-0.518302053766602,-0.285041229818780,0.527655623076022,0.255784167721973,-0.796287831561330,0.148592369542949,-0.247503545664917,-0.231556075108350,0.291359294701855,-0.239494474761658,-0.205372056432437,0.289609546850516,-0.008009070903259,-0.026184018675913,0.001749747851339,-0.011974712318096,-0.010268593028719,0.014480463532866,0.012841299937958
1403637192.688318967819214,-5.014555584021268,-0.530504187352601,-0.271867880731333,0.524897652617337,0.254066095918479,-0.798199208464257,0.151032767267850,-0.268208159323512,-0.269576484238903,0.266853157557469,-0.259313195645706,-0.244042904457434,0.263467233010872,-0.008894963677806,-0.025533579781469,0.003385924546597,-0.012965647417269,-0.012202133585999,0.013173349087447,0.008981560752102
1403637192.738318920135498,-5.028017818203637,-0.544427662876520,-0.260314397573266,0.524075140703196,0.252833267897232,-0.798828123360552,0.152624424223614,-0.285078520713825,-0.292874263065437,0.237376060767828,-0.269244940419367,-0.278469776047854,0.231069883526763,-0.015833580294458,-0.014404487017583,0.006306177241065,-0.013462234182369,-0.013923475523919,0.011553483158067,0.004527824545763
1403637192.788319110870361,-5.042677200454108,-0.560344431269548,-0.250253982034751,0.524385066634742,0.252509223509538,-0.798572983825276,0.153429408646067,-0.303386916498252,-0.326468309711418,0.224590173908355,-0.293186526591566,-0.318334153512133,0.201207543224426,-0.010200389906686,-0.008134156199285,0.023382630683929,-0.014659382250470,-0.015916768393028,0.010060415538515,0.001912229086973
1403637192.838319063186646,-5.058673937754902,-0.578203010289187,-0.239836017540098,0.526487198971717,0.252574502125177,-0.797012360685563,0.154235686887180,-0.318060095480525,-0.358284804075372,0.241021291415416,-0.319935051129723,-0.357171921018475,0.208359488600163,0.001874955649198,-0.001112883056896,0.032661802815253,-0.015996737300794,-0.017858579019639,0.010417964494654,0.005480458208788
1403637192.888319015502930,-5.075364252525969,-0.597775071647617,-0.228298571638825,0.530032497481975,0.252455514334589,-0.794559406924224,0.154942291719544,-0.349742269271936,-0.403537004576275,0.272036439999363,-0.333806613764145,-0.391441600476390,0.230749138084992,-0.015935655507791,-0.012095404099884,0.041287301914372,-0.016690314771068,-0.019572061358429,0.011537445901273,0.008740618414086
1403637192.938318967819214,-5.093133212174703,-0.618802938138183,-0.214955053646662,0.532964416599683,0.251880374509516,-0.792390030186280,0.156917964672283,-0.345395705629988,-0.417910262456462,0.305964019120621,-0.355379531890995,-0.420557730886435,0.266870614350902,0.009983826261007,0.002647468429973,0.039093404769719,-0.017768959648733,-0.021027866490566,0.013343517992163,0.008375306610616
1403637192.988318920135498,-5.111614995083884,-0.641650557340734,-0.200461268772265,0.535802975827350,0.252077436429697,-0.790214715605275,0.157901362813822,-0.363143663372439,-0.444304639795265,0.330450873826101,-0.369636010695999,-0.456952819835178,0.289875973935201,0.006492347323560,0.012648180039913,0.040574899890900,-0.018481782909181,-0.022847619202551,0.014493784874396,0.007428413876214
1403637193.038319110870361,-5.130384240593901,-0.665200240855240,-0.183806670335181,0.536547567264846,0.250729458313576,-0.789616760180214,0.160489310667279,-0.378875141710994,-0.474403915567651,0.373643057628153,-0.375383478226004,-0.470991873598726,0.333090698101509,-0.003491663484990,-0.003412041968925,0.040552359526644,-0.018769245510017,-0.023549683514507,0.016654598437084,0.006140519065235
1403637193.088319063186646,-5.148683901925172,-0.690513196932053,-0.167776848100566,0.534123171957752,0.247606181681816,-0.791265398903879,0.165235239789293,-0.370746060403019,-0.482192787572243,0.387894159039181,-0.365993575664100,-0.506259604343034,0.320596750437198,-0.004752484738919,0.024066816770791,0.067297408601984,-0.018299661331271,-0.025312956076813,0.016029822234616,0.012786640156580
1403637193.138319015502930,-5.168428914148030,-0.714998817111186,-0.148240168440538,0.527701691411821,0.242000200717010,-0.795626512880539,0.173047044862329,-0.385735995692666,-0.494944684988323,0.396342388770312,-0.394900621063735,-0.489712870609239,0.390733965833508,0.009164625371069,-0.005231814379084,0.005608422936804,-0.019745012222858,-0.024485620179133,0.019536679660028,0.024715015023015
1403637193.188318967819214,-5.188709508410988,-0.740889583110571,-0.127905109106296,0.520266680692042,0.235714016036684,-0.800474328356932,0.181665443183512,-0.411660736417260,-0.495723186893497,0.441764486811461,-0.405612272081176,-0.517815813815340,0.406701574545690,-0.006048464336084,0.022092626921843,0.035062912265772,-0.020280594262958,-0.025890765999385,0.020335059334242,0.027754401252096
1403637193.238318920135498,-5.211136835847189,-0.766242472665490,-0.107729969844829,0.515038437177080,0.231843636958532,-0.803730405092096,0.187086536561364,-0.447519529211230,-0.481120210373419,0.403053524679152,-0.448546976491756,-0.507058274666842,0.403503170039945,0.001027447280526,0.025938064293423,-0.000449645360793,-0.022427327436201,-0.025352889554919,0.020175139261467,0.018144444669109
1403637193.288319110870361,-5.237638201014106,-0.791571447595613,-0.089642684405969,0.512141285381759,0.229394023623402,-0.805534002611108,0.190275212181493,-0.506816055306373,-0.479641474112309,0.345974902032158,-0.530025281452344,-0.506577566162403,0.361744328832088,0.023209226145971,0.026936092050095,-0.015769426799930,-0.026501365166917,-0.025328974930123,0.018087285438859,0.010547942872410
1403637193.338319063186646,-5.265107067580695,-0.816774072818727,-0.074803328712613,0.515377606627666,0.232817553705152,-0.803684423564264,0.185130377284941,-0.560696853728953,-0.479621186734595,0.276419187029989,-0.549377855259330,-0.504052985164671,0.296787396905650,-0.011318998469623,0.024431798430076,-0.020368209875661,-0.027468866566589,-0.025202625223114,0.014839355693357,0.014433963871265
1403637193.388319015502930,-5.294295911878041,-0.841669583213669,-0.064397117537130,0.520918487099731,0.236242512858100,-0.800239038060117,0.180141296988883,-0.596398480312531,-0.484377798439141,0.203119915924420,-0.583777442680479,-0.497910682743470,0.208124421992570,-0.012621037632052,0.013532884304329,-0.005004506068150,-0.029188844297346,-0.024895510394942,0.010406211175483,0.017798182796521
1403637193.438318967819214,-5.325816054863394,-0.866907084910827,-0.056536733597432,0.527017258715409,0.239888624413832,-0.796341564113349,0.174775198922616,-0.630546938881574,-0.489514482062965,0.159866688695444,-0.630403460906647,-0.504750515310754,0.157207828719034,-0.000143477974926,0.015236033247788,0.002658859976410,-0.031520142985353,-0.025237501697158,0.007860383939698,0.019439670790810
1403637193.488318920135498,-5.357968183328821,-0.892597299477198,-0.049552891706052,0.531817942888584,0.243448946581643,-0.793072893881839,0.170110761035066,-0.649467500289778,-0.507485651098948,0.165906386471031,-0.643043182562302,-0.513804781329846,0.139676971033931,-0.006424317727477,0.006319130230897,0.026229415437101,-0.032152128465427,-0.025690214566371,0.006983841891380,0.016512302753056
1403637193.538319110870361,-5.390942892942782,-0.918515234932983,-0.041338276502826,0.535668223495307,0.246974667877511,-0.790346600209829,0.165575720747155,-0.652785263034704,-0.511670836624762,0.177883811062950,-0.659491676518120,-0.518356731741698,0.164291677341505,0.006706413483416,0.006685895116936,0.013592133721446,-0.032974709613961,-0.025917935455785,0.008214615203226,0.014866727068269
1403637193.588319063186646,-5.424884073064830,-0.945661360445337,-0.031802094614422,0.537448775079215,0.250250710045700,-0.788887442191271,0.161802348068218,-0.668668895329273,-0.538375249766825,0.206071350541542,-0.678824249818220,-0.542923028018827,0.190723819656486,0.010155354488947,0.004547778252001,0.015347530885056,-0.033941180122048,-0.027146125512354,0.009536181888404,0.011003704119255
1403637193.638319015502930,-5.459365161664525,-0.973611578524228,-0.021437318723323,0.538933472417952,0.252307359854984,-0.787726662984088,0.159306035336044,-0.681532453838261,-0.567014262057403,0.228804200294565,-0.689622429669102,-0.559004894686424,0.207295715514593,0.008089975830841,-0.008009367370980,0.021508484779972,-0.034481088599695,-0.027950218078891,0.010364775891100,0.007486824858214
1403637193.688318967819214,-5.494268726273390,-1.002753829032647,-0.010187549845325,0.539456250784173,0.254084291702977,-0.787208623709845,0.157260004313022,-0.709267585735439,-0.603897271886853,0.259548204772776,-0.698071957910586,-0.582845566013242,0.224995592132478,-0.011195627824852,-0.021051705873610,0.034552612640298,-0.034903564608864,-0.029142250508420,0.011249768877998,0.005616189751439
1403637193.738318920135498,-5.529917739083717,-1.034046898036776,0.003835006621742,0.540414275414806,0.256084101495568,-0.786340212005043,0.155056166833061,-0.696946185712164,-0.618060452329979,0.274076638815360,-0.712980936158153,-0.625861976951062,0.280451396800638,0.016034750445989,0.007801524621083,-0.006374757985278,-0.035649012810327,-0.031293069004128,0.014022556467067,0.006489406186444
1403637193.788319110870361,-5.565710744660186,-1.066337874459686,0.018912726147218,0.540765602177599,0.257061929239909,-0.786006005200930,0.153903501665914,-0.694472087200461,-0.645864716582792,0.304930258072686,-0.715857380750188,-0.645817064861613,0.301553240175199,0.021385293549727,-0.000047651721179,0.003377017897487,-0.035793005576469,-0.032290976422910,0.015077719525476,0.003174844434846
1403637193.838319063186646,-5.601060023373250,-1.099538518581285,0.034492969375776,0.540778047232210,0.258325979594966,-0.785803591442308,0.152772731776287,-0.689219772291037,-0.671175066461532,0.320082437576089,-0.706986248495912,-0.664013515684613,0.311605161740987,0.017766476204875,-0.007161550776919,0.008477275835102,-0.035349278713064,-0.033200644121599,0.015580243228557,0.003416191307045
1403637193.888319015502930,-5.636299018189256,-1.133719321824672,0.051956422163587,0.540816388454737,0.258284579440765,-0.785797309584046,0.152739314691264,-0.683128720715483,-0.705404832901403,0.326811910250467,-0.704780568451249,-0.683616716815454,0.349269388845470,0.021651847735766,-0.021788116085949,-0.022457478595002,-0.035238994816006,-0.034180803243387,0.017463452787811,0.000131760162443
1403637193.938318967819214,-5.670684205251474,-1.168976215893088,0.068025813740213,0.542275172318513,0.257500716221713,-0.784770166452052,0.154164861362924,-0.687878907000119,-0.728122018001847,0.296072038454867,-0.687704397090373,-0.705138553840847,0.321388138032132,-0.000174509909746,-0.022983464161000,-0.025316099577266,-0.034385187062218,-0.035256894068416,0.016069391576626,0.004828954779587
1403637193.988318920135498,-5.704575543297111,-1.205128064056529,0.081305706191568,0.545784592181153,0.256780956850480,-0.782326056700270,0.155398391704708,-0.673567684344007,-0.742421441608377,0.214079674693467,-0.677827407339337,-0.723037652811252,0.265598102321198,0.004259722995330,-0.019383788797125,-0.051518427627731,-0.033891338045637,-0.036151848163441,0.013279892451355,0.009017623932644
1403637194.038319110870361,-5.737501164212876,-1.241696924845956,0.090845391970613,0.549198048197939,0.255592545016241,-0.779981728281423,0.157106519071679,-0.658162595982585,-0.753604162761138,0.133850834035969,-0.658509906299355,-0.731374425816527,0.190792987763399,0.000347310316770,-0.022229736944612,-0.056942153727430,-0.032925620915765,-0.036568860789427,0.009539685779044,0.009268790200134
1403637194.088319063186646,-5.769760910540993,-1.279080273016220,0.095885499095275,0.551493989835937,0.254367036296962,-0.778492087239831,0.158435665572217,-0.641028404465405,-0.755048074281335,0.048059918560539,-0.645195541868747,-0.747667676436734,0.100802238625749,0.004167137403342,-0.007380397844601,-0.052742320065210,-0.032259746328116,-0.037383348170264,0.005040107124662,0.006560149426617
1403637194.138319015502930,-5.799767044043916,-1.315879970851303,0.097492982569993,0.553157144443702,0.253882997571707,-0.777405353428549,0.158749845844106,-0.637378653263589,-0.777886897902829,-0.008513515739602,-0.600123242380595,-0.735994658600856,0.032149700154697,-0.037255410882994,-0.041892239301973,-0.040663215894299,-0.030006133502924,-0.036799697835083,0.001607483474718,0.004137669819236
1403637194.188318967819214,-5.831352340397293,-1.355216460861970,0.096121413160892,0.553325407468249,0.253417309562266,-0.777359054191791,0.159133785006086,-0.628000930228311,-0.795892106692376,-0.046075665605852,-0.631706529509836,-0.786730550498064,-0.027431414342648,0.003705599281525,-0.009161556194312,-0.018644251263204,-0.031585296353377,-0.039336490010667,-0.001371569409101,0.001256551916288
1403637194.238318920135498,-5.862018836945390,-1.394633605406936,0.093784731865403,0.551141786160181,0.252679154422679,-0.778963840543850,0.160035344826011,-0.607466589332659,-0.801358691994213,-0.031481372334790,-0.613330515879499,-0.788343642722405,-0.046733670478480,0.005863926546841,-0.013015049271808,0.015252298143690,-0.030666496548097,-0.039417144544966,-0.002336681295489,0.005899569706823
1403637194.288319110870361,-5.891405074225094,-1.434487945010921,0.092324616435067,0.550257237554229,0.252303853056805,-0.779678026525845,0.160193361924407,-0.589879611651548,-0.811256790297792,-0.017862151814985,-0.587722503610653,-0.797083751446493,-0.029202197209182,-0.002157108040895,-0.014173038851300,0.011340045394197,-0.029386237279704,-0.039854339603985,-0.001460115430336,0.002415208934467
1403637194.338319063186646,-5.919935616488948,-1.475210467297087,0.091827582531700,0.548450957197052,0.252313439783034,-0.781089048071030,0.159497255894839,-0.568998961900263,-0.820451499070142,-0.002892714849863,-0.570611389454493,-0.814451222444533,-0.009940687547516,0.001612427554230,-0.006000276625609,0.007047972697653,-0.028530542263853,-0.040722522286166,-0.000497033903367,0.004790945118960
1403637194.388319015502930,-5.947680492146651,-1.516654343584934,0.092823847403492,0.547126048273768,0.252557024481403,-0.782012221414959,0.159138060322073,-0.555686229155472,-0.836126451906715,0.043199760712956,-0.554898042346071,-0.828878316236894,0.019925316438106,-0.000788186809400,-0.007248135669821,0.023274444274850,-0.027744875657703,-0.041443876287847,0.000996264871792,0.003344241793749
1403637194.438318967819214,-5.975781219422664,-1.559154064532647,0.096342686450701,0.546345458349007,0.253203498868515,-0.782598261140668,0.157906902831253,-0.566336720705706,-0.863137722924976,0.075892085199986,-0.562015081499608,-0.849995229572887,0.070376848060777,-0.004321639206097,-0.013142493352089,0.005515237139209,-0.028100727276013,-0.042499720947713,0.003518839047209,0.003397906287764
1403637194.488318920135498,-6.004281745382209,-1.603378991192784,0.101374546635804,0.545739397116176,0.252165114030121,-0.783109248259859,0.159126273730415,-0.575782243473652,-0.899212393749250,0.124788911439266,-0.570011062795819,-0.884499376727090,0.100637299677268,-0.005771180677833,-0.014713017022160,0.024151611761998,-0.028500525959545,-0.044224926660138,0.005031860185103,0.003574088619933
1403637194.538319110870361,-6.033535818969026,-1.647437192228584,0.108231884723818,0.544848182231208,0.252150684989558,-0.783753445654329,0.159031527703192,-0.562138420486189,-0.904248140657544,0.153080582366131,-0.585079239836172,-0.881160659354823,0.137146238588888,0.022940819349983,-0.023087481302721,0.015934343777243,-0.029254073586817,-0.044058201035799,0.006857338088013,0.002207658836648
1403637194.588319063186646,-6.061656906336618,-1.693375920583407,0.117008952677513,0.544267761040299,0.251891959653291,-0.784243286529177,0.159014189581055,-0.558101279081498,-0.920466147440798,0.198221664122137,-0.562422283719525,-0.918775443309006,0.175541526483352,0.004321004638027,-0.001690704131792,0.022680137638785,-0.028121087367592,-0.045938728354823,0.008777067953695,0.001605082285867
1403637194.638319015502930,-6.089153036719456,-1.739495559613597,0.127783934478054,0.543838653134902,0.252058640222348,-0.784683880118211,0.158041670227525,-0.542023376806220,-0.931593577780644,0.226585125593574,-0.549923132104328,-0.922393660266959,0.215499841527478,0.007899755298108,-0.009199917513685,0.011085284066097,-0.027496130382838,-0.046119639030191,0.010774981800541,0.002325366863411
1403637194.688318967819214,-6.116807470404493,-1.786855387104594,0.139289186219664,0.541198703971207,0.252404639534571,-0.786641294782551,0.156816243113209,-0.545809832833745,-0.951041552174202,0.251131185398516,-0.553089201167694,-0.947197453137806,0.230105254277671,0.007279368333948,-0.003844099036396,0.021025931120845,-0.027654433685036,-0.047359827490996,0.011505251741610,0.007049029366016
1403637194.738318920135498,-6.143869195787176,-1.834936773176706,0.151605498400083,0.538346403842790,0.252330363980626,-0.788804109095822,0.155886543218094,-0.544507027924657,-0.969288856234859,0.256368036219793,-0.541235023815611,-0.961628638522790,0.246326478523621,-0.003272004109046,-0.007660217712069,0.010041557696173,-0.027061725382683,-0.048081386072113,0.012316312180419,0.007398177108430
1403637194.788319110870361,-6.171084340773112,-1.884161078877524,0.163882576014180,0.536267435236295,0.252088409291134,-0.790415541756731,0.155280208512116,-0.546611322484188,-0.985860715638691,0.227471381916751,-0.544300823375842,-0.984482358514184,0.245540615618833,-0.002310499108345,-0.001378357124507,-0.018069233702082,-0.027215144985935,-0.049224305700817,0.012277077614097,0.005420337270162
1403637194.838319063186646,-6.198544854934804,-1.934418965223027,0.174848126922596,0.534826818302628,0.251493092498982,-0.791631045973091,0.155021888458169,-0.549028749098720,-1.006692360594080,0.201125268697808,-0.549210807002088,-1.005158685504082,0.219311227319795,0.000182057903368,-0.001533675089998,-0.018185958621987,-0.027460514161692,-0.050257886345503,0.010965550908416,0.003986958890473
1403637194.888319015502930,-6.226476738484443,-1.986172267711861,0.184473500299957,0.533504658903102,0.251306089309539,-0.792654510735352,0.154650751745768,-0.549447177175725,-1.026607782257378,0.164537568503040,-0.558638203751695,-1.035067036893536,0.192507651136825,0.009191026575969,0.008459254636159,-0.027970082633785,-0.027931883549639,-0.051753302488834,0.009625373377361,0.003445750416502
1403637194.938318967819214,-6.254053619998513,-2.038701057321245,0.193776130260888,0.535217261914706,0.249545271404513,-0.791612968952021,0.156902987400304,-0.563904265764911,-1.049286891794464,0.162861783929353,-0.551538156269165,-1.050576794095791,0.186052776652372,-0.012366109495746,0.001289902301327,-0.023190992723019,-0.027576881514070,-0.052528789609384,0.009302629960931,0.006983086963393
1403637194.988318920135498,-6.282021515164074,-2.091911730486779,0.201611324427374,0.538635081026413,0.247726820115566,-0.789510202870448,0.158673600975600,-0.564040700919574,-1.056434803729165,0.134834599890048,-0.559358436757005,-1.064214478224694,0.156704032774323,-0.004682264162568,0.007779674495529,-0.021869432884274,-0.027967895165562,-0.053210673165534,0.007835194166486,0.009496313506470
1403637195.038319110870361,-6.310317287698055,-2.145631238056005,0.208414348747297,0.543518172082759,0.246889122572060,-0.786222994900117,0.159646985758282,-0.562956322843181,-1.071290132565903,0.106477897857024,-0.565913291891728,-1.074386052926987,0.136059967370877,0.002956969048546,0.003095920361084,-0.029582069513853,-0.028295772533981,-0.053719507569226,0.006803024319923,0.012049836416963
1403637195.088319063186646,-6.338365388092538,-2.199678198901319,0.213311341193962,0.547600981217058,0.245740327528955,-0.783478486938580,0.160954395095354,-0.551037599931816,-1.078225140687775,0.071736258832245,-0.560962542865230,-1.080940247771223,0.097939942336104,0.009924942933414,0.002715107083448,-0.026203683503859,-0.028048100394483,-0.054046960845314,0.004896992446665,0.010436621176680
1403637195.138319015502930,-6.366061061600274,-2.253276926612330,0.216741234689179,0.551793164991867,0.244622894272136,-0.780672000968324,0.161972743294342,-0.540581132590954,-1.082016500145409,0.045381914352488,-0.553913998408279,-1.071975576535787,0.068597935324431,0.013332865817326,-0.010040923609622,-0.023216020971942,-0.027695673507736,-0.053598727711011,0.003429893495217,0.010533094996281
1403637195.188318967819214,-6.393806073300743,-2.307921768695343,0.218707111350239,0.555526739675616,0.243841970765809,-0.778018859915291,0.163149589072539,-0.533757426756049,-1.085507807682448,0.019271099733849,-0.554900763203976,-1.092897883928907,0.039317570717373,0.021143336447927,0.007390076246459,-0.020046470983524,-0.027745011700469,-0.054644842083013,0.001965876661061,0.009586154360655
1403637195.238318920135498,-6.421206522173695,-2.362393386096198,0.219505238321628,0.558374514075677,0.243017633226387,-0.776045704718148,0.164053028500878,-0.519796212921082,-1.080622807101947,0.000819211037830,-0.548009500081630,-1.089433386981746,0.015962554650842,0.028213287160547,0.008810579879799,-0.015143343613012,-0.027400448872952,-0.054471617400855,0.000798126971388,0.007348172787810
1403637195.288319110870361,-6.448059964550484,-2.417253083781430,0.218810733433592,0.560644689618663,0.242756685213949,-0.774399158650919,0.164476949348769,-0.496505690010159,-1.084211674863045,-0.034359255330610,-0.537066798788522,-1.097189768257836,-0.013890044774397,0.040561108778363,0.012978093394791,-0.020469210556213,-0.026853442376789,-0.054859697685232,-0.000694504888036,0.005696531991242
1403637195.338319063186646,-6.474573129782765,-2.471287879071965,0.216806607661905,0.562271631573425,0.241881088217112,-0.773159123995433,0.166039514794757,-0.483918251909076,-1.074044363771740,-0.056765026271382,-0.530263810344610,-1.080696936443601,-0.040082553659446,0.046345558435533,0.006652572671861,-0.016682472611936,-0.026513165232282,-0.054034795290534,-0.002004125771687,0.005437981794378
1403637195.388319015502930,-6.499945165159586,-2.525577981222732,0.213937363349379,0.563215944184014,0.242723836624537,-0.772358305642201,0.165334772678595,-0.463997837760377,-1.074895345017383,-0.051151970793247,-0.507441191470042,-1.085803078517856,-0.057384940977064,0.043443353709665,0.010907733500472,0.006232970183817,-0.025372035376821,-0.054290102150767,-0.002869244312526,0.003310542731948
1403637195.438318967819214,-6.525222730485365,-2.580633726221065,0.211334811368628,0.563409868657335,0.243091903210724,-0.771593001268645,0.167689853259397,-0.451616143404049,-1.087467414732261,-0.032589101891537,-0.505551788647338,-1.101115950072663,-0.052051089254798,0.053935645243289,0.013648535340402,0.019461987363261,-0.025277565325779,-0.055055744998333,-0.002602551980751,0.005022022840390
1403637195.488318920135498,-6.548330574438758,-2.635621934373668,0.210678664528046,0.562023147947510,0.245524418166296,-0.771279010401344,0.170224643837478,-0.431108642361539,-1.087470312852947,0.013720022527192,-0.462157319815425,-1.099765211869896,-0.013122949326658,0.031048677453886,0.012294899016949,0.026842971853850,-0.023107843953393,-0.054988208152603,-0.000656146840582,0.007579945664429
1403637195.538319110870361,-6.570191281272550,-2.690435562057562,0.211424055718782,0.559611601858190,0.248660522681818,-0.771419364573183,0.172959427285195,-0.403467765538561,-1.080810103147705,0.045628392011118,-0.437212468842643,-1.096268371745911,0.014907766946090,0.033744703304082,0.015458268598206,0.030720625065028,-0.021860706833793,-0.054813627683894,0.000745391190735,0.009622783491414
1403637195.588319063186646,-6.590845452441178,-2.744264723873234,0.214612752196514,0.558743762782565,0.252207371084676,-0.770450304542542,0.174937639610354,-0.385659157534743,-1.074173235829657,0.101385300344431,-0.413083817319972,-1.076584263024208,0.063773990374269,0.027424659785229,0.002411027194550,0.037611309970162,-0.020654171168627,-0.053829161815672,0.003188696477733,0.008528940651784
1403637195.638319015502930,-6.610597900811882,-2.797381440550060,0.219738931439960,0.558156412257588,0.255143196395338,-0.769365193292876,0.177314884142093,-0.371183973196453,-1.071727321728311,0.144480579050691,-0.395049344162504,-1.062335346658456,0.102523682643114,0.023865370966051,-0.009391975069855,0.041956896407577,-0.019752448370705,-0.053116716676826,0.005126179243446,0.007948038667853
1403637195.688318967819214,-6.629706936334989,-2.850413729125506,0.226756433404948,0.558143437330868,0.257571586596378,-0.768000701394780,0.179743438822770,-0.355074322927836,-1.060915225983282,0.173526638372241,-0.382181074938405,-1.060646783020510,0.140350173148113,0.027106752010569,-0.000268442962772,0.033176465224128,-0.019109035523106,-0.053032288575446,0.007017501964988,0.007391069973150
1403637195.738318920135498,-6.647461887193743,-2.903206033971577,0.234405804162935,0.558849189733353,0.260243338403723,-0.766351396821810,0.180738829641341,-0.319939697590247,-1.039487230313877,0.180325771533617,-0.355099355824224,-1.055847103855681,0.152987561060051,0.035159658233977,0.016359873541804,0.027338210473566,-0.017754950858754,-0.052792304846071,0.007649370757987,0.006737169542100
1403637195.788319110870361,-6.664255640519388,-2.954978711743872,0.242863151316517,0.557969965086340,0.263344585976131,-0.765979435607256,0.180539888460689,-0.301380756611945,-1.031271709524417,0.212117777359305,-0.335873785256077,-1.035449605519137,0.169146297829731,0.034493028644132,0.004177895994719,0.042971479529574,-0.016793753325644,-0.051772677772296,0.008457347153583,0.006501911882450
1403637195.838319063186646,-6.680744379950061,-3.006847981392800,0.253172564049295,0.560550527338651,0.267885494683548,-0.763185463964810,0.177675028159076,-0.287752572261010,-1.030755078834311,0.215572637026601,-0.329775103111523,-1.037386382307292,0.206188451292179,0.042022530850513,0.006631303472981,0.009384185734422,-0.016488739430674,-0.051869269648927,0.010309412732777,0.013159485051261
1403637195.888319015502930,-6.696804328029513,-3.059275063350093,0.263809981514209,0.561717692405288,0.272589870173012,-0.761583603946429,0.173661771607648,-0.270491090116719,-1.038653690275633,0.226563265473656,-0.321199267908525,-1.048542639114048,0.212748552191122,0.050708177791806,0.009888948838415,0.013814713282534,-0.016059948079452,-0.052427081957293,0.010637417464915,0.012987032743015
1403637195.938318967819214,-6.711198499178229,-3.111398006090107,0.273982804575382,0.562953917345268,0.276930767594729,-0.760008394726360,0.169645149799434,-0.241550143168028,-1.041318682390971,0.201302375904234,-0.287883697521606,-1.042459848967461,0.203456655254833,0.046333554353578,0.001141166576490,-0.002154279350600,-0.014394171148716,-0.052122942740014,0.010172823061172,0.012487802693210
1403637195.988318920135498,-6.723923071375911,-3.163624944067824,0.282670720322212,0.565570131665993,0.282020377086717,-0.757441704446284,0.163942055131338,-0.200857103610515,-1.044848400999981,0.164814000666780,-0.254491686655836,-1.044539755705094,0.173758480645601,0.053634583045321,-0.000308645294887,-0.008944479978820,-0.012724572197683,-0.052226937977718,0.008687915746830,0.016954329274635
1403637196.038319110870361,-6.734137711636173,-3.216581284723459,0.289724992473337,0.568589753330884,0.286592800846523,-0.754571213770118,0.158721587251262,-0.162698344674100,-1.062692448852846,0.143670123858219,-0.204292025892991,-1.059122772879942,0.141084904826314,0.041593681218892,-0.003569675972904,0.002585219031905,-0.010214640260261,-0.052956340655634,0.007054272151126,0.016188703885048
1403637196.088319063186646,-6.742356446326551,-3.270664228111905,0.295871969929605,0.574143179489831,0.290261725534987,-0.749866793100830,0.154296898022729,-0.117546908509584,-1.080314612309948,0.111519673699389,-0.164374850567636,-1.081659899320189,0.122939666369753,0.046827942058052,0.001345287010242,-0.011419992670364,-0.008218734690378,-0.054082943388446,0.006146977456268,0.018548489488158
1403637196.138319015502930,-6.748061258084900,-3.326009395471026,0.300820167470085,0.580650085570334,0.293318257226113,-0.744461312386520,0.150290493594042,-0.068023950253254,-1.105810053396844,0.099708959121150,-0.114096343977736,-1.106904402808724,0.098964045189060,0.046072393724481,0.001094349411879,0.000744913932090,-0.005704811758349,-0.055345167359121,0.004948197540480,0.019692993093704
1403637196.188318967819214,-6.750485012128329,-3.382551749141665,0.304412161791583,0.588224332850126,0.295857700441684,-0.738145721860495,0.146973632436003,-0.004880621081100,-1.127603101612732,0.074687505617574,-0.048475127098061,-1.130848151873624,0.071839954941880,0.043594506016962,0.003245050260892,0.002847550675694,-0.002423754043429,-0.056542353670639,0.003591994321498,0.021420302688000
1403637196.238318920135498,-6.749461838200038,-3.440144814458442,0.307156327964616,0.595260023160654,0.296833601276534,-0.732381068592031,0.145510440683739,0.066764176652261,-1.152919543633571,0.054339981708227,0.020463498081321,-1.151862404837125,0.054883375801535,0.046300678570940,-0.001057138796447,-0.000543394093308,0.001023173928290,-0.057593065316777,0.002744166173033,0.018528474501233
1403637196.288319110870361,-6.744663676314156,-3.498482212625647,0.308668978108466,0.601407832064799,0.297684324789974,-0.727247906029796,0.144232955598688,0.151605163815934,-1.171041426274148,0.006281532797839,0.095962871648347,-1.166743512570819,0.030252887471388,0.055642292167587,-0.004297913703329,-0.023971354673549,0.004798161885883,-0.058337398167205,0.001512650143850,0.016309626529356
1403637196.338319063186646,-6.735439054430513,-3.558018583278136,0.308315966517322,0.606814381327854,0.298570625175066,-0.722793651387333,0.142131016707933,0.221119858224857,-1.196366154868177,-0.017608289786403,0.184492613618726,-1.190728548617009,-0.007060238556046,0.036627244606131,-0.005637606251168,-0.010548051230357,0.009224621883643,-0.059536370652489,-0.000353011591144,0.014734324593718
1403637196.388319015502930,-6.721042606273443,-3.618037037296804,0.306661027755129,0.611046818968333,0.298854877037568,-0.719430232390045,0.140455289052235,0.336042779079424,-1.203751993625895,-0.045939561729245,0.287929237732123,-1.200370225135603,-0.033098806809338,0.048113541347301,-0.003381768490292,-0.012840754919907,0.014396448157070,-0.060018454018667,-0.001654938762193,0.011334030876462
1403637196.438318967819214,-6.701487403236680,-3.679220445552689,0.303545493269928,0.613514110489644,0.298742347759596,-0.717540064075339,0.139605524002256,0.432822799034564,-1.221492581743694,-0.068040767995832,0.391104433721512,-1.223669332099720,-0.062310749128191,0.041718365313052,0.002176750356026,-0.005730018867641,0.019555203036763,-0.061183408255885,-0.003115534485202,0.006448266803406
1403637196.488318920135498,-6.677882109723657,-3.742018945155160,0.299135944723728,0.613720345017890,0.297446269075806,-0.717691629706486,0.140683260458572,0.531065223188723,-1.236173576310280,-0.106985685157464,0.472106320496125,-1.255971189836883,-0.088191055029546,0.058958902692598,0.019797613526603,-0.018794630127919,0.023605293513023,-0.062798499602471,-0.004409548546200,0.003409892284972
1403637196.538319110870361,-6.649450017094861,-3.805804575341206,0.292992854470488,0.613123039916134,0.296189357840981,-0.718607426491912,0.141263473043876,0.619456534443256,-1.264245496530287,-0.140525250629103,0.568639683387670,-1.275707737282098,-0.122861336385981,0.050816851055586,0.011462240751811,-0.017663914243122,0.028432092628796,-0.063785630186046,-0.006143090253239,0.003528132899797
1403637196.588319063186646,-6.616507178815508,-3.870138339866174,0.285445687100524,0.612704881893035,0.293701870387315,-0.719372394868003,0.144344367875263,0.708186839644136,-1.277827305410236,-0.160431866979772,0.658857393922449,-1.286676517569721,-0.150943491350213,0.049329445721687,0.008849212159485,-0.009488375629559,0.032942838279354,-0.064333764524969,-0.007547167369964,0.008109145963507
1403637196.638319015502930,-6.578285487083705,-3.934164011484897,0.276675477235289,0.610403541040428,0.291820103567363,-0.721799519161781,0.145787511046255,0.805076064538879,-1.277865897950986,-0.185040466344890,0.764434563657661,-1.280514653568403,-0.175404364583336,0.040641500881217,0.002648755617417,-0.009636101761554,0.038221691731803,-0.064025671618723,-0.008770209865235,0.008200203457011
1403637196.688318967819214,-6.535763059837030,-3.999355141190203,0.266720992777236,0.608653585182596,0.289194846861350,-0.723729530724324,0.148737083979629,0.896139691857910,-1.285698180789922,-0.211321358014971,0.850449355985215,-1.303823837529419,-0.199089879027968,0.045690335872695,0.018125656739497,-0.012231478987003,0.042522427246675,-0.065191129705306,-0.009954484458053,0.009461349826223
1403637196.738318920135498,-6.489076393983005,-4.065190480465364,0.255559212091699,0.607401798134251,0.286485586929736,-0.725192754495181,0.151935950099032,0.972246390481939,-1.289126499681765,-0.253514090215719,0.933734207558824,-1.316708041213855,-0.223235826605013,0.038512182923115,0.027581541532090,-0.030278263610706,0.046686665854025,-0.065835339275161,-0.011161780685537,0.009226237843097
1403637196.788319110870361,-6.437908827089569,-4.130610617247063,0.241509251791479,0.604963684098063,0.283776308706325,-0.727630458703605,0.155060836790896,1.048505604375362,-1.289043483074722,-0.281128881208351,1.023347434108056,-1.308397744492688,-0.280998134081594,0.025158170267306,0.019354261417967,-0.000130747126757,0.051167566893436,-0.065420136781699,-0.014049960300220,0.010768839721079
1403637196.838319063186646,-6.383704661092674,-4.195522117757828,0.227652402977294,0.604816982331475,0.283176386639134,-0.728058972968619,0.154718078495477,1.133740914325763,-1.274140431397256,-0.301521629392817,1.084084353801319,-1.298231248305094,-0.277137240582356,0.049656560524444,0.024090816907838,-0.024384388810461,0.054204165996896,-0.064911500510765,-0.013856848814184,0.001652314326244
1403637196.888319015502930,-6.325370675966952,-4.260715606199724,0.213180066977923,0.606860947991601,0.282730528386057,-0.726717227477182,0.153835332122221,1.206339694625251,-1.277920808575901,-0.309682209555134,1.166680815147962,-1.303871012306209,-0.289446996025594,0.039658879477289,0.025950203730308,-0.020235213529540,0.058333985125722,-0.065193488441896,-0.014472335999371,0.005274888191083
1403637196.938318967819214,-6.262713185580344,-4.326353110665841,0.197600740965975,0.607200329127300,0.280867456137844,-0.726765331273138,0.155670760420190,1.280537415998128,-1.279933425131502,-0.336180441269225,1.253151002830094,-1.312751341259588,-0.311586817391313,0.027386413168034,0.032817916128085,-0.024593623877913,0.062657490386608,-0.065637504466117,-0.015579326011948,0.005275351287944
1403637196.988318920135498,-6.196349350713431,-4.391750107911837,0.180786462642051,0.605639012729101,0.276341985619335,-0.728278178597050,0.162626528659519,1.360031486078509,-1.286872870623037,-0.339769358878588,1.327277963129153,-1.307941192269838,-0.336285887185689,0.032753522949356,0.021068321646801,-0.003483471692899,0.066363834866912,-0.065396997245996,-0.016814278323924,0.017156860134256
1403637197.038319110870361,-6.126995788664349,-4.457877514292981,0.164381855809103,0.601788638025641,0.273941728917413,-0.730754479692486,0.169718162582403,1.425390141503122,-1.288108487417644,-0.317816448374978,1.387065949744962,-1.322543082521393,-0.328090885091550,0.038324191758160,0.034434595103749,0.010274436716572,0.069353562049082,-0.066127406381144,-0.016404606832948,0.017551119692955
1403637197.088319063186646,-6.054224461100692,-4.524009226569842,0.149939272239935,0.597495688601976,0.273964583898641,-0.732698842516176,0.176336936138609,1.484961429985362,-1.284027134025063,-0.294187339880627,1.455427939277376,-1.322635506900733,-0.288851946854052,0.029533490707985,0.038608372875669,-0.005335393026574,0.072771327563657,-0.066131712276861,-0.014442583569168,0.016250416670455
1403637197.138319015502930,-5.977588726299929,-4.588625290198051,0.137812337179681,0.593136214769791,0.275959041164082,-0.733821352499939,0.183145463890116,1.555963826784986,-1.263500166114356,-0.263887798967948,1.532716157727310,-1.292322505018969,-0.242538932508226,0.023247669057676,0.028822338904613,-0.021348866459723,0.076635734800764,-0.064616063628209,-0.012126935060254,0.016804685779728
1403637197.188318967819214,-5.898558086413508,-4.653596417328301,0.126665108685349,0.586952464841257,0.280076184352422,-0.735377910433592,0.190429682092065,1.615400861345726,-1.246138377202095,-0.236767878357031,1.580614305119680,-1.299423781832091,-0.222944782503359,0.034786556226046,0.053285404629997,-0.013823095853672,0.079030639886421,-0.064971127130250,-0.011147228494332,0.021040281304075
1403637197.238318920135498,-5.817362316411350,-4.717209299783105,0.118096654080701,0.582040004243594,0.286636390953879,-0.734810864711774,0.197792835923316,1.655862096690014,-1.227613177817161,-0.179411107527320,1.623916948731049,-1.272258862416670,-0.171369255523403,0.031945147958965,0.044645684599509,-0.008041852003917,0.081195770002158,-0.063612882454803,-0.008568454604647,0.022064214407590
1403637197.288319110870361,-5.733511340433743,-4.779090097646581,0.110149105230884,0.574173241531649,0.294920519560113,-0.735490227846247,0.205915275281141,1.698286241528439,-1.211338892707043,-0.165328349796455,1.677013122254771,-1.237611236157324,-0.158950370648806,0.021273119273668,0.026272343450281,-0.006377979147649,0.083850975977607,-0.061880797863476,-0.007947548849818,0.028067884151898
1403637197.338319063186646,-5.648026035649752,-4.840141849719098,0.104583577280081,0.566718425607142,0.304652835069430,-0.734812557858572,0.214633131121139,1.730056181922703,-1.190470180786352,-0.110443858439125,1.709707726184153,-1.221036205921211,-0.111310665170181,0.020348455738550,0.030566025134859,0.000866806731055,0.085485304783990,-0.061051752072517,-0.005565527950803,0.030116890779343
1403637197.388319015502930,-5.561279939269222,-4.901727627401078,0.103165239951362,0.560142780022287,0.315436773504485,-0.732194108471653,0.225014433824553,1.750695289557635,-1.180960621426690,-0.070691197956627,1.734923582162661,-1.231716728296212,-0.028366773627042,0.015771707394974,0.050756106869521,-0.042324424329586,0.086746096380530,-0.061585777681980,-0.001418337328719,0.033115943587295
1403637197.438318967819214,-5.473587908479063,-4.960983634016335,0.102185532229569,0.552491277822790,0.328664266718708,-0.729012153772872,0.235105226150831,1.782876461549160,-1.154322487510481,-0.026538030607493,1.753842288397534,-1.185121262524854,-0.019594173122327,0.029034173151626,0.030798775014373,-0.006943857485166,0.087692030790159,-0.059256006615257,-0.000979707721793,0.037173696821867
1403637197.488318920135498,-5.385000640305439,-5.019193510805787,0.103372907034132,0.545286597444461,0.345647247520617,-0.724216429658598,0.242283036842073,1.803173629134516,-1.127289080779906,0.015991601246374,1.771747053142143,-1.164198646055395,0.023747518738655,0.031426575992373,0.036909565275489,-0.007755917492281,0.088587268173624,-0.058209876789452,0.001187374804563,0.040736388391957
1403637197.538319110870361,-5.295226748265135,-5.076547781276664,0.106905327987201,0.538257097620957,0.363072852901349,-0.717970997147938,0.250948296669127,1.820940643638540,-1.113999350980216,0.026609789026129,1.795470991627797,-1.147081033650656,0.070648149560084,0.025469652010744,0.033081682670441,-0.044038360533956,0.089773892040304,-0.057354270470877,0.003532420953069,0.043228506023931
1403637197.588319063186646,-5.202018968681307,-5.133373270357823,0.114977377442124,0.530832349596539,0.382960819095089,-0.710561699865425,0.258186169932075,1.838400968305159,-1.107029862751416,0.070468504029866,1.864157369475551,-1.136510865484395,0.161441143060733,-0.025756401170392,0.029481002732978,-0.090972639030867,0.093207779583827,-0.056825489081159,0.008072049454923,0.047242714643875
1403637197.638319015502930,-5.109554872204185,-5.187868989409234,0.120904961609470,0.523930660208666,0.401519397148646,-0.701827740096482,0.267799664372017,1.855081224555627,-1.093183532024398,0.122729311541783,1.849283693156801,-1.089915420452555,0.118551796406718,0.005797531398826,-0.003268111571842,0.004177515135065,0.092464096477122,-0.054495719051411,0.005927584167346,0.047361658341711
1403637197.688318967819214,-5.016226443197059,-5.240583258469622,0.130512066323459,0.517442376886292,0.418765035287356,-0.692202874543727,0.278826850027835,1.854938749067168,-1.082016539290288,0.153359046593885,1.866570360242739,-1.054286386653611,0.192142277520946,-0.011631611175571,-0.027730152636677,-0.038783230927061,0.093328429007126,-0.052714269060388,0.009607104713990,0.047064732890700
1403637197.738318920135498,-4.923408986450635,-5.293145824411829,0.141335664091436,0.512041173831316,0.436308285772199,-0.681624569001935,0.287813938163007,1.868500072675807,-1.063142549401598,0.192992376773660,1.856350905282659,-1.051252321396476,0.216472161803473,0.012149167393148,-0.011890228005121,-0.023479785029813,0.092817456746424,-0.052562565942207,0.010823597767977,0.046027396562300
1403637197.788319110870361,-4.830330761828064,-5.346175351097226,0.154545038081035,0.508090289975150,0.452923144543148,-0.669740593076255,0.296904732794849,1.894981014922730,-1.030774535123234,0.222554472481742,1.861557391173539,-1.060586487891566,0.264186472000563,0.033423623749191,0.029811952768332,-0.041631999518821,0.093078224622571,-0.053029526685397,0.013209373989599,0.045411742779455
1403637197.838319063186646,-4.735229546957115,-5.396055281738033,0.169592001388578,0.505905529955209,0.469465482729501,-0.656201921192735,0.305058672896313,1.923910227377537,-1.012046051989229,0.286290169712616,1.902026111332434,-0.997599564201220,0.300939553149192,0.021884116045103,-0.014446487788010,-0.014649383436576,0.095101214870949,-0.049879930640807,0.015046963307543,0.045966411920075
1403637197.888319015502930,-4.638332148696632,-5.443947531104963,0.186344046534799,0.502094477155239,0.485171864227488,-0.644275551121390,0.312119227859260,1.954364025621851,-1.001027179793955,0.296994729524964,1.937949813382616,-0.957845900811649,0.335041222444618,0.016414212239235,-0.043181278982307,-0.038046492919654,0.096897398260483,-0.047892249366931,0.016752045146220,0.042582691668511
1403637197.938318967819214,-4.540878159465967,-5.493146610915271,0.203817944449882,0.497760030053613,0.498603890479623,-0.633177138602959,0.320493095136509,1.980991821306563,-0.972912048040806,0.324439627165282,1.949081643402407,-0.983982534605020,0.349478291590129,0.031910177904156,0.011070486564214,-0.025038664424847,0.097453989230665,-0.049199079810307,0.017473897915083,0.039624033788664
1403637197.988318920135498,-4.443278252013926,-5.539389256046825,0.224541929423908,0.493552968214569,0.511467446139188,-0.622517149468055,0.327534605384856,2.018791267181259,-0.946746353907618,0.367139897348163,1.952000010613083,-0.924853784640396,0.414480094759546,0.066791256568176,-0.021892569267222,-0.047340197411383,0.097599907452040,-0.046242645131555,0.020723984974026,0.037223576812487
1403637198.038319110870361,-4.342617823225962,-5.586004563839773,0.246064213620057,0.488739383601808,0.522615115972388,-0.612726144621523,0.335520382646029,2.056670121385964,-0.910165941730630,0.405786212015307,2.013200896007340,-0.932302599406776,0.430444041909284,0.043469225378623,0.022136657676146,-0.024657829893977,0.100660428787965,-0.046615307792948,0.021522284196150,0.035047705333033
1403637198.088319063186646,-4.239373571538502,-5.630402982442845,0.268775488828274,0.483778439939645,0.532711169331165,-0.603454446141566,0.343540336134438,2.096530357980202,-0.897133897877150,0.453925630377742,2.064887002978890,-0.887969218894885,0.454225937347931,0.031643355001312,-0.009164678982265,-0.000300306970189,0.103244251687459,-0.044398418603072,0.022711275208216,0.033276519551078
1403637198.138319015502930,-4.136157169568369,-5.673518983624877,0.293784327942587,0.478684336998682,0.542746765111914,-0.594392928400092,0.350691176308512,2.129598234786335,-0.884981565748478,0.493099974693850,2.064330008101177,-0.862320846013878,0.500177259292475,0.065268226685158,-0.022660719734600,-0.007077284598625,0.103216401970133,-0.043116001182032,0.025008839114313,0.032243716658825
1403637198.188318967819214,-4.029231483229949,-5.718076227655743,0.319713109477908,0.472607042289117,0.551978740475992,-0.586428711866520,0.357859496925601,2.175139792073218,-0.870998859368859,0.536302073863300,2.138515766215967,-0.891145730480114,0.518576125259150,0.036624025857252,0.020146871111255,0.017725948604150,0.106925686338420,-0.044557244030866,0.025928781535321,0.030788382584333
1403637198.238318920135498,-3.920833824042882,-5.761001321457128,0.348208826588687,0.466376082846464,0.561806389380988,-0.578532950796002,0.363547184066602,2.206228690932741,-0.841411962173068,0.570088522029486,2.167955251264578,-0.858502694759666,0.569914885728763,0.038273439668163,0.017090732586598,0.000173636300723,0.108397659187067,-0.042925093801385,0.028495717110779,0.030338409898273
1403637198.288319110870361,-3.812287704190028,-5.806958808265542,0.378150709572104,0.463760990099720,0.570776961699071,-0.567820235007173,0.369756115259374,2.238482915032120,-0.821663736385622,0.598060247978204,2.170914115676928,-0.919146229903680,0.598835375292677,0.067568799355192,0.097482493518058,-0.000775127314473,0.108546119852853,-0.045957486808414,0.029941882983417,0.031024365200466
1403637198.338319063186646,-3.700546435517618,-5.848189180723394,0.407956177282489,0.459181066779945,0.579411238394278,-0.559058231926799,0.375352178691055,2.271968969294018,-0.806201277723242,0.587845243192582,2.234827504745801,-0.824608235564731,0.596109922702420,0.037141464548217,0.018406957841489,-0.008264679509837,0.111741268672410,-0.041230372457852,0.029805467710385,0.028538991614578
1403637198.388319015502930,-3.586557087937671,-5.888296804631504,0.438806071944741,0.458643696896803,0.587588875471381,-0.547686098148126,0.380033170413311,2.297395247426332,-0.787782487911157,0.564231396870542,2.279789125775279,-0.802153243155145,0.616998481660650,0.017606121651053,0.014370755243988,-0.052767084790108,0.113989347579947,-0.040107623908110,0.030849894662252,0.029556968702618
1403637198.438318967819214,-3.472529153721066,-5.926287084102458,0.468719395887223,0.458092244043924,0.593737156512058,-0.538416183829730,0.384364017454820,2.325415943951313,-0.768947949003633,0.528782399901698,2.280560859244420,-0.759806314026841,0.598267049401559,0.044855084706894,-0.009141634976792,-0.069484649499860,0.114027934216605,-0.037990279470954,0.029913323942482,0.023899347836873
1403637198.488318920135498,-3.357097135496810,-5.961640616010914,0.496404217776151,0.458403572357256,0.598732026539198,-0.530603677849725,0.387099292557759,2.349169369746860,-0.726785186172240,0.453242494429126,2.308642566178243,-0.707071312484882,0.553696965825137,0.040526803568617,-0.019713873687357,-0.100454471396010,0.115432018224256,-0.035353531908457,0.027684821888928,0.019345631133556
1403637198.538319110870361,-3.239512603580349,-5.995504617954500,0.520608890606736,0.459738502546507,0.602649941313148,-0.523667262942707,0.388878072451569,2.387727392663513,-0.700630850497455,0.391004110485834,2.351681667375585,-0.677277455263265,0.484091609948764,0.036045725287928,-0.023353395234191,-0.093087499462930,0.117584531916461,-0.033864001943586,0.024204672830585,0.016542115276639
1403637198.588319063186646,-3.120393246301797,-6.027022065648549,0.541447488727997,0.461518443361371,0.605593757482225,-0.517865015901399,0.389965065924245,2.422333497781476,-0.664583898926742,0.315759897982706,2.382389417594649,-0.630349555029160,0.416772359890313,0.039944080186827,-0.034234343897582,-0.101012461907607,0.119119357278552,-0.031517447694049,0.020838598121261,0.013664852736904
1403637198.638319015502930,-2.999683800725196,-6.059459388635005,0.557084582714114,0.463230241534870,0.607958734087371,-0.513451486338547,0.390091645836160,2.450701902688528,-0.624396939006276,0.215452870937378,2.414191213884178,-0.648747078422530,0.312742177976525,0.036510688804350,0.024350139416254,-0.097289307039148,0.120709445576601,-0.032437322986455,0.015637093986117,0.010586538324926
1403637198.688318967819214,-2.876035369178615,-6.088331954642942,0.568797163156873,0.462932450189024,0.608755798209707,-0.511514693407045,0.391743083074541,2.499774062350249,-0.584788570824668,0.120118274704812,2.472970989340536,-0.577451870859762,0.234251832255125,0.026803073009714,-0.007336699964906,-0.114133557550313,0.123648431546581,-0.028872566007937,0.011712580442758,0.005367460119983
1403637198.738318920135498,-2.750153703579102,-6.115188689952261,0.574944792940520,0.462100884986236,0.609078256253650,-0.510618293657926,0.393389638953314,2.527262717242593,-0.542163586526674,0.028242263691879,2.517635712994777,-0.537135218438437,0.122952712929789,0.009627004247816,-0.005028368088237,-0.094710449237910,0.125881665599513,-0.026856735309319,0.006147629783647,0.004152185061548
1403637198.788319110870361,-2.622938566880963,-6.139183175834996,0.576187822579280,0.462459723365840,0.608249084990373,-0.509564189994693,0.395611414329537,2.572929199295545,-0.489775120775359,-0.042835400214193,2.544293028255106,-0.479887887027707,0.024860497939920,0.028636171040438,-0.009887233747651,-0.067695898154113,0.127215136698138,-0.023994485882736,0.001243029638760,0.005239738255797
1403637198.838319063186646,-2.493522445154909,-6.160452375340001,0.573746622067058,0.463804785193214,0.605156165253467,-0.507968801026627,0.400797747088436,2.613736116642744,-0.450815139342944,-0.122409167238091,2.588324902940073,-0.425384395778267,-0.048824056806673,0.025411213702671,-0.025430743564677,-0.073585110431418,0.129416121726055,-0.021269199505005,-0.002441200512221,0.012777917844696
1403637198.888319015502930,-2.363958204738062,-6.179503535328587,0.567401660025289,0.465335229970569,0.600995724958112,-0.506992803889606,0.406479469511644,2.653823622505440,-0.408905924225480,-0.161567021581820,2.591287279581067,-0.381023563144108,-0.126899361856052,0.062536342924373,-0.027882361081372,-0.034667659725769,0.129564240416847,-0.019051159988586,-0.006344962041769,0.014544593201998
1403637198.938318967819214,-2.231790483657476,-6.195305155164395,0.559908559765891,0.463622882805763,0.595353468068131,-0.508584954107226,0.414667837014005,2.709861503973472,-0.337654278187429,-0.166514798809315,2.643356942513351,-0.316032698108413,-0.149862148107630,0.066504561460121,-0.021621580079016,-0.016652650701685,0.132167721080586,-0.015801619835807,-0.007493100259397,0.020430605252242
1403637198.988318920135498,-2.101840464495193,-6.207414149599374,0.551738808515605,0.461483469731416,0.589613457689865,-0.509040480778360,0.424578339773229,2.749933189593669,-0.269808898079917,-0.158066769512720,2.599002861847926,-0.242180119660545,-0.163395180831527,0.150930327745742,-0.027628778419372,0.005328411318807,0.129950019162282,-0.012108994434979,-0.008169751250287,0.023319684146273
1403637199.038319110870361,-1.967951192152130,-6.217145690853564,0.545004340030890,0.456666118042014,0.586268224739057,-0.510287399806000,0.432842228638777,2.768647115927622,-0.205935426039123,-0.133640282249625,2.677775231959403,-0.194630082628962,-0.134688855897082,0.090871883968219,-0.011305343410161,0.001048573647457,0.133889272343063,-0.009731541254190,-0.006734468484715,0.020420091343620
1403637199.088319063186646,-1.834196243439030,-6.222821313508859,0.538553215996057,0.449840736876433,0.585789701001305,-0.511866865296489,0.438732321420266,2.785577366348596,-0.143182790136329,-0.113284772712496,2.675101525437628,-0.113512561359923,-0.129022603742207,0.110475840910969,-0.029670228776406,0.015737831029711,0.133754948713100,-0.005675622655295,-0.006451124034833,0.018330663411615
1403637199.138319015502930,-1.700805400030576,-6.223373083324836,0.534071705924339,0.442338993177488,0.587470538598944,-0.512536240054426,0.443307099000077,2.790200329565659,-0.049207416957012,-0.066710357278118,2.667819412399932,-0.011035406843723,-0.089630286912466,0.122380917165727,-0.038172010113289,0.022919929634348,0.133390843408454,-0.000551769815977,-0.004481510071718,0.017941969318596
1403637199.188318967819214,-1.569502747950023,-6.216572424757479,0.531122983144023,0.434510655183408,0.590935555221388,-0.512102748447616,0.446930011455567,2.798765160486160,0.027794423596019,-0.037541007796527,2.626055546012795,0.136013301059537,-0.058974511848799,0.172709614473365,-0.108218877463518,0.021433504052272,0.131302652080553,0.006800658567357,-0.002948722780316,0.018612173498526
1403637199.238318920135498,-1.435239218134099,-6.211374410572025,0.529728504229632,0.427554620052091,0.595504922240096,-0.509198638301459,0.450874351911783,2.798472250102323,0.079621148842125,0.026603068992059,2.685273157194514,0.103960382853422,-0.027889604885416,0.113199092907808,-0.024339234011297,0.054492673877476,0.134263529815924,0.005198014185454,-0.001394478914391,0.019314030322694
1403637199.288319110870361,-1.302990948517089,-6.200614743182065,0.531296429079635,0.422709801802322,0.600804309625444,-0.503888573769264,0.454364292413602,2.786350004002367,0.153016860385255,0.055719040276463,2.644955302636443,0.215192526904863,0.031358377377344,0.141394701365923,-0.062175666519608,0.024360662899119,0.132248269617010,0.010759667389960,0.001567924850003,0.019176333839252
1403637199.338319063186646,-1.169006689412913,-6.189489835891170,0.534540630832522,0.418130172586782,0.606161542457247,-0.496643613898397,0.459434939890665,2.777616468819498,0.216362215339729,0.101839973806229,2.679687737632891,0.222498358008878,0.064884096936045,0.097928731186607,-0.006136142669149,0.036955876870184,0.133984259104176,0.011124907290895,0.003244201752887,0.022616385157631
1403637199.388319015502930,-1.036624652884295,-6.175104716629655,0.538999574911497,0.413772433943760,0.612732303841297,-0.488284167146434,0.463605509945370,2.765833353609717,0.295976222151775,0.115145653795764,2.647643255561734,0.287702659604923,0.089178966627185,0.118190098047982,0.008273562546851,0.025966687168579,0.132382036528618,0.014385119261514,0.004458944078975,0.024449184596643
1403637199.438318967819214,-0.903634451169879,-6.158125374966432,0.544039763053083,0.408278132215463,0.619279864380762,-0.479189645246283,0.469232032384766,2.758159138894328,0.339874256778996,0.145563028311746,2.659806570877531,0.339587157120012,0.100803858965774,0.098352568016796,0.000287099658984,0.044759169345973,0.132990201714416,0.016979341663223,0.005040188141586,0.027380935798537
1403637199.488318920135498,-0.772140361193112,-6.140839983821192,0.548534597568971,0.402975979209796,0.626208041745629,-0.469521952580697,0.474365876384273,2.737381814019328,0.405338985761139,0.119283696222344,2.629884307588458,0.345708152597785,0.089896776050005,0.107497506430870,0.059630833163353,0.029386920172338,0.131494089976767,0.017285391145240,0.004494834515888,0.027995449845587
1403637199.538319110870361,-0.639928878975807,-6.119438662042380,0.552279739930028,0.396071557901481,0.633060736372833,-0.460506714549057,0.479890603095969,2.721754297319220,0.466026751460271,0.092671725147975,2.644219557448990,0.428024802791205,0.074902561490547,0.077534739870230,0.038001948669066,0.017769163657428,0.132211482217305,0.021401321778812,0.003745142361057,0.028735422766258
1403637199.588319063186646,-0.505640197811117,-6.095813848307910,0.552049992224223,0.389735293104233,0.639267890052443,-0.450834337605236,0.485995232582485,2.705362057438306,0.528668289348561,0.032813198923272,2.685776184649555,0.472496725297389,-0.004594958498198,0.019585872788751,0.056171564051172,0.037408157421470,0.134288681164689,0.023624813734470,-0.000229747705805,0.028948370790772
1403637199.638319015502930,-0.371969156248472,-6.070168283055642,0.550697744784364,0.380964304979822,0.643383350389746,-0.442938797899702,0.494701206879136,2.696721216816460,0.580499277315358,-0.010911567877039,2.673423380828119,0.512911794196165,-0.027044974589286,0.023297835988341,0.067587483119193,0.016133406712247,0.133671041562645,0.025645565252268,-0.001352247439859,0.030463438260592
1403637199.688318967819214,-0.238482832781363,-6.040991762611795,0.548545725307678,0.371659941495736,0.647025812161964,-0.434418355434937,0.504487045170380,2.682695059534796,0.632041501780209,-0.040678664490861,2.669729015394167,0.583530965375430,-0.043040430580268,0.012966044140629,0.048510536404779,0.002361766089407,0.133486323467109,0.029176520443847,-0.002152019476686,0.032753947726404
1403637199.738318920135498,-0.105752976507356,-6.009657427190785,0.543520785350942,0.361192672117814,0.651193677753922,-0.426380935644203,0.513503598216107,2.657117803553493,0.686062616809588,-0.113442406634862,2.654599657103665,0.626687306075794,-0.100498894977929,0.002518146449828,0.059375310733794,-0.012943511656933,0.132729856274008,0.031334335421010,-0.005024939956736,0.033035700745044
1403637199.788319110870361,0.027454726241927,-5.974659918786176,0.534662095677790,0.347266078317535,0.653975359370923,-0.419082653830864,0.525444792003605,2.633720186171060,0.730851278296836,-0.206584053759555,2.664143892083239,0.699947498004369,-0.177173117601238,-0.030423705912179,0.030903780292467,-0.029410936158317,0.133207702749283,0.034997508404609,-0.008858689673152,0.039877711310799
1403637199.838319063186646,0.156548794059097,-5.937068669814594,0.521548038150027,0.333614747175337,0.656675963002539,-0.410017130914464,0.537925489671660,2.600584633641319,0.767573217253132,-0.330714799267648,2.581883818619678,0.751825696428496,-0.262281400686281,0.018700815021641,0.015747520824636,-0.068433398581367,0.129094067817170,0.037591248971582,-0.013114057527762,0.041550891510296
1403637199.888319015502930,0.284004280869220,-5.903531411325729,0.499568017117876,0.318025390316190,0.658082589704973,-0.401225030569127,0.552092049468414,2.559755488923796,0.794254709344680,-0.443701610206777,2.549112167225265,0.670745809450349,-0.439600839879052,0.010643321698531,0.123508899894331,-0.004100770327725,0.127455486810123,0.033537258488865,-0.021980021032151,0.045739343524496
1403637199.938318967819214,0.408614720552759,-5.863520272912950,0.475233762462247,0.302647638119318,0.659386252558157,-0.391157862690303,0.566224075374461,2.493855813697500,0.837293529288530,-0.489735342410610,2.492211170428570,0.800223531408206,-0.486685557252100,0.001644643268929,0.037069997880325,-0.003049785158510,0.124610439683539,0.040011138412779,-0.024334254655629,0.046443990262570
1403637199.988318920135498,0.528535049180300,-5.820874040629056,0.450214984969273,0.288152859517323,0.658875164210717,-0.378886698943008,0.582491473673531,2.405079698137683,0.892544911050020,-0.511678176748411,2.398408859851750,0.852925459090999,-0.500376027055253,0.006670838285933,0.039619451959021,-0.011302149693158,0.119920328627541,0.042646232283895,-0.025018777492974,0.050024079774003
1403637200.038319110870361,0.642917603891625,-5.775701537047296,0.423727015641620,0.273758261357932,0.659569167344789,-0.365868667309263,0.596795648532835,2.300412782866108,0.942487279966132,-0.545749570002179,2.287642367563404,0.903446625259817,-0.529757365689083,0.012770415302704,0.039040654706315,-0.015992204313096,0.114382554711324,0.045172503581759,-0.026487969327653,0.048240765703185
1403637200.088319063186646,0.757959204634748,-5.728213190072132,0.396669450214540,0.261942645934375,0.661967661859702,-0.350392894839772,0.608612918149708,2.195613708022936,0.997753303176955,-0.544986864583285,2.300834209108958,0.949767845272492,-0.541151824624191,-0.105220501086022,0.047985457904463,-0.003835039959095,0.115041600743123,0.047488346975165,-0.027057565427080,0.045805321346143
1403637200.138319015502930,0.864240090126716,-5.678776722138269,0.367080278738735,0.251456461612375,0.664762520960319,-0.333583121668183,0.619340568328909,2.069541324757160,1.045559736879190,-0.574728718779145,2.125619736988303,0.988730301603942,-0.591783993885308,-0.056078412231143,0.056829435275249,0.017055275106163,0.106280885491968,0.049436467933862,-0.029589171475806,0.045406800871124
1403637200.188318967819214,0.961891163800754,-5.623824091044858,0.336785070168119,0.241550940099375,0.672910591131667,-0.318044676209166,0.622649229996268,1.941301568068511,1.104547648191688,-0.584036963351787,1.953023336028960,1.099053670007486,-0.605904749248119,-0.011721767960449,0.005493978184202,0.021867785896332,0.097651073674038,0.054952631093411,-0.030295208570616,0.040837013502193
1403637200.238318920135498,1.057116433818408,-5.567309973709199,0.305014904908719,0.231644129366294,0.682040526381361,-0.303507785374732,0.623734512369240,1.819434644412960,1.150721104207052,-0.610654662321141,1.904507216632700,1.130283424635442,-0.635403911156390,-0.085072572219740,0.020437679571610,0.024749248835249,0.095225270017654,0.056514117335658,-0.031770165259400,0.039699500576992
1403637200.288319110870361,1.146222745317432,-5.514197349850750,0.269517228078121,0.228527910899460,0.694659400206670,-0.287982490626889,0.618295557752740,1.683553487854972,1.191151492495201,-0.643059457075826,1.782119431734358,1.062248425012817,-0.709950828364470,-0.098565943879385,0.128903067482384,0.066891371288644,0.089106311499024,0.053112623858449,-0.035497676830598,0.041932321699823
1403637200.338319063186646,1.226770723284180,-5.452747708985013,0.237061951309697,0.225524405823406,0.709385205564885,-0.275284840408806,0.608382798199262,1.575367574973749,1.238236403614373,-0.638665900614825,1.610961095667185,1.228993989374743,-0.649106154404356,-0.035593520693436,0.009242414239630,0.010440253789532,0.080547977966748,0.061449640865737,-0.032455276768424,0.044062825236883
1403637200.388319015502930,1.300045528148875,-5.388596873322512,0.207016775459807,0.220642611936743,0.722822570566334,-0.266074139111576,0.598371892533099,1.475252355388366,1.283510318799685,-0.577025078122922,1.465497494901207,1.283017936831285,-0.600904090064594,0.009754860487159,0.000492381968400,0.023879011941672,0.073274804864694,0.064150835662502,-0.030045175849890,0.039469612630735
1403637200.438318967819214,1.368207351257194,-5.323943631188214,0.178925936454542,0.214735913735685,0.735294696625246,-0.260222585619220,0.587804731522753,1.400366002684021,1.314486420838945,-0.532737065347285,1.363237762251234,1.293066075849853,-0.561817315896033,0.037128240432788,0.021420344989092,0.029080250548748,0.068161823108320,0.064653242134297,-0.028090839005264,0.036680131412724
1403637200.488318920135498,1.436671243053089,-5.259648722438517,0.151907036322851,0.210413845389863,0.746082104296330,-0.255842280134338,0.577609067633702,1.336733042653359,1.347232449199058,-0.481923324883994,1.369279141764255,1.285899401323175,-0.540378517978931,-0.032546099110897,0.061333047875883,0.058455193094937,0.068463891795895,0.064294908749697,-0.027018900131691,0.032136747350380
1403637200.538319110870361,1.507599288887543,-5.190748785914243,0.127836400886940,0.201301529289592,0.752146597368812,-0.255910915912798,0.572942225262603,1.300047900129091,1.367416309170635,-0.436174735531133,1.418555505329266,1.377993473857547,-0.481410872281497,-0.118507605200175,-0.010577164686911,0.045236136750365,0.070928045834454,0.068899936524274,-0.024070635435912,0.023799006731655
1403637200.588319063186646,1.572208634245519,-5.123159743482447,0.106912943625320,0.193133420356806,0.754433010481895,-0.257276019323564,0.572135792026270,1.257970349593464,1.369483207174916,-0.377311649775681,1.292188139486154,1.351782137795821,-0.418469544316053,-0.034217789892690,0.017701069379095,0.041157894540372,0.064609345357976,0.067589042431796,-0.020923457261620,0.017258040719755
1403637200.638319015502930,1.635000802098829,-5.055515140971083,0.088424487086880,0.187115093877855,0.756390290450408,-0.258742781361900,0.570888643474834,1.208850524245607,1.376936666102742,-0.325631114172472,1.255844554732908,1.352893340446928,-0.369769483408460,-0.046994030487301,0.024043325655813,0.044138369235987,0.062792167853311,0.067644602511365,-0.018488456538440,0.013229985401780
1403637200.688318967819214,1.699497911464860,-4.991232870592895,0.070931191649621,0.183269763842521,0.757228809363098,-0.260637391073593,0.570162147380903,1.168279044355639,1.361009878676479,-0.284164359672795,1.289943417506512,1.285646633651930,-0.349866242403621,-0.121664373150873,0.075363245024548,0.065701882730826,0.064497109366030,0.064282270378188,-0.017493295437259,0.008855970103394
1403637200.738318920135498,1.759267843230444,-4.924463206324516,0.057168378757912,0.179828252689023,0.757815399052115,-0.263356278625807,0.569228505086194,1.123757277031992,1.366657462125669,-0.248738740662972,1.195399775333761,1.335394558899070,-0.275256520339267,-0.071642498301769,0.031262903226599,0.026517779676295,0.059769931765585,0.066769664268379,-0.013762812891710,0.009044812611919
1403637200.788319110870361,1.821657484896258,-4.851299925061302,0.046581301998184,0.176685842527656,0.755792204605525,-0.267479881742535,0.570977030510696,1.080724038309027,1.359089896116244,-0.224863537410891,1.247788073382512,1.463260043370188,-0.211740727467786,-0.167064035073485,-0.104170147253944,-0.013122809943105,0.062389641665813,0.073163281263214,-0.010587076759728,0.011666978651928
1403637200.838319063186646,1.878646803121083,-4.784284548722494,0.036855305665082,0.174853626644049,0.752481138869220,-0.273363502668793,0.573123669293246,1.034312409077025,1.340166273149832,-0.167301338156926,1.139787451482521,1.340308804994256,-0.194520112170875,-0.105475042405496,-0.000142531844423,0.027218774013949,0.056989318224825,0.067015376338809,-0.009725996333102,0.014634953166557
1403637200.888319015502930,1.933272954015516,-4.718148448098040,0.030276907922398,0.175645523925775,0.749691214804946,-0.278261366653338,0.574179714198735,0.975051144433352,1.322277244383045,-0.125729723931357,1.092524059800809,1.322723273936291,-0.131568080326781,-0.117472915367458,-0.000446029553246,0.005838356395424,0.054626150894434,0.066136100624454,-0.006578397742684,0.011578458213084
1403637200.938318967819214,1.988076213152204,-4.644175038102971,0.027207461055214,0.177702205504764,0.748055169282038,-0.282422410751633,0.573648822690677,0.919836738736292,1.327410711213800,-0.114797017040635,1.096066228023954,1.479469610833542,-0.061388995888782,-0.176229489287662,-0.152058899619742,-0.053408021151853,0.054803259136687,0.073973409995069,-0.003069446867184,0.009900054117814
1403637200.988318920135498,2.035047108972015,-4.577772331508188,0.024113917997130,0.180506158703901,0.746909416202340,-0.286303649776952,0.572340869397458,0.860356930800001,1.319082214396011,-0.091306061486398,0.939418812295813,1.328055398427997,-0.061870920166390,-0.079061881495812,-0.008973184031986,-0.029435141320007,0.046970895819811,0.066402706594784,-0.003093543058084,0.010188173136913
1403637201.038319110870361,2.078690356283784,-4.511986007833252,0.022642897065500,0.184118665573584,0.745393150888486,-0.289849130768360,0.571381526642894,0.809291021462551,1.304556103266252,-0.041610176595607,0.872861616532561,1.315721454419683,-0.029420306403036,-0.063570595070011,-0.011165351153431,-0.012189870192571,0.043643247311769,0.065786323674936,-0.001471020931630,0.010740597688976
1403637201.088319063186646,2.119823124552116,-4.447069934693006,0.023483644518555,0.187223611040419,0.744594302379848,-0.293224828292800,0.569689252492191,0.766584215548971,1.287136674546696,-0.001158842632102,0.822656149912695,1.298322700981935,0.016814965097102,-0.056071934363724,-0.011186026435239,-0.017973807729204,0.041132768268333,0.064916073140246,0.000840747453055,0.009907173369957
1403637201.138319015502930,2.157878837185755,-4.385190316983719,0.026214337763106,0.190894705320096,0.744204110471922,-0.296421977540905,0.567321306376016,0.718648109912745,1.270328409873326,0.044369123818073,0.761114978528572,1.237593534446900,0.054613916974921,-0.042466868615827,0.032734875426425,-0.010244793156848,0.038055712633638,0.061879617709287,0.002730693244552,0.010855079432996
1403637201.188318967819214,2.198711927039518,-4.309765337941101,0.033205594387019,0.192311028413026,0.742561403224849,-0.300588625317891,0.566802883832615,0.681614454639545,1.278109732218945,0.080401028824588,0.816662575905388,1.508501019471030,0.139825265826022,-0.135048121265844,-0.230391287252086,-0.059424237001434,0.040833089853763,0.075424979042618,0.006991256623913,0.009451817899542
1403637201.238318920135498,2.233992513994255,-4.247301136193423,0.038534091871983,0.191973705041212,0.742043393115635,-0.305494903340525,0.564969524256971,0.632590360722666,1.268480941675630,0.113423464875523,0.705612412019175,1.249285226364803,0.106570051332387,-0.073022051296509,0.019195715310827,0.006853413543137,0.035280586954737,0.062464201747678,0.005328497484963,0.010547977506945
1403637201.288319110870361,2.266860605361343,-4.184693955119589,0.045246935035919,0.189223091176347,0.739553816620115,-0.313023327179387,0.565040857575658,0.571204390665224,1.259330127266739,0.117300640718044,0.657359319714956,1.252138844946052,0.134256351131390,-0.086154929049733,0.007191282320687,-0.016955710413346,0.032868091367088,0.062607181073834,0.006712843163936,0.016786486858017
1403637201.338319063186646,2.297190376519195,-4.123711043385520,0.051285672004917,0.182963832440617,0.735825876718408,-0.323968627264678,0.565799296321998,0.513057509300514,1.242823625908469,0.094331076503438,0.606596001652082,1.219659397839218,0.120774854559842,-0.093538492351568,0.023164228069251,-0.026443778056403,0.030329771157853,0.060982911734069,0.006038736968998,0.026340325455337
1403637201.388319015502930,2.323983540984746,-4.061541635268459,0.055673934691333,0.177495403439041,0.733097848841060,-0.335697281275712,0.564243086910879,0.454236054471771,1.215151598604352,0.062349963589814,0.535863800350546,1.243389348129706,0.087765337427867,-0.081627745878775,-0.028237749525354,-0.025415373838053,0.026793164465550,0.062169408117061,0.004388262686416,0.026633181185286
1403637201.438318967819214,2.346890723093320,-4.001460040878207,0.058426001378477,0.171872795378295,0.730403409943974,-0.348163916028524,0.561918578200391,0.401549806885153,1.173552013050693,0.027874308737726,0.458144079091739,1.201633033771601,0.055041386234444,-0.056594272206587,-0.028081020720908,-0.027167077496718,0.022907182108575,0.060081594390252,0.002752066687144,0.028262863861310
1403637201.488318920135498,2.366867326342268,-3.944235694062634,0.059053264418644,0.167257046421937,0.727781165737824,-0.360564834577846,0.558885189717312,0.341814988392470,1.120059545486154,-0.002944404770713,0.399532446002781,1.144488027780304,0.012545272767430,-0.057717457610312,-0.024428482294150,-0.015489677538143,0.019976603248947,0.057224346815573,0.000627263040166,0.027652744897610
1403637201.538319110870361,2.385912407913898,-3.884504547046190,0.058232396112381,0.163326144165807,0.724939143734298,-0.371901793988300,0.556306448049991,0.277750999270653,1.083423149862836,-0.044482662539278,0.380900178413742,1.194618383221402,-0.016417303498219,-0.103149179143089,-0.111195233358566,-0.028065359041060,0.019045081571631,0.059731147016444,-0.000820868306263,0.025195851871083
1403637201.588319063186646,2.399097000546784,-3.831899778672934,0.055889995897941,0.160607682370474,0.721821731507773,-0.381164228069274,0.554880520046486,0.212847567203887,1.018935956149525,-0.061805940829964,0.263692104134093,1.052096370822412,-0.046848048966568,-0.050844536930206,-0.033160414672887,-0.014957891863396,0.013184592632885,0.052604768373256,-0.002342400214439,0.020487573493254
1403637201.638319015502930,2.408516878527251,-3.782339628527716,0.052637231119420,0.158520743292323,0.718779928029814,-0.388940288096398,0.554032527296906,0.136790571613959,0.956560823778751,-0.076673211087379,0.188397739279440,0.991203948190109,-0.065055357612057,-0.051607167665481,-0.034643124411358,-0.011617853475322,0.009419877980468,0.049560150145218,-0.003252764778522,0.017296768547573
1403637201.688318967819214,2.414105531378888,-3.735449821949248,0.048960601629585,0.159133987943172,0.715521183490979,-0.394196342206384,0.554360039728766,0.062146503169673,0.881449670984026,-0.083586833905172,0.111773163627929,0.937797025922284,-0.073532659922897,-0.049626660458256,-0.056347354938258,-0.010054173982275,0.005588652851637,0.046889806578467,-0.003676629489834,0.012446522271719
1403637201.738318920135498,2.415864102929811,-3.692083167693359,0.045213647254903,0.165197042752843,0.712894543160993,-0.394959938918514,0.555425921295071,-0.011332102979140,0.821035235959276,-0.102321070746581,0.035171464560577,0.867333912271861,-0.074939158961187,-0.046503567539717,-0.046298676312586,-0.027381911785394,0.001758571550923,0.043366654255889,-0.003746954374682,0.013472821249674
1403637201.788319110870361,2.414830929735214,-3.647971397861915,0.041562605967298,0.173109607071392,0.711663665901306,-0.393530661226046,0.555609133519684,-0.092027928189286,0.764865145482778,-0.100273341622157,-0.020663385067380,0.882232031180771,-0.073020547200834,-0.071364543121906,-0.117366885697993,-0.027252794421323,-0.001033173194597,0.044111769831444,-0.003651041287606,0.016272737885531
1403637201.838319063186646,2.409029743972159,-3.609578608031493,0.037242447907158,0.178338214457675,0.710296953536597,-0.393014434349252,0.556069576090812,-0.174028264454437,0.720536462499229,-0.081345433283889,-0.116023825910036,0.767856528893480,-0.086403243603347,-0.058004438544401,-0.047320066394251,0.005057810319459,-0.005801185763055,0.038392789830421,-0.004320158060140,0.010896753437483
1403637201.888319015502930,2.399497814160800,-3.573267078050702,0.033829465064015,0.183106343081168,0.709595163123488,-0.391878474129168,0.556217613088068,-0.246998951561888,0.671322984164372,-0.060980051608857,-0.190638778034495,0.726231292203956,-0.068259721960401,-0.056360173527393,-0.054908308039584,0.007279670351544,-0.009531929811359,0.036311529980791,-0.003412982843143,0.009907558955098
1403637201.938318967819214,2.388751579577722,-3.540781536052432,0.033935817231035,0.185749017483642,0.709398206088447,-0.391517861013797,0.555846428619935,-0.302006328920699,0.607331158719399,-0.030187367187338,-0.214924896629905,0.649711459578526,0.002127045368898,-0.087081432290794,-0.042380300859127,-0.032314412556237,-0.010746234583078,0.032485541998270,0.000106352167019,0.005400127490531
1403637201.988318920135498,2.372108094982377,-3.510911685959593,0.033387718274156,0.183886817674344,0.710338079814547,-0.392936095151342,0.554262280674231,-0.377314286278127,0.576959122651168,-0.014181881906643,-0.332870009356477,0.597397571579508,-0.010961989591742,-0.044444276921650,-0.020438448928340,-0.003219892314901,-0.016643484595345,0.029869850092839,-0.000548098956879,0.005957204073268
1403637202.038319110870361,2.352008553386459,-3.484366662552965,0.033984223450360,0.179416754067459,0.711648773571778,-0.395540168524701,0.552189846445162,-0.441909659287883,0.521472216089766,0.017147521316682,-0.401989298450882,0.530898442915717,0.011930058014515,-0.039920360837001,-0.009426226825952,0.005217463302167,-0.020099541595918,0.026545023406628,0.000596505176204,0.011450005775151
1403637202.088319063186646,2.328034552205788,-3.461340799820020,0.035669196445595,0.173222727251360,0.714234647811061,-0.398472539137877,0.548709750398901,-0.515867896708847,0.467370562659925,0.033715574972024,-0.479480480881641,0.460517693842800,0.033699492043046,-0.036387415827207,0.006852868817125,0.000016082928978,-0.023974001180671,0.023025862732945,0.001684972995235,0.016218870500809
1403637202.138319015502930,2.300077840531793,-3.442797146095757,0.039350151423199,0.168313334311233,0.718542436630960,-0.400326665654332,0.543236549782470,-0.589396517180269,0.403014998345162,0.063741402542339,-0.559134766712365,0.370873428177713,0.073619169760798,-0.030261750467904,0.032141570167449,-0.009877767218459,-0.027956711673995,0.018543653724262,0.003680954977604,0.017441717311378
1403637202.188318967819214,2.268362830693219,-3.427609576998325,0.044202380798873,0.168216242271209,0.724148900202552,-0.399231860397396,0.536586980661311,-0.663818767609666,0.331228205569386,0.101442902769904,-0.634300801687866,0.303751671628824,0.097044680062492,-0.029517965921800,0.027476533940562,0.004398222707412,-0.031715009838574,0.015187569097433,0.004852229375674,0.017533707075162
1403637202.238318920135498,2.233360194450681,-3.416140311689272,0.050112883622955,0.174482546759156,0.731054300926359,-0.394149345740156,0.528925082810523,-0.710393481912184,0.255638742787799,0.098089214568643,-0.700053392473713,0.229385524940142,0.118210169215639,-0.010340089438471,0.026253217847657,-0.020120954646996,-0.035002636242539,0.011469265309053,0.005910502824082,0.026190854566901
1403637202.288319110870361,2.196524525408625,-3.408286727789492,0.055409684950142,0.182770450319544,0.738639844985752,-0.387446114211995,0.520472526144696,-0.740885189334216,0.189291577775813,0.075585123350104,-0.736710570513320,0.157071078816985,0.105935622431413,-0.004174618820896,0.032220498958828,-0.030350499081309,-0.036835669042056,0.007853583899780,0.005296801327187,0.031152127137151
1403637202.338319063186646,2.158742384748726,-3.403707470522017,0.060076998545173,0.189634121482839,0.744830843769781,-0.381748541934952,0.513355593004661,-0.751108119248753,0.129630981057991,0.053619580736824,-0.755643533835807,0.091585232691975,0.093346360922654,0.004535414587054,0.038045748366016,-0.039726780185829,-0.037782140659899,0.004579257267475,0.004667313595031,0.025965660590417
1403637202.388319015502930,2.119625759469887,-3.404099928336872,0.064689283568278,0.196079123516019,0.749617028235855,-0.376274721621066,0.507980926973665,-0.758287137963705,0.071484256228016,0.028543743619484,-0.782333251667906,-0.007849163782648,0.092245788434536,0.024046113704201,0.079333420010664,-0.063702044815052,-0.039116625278839,-0.000392457814855,0.004612285023105,0.022207802552864
1403637202.438318967819214,2.081949135872016,-3.404280389810801,0.067035565108510,0.200946136077864,0.752081444425667,-0.372315240335235,0.505346923568447,-0.753806105511938,0.019367218543657,0.027552187124505,-0.753533190582669,-0.003609232920598,0.046925675556448,-0.000272914929269,0.022976451464255,-0.019373488431943,-0.037676623597871,-0.000180461473928,0.002346281540232,0.014474370872066
1403637202.488318920135498,2.044893095975115,-3.406908192496430,0.069260661218199,0.204634435865808,0.752012349170194,-0.369233961823017,0.506229647284598,-0.743050089549500,-0.026363721453365,0.016919897792747,-0.741121504726575,-0.052556103833987,0.044501964634168,-0.001928584822925,0.026192382380622,-0.027582066841421,-0.037056039896902,-0.002627802685629,0.002225096109689,0.009773813060853
1403637202.538319110870361,2.004026663242095,-3.419141073980731,0.074670520555634,0.207531990813250,0.750947862282472,-0.366593602373968,0.508543913168717,-0.726129524793257,-0.087112261764642,0.045789421212977,-0.817325536810899,-0.244656696394801,0.108196774010759,0.091196012017642,0.157544434630158,-0.062407352797781,-0.040866432733019,-0.012232881484302,0.005409859337435,0.009350148965298
1403637202.588319063186646,1.968436100554517,-3.426524368370687,0.077932297502759,0.209314978103644,0.748512097111328,-0.364958877193600,0.512564043195638,-0.715612198907280,-0.132371082725861,0.079391878751920,-0.711811932588329,-0.147666028624417,0.065235601156018,-0.003800266318951,0.015294945898555,0.014156277595902,-0.035590562687579,-0.007383294389956,0.003261776947125,0.010572763607675
1403637202.638319015502930,1.932955276768951,-3.436074007343735,0.083111984821564,0.212428549284484,0.745760799215214,-0.362368213199814,0.517111419198173,-0.715699631804524,-0.159045596522014,0.120602985151460,-0.709617152454958,-0.190992961606034,0.103593845170882,-0.006082479349566,0.031947365084021,0.017009139980578,-0.035480823785565,-0.009549638973048,0.005179687318805,0.013364774628127
1403637202.688318967819214,1.897399718544892,-3.446943007392022,0.090048051693044,0.215671128984578,0.744013898724989,-0.359808423565356,0.520064593063181,-0.722596356359282,-0.185154818036080,0.161815136842412,-0.711111842650289,-0.217380208275674,0.138721469724702,-0.011484513708993,0.032225390239594,0.023093667117710,-0.035555558224059,-0.010869000048288,0.006936066871480,0.010740542368965
1403637202.738318920135498,1.861797232288223,-3.459445093573188,0.099590946501580,0.218733045913892,0.742146822668855,-0.357161907121501,0.523267924039957,-0.722128621232963,-0.197669741250849,0.198877159151652,-0.712050404197555,-0.250041962081913,0.190858078187171,-0.010078217035408,0.052372220831064,0.008019080964482,-0.035602486256669,-0.012502086181166,0.009542894808536,0.010977570323286
1403637202.788319110870361,1.825911693087297,-3.472668130859974,0.109848508055290,0.223788314603579,0.742440330371478,-0.353236625400461,0.523378479267608,-0.729073122607195,-0.218888142021584,0.218867702387719,-0.717708046179609,-0.264459736901878,0.205150448487356,-0.011365076427586,0.045571594880294,0.013717253900363,-0.035885539200927,-0.013223037286786,0.010257561553711,0.012815941300054
1403637202.838319063186646,1.789882498773036,-3.485366982461954,0.119955591161219,0.228829194112247,0.742841818105145,-0.349792197151295,0.522942302752657,-0.717786643552252,-0.231075235790892,0.199357937536377,-0.720584573488225,-0.253977274251211,0.202141854896075,0.002797929935973,0.022902038460319,-0.002783917359698,-0.036029194314261,-0.012698851601980,0.010107083105929,0.012268025515721
1403637202.888319015502930,1.754517332331834,-3.498944578759089,0.128634964632107,0.233671651723214,0.743798398988977,-0.346464587864401,0.521654857351420,-0.698774447099888,-0.243504261235108,0.164313460359895,-0.707304003361698,-0.271552184915043,0.173587634963826,0.008529556261810,0.028047923679935,-0.009274174603931,-0.035365166441202,-0.013577596297135,0.008679373470888,0.012181142245009
1403637202.938318967819214,1.719612858665270,-3.512582557501788,0.135661330808502,0.237860178226319,0.744671753441541,-0.343563968174299,0.520432815080654,-0.690469191492910,-0.239893057958188,0.131449346488437,-0.698090139081903,-0.272759834978029,0.140527457545331,0.007620947588994,0.032866777019841,-0.009078111056894,-0.034904473666563,-0.013637978742699,0.007026366176395,0.010623285837968
1403637202.988318920135498,1.684330363087951,-3.526443542686422,0.141647890375113,0.240969115542389,0.745424422152171,-0.341542194239807,0.519254509626714,-0.679565932714972,-0.241234091283192,0.106324419297448,-0.705650584507228,-0.277219968070236,0.119731305516877,0.026084651792255,0.035985876787045,-0.013406886219429,-0.035282495577319,-0.013860985184634,0.005986559566610,0.007926662745449
1403637203.038319110870361,1.650305765276200,-3.539443050939428,0.145689411871565,0.242869531815864,0.745666647187402,-0.340398225121272,0.518772291205042,-0.661620440819931,-0.236429523137415,0.079797066901724,-0.680489360374123,-0.259989173280134,0.080830121586606,0.018868919554192,0.023559650142719,-0.001033054684882,-0.034024597811751,-0.012999508253006,0.004041521496453,0.004565723247652
1403637203.088319063186646,1.616971369155204,-3.552109233064354,0.148657585472293,0.243297260819688,0.745553642789277,-0.340290828673140,0.518804742193269,-0.642360662794696,-0.231317309154088,0.063585459782103,-0.666688558223675,-0.253323884087004,0.059363528628021,0.024327895428979,0.022006574932916,0.004221931154082,-0.033334396120996,-0.012666182124926,0.002968173600727,0.000912817970378
1403637203.138319015502930,1.583083390450723,-3.565562762454409,0.152346881369767,0.241948005341269,0.744704430179363,-0.341293469889415,0.519995424781271,-0.619211845528666,-0.235032948805868,0.042868121464436,-0.677760220452131,-0.269070844407064,0.073785988317295,0.058548374923465,0.034037895601196,-0.030917866852859,-0.033887978704481,-0.013453529390056,0.003689295897475,0.004456307390988
1403637203.188318967819214,1.551534630162543,-3.577657027595220,0.153327841734208,0.243615371984775,0.745384302845451,-0.340308292058298,0.518887326845323,-0.605781044955215,-0.223912728586943,0.017698347960699,-0.630975807509019,-0.241885533496239,0.019619225999162,0.025194762553805,0.017972804909296,-0.001920878038462,-0.031548760288180,-0.012094265140811,0.000980960364440,0.004665103311669
1403637203.238318920135498,1.520779956045813,-3.589359466990260,0.153483453729957,0.244461519638934,0.744705481150949,-0.340178503303503,0.519548744248069,-0.583138045007920,-0.222598135693996,0.001370496959406,-0.615094068934010,-0.234049011107322,0.003112242883041,0.031956023926090,0.011450875413326,-0.001741745923636,-0.030754674116730,-0.011702439395040,0.000155611995749,0.002554277250975
1403637203.288319110870361,1.490963320140537,-3.600867608401784,0.152837294210270,0.245436535296851,0.744585010940046,-0.339840750986083,0.519482754857275,-0.557618415151893,-0.220168755083496,-0.009350200410429,-0.596330443285419,-0.230161950232316,-0.012923141095858,0.038712028133526,0.009993195148820,0.003572940685429,-0.029816635905277,-0.011508141411524,-0.000646159519686,0.002081922121866
1403637203.338319063186646,1.462257616031129,-3.611813241148708,0.151292314969089,0.245846487844559,0.744329944464150,-0.339620125839626,0.519798622846547,-0.545112926975649,-0.217156038691827,-0.030115326532289,-0.574114629706534,-0.218912863710059,-0.030899614291787,0.029001702730885,0.001756825018232,0.000784287759498,-0.028705704109408,-0.010945632746924,-0.001544979241181,0.001235423898762
1403637203.388319015502930,1.434064462001732,-3.622876287405933,0.148676561259753,0.245010379706575,0.743940704321881,-0.340442352129370,0.520212598045958,-0.537552643980886,-0.211189043847969,-0.054003994174172,-0.563863618330198,-0.221261136155558,-0.052315124078316,0.026310974349312,0.010072092307589,-0.001688870095856,-0.028193154029397,-0.011063046257225,-0.002615753709336,0.002606159230997
1403637203.438318967819214,1.406406499736510,-3.633411999482217,0.144953551032751,0.245964148421093,0.744326101097012,-0.340120075757790,0.519421434852011,-0.522618246784059,-0.203770981990266,-0.080278133504072,-0.553159772838699,-0.210714442478634,-0.074460275550891,0.030541526054641,0.006943460488369,-0.005817857953180,-0.027657962265222,-0.010535712076284,-0.003723010227002,0.002674327549294
1403637203.488318920135498,1.380436308243368,-3.643374854718880,0.140055117337158,0.245956999995548,0.744252132794472,-0.340310665140954,0.519405976260758,-0.497815095583038,-0.193469461406664,-0.100143887790072,-0.519404325205406,-0.199257294759826,-0.097968767342158,0.021589229622368,0.005787833353162,-0.002175120447914,-0.025970191493142,-0.009962855236663,-0.004898433695593,0.000410295945073
1403637203.538319110870361,1.355749250434619,-3.652654145614003,0.134395808222451,0.246881459571691,0.743932312776298,-0.339837563233977,0.519735210989454,-0.484542311701560,-0.187613051581814,-0.120041189494538,-0.493739272709127,-0.185585109951456,-0.113185750524756,0.009196961007567,-0.002027941630358,-0.006855438969783,-0.024687057808749,-0.009279290895123,-0.005659309114706,0.002270798459864
1403637203.588319063186646,1.331739256329282,-3.661820730603160,0.127621618683997,0.248444980046749,0.743722355709549,-0.339043125908833,0.519809492296338,-0.463013326668396,-0.189349439445651,-0.141654499669128,-0.480200340061460,-0.183331874622043,-0.135483919976627,0.017187013393063,-0.006017564823609,-0.006170579692500,-0.024009994105336,-0.009166584989157,-0.006774189538455,0.003535719126681
1403637203.638319015502930,1.308339268892086,-3.670437621788616,0.119951412205989,0.250515331816892,0.744059193452770,-0.338097572886242,0.518948953531577,-0.439651963825290,-0.180240957692804,-0.156921927799399,-0.468000195063690,-0.172337988063434,-0.153404275857879,0.028348231238400,-0.007902969629370,-0.003517651941520,-0.023399987437196,-0.008616891185456,-0.007670206478008,0.004913009927208
1403637203.688318967819214,1.286468465983254,-3.678436342953890,0.111393365207284,0.250358246002744,0.743747230684646,-0.338428309962029,0.519256280196585,-0.411878110735698,-0.162724788500983,-0.180441308861399,-0.437416475329497,-0.159974575869113,-0.171161103206043,0.025538364593799,-0.002750212631869,-0.009280205655356,-0.021870802908832,-0.007998721165273,-0.008558046998705,0.001141636408724
1403637203.738318920135498,1.266221606104411,-3.685448122638338,0.103560172483442,0.250527067532038,0.742886066917500,-0.338783005043833,0.520175504524305,-0.392089508533555,-0.157442785272392,-0.191292827526814,-0.404937583755442,-0.140235727428180,-0.156664003883285,0.012848075221888,-0.017207057844212,-0.034628823643528,-0.020246859878843,-0.007011779684448,-0.007833192723842,0.002638852751172
1403637203.788319110870361,1.246282651942342,-3.692402370359981,0.093286112542860,0.250560744664080,0.742641911642790,-0.339184110770524,0.520246521666154,-0.371603864040306,-0.148059169355703,-0.200393747917090,-0.398777562025699,-0.139084423867891,-0.205480414966050,0.027173697985392,-0.008974745487812,0.005086667048959,-0.019938954162069,-0.006954247721643,-0.010274059940581,0.000952208359116
1403637203.838319063186646,1.227397319053089,-3.698852985187070,0.082287658953204,0.250324900794318,0.742326018542044,-0.339618335245328,0.520527532992275,-0.354833448837807,-0.134427796259041,-0.224750248065447,-0.377707017994544,-0.129012419577599,-0.219969281572186,0.022873569156737,-0.005415376681441,-0.004780966493261,-0.018885332889253,-0.006450614827088,-0.010998453589657,0.001300659919382
1403637203.888319015502930,1.209228353014118,-3.704578919836304,0.070553012384245,0.250922186551668,0.742014090381575,-0.339367225980764,0.520848377074802,-0.345197242188179,-0.121870706976411,-0.239022346686948,-0.363379667325285,-0.114518802198329,-0.234693155200015,0.018182425137105,-0.007351904778082,-0.004329191486933,-0.018168966038971,-0.005725934649234,-0.011734646568959,0.001574860340546
1403637203.938318967819214,1.192010385777708,-3.709056835360802,0.057914336433632,0.251334575223273,0.741749943462294,-0.339326957452912,0.521051982643545,-0.333892065262342,-0.108589674423709,-0.258387326577004,-0.344359673135165,-0.089558395899494,-0.252773760076099,0.010467607872823,-0.019031278524215,-0.005613566500905,-0.017217967236409,-0.004477915524498,-0.012638675950613,0.001063794717115
1403637203.988318920135498,1.175122007196474,-3.713616178566311,0.044348368398698,0.251609586656969,0.741932161716767,-0.339357788784845,0.520639582152235,-0.321073163638071,-0.098964926332542,-0.271434268980400,-0.337767893745253,-0.091186951072831,-0.271319619449227,0.016694730107182,-0.007777975259711,-0.000114649531173,-0.016888378581234,-0.004559343205509,-0.013565968034934,0.001058035014919
1403637204.038319110870361,1.158918830860427,-3.717564940004206,0.030768176413581,0.252422319968236,0.742044501132792,-0.339187220652757,0.520197039655454,-0.312840473453264,-0.082756091509565,-0.265425457375540,-0.324062290521408,-0.078974927492465,-0.271602803619864,0.011221817068144,-0.003781164017100,0.006177346244325,-0.016203176336047,-0.003948761437895,-0.013580191985117,0.001895355371328
1403637204.088319063186646,1.143315615788671,-3.720703616371302,0.018173888909144,0.251836716555590,0.741671435396997,-0.339979031484702,0.520495925307183,-0.301508282399555,-0.070844164623046,-0.221165388330000,-0.312064599043109,-0.062773587207486,-0.251885990305942,0.010556316643553,-0.008070577415560,0.030720601975942,-0.015603215071756,-0.003138676367096,-0.012594287504437,0.002189435128976
1403637204.138319015502930,1.128358850243912,-3.722817733724956,0.007774620945434,0.252343393591488,0.741664250902833,-0.339761327183961,0.520402912360859,-0.278843328471796,-0.071249089113097,-0.173406905441832,-0.299135596173109,-0.042282387396700,-0.207985557624686,0.020292267701313,-0.028966701716397,0.034578652182854,-0.014956765544759,-0.002114117353654,-0.010399267963710,0.001118605943906
1403637204.188318967819214,1.114404153853889,-3.724227718294922,0.000069568521074,0.251904957361780,0.741801462837784,-0.340396339293605,0.520004629194584,-0.265639771280370,-0.050842990177186,-0.123241970711666,-0.279094193965438,-0.028199718292671,-0.154101195449559,0.013454422685068,-0.022643271884514,0.030859224737893,-0.013954696390024,-0.001409984569966,-0.007705052424360,0.001758321190266
1403637204.238318920135498,1.100152491112540,-3.724867699314449,-0.005847235991144,0.252757022079296,0.741780838731684,-0.339999368367000,0.519880279093338,-0.261032750993857,-0.032640516294615,-0.105778023026053,-0.285033526656128,-0.012799632597212,-0.118336203098555,0.024000775662271,-0.019840883697402,0.012558180072502,-0.014251662741349,-0.000639981019527,-0.005916804512218,0.001896827422825
1403637204.288319110870361,1.086434954559410,-3.724489919921722,-0.010528675210857,0.251691602569797,0.742181461152821,-0.341214054690942,0.519028886285030,-0.252049026060736,-0.003228757805414,-0.064736166017346,-0.274349684501611,0.007555559032372,-0.093628427230156,0.022300658440875,-0.010784316837786,0.028892261212810,-0.013717536553130,0.000377779392727,-0.004681439219713,0.003739492293422
1403637204.338319063186646,1.073301118164990,-3.723741143630166,-0.011722991238070,0.250605025102379,0.741531874461994,-0.341992526397509,0.519969914936015,-0.239387096584750,0.005802933877276,-0.018235621926864,-0.262676978396684,0.014975540112901,-0.023886343324040,0.023289881811934,-0.009172606235626,0.005650721397175,-0.013133836394420,0.000748776291556,-0.001194316027212,0.003518049106535
1403637204.388319015502930,1.060668273246354,-3.721814077582048,-0.011894479674494,0.249251956282796,0.739951454714954,-0.343563331901816,0.521832869726454,-0.240581905918315,0.017292360095296,0.009528060885412,-0.252657139325339,0.038541357718260,-0.003429771999384,0.012075233407023,-0.021248997622965,0.012957832884795,-0.012632844918636,0.001927066048118,-0.000171488436425,0.006408294960281
1403637204.438318967819214,1.048116434305064,-3.719694618222603,-0.010287811987915,0.250206213327990,0.738368712056322,-0.343747670666164,0.523494063748523,-0.221727286282859,0.015594731517681,0.056820081986218,-0.251037018233370,0.042389227614411,0.032133384376371,0.029309731950511,-0.026794496096731,0.024686697609848,-0.012551838941291,0.002119459359445,0.001606667686579,0.004983665479750
1403637204.488318920135498,1.036423602845408,-3.717558783214180,-0.006522555194331,0.249058488437748,0.735360066381141,-0.345387027151524,0.527184259613715,-0.217120471763575,0.022899888479891,0.092542038981235,-0.233856852216390,0.042716740906333,0.075305207688330,0.016736380452815,-0.019816852426443,0.017236831292905,-0.011692831459656,0.002135835008424,0.003765256793584,0.010329436717476
1403637204.538319110870361,1.025065957416040,-3.714941665817505,-0.000591468680957,0.249593040479374,0.734036307224784,-0.345963585303677,0.528396831428699,-0.216137361157974,0.038244521453532,0.133879435342843,-0.227152042071091,0.052342148264048,0.118621277763219,0.011014680913117,-0.014097626810517,0.015258157579624,-0.011357645429368,0.002617117396675,0.005931086513374,0.003919609739664
1403637204.588319063186646,1.013546322840970,-3.711702433756377,0.006672692114888,0.249610408390592,0.733653497643409,-0.347335049347960,0.528020409561150,-0.210137403849835,0.043510616208491,0.161562902805125,-0.230392911221195,0.064784703006065,0.145283354469887,0.020255507371360,-0.021274086797574,0.016279548335238,-0.011519634575070,0.003239232061128,0.007264160795844,0.002945812118415
1403637204.638319015502930,1.001959128594221,-3.707844493287479,0.015724662767500,0.249471834532544,0.733805012379054,-0.348808126894137,0.526903120312403,-0.216453027560191,0.058343070203381,0.189083493022866,-0.231744105943376,0.077158882962411,0.181039585705042,0.015291078383185,-0.018815812759031,0.008043907317825,-0.011587194246749,0.003857940468898,0.009051970652612,0.003720458654192
1403637204.688318967819214,0.990199790334942,-3.703516048120890,0.025686080812571,0.251387581149305,0.734735948399031,-0.348898060851250,0.524630835262583,-0.208026173573963,0.063237646022459,0.202547001027995,-0.235186989477378,0.086568985890390,0.199228550900585,0.027160815903415,-0.023331339867931,0.003318450127410,-0.011759338259279,0.004328445166589,0.009961418045072,0.006231565546635
1403637204.738318920135498,0.978557117784483,-3.698491914323941,0.035313922694393,0.251350086186405,0.734522796807670,-0.350034614911398,0.524190007065907,-0.212214090093699,0.075372068012657,0.183958154807474,-0.232853673075750,0.100482771766814,0.192557021273119,0.020639582982051,-0.025110703754157,-0.008598866465644,-0.011642672550459,0.005024133796949,0.009627841881822,0.002476226402436
1403637204.788319110870361,0.966707850673042,-3.692757332177231,0.043368025912510,0.251738389675434,0.735316736745733,-0.351098014703318,0.522175510625129,-0.205005961868231,0.089954697042466,0.152906080340001,-0.236984438204926,0.114691205421969,0.161081449885372,0.031978476336695,-0.024736508379503,-0.008175369545371,-0.011849267111441,0.005734582146710,0.008054103218117,0.004886773259383
1403637204.838319063186646,0.955117577304414,-3.686707642223519,0.050008423108099,0.250972640844611,0.735694536518566,-0.352584910597290,0.521008793882901,-0.205133803556478,0.098501016339324,0.117589964654805,-0.231805688439688,0.120993914463036,0.132808070567423,0.026671884883210,-0.022492898123712,-0.015218105912618,-0.011590273368628,0.006049689953712,0.006640397195589,0.004147863468200
1403637204.888319015502930,0.943723556827140,-3.678872666088470,0.054355070908769,0.251902431738164,0.735957141022873,-0.352971169187132,0.519926538257577,-0.204267117862075,0.105803186572098,0.079381979401328,-0.227880626869392,0.156699672141435,0.086933038919222,0.023613509007317,-0.050896485569337,-0.007551059517894,-0.011394020477275,0.007834976135049,0.004346647800671,0.003002629241979
1403637204.938318967819214,0.932590445464004,-3.672037451479377,0.056876904782086,0.251679268981307,0.736988714085758,-0.353578330860276,0.518157837749577,-0.193809534224497,0.116146400462824,0.046330685710052,-0.222662439610170,0.136704422553345,0.050436725566537,0.028852905385673,-0.020558022090521,-0.004106039856484,-0.011133111363136,0.006835214609092,0.002521833873316,0.004294598074770
1403637204.988318920135498,0.921713994357998,-3.665091406545600,0.057878546804179,0.250649166066429,0.738640824149757,-0.354758998865329,0.515490815799507,-0.191879593598200,0.120188944986399,0.013436126609832,-0.217529229572155,0.138921031160965,0.020032859546690,0.025649635973954,-0.018732086174565,-0.006596732936859,-0.010876451106006,0.006946044933777,0.001001642022093,0.007013579771087
1403637205.038319110870361,0.911136702538907,-3.658026753266526,0.057564232070398,0.249710973259469,0.740330876980373,-0.355624351127695,0.512919041670600,-0.179358409953390,0.120665806954740,-0.011601622338447,-0.211545029401583,0.141292526593268,-0.006286270695397,0.032186619448192,-0.020626719638528,-0.005315351643051,-0.010577291819091,0.007064653279074,-0.000314314733781,0.006663137785531
1403637205.088319063186646,0.901169043987813,-3.651354549218594,0.056187064206312,0.249184011320642,0.741532082679545,-0.356003849216900,0.511173902113402,-0.164386916713968,0.120881674722814,-0.034876623010443,-0.199353361140053,0.133444208220952,-0.027543383549147,0.034966444426084,-0.012562533498138,-0.007333239461296,-0.009967658551094,0.006672204047932,-0.001377167864086,0.004431756716750
1403637205.138319015502930,0.891563296383366,-3.644568265563225,0.053909237336294,0.248993493588948,0.741628890174967,-0.356181559879088,0.511002471432690,-0.164661486975318,0.117214887780822,-0.056912325782311,-0.192115135304206,0.135725802545599,-0.045556580846487,0.027453648328887,-0.018510914764778,-0.011355744935824,-0.009605747604447,0.006786283655369,-0.002277826870017,0.000653110268916
1403637205.188318967819214,0.882512784379028,-3.637814079328147,0.050485509315104,0.249474889144195,0.741924878150044,-0.355529285431743,0.510792210266492,-0.150295969479619,0.123674215853454,-0.080513501711050,-0.181010412711745,0.135083853527552,-0.068474625726304,0.030714443232126,-0.011409637674098,-0.012038875984745,-0.009050512004338,0.006754186235078,-0.003423728021191,0.001776538574565
1403637205.238318920135498,0.874343264779475,-3.631174044366453,0.045996149680596,0.248226769608808,0.742940745315076,-0.354569350720332,0.510590927582951,-0.140955997806334,0.124978473939574,-0.102829463082793,-0.163390547812425,0.132800825882625,-0.089787278317983,0.022434550006092,-0.007822351943051,-0.013042184764810,-0.008169519599553,0.006640034961694,-0.004489359634508,0.003769232755638
1403637205.288319110870361,0.866914109431780,-3.624560124720408,0.041011413770721,0.246779944556430,0.744386500695946,-0.352439718593989,0.510660984708798,-0.124828037609990,0.128324120081753,-0.088020465577992,-0.148582540156498,0.132277888320789,-0.099694337893771,0.023754502546508,-0.003953768239036,0.011673872315780,-0.007429155347695,0.006613919646044,-0.004984735909874,0.005907201939874
1403637205.338319063186646,0.860774029025515,-3.618273073482366,0.036970000809858,0.245388471431729,0.745383878761104,-0.348892338856378,0.512309971851786,-0.110912587729926,0.124679653137167,-0.076171683217521,-0.122801725238147,0.125741144676953,-0.080828336301164,0.011889137508221,-0.001061491539786,0.004656653083643,-0.006140080406265,0.006287051238043,-0.004041412960863,0.008540269262435
1403637205.388319015502930,0.855323906138677,-3.612186818008160,0.034352174190780,0.244121492419008,0.746815545111281,-0.345602186793439,0.513059808407216,-0.095895104692135,0.120403667852089,-0.036543870186903,-0.109002561689699,0.121725225570342,-0.052356582312699,0.013107456997564,-0.001321557718253,0.015812712125797,-0.005450122886838,0.006086255474206,-0.002617826619079,0.007756875316668
1403637205.438318967819214,0.850895206068461,-3.606415264065529,0.033965926374885,0.243513584250232,0.747670884844824,-0.342099274683751,0.514448703469855,-0.082271897252536,0.117866517300504,0.005428918442349,-0.088574085875147,0.115431188936373,-0.007724963684999,0.006302188622611,0.002435328364132,0.013153882127347,-0.004428700070216,0.005771553942631,-0.000386247815895,0.007823196444814
1403637205.488318920135498,0.847504438263139,-3.600587390137244,0.035588381153491,0.242901390001152,0.747651828261405,-0.338466496095021,0.517161569970204,-0.066714765064761,0.119368712378475,0.039755446502369,-0.067815420780265,0.116557589723686,0.032449126518025,0.001100655715504,0.002811122654788,0.007306319984344,-0.003390767805322,0.005827873928285,0.001622454778606,0.009150280080349
1403637205.538319110870361,0.844770920181798,-3.595044542699831,0.038725845834093,0.242353657970978,0.747251451486504,-0.335093195427574,0.520185085423964,-0.064944056075244,0.121454532565310,0.053242032365442,-0.054670153076742,0.110856525864180,0.062749054243386,-0.010273902998502,0.010598006701130,-0.009507021877944,-0.002733518081341,0.005542847437413,0.003137464680602,0.009161037433548
1403637205.588319063186646,0.842591245643549,-3.589127152650305,0.041242994001087,0.242260204794884,0.747479193640478,-0.332097353774574,0.521820079973210,-0.051612920658522,0.126375294392360,0.025937137346228,-0.043593532339020,0.118347913855881,0.050343011350720,-0.008019388319501,0.008027380536480,-0.024405874004493,-0.002179674538249,0.005917390049526,0.002517148166994,0.006843649843570
1403637205.638319015502930,0.840983156731784,-3.582846323345362,0.042013594286468,0.241278162741298,0.747319633774454,-0.330160176434150,0.523729387237695,-0.050751942149772,0.137867534342396,-0.018079794594481,-0.032161808907185,0.125616705896282,0.015412020405672,-0.018590133242588,0.012250828446114,-0.033491815000153,-0.001608088911765,0.006280829304943,0.000770600285381,0.005792402640358
1403637205.688318967819214,0.839744630099797,-3.576278015102583,0.041020681963710,0.240870392719569,0.747755170816772,-0.328485349432074,0.524348198849189,-0.036338023956643,0.142540441216642,-0.052419387889181,-0.024770556262792,0.131366290136237,-0.019858265393476,-0.011567467693851,0.011174151080406,-0.032561122495705,-0.001238526631987,0.006568308242779,-0.000992912322758,0.003765072774681
1403637205.738318920135498,0.839097958973333,-3.569593149002926,0.038040875607451,0.239506064523510,0.748228612010316,-0.327904885693965,0.524661009761164,-0.033275850431216,0.147794472101535,-0.094998552947535,-0.012933434863558,0.133697449496969,-0.059596183960543,-0.020342415567658,0.014097022604567,-0.035402368986992,-0.000646671126464,0.006684866099657,-0.002979806356260,0.003175107769672
1403637205.788319110870361,0.838757787939660,-3.562137026747244,0.033506228349099,0.239093573045781,0.748531433654986,-0.327037637896471,0.524958416979583,-0.031782595253276,0.159187029086945,-0.115362432306098,-0.006803394720560,0.149121876258825,-0.090692599202223,-0.024979200532716,0.010065152828120,-0.024669833103875,-0.000340171033673,0.007456122255682,-0.004534647258352,0.002099923869451
1403637205.838319063186646,0.838822590168184,-3.554202885704317,0.027745616745779,0.239042823207210,0.748953664430586,-0.326319201117687,0.524826367659856,-0.012366689512119,0.170271224962188,-0.136272601121683,0.001296045806472,0.158682972190419,-0.115212341941443,-0.013662735318591,0.011588252771768,-0.021060259180239,0.000064802228523,0.007934141042927,-0.005760611603320,0.001690494418025
1403637205.888319015502930,0.839313658553086,-3.545784621163828,0.020750985183670,0.238069434902733,0.748959996339531,-0.326365107399598,0.525231077450899,-0.012820148735808,0.173435309164860,-0.149574223818420,0.009821377064430,0.168365451375584,-0.139892764654321,-0.022641525800238,0.005069857789276,-0.009681459164099,0.000491068384902,0.008418264540489,-0.006994631562109,0.002110376638645
1403637205.988318920135498,0.840441848405234,-3.527967968046498,0.006657791640157,0.238021147340562,0.748834316975727,-0.325430516158425,0.526011481139946,-0.001509127489222,0.191646767533835,-0.131897914780998,0.011281909280747,0.178166701086301,-0.140932069838423,-0.012791036769970,0.013480066447535,0.009034155057426,0.001128189852148,0.017816653117329,-0.014093193543513,0.002449994191542
1403637206.038319110870361,0.842121795723902,-3.518121512878836,0.001675054268239,0.237213585528861,0.748562788919295,-0.325652184540823,0.526625218338145,0.003226735572929,0.201634945559393,-0.096422609464628,0.033598818204057,0.196928352131199,-0.099654367287123,-0.030372082631128,0.004706593428194,0.003231757822496,0.001679947318669,0.009846455167662,-0.004982737371918,0.002146340043460
1403637206.088319063186646,0.843926850230284,-3.507713866566544,-0.001538505887081,0.235934537361894,0.748242716652132,-0.326271548159549,0.527270905624838,0.003585437835473,0.227624571475983,-0.068714449711097,0.036101124556349,0.208153124756137,-0.064271264400251,-0.032515686720876,0.019471446719845,-0.004443185310846,0.001805054506382,0.010407646312292,-0.003213560155320,0.003186806784869
1403637206.138319015502930,0.846076714786705,-3.496924980392673,-0.003535759398113,0.233056488079274,0.747617399029249,-0.327965383606374,0.528385848777973,0.019386853565080,0.218061329312356,-0.039561656806107,0.042997332133873,0.215777929259280,-0.039945108315262,-0.023610478568793,0.002283400053076,0.000383451509155,0.002149864556421,0.010788886173871,-0.001997253511032,0.007151609660070
1403637206.188318967819214,0.849211857517304,-3.486012822182353,-0.003121194815764,0.229029363936871,0.746471582902852,-0.330415124718717,0.530237278706710,0.020199004420344,0.224522533105793,0.007436318309552,0.062702914410141,0.218243372339512,0.008291299554167,-0.042503909989797,0.006279160766281,-0.000854981244615,0.003135142730599,0.010912158210321,0.000414564582348,0.010384547813170
1403637206.238318920135498,0.851858025962920,-3.475561341955150,-0.000543473707205,0.227094891870420,0.746056717794790,-0.331532406692795,0.530955315664238,0.023582126827565,0.209461543372338,0.058876777473701,0.052923419384013,0.209029803890400,0.051554471337368,-0.029341292556448,0.000431739481938,0.007322306136333,0.002646168445615,0.010451480227202,0.002577721108560,0.004765792275124
1403637206.288319110870361,0.854616324644599,-3.465631255597160,0.004418141786868,0.225495087527723,0.745069728059643,-0.332720054035766,0.532278528096364,0.021398954638686,0.203274161673892,0.104190646449813,0.055165763192907,0.198600969557240,0.099231931341670,-0.033766808554221,0.004673192116653,0.004958715108144,0.002758298681680,0.009930086357991,0.004961615494072,0.005174910147573
1403637206.338319063186646,0.857212296098550,-3.455748742351936,0.010968913653992,0.224427286065171,0.744134159177269,-0.333750076711721,0.533392569042615,0.027331039634561,0.200622457876911,0.144666873574465,0.051919478593290,0.197650453398629,0.131015562288666,-0.024588438958730,0.002972004478282,0.013651311285799,0.002595971453951,0.009882513245223,0.006550771867124,0.004155730786733
1403637206.388319015502930,0.859911037486852,-3.446281102467399,0.019573505119008,0.224350947773723,0.744141213225858,-0.333709170689876,0.533440433796742,0.027012238241810,0.181810411431358,0.176737401237405,0.053974879240500,0.189352978271817,0.172091993420025,-0.026962640998690,-0.007542566840459,0.004645407817380,0.002698741388302,0.009467639884537,0.008604591465016,0.000198409994888
1403637206.488318920135498,0.861349262138590,-3.434190027945551,0.027587765728286,0.224888243866469,0.744022637164439,-0.333560854312266,0.533472351324790,0.016596542476323,0.181850233484798,0.168884023634844,0.014382260233367,0.120910860528063,0.080142682522797,0.002214282242956,0.060939372956735,0.088741341112047,0.001438224651737,0.012091074521848,0.008014260609278,0.001141514535976
1403637206.538319110870361,0.863026672864832,-3.423674989264065,0.037596621862427,0.225228547006963,0.743642937462320,-0.333840718584687,0.533683106150462,0.014207325649110,0.184123819591875,0.157841157001692,0.033548086549058,0.210299971398991,0.200176359070623,-0.019340760899948,-0.026176151807116,-0.042335202068932,0.001677410726243,0.010515038681486,0.010008856134142,0.001237286887644
1403637206.588319063186646,0.864229447106312,-3.413174106384520,0.046308295669220,0.226268376293341,0.743668232030631,-0.333607959458044,0.533353458734684,0.007176996649268,0.188182296318323,0.121414573991468,0.024055507770708,0.210017857879537,0.174233642298009,-0.016878511121440,-0.021835561561214,-0.052819068306541,0.001202774241479,0.010500882879545,0.008711673806793,0.002231348577673
1403637206.638319015502930,0.864889266541248,-3.402586970708808,0.053471868828336,0.227463555605459,0.743816060910239,-0.333260040093308,0.532856213326169,-0.003930004438320,0.187460211733005,0.100436389655673,0.013196401283782,0.211742915448023,0.143271599816758,-0.017126405722102,-0.024282703715017,-0.042835210161085,0.000659819434936,0.010587135675712,0.007163573159116,0.002697115586642
1403637206.688318967819214,0.864966955859120,-3.391797039169570,0.058907353067833,0.229059596552541,0.743974494298465,-0.332839218013290,0.532213968261668,-0.009580484892469,0.192552278699804,0.066977735615111,0.001553787839252,0.215798836586571,0.108709788463674,-0.011134272731721,-0.023246557886767,-0.041732052848563,0.000077689317872,0.010789931539238,0.005435484239497,0.003556413149054
1403637206.738318920135498,0.864706757650872,-3.380997564582848,0.063002960193776,0.230051627298698,0.743709348316257,-0.332609494602069,0.532300270622500,-0.016926379428598,0.195903566750868,0.041421761528693,-0.005203969127838,0.215989697718257,0.081912220636433,-0.011722410300760,-0.020086130967389,-0.040490459107740,-0.000260198208247,0.010799474586721,0.004095607125943,0.002111538244189
1403637206.788319110870361,0.864458186841204,-3.368830843890857,0.065823513492092,0.231418945170823,0.743200746672094,-0.332222157957822,0.532659703491745,-0.019432386415459,0.202923218234254,0.019387968183603,-0.004971397228998,0.243333485596249,0.056410850776017,-0.014460989186461,-0.040410267361995,-0.037022882592415,-0.000248570809669,0.012166720691992,0.002820553298317,0.003103195734848
1403637206.888319015502930,0.863232506129394,-3.356721609243769,0.069790313609972,0.232328383207293,0.742496014045533,-0.332149437633314,0.533291611187214,-0.029817927618452,0.218203843699606,0.046552062269413,-0.012256818807115,0.121092461953643,0.039668039009189,-0.017561108811337,0.097111381745963,0.006884023260224,-0.001225680711810,0.012109234647087,0.003966800117880,0.002629312797903
1403637206.938318967819214,0.861470007373376,-3.344493184235241,0.074003739240449,0.232644951213447,0.741440798221418,-0.332076860216856,0.534665155322651,-0.039260151250106,0.226122789848513,0.063960375221505,-0.035250008737372,0.244568733409485,0.084268592974331,-0.004010142512734,-0.018445943560972,-0.020308217752826,-0.001762498756017,0.012228425008528,0.004213425630477,0.003524535438932
1403637206.988318920135498,0.859814282156793,-3.332392567601330,0.079447306000720,0.233139499568766,0.741119799007405,-0.332464681448386,0.534653769134262,-0.030355083651524,0.211186938207523,0.096615334682850,-0.033114535912157,0.242012563479382,0.108871439033311,0.002759452260634,-0.030825625271859,-0.012256104350461,-0.001655725216584,0.012100616633911,0.005443566760271,0.001411599863985
1403637207.038319110870361,0.858237969694482,-3.320568170811603,0.087012522548371,0.233658043622966,0.740645975711000,-0.332901950353079,0.534811881659809,-0.029667017002471,0.215351878384697,0.137505761830949,-0.031526128983576,0.236487033668111,0.151303753775002,0.001859111981106,-0.021135155283414,-0.013797991944053,-0.001576312462311,0.011824396789728,0.007565216547651,0.001684755364983
1403637207.088319063186646,0.856125718627708,-3.308291110937502,0.095179631296763,0.233479423580734,0.740845134634018,-0.333734245376653,0.534094840563349,-0.042765986982880,0.231321816648873,0.124417672669501,-0.042245061623507,0.245541431648575,0.163342330743227,-0.000520925359373,-0.014219614999702,-0.038924658073725,-0.002112251066774,0.012277059874101,0.008167108748392,0.002261355763817
1403637207.138319015502930,0.853693202283808,-3.295174259977589,0.102281567434966,0.234309963221367,0.739691344305549,-0.334222397468170,0.535024247418078,-0.045407124944742,0.243654609549007,0.096173858548655,-0.048650373274622,0.262337269382583,0.142038858222869,0.003243248329880,-0.018682659833576,-0.045864999674214,-0.002432516343901,0.013116850959913,0.007101936138203,0.003534469462555
1403637207.188318967819214,0.850955377683719,-3.281695075741142,0.107611226302484,0.234535268743626,0.739418547458650,-0.335079523813197,0.534766427621085,-0.050735120863080,0.253634373801443,0.072514471079567,-0.054756544221685,0.269583941824208,0.106593279005637,0.004021423358605,-0.015949568022765,-0.034078807926070,-0.002737824600089,0.013479184236446,0.005329658867518,0.001924907674001
1403637207.238318920135498,0.847905668962041,-3.267923269360385,0.111287483681626,0.235189911399629,0.738160813220665,-0.335343975281007,0.536049193305961,-0.054618942119713,0.263130805374269,0.035148005275955,-0.060994232602186,0.275436390291752,0.073525217701950,0.006375290482473,-0.012305584917483,-0.038377212425995,-0.003049708721678,0.013771806380757,0.003676257379142,0.003860505644589
1403637207.288319110870361,0.844347252983959,-3.253731271083002,0.112433711036791,0.235209611407950,0.738119845652614,-0.336247086168741,0.535530978747367,-0.061754039105837,0.264193581459597,-0.006286189724981,-0.071168048077091,0.283838882788264,0.022924459653433,0.009414008971255,-0.019645301328667,-0.029210649378415,-0.003558415978082,0.014191998277384,0.001146227355165,0.002084439621765
1403637207.338319063186646,0.840237974481094,-3.239356273429554,0.111712310673635,0.235202623036315,0.738067890002255,-0.337006473728447,0.535128164582629,-0.071230999584845,0.274287485834824,-0.038210422688089,-0.082185648435636,0.287500227250542,-0.014428021022750,0.010954648850791,-0.013212741415718,-0.023782401665338,-0.004109278502865,0.014374997653448,-0.000721400363156,0.001722413410862
1403637207.388319015502930,0.835475116566302,-3.224847723056444,0.109617831711398,0.235796825782796,0.738051008950471,-0.337115431511495,0.534821232726195,-0.088475425649787,0.280427818391126,-0.062553321879435,-0.095257249140224,0.290171284191100,-0.041889619193800,0.006781823490436,-0.009743465799974,-0.020663702685635,-0.004762857914792,0.014508550373110,-0.002094478962237,0.001355641330260
1403637207.438318967819214,0.830125717020996,-3.209884307021748,0.106225124127349,0.236259344568643,0.737781323716944,-0.337524802549837,0.534731005405674,-0.098552084354637,0.293325560779674,-0.089771469629050,-0.106988092937925,0.299268606098701,-0.067854216391805,0.008436008583288,-0.005943045319027,-0.021917253237245,-0.005349399545306,0.014963416034696,-0.003392707584049,0.001359969685199
1403637207.488318920135498,0.823878956504298,-3.194898199232310,0.101127306536518,0.236154203952858,0.737745861583939,-0.338308921136775,0.534330711779170,-0.111366592065371,0.303122509651600,-0.129315586244729,-0.124935329481567,0.299722441626341,-0.101956449049869,0.013568737416196,0.003400068025259,-0.027359137194860,-0.006246760516698,0.014986107789437,-0.005097817590831,0.001774698970728
1403637207.538319110870361,0.817561271154953,-3.179188139283445,0.094568012165787,0.235039926908304,0.738501759720143,-0.339729604161576,0.532874450227641,-0.122676630456572,0.311748213465707,-0.152299565715024,-0.126353224987608,0.314200000399424,-0.131185386982081,0.003676594531036,-0.002451786933717,-0.021114178732943,-0.006317685349346,0.015710059948865,-0.006559294370731,0.004879359072491
1403637207.588319063186646,0.811012802613119,-3.163225849039534,0.087079208573129,0.231349926980984,0.739517706919286,-0.342992400142625,0.530986803869113,-0.123867550898955,0.320189754341586,-0.169754786953871,-0.130969495738926,0.319246109335029,-0.149776214690886,0.007101944839971,0.000943645006556,-0.019978572262985,-0.006548468541834,0.015962290243911,-0.007488803592658,0.010743810117320
1403637207.638319015502930,0.804256379422270,-3.147392113917295,0.079879242914376,0.225284999822553,0.741759400119189,-0.347547530658025,0.527494431367084,-0.135643244497127,0.317311074556500,-0.139016312332937,-0.135128592685649,0.316675004449613,-0.143999450503648,-0.000514651811479,0.000636070106887,0.004983138170711,-0.006756423190849,0.015833735122240,-0.007199965658754,0.017292180340782
1403637207.688318967819214,0.796697917633990,-3.132064170013034,0.074517891901023,0.220820265652803,0.743418998921041,-0.351037019937385,0.524728132420726,-0.148446566593605,0.298075552500388,-0.100660673586198,-0.151169379931944,0.306559170442811,-0.107227122526816,0.002722813338339,-0.008483617942422,0.006566448940618,-0.007558461788279,0.015327943904260,-0.005361351013353,0.013041045253094
1403637207.738318920135498,0.789087781768738,-3.118053142444425,0.071527356570722,0.219480181807137,0.744740272394422,-0.352230122520390,0.522612970808283,-0.148929072481888,0.273467227214818,-0.044599395795671,-0.152202862457015,0.280220818611590,-0.059810763645995,0.003273789975127,-0.006753591396771,0.015211367850324,-0.007610135865253,0.014011027568610,-0.002990535330300,0.006144590515035
1403637207.788319110870361,0.781023096228842,-3.105029046074163,0.071797591536031,0.220698179873432,0.744944497519602,-0.351698779246702,0.522166618707287,-0.171179241506393,0.264889321459510,0.013001739531004,-0.161293095513584,0.260480933749337,0.005404678688967,-0.009886145992810,0.004408387710173,0.007597060842037,-0.008064685539896,0.013024096370262,0.000270234965309,0.002833219652143
1403637207.838319063186646,0.772170908144228,-3.092484187749986,0.074704114995353,0.223209701588512,0.744678263269797,-0.350450396990771,0.522318133496490,-0.186364121277169,0.255244778627792,0.060878742449109,-0.177043930534522,0.250897405757955,0.058130524624024,-0.009320190742647,0.004347372869837,0.002748217825085,-0.008852188084614,0.012544858324177,0.002906523459322,0.005642709373880
1403637207.888319015502930,0.763172110539915,-3.080708188391490,0.080091903199084,0.226606426229265,0.744616150492210,-0.348630685856118,0.522161814859395,-0.175988040109010,0.227126837488624,0.113788977435244,-0.179976123724878,0.235520211779498,0.107755866838624,0.003988083615868,-0.008393374290874,0.006033110596621,-0.008998797604314,0.011775999358496,0.005387788203731,0.007714246264303
1403637207.938318967819214,0.754877653458678,-3.070420946393015,0.088392711865320,0.229509239061260,0.744022572060738,-0.346915957211012,0.522881669292405,-0.176224472854288,0.211769995442524,0.178952293894570,-0.165889299829109,0.205745036183256,0.166016331650230,-0.010335173025179,0.006024959259268,0.012935962244340,-0.008294457081237,0.010287241998475,0.008300808666236,0.006996329009395
1403637207.988318920135498,0.746327483429316,-3.060239194995686,0.099379156238475,0.231877726047638,0.743674525613713,-0.345595244299236,0.523206314214523,-0.187140011617232,0.216099204760436,0.230489554623058,-0.171003563668929,0.203635222148262,0.219729097013101,-0.016136447948303,0.012463982612174,0.010760457609958,-0.008550170029361,0.010181751397329,0.010986444373155,0.005506559231730
1403637208.038319110870361,0.737339959914329,-3.050211038138103,0.112274247067872,0.234104288352170,0.743635518105885,-0.344305929553348,0.523120278005853,-0.189526125868985,0.218683785405789,0.255725928352506,-0.179749784608735,0.200562372066911,0.257900832774335,-0.009776341260250,0.018121413338878,-0.002174904421829,-0.008987523514987,0.010028156857582,0.012895090829397,0.005149306627626
1403637208.088319063186646,0.728910694274605,-3.040479796342023,0.126488669687327,0.235799693846770,0.743824549785959,-0.343487058317512,0.522628151065237,-0.178015174629095,0.202378245936758,0.300939074207214,-0.168585473570121,0.194625021530493,0.284288723507963,-0.009429701058974,0.007753224406265,0.016650350699251,-0.008429265639724,0.009731241796080,0.014214422619455,0.003910433741267
1403637208.138319015502930,0.720724268966407,-3.030622372877658,0.142014681192423,0.236877816222586,0.744080807361622,-0.343006972008633,0.522090863213641,-0.176219981815935,0.209002361297164,0.306187825788472,-0.163728662307778,0.197148657302905,0.310520526237359,-0.012491319508157,0.011853703994259,-0.004332700448888,-0.008186425308198,0.009857423464365,0.015526011505095,0.002643616579854
1403637208.188318967819214,0.712950772693134,-3.020936284087187,0.158689128833127,0.238970176462632,0.743587056910430,-0.341973162192873,0.522518803390376,-0.172079115056911,0.201235589437170,0.346360935867251,-0.155470073733266,0.193721960557075,0.333489270854240,-0.016609041323644,0.007513628880095,0.012871665013011,-0.007773496273273,0.009686088790471,0.016674447640704,0.004847126689866
1403637208.238318920135498,0.705357555909123,-3.011036345734642,0.174537728546610,0.238781578469731,0.744092477617744,-0.342693298360067,0.521412548559477,-0.164110528053719,0.215726408642338,0.299072640166260,-0.151864480509478,0.197998955877425,0.316972296558001,-0.012246047544241,0.017727452764912,-0.017899656391741,-0.007593216784011,0.009899938352545,0.015848599713483,0.002851957565795
1403637208.288319110870361,0.698350872015750,-3.001190979611336,0.189084505601311,0.235370333118975,0.742650273201604,-0.345692773399648,0.523037173076930,-0.158444301253044,0.211281030968188,0.280722574452315,-0.140133143301941,0.196906571327156,0.290934431267239,-0.018311157951102,0.014374459641032,-0.010211856814924,-0.007006683893373,0.009845366123306,0.014546777054701,0.010070324189562
1403637208.338319063186646,0.691355114211844,-2.991832797426731,0.201891777383397,0.232178811921442,0.740793335322592,-0.348594210636047,0.525166935314295,-0.161922008603618,0.205195726387632,0.244366833344014,-0.139915289511746,0.187163822185429,0.256145679921278,-0.022006719091873,0.018031904202203,-0.011778846577264,-0.006995757803906,0.009358182184605,0.012807271782086,0.010312770719122
1403637208.388319015502930,0.684413917700080,-2.982989381592134,0.212807273195331,0.229913381011757,0.739277764369908,-0.350792505472364,0.526832841083769,-0.162424683455606,0.197992565607876,0.214418323296742,-0.138824062628224,0.176868485366883,0.218310124435439,-0.023600620827382,0.021124080240992,-0.003891801138697,-0.006941196511764,0.008843415834598,0.010915495811934,0.007755486723870
1403637208.438318967819214,0.677269626051545,-2.974525614088324,0.222110935270347,0.230220637977423,0.738196231931031,-0.351461934016973,0.527768216122517,-0.172076599424410,0.189683788770968,0.171827858121507,-0.142885969237371,0.169275511509902,0.186073418953749,-0.029190630187039,0.020408277261066,-0.014245560832242,-0.007144291648535,0.008463767503810,0.009303662075015,0.003216943180246
1403637208.488318920135498,0.669714368038562,-2.966625131773263,0.229218777513225,0.230934654226454,0.738070681979906,-0.351501080848078,0.527605765739589,-0.173486849551132,0.172626588367120,0.134616068888268,-0.151105304364916,0.158009796991114,0.142156980429015,-0.022381545186216,0.014616791376005,-0.007540911540747,-0.007555258012983,0.007900482315061,0.007107842242878,0.001487957822460
1403637208.538319110870361,0.661931536846722,-2.959448621569403,0.234968843443575,0.232429180656694,0.737452348898219,-0.350893600447019,0.528218127527904,-0.187233500559401,0.169726120700964,0.103141919082670,-0.155656030056158,0.143529656555001,0.115000879913471,-0.031577470503242,0.026196464145963,-0.011858960830801,-0.007782831191840,0.007176510203859,0.005750065930351,0.003666041673707
1403637208.588319063186646,0.653451042860098,-2.952076041107255,0.239185968650211,0.235134759136982,0.737880344089755,-0.349681706433300,0.527225707868532,-0.194797618474578,0.162092321051501,0.083872010388768,-0.169610041485222,0.147451749863903,0.084342584568079,-0.025187576989356,0.014640571187598,-0.000470574179311,-0.008480493986624,0.007372580462148,0.004217125206636,0.006310919723544
1403637208.638319015502930,0.644894298733198,-2.945212834092512,0.242113390352847,0.236918698636172,0.738099188854412,-0.348549495285351,0.526870351211121,-0.198556082812630,0.161991865553305,0.054169797079223,-0.171135045745109,0.137264271200283,0.058548489888903,-0.027421037067522,0.024727594353022,-0.004378692809680,-0.008556744126901,0.006863207014744,0.002927421702636,0.004307442581177
1403637208.688318967819214,0.636017046588095,-2.938430428983255,0.243499250373087,0.239238613784692,0.738333472560207,-0.347274257702831,0.526335595327271,-0.198515471843004,0.159321148028890,0.029930397053951,-0.177545212222363,0.135648231549359,0.027717226838010,-0.020970259620641,0.023672916479531,0.002213170215941,-0.008877252145103,0.006782405109256,0.001385860020240,0.005421842638259
1403637208.738318920135498,0.627162144065480,-2.931387394871854,0.243956812894585,0.240668675493047,0.737849597156476,-0.346364327574782,0.526961396305381,-0.200155930361165,0.161687686193317,0.006072674760921,-0.177098219346332,0.140860816563375,0.009151259157273,-0.023057711014833,0.020826869629942,-0.003078584396353,-0.008854902522615,0.007043034111402,0.000457562521498,0.003741022650398
1403637208.788319110870361,0.618285369682349,-2.924238069013550,0.243017690130496,0.241552907276767,0.737358772238061,-0.345736215084579,0.527655857134848,-0.198793235769039,0.166458143530199,-0.020461100546352,-0.177534810421054,0.142985971717875,-0.018782383632675,-0.021258425347985,0.023472171812324,-0.001678716913677,-0.008876774383131,0.007149325858304,-0.000939122764089,0.002756502415914
1403637208.838319063186646,0.609278435844550,-2.917000052848724,0.240676370291353,0.242418920420940,0.737370850898772,-0.345288056654731,0.527535262516513,-0.203127418816141,0.165192144008683,-0.050392490620139,-0.180138848549770,0.144760461350854,-0.046826441440026,-0.022988570266371,0.020431682657829,-0.003566049180114,-0.009006933837799,0.007238016164826,-0.002341319839143,0.001965211212859
1403637208.888319015502930,0.600139211790913,-2.909648170477698,0.236970953603699,0.244019432024448,0.738115877253392,-0.344303455942032,0.526397757183002,-0.203731720176076,0.168003219153644,-0.081342880507801,-0.182784655389767,0.147037787646698,-0.074108404428373,-0.020947064786310,0.020965431506947,-0.007234476079428,-0.009139224053637,0.007351882371027,-0.003705416687655,0.004638991710004
1403637208.938318967819214,0.590900056001265,-2.902055626224406,0.231964624848080,0.248071307448904,0.739364349406756,-0.341475463459943,0.524590786329433,-0.203730152903174,0.175415654543140,-0.100427704302839,-0.184783292016052,0.151851029882259,-0.100126670600613,-0.018946860887122,0.023564624660881,-0.000301033702227,-0.009239155789649,0.007592544253292,-0.005006328755619,0.010814644434543
1403637208.988318920135498,0.581672064374139,-2.893822681368340,0.225364742580868,0.253244010804009,0.741061906183786,-0.338157980225361,0.521865789839741,-0.198358452528434,0.182074534751022,-0.136686375200920,-0.184560008552666,0.164659054152428,-0.131997771227107,-0.013798443975769,0.017415480598594,-0.004688603973813,-0.009227991627126,0.008232944856066,-0.006599882267211,0.013866513974639
1403637209.038319110870361,0.572835574052641,-2.884834711424491,0.217381333822037,0.258369436221855,0.742759567147962,-0.334697167098675,0.519164007008088,-0.182765146719599,0.189598990024878,-0.156114521788182,-0.176729132261816,0.179758713151919,-0.159667566093208,-0.006036014457782,0.009840276872959,0.003553044305026,-0.008836490321498,0.008987969943850,-0.007983408758832,0.013918202740003
1403637209.088319063186646,0.564843677805173,-2.875118444112732,0.208324502482202,0.262389153352269,0.744471919627813,-0.330942954035534,0.517097915546943,-0.164464958006570,0.215080978811561,-0.170847424391447,-0.159838077382831,0.194325531558449,-0.181136799542199,-0.004626880623738,0.020755447253113,0.010289375150752,-0.007991896247468,0.009716267311759,-0.009056831339834,0.012239811006446
1403637209.138319015502930,0.558322453785834,-2.864023473752666,0.199785211155432,0.263558372682845,0.745549145260129,-0.327059757048685,0.517421850630525,-0.126524143115439,0.246127753781342,-0.163869686359909,-0.130424604769375,0.221899618821288,-0.170785989409617,0.003900461653937,0.024228134960054,0.006916303049708,-0.006521224019339,0.011094970360066,-0.008539291326770,0.008417046471243
1403637209.188318967819214,0.553547169075478,-2.851553495111403,0.191930460965232,0.258280911625650,0.747651109950590,-0.325051619194790,0.518314801388422,-0.094225980020739,0.276485202567184,-0.143547712907100,-0.095505785288533,0.249399810671454,-0.157095153621615,0.001279805267794,0.027085391895730,0.013547440714515,-0.004775284710356,0.012469978641263,-0.007854750190200,0.012181944699704
1403637209.238318920135498,0.550549931170639,-2.838059014670512,0.185692109460290,0.249251606170168,0.749328014216624,-0.323758385185434,0.521115795149105,-0.072084093446840,0.296059423985948,-0.100606788197753,-0.059944815264606,0.269889866204840,-0.124767149086058,-0.012139278182234,0.026169557781109,0.024160360888305,-0.002997237904839,0.013494480440890,-0.006238351504942,0.019376183246605
1403637209.288319110870361,0.548385131040322,-2.823655035774716,0.181239041805249,0.239852094347675,0.752854938908418,-0.321708344025538,0.521712713265244,-0.061462690421980,0.313897097269575,-0.065089446486523,-0.043295837445831,0.288078478983746,-0.089061013360024,-0.018166852976150,0.025818618285829,0.023971566873501,-0.002164800130317,0.014403978895797,-0.004453067655041,0.020528022326351
1403637209.338319063186646,0.546249194134041,-2.808886462468884,0.179122274906879,0.231679678642309,0.756268370240477,-0.319046720757613,0.522103312239850,-0.058992030951517,0.323467525680869,-0.014478078114423,-0.042718778865424,0.295371747805077,-0.042335378341562,-0.016273252086092,0.028095777875792,0.027857300227139,-0.002135936906281,0.014768573305831,-0.002116766898370,0.018512407689304
1403637209.388319015502930,0.544347822028476,-2.793998382193843,0.178535979916093,0.225193993071009,0.760108798967597,-0.316236099631796,0.521072939718079,-0.043743863015514,0.321442513688522,0.002922923589459,-0.038027478377118,0.297761889468701,-0.011725910998413,-0.005716384638396,0.023680624219821,0.014648834587872,-0.001901372105564,0.014888080275042,-0.000586294990786,0.016220311872257
1403637209.438318967819214,0.543207693573939,-2.779511701589421,0.179564870768812,0.219966493046428,0.764045439912186,-0.313594977850248,0.519141115259959,-0.031484126532156,0.310545743856812,0.036966869022365,-0.022802590836997,0.289733888400207,0.020577836678933,-0.008681535695159,0.020811855456606,0.016389032343431,-0.001140128454538,0.014486680604422,0.001028890852719,0.014633059452849
1403637209.488318920135498,0.542895821883947,-2.765394624001704,0.181884809167169,0.214774118696416,0.769290035889246,-0.311315237365722,0.514924986385031,-0.019977681811816,0.305542256892667,0.049060975328872,-0.006237439748316,0.282341821016480,0.046398812216482,-0.013740242063501,0.023200435876187,0.002662163112390,-0.000311871689991,0.014117077587717,0.002319938398356,0.017599999711947
1403637209.538319110870361,0.543550489371333,-2.751976599761236,0.185511454249712,0.210113029752613,0.775352802129081,-0.309245544162004,0.508967327413760,0.008672323058302,0.280503720455404,0.078956602999601,0.013093299800742,0.268359461099249,0.072532624960862,-0.004420976742440,0.012144259356155,0.006423978038739,0.000654667487386,0.013418024240468,0.003626645082543,0.019825339300631
1403637209.588319063186646,0.545602306662495,-2.739578174307096,0.190531742714152,0.205715010179280,0.781622348810711,-0.307754942586442,0.502030610361740,0.038906703414488,0.252210521290774,0.115842847935656,0.041036384958591,0.247968745564225,0.100405865043294,-0.002129681544103,0.004241775726549,0.015436982892362,0.002051817291162,0.012398425454140,0.005020288464440,0.020879723962608
1403637209.638319015502930,0.549686701486109,-2.728656823042104,0.197442608386858,0.201270554629011,0.787043859300315,-0.306850352217812,0.495877997818819,0.080750201532274,0.223506019731166,0.168667662658340,0.081687974376003,0.218427233608282,0.138217445268539,-0.000937772843729,0.005078786122885,0.030450217389802,0.004084394823614,0.010921351264992,0.006910865672706,0.018742414855392
1403637209.688318967819214,0.555327235951390,-2.718499279681209,0.206080091068986,0.197663461735033,0.790986663181600,-0.306061248929546,0.491523922579000,0.123883109862547,0.193153244110936,0.190788675912432,0.112810796890373,0.203151060957856,0.172749818389638,0.011072312972174,-0.009997816846920,0.018038857522794,0.005640534465281,0.010157543360895,0.008637482682129,0.013876263169659
1403637209.738318920135498,0.564133008805502,-2.710642438863868,0.215966700311172,0.194813924118045,0.793858459143811,-0.305579223104272,0.488321226471400,0.196542603007799,0.134796216844397,0.222396403896547,0.176115625039190,0.157136966204299,0.197732373415990,0.020426977968608,-0.022340749359902,0.024664030480557,0.008805772854112,0.007856840817341,0.009886609242185,0.010364699328078
1403637209.788319110870361,0.576190168538717,-2.705473011398029,0.227128359659441,0.193232898807652,0.795697812683781,-0.305121697822694,0.486237377446895,0.252581931073019,0.087339817981422,0.232785970135144,0.241142274779512,0.103388154922271,0.223232335401620,0.011439656293507,-0.016048336940849,0.009553634733524,0.012057159733214,0.005169427465839,0.011161659348270,0.006460534866592
1403637209.838319063186646,0.590577799548685,-2.701826129939150,0.238118601176900,0.192130453343773,0.797311180312608,-0.304961431449537,0.484127355119169,0.302394996280728,0.054006177656388,0.214200937579747,0.287752894621911,0.072937698736391,0.219805039971586,0.014642101658816,-0.018931521080003,-0.005604102391839,0.014387631009968,0.003646881458879,0.010990241517458,0.005760634123302
1403637209.888319015502930,0.607503542196231,-2.699266711917702,0.247481551308221,0.189701435235503,0.798533687004926,-0.306046523837909,0.482382463854814,0.344692373721497,0.022225901807936,0.175913107391240,0.338515175784153,0.051188409246029,0.187259181210703,0.006177197937345,-0.028962507438093,-0.011346073819463,0.016925742647546,0.002559418021448,0.009362950131322,0.006816666001568
1403637209.938318967819214,0.626191767879624,-2.698432085599388,0.254291800693257,0.187996621722066,0.800409109088746,-0.307052894899066,0.479292236576970,0.387522555179632,-0.018243188874266,0.097213134804704,0.373764870117811,0.016692542285526,0.136205117596044,0.013757685061822,-0.034935731159792,-0.038991982791340,0.018688225683393,0.000834626318314,0.006810249385036,0.008242792850149
1403637209.988318920135498,0.646834442837037,-2.699239222132790,0.256454301511841,0.186645117678993,0.802995860073382,-0.307699523208767,0.475060261618147,0.426963084183485,-0.047403009876865,-0.002344656819379,0.412853892876414,-0.016142746062952,0.043250057618147,0.014109191307071,-0.031260263813913,-0.045594714437526,0.020642674957413,-0.000807136533401,0.002162500818584,0.010362556463552
1403637210.038319110870361,0.669506327221752,-2.701440525825499,0.254432717415818,0.185040238827820,0.806125266458512,-0.308617537094500,0.469763111141628,0.473378222965140,-0.081941714439929,-0.074048745075341,0.453435957973400,-0.044025905908670,-0.040431527686418,0.019942264991740,-0.037915808531259,-0.033617217388923,0.022671884384715,-0.002201303692709,-0.002021584096023,0.012848582032291
1403637210.088319063186646,0.694742580765719,-2.705434282452017,0.248562320130716,0.183807210202347,0.808985331331489,-0.309715608124912,0.464579256157576,0.524712249216864,-0.125047473635973,-0.153813632891299,0.504725552223127,-0.079875208705300,-0.117408057671100,0.019986696993737,-0.045172264930673,-0.036405575220199,0.025236253543967,-0.003993756626518,-0.005870397285103,0.012292853547823
1403637210.138319015502930,0.722575073555742,-2.711110103060062,0.238579936952060,0.181297569369470,0.811394235283642,-0.311537266827141,0.460125110885149,0.582793246647905,-0.167086565239362,-0.221959057856847,0.556650386663645,-0.113516520418702,-0.199647853972156,0.026142859984259,-0.053570044820659,-0.022311203884691,0.027832492790023,-0.005675820608046,-0.009982383178656,0.011875869567470
1403637210.188318967819214,0.753693110805817,-2.719220913768766,0.225752272345382,0.179366205226933,0.814293083804427,-0.312937203609034,0.454779995919042,0.653100868146580,-0.220070925231012,-0.264662528904729,0.622361338531511,-0.162216368875665,-0.256553536802071,0.030739529615069,-0.057854556355347,-0.008108992102658,0.031118037250074,-0.008110810708704,-0.012827664606678,0.013063494000311
1403637210.238318920135498,0.788585939489263,-2.730074498466809,0.211283672021935,0.177567474161531,0.816659555086205,-0.314199303560166,0.450350708724437,0.729703920593661,-0.273967929410890,-0.290877002999511,0.697857239197455,-0.217071900976754,-0.289372282435853,0.031846681396206,-0.056896028434136,-0.001504720563657,0.034892828683446,-0.010853584698043,-0.014468600323447,0.010963060949911
1403637210.288319110870361,0.827397309653537,-2.744017650764424,0.196426711193023,0.176641517799635,0.818768954881822,-0.314704353661966,0.446515780793214,0.810890534843146,-0.343039247138117,-0.288066353229776,0.776224442224219,-0.278861982178255,-0.297138083086403,0.034666092618927,-0.064177264959862,0.009071729856627,0.038811370164274,-0.013943152297615,-0.014856960828912,0.009004164538651
1403637210.338319063186646,0.870551533455748,-2.761067222770588,0.181593787725787,0.175417215255850,0.819820707753622,-0.315461033055569,0.444530251337010,0.902052837644401,-0.402723988758640,-0.293115473549586,0.863085299146498,-0.340991765318366,-0.296658752260552,0.038967538497903,-0.061732223440274,0.003543278710965,0.043154223802211,-0.017049572006164,-0.014832923467236,0.005336664116277
1403637210.388319015502930,0.917914053654146,-2.781432046541784,0.167009021160954,0.174698814495091,0.820727108617495,-0.315956304647236,0.442785445727431,0.985636763540871,-0.466495269864202,-0.288631369447896,0.947251307337204,-0.407296863852487,-0.291695609479286,0.038385456203668,-0.059198406011715,0.003064240031389,0.047362520198398,-0.020364823771196,-0.014584766564834,0.004302234083912
1403637210.438318967819214,0.970094022175919,-2.804163783042868,0.152549585009720,0.175255841256041,0.819993261992928,-0.315411367569014,0.444310825436517,1.085769811242715,-0.545005762623982,-0.273918277318898,1.043600365690323,-0.454635163595558,-0.289188998816792,0.042169445552392,-0.090370599028424,0.015270721497894,0.052179968521773,-0.022731736501084,-0.014459436151234,0.003726956056536
1403637210.538319110870361,1.087190319886597,-2.862658237789385,0.127463120895213,0.180318055664780,0.813752758668071,-0.311760533724462,0.456176737869454,1.240971222204765,-0.660238272339505,-0.252940987800239,1.170961302033209,-0.584943710696475,-0.250864282280834,0.070009920171556,-0.075294561643031,-0.002076705519405,0.117096297710679,-0.058494454746516,-0.025086464114507,0.029577176873935
1403637210.588319063186646,1.150815266155594,-2.895323092387835,0.114856703029221,0.181810466257488,0.810221519264272,-0.310587310384570,0.462624649914386,1.311560408889858,-0.700570081850120,-0.267770772441449,1.272500138930633,-0.653297715002257,-0.252128597768410,0.039060269959226,-0.047272366847863,-0.015642174673039,0.063624946268997,-0.032664854598450,-0.012606417865992,0.015185419427905
1403637210.638319015502930,1.217361263251090,-2.930546296460712,0.101989875035239,0.182815669631203,0.806506620903526,-0.309583050564997,0.469344048837249,1.359819189867285,-0.749554823768740,-0.285386385586879,1.330921211175292,-0.704464753287483,-0.257336805295153,0.028897978691993,-0.045090070481257,-0.028049580291726,0.066545997095496,-0.035223204072877,-0.012866827993983,0.015616667134956
1403637210.688318967819214,1.286460939243259,-2.967843879006469,0.088301075845979,0.183975150235057,0.803741854049678,-0.308273086734269,0.474467996960912,1.409137234438426,-0.786352445908515,-0.301742198203915,1.381994837816365,-0.745952362310751,-0.273776244878560,0.027142396622061,-0.040400083597764,-0.027965953325356,0.069099675992169,-0.037297582545757,-0.013688799189259,0.012158831271291
1403637210.738318920135498,1.358079294348677,-3.006967408040391,0.073555819125395,0.183692037113576,0.801770021320877,-0.307888104719340,0.478149540818057,1.457611628727025,-0.821904170266074,-0.314708454613200,1.432368468121391,-0.782471326901248,-0.294905415655397,0.025243160605633,-0.039432843364826,-0.019803038957803,0.071618355105419,-0.039123529033922,-0.014745256720584,0.008407206359663
1403637210.788319110870361,1.432107162600168,-3.047772028362546,0.057658359918950,0.179961628562237,0.798961852973401,-0.309920064257558,0.482932007128465,1.506188197421420,-0.851812419916659,-0.331797108343273,1.480551717173224,-0.816089293309496,-0.317947971253661,0.025636480248197,-0.035723126607163,-0.013849137089612,0.074027868251491,-0.040804620322155,-0.015897459206446,0.013971800095643
1403637210.838319063186646,1.507895937727389,-3.090237973565882,0.040867116252851,0.177203510075550,0.796209313210200,-0.311521839480549,0.487446190979991,1.526396737857667,-0.886711410050199,-0.351964234024837,1.515776948101957,-0.849319714041118,-0.335825193589836,0.010619789755710,-0.037391696009081,-0.016139040435002,0.075788775127221,-0.042465945203336,-0.016791243666099,0.012349470204974
1403637210.888319015502930,1.585077425376063,-3.134550008897862,0.023208173035295,0.173819596411046,0.792963171043753,-0.313950982996899,0.492372762799709,1.558685068528237,-0.915339212414114,-0.358038231826832,1.543631225094939,-0.886241551825409,-0.353179201169047,0.015053843433299,-0.029097660588705,-0.004859030657785,0.077181487648674,-0.044312035331980,-0.017658943217556,0.014444429444853
1403637210.938318967819214,1.664045351346086,-3.181179487766952,0.005196372810983,0.171014669957143,0.788126200090617,-0.316020380908453,0.499742127742549,1.578541640082035,-0.957153675437745,-0.376644947940800,1.579360025595551,-0.932590466769375,-0.360236348034395,-0.000818385513516,-0.024563208668370,-0.016408599906405,0.078967925970023,-0.046629478869090,-0.018011800224312,0.018958324884608
1403637210.988318920135498,1.743668005468621,-3.229948399824333,-0.013625482465134,0.170023851443405,0.783211894782541,-0.317128900164624,0.507050567982987,1.588895115073814,-0.992447903781723,-0.386353139438046,1.592454601133751,-0.975379171341678,-0.376437464521084,-0.003559486059937,-0.017068732440045,-0.009915674916963,0.079622654122535,-0.048768912057381,-0.018821855276117,0.017863343697095
1403637211.038319110870361,1.823624330026632,-3.280711914200830,-0.032901213927950,0.169624372244911,0.778228119547682,-0.317991936659508,0.514266170873930,1.587396558204497,-1.027422632375122,-0.394487278625480,1.599120391000047,-1.015266414595939,-0.385513158640318,-0.011723832795550,-0.012156217779183,-0.008974119985163,0.079956324558011,-0.050763514376498,-0.019275731462815,0.017641752837742
1403637211.088319063186646,1.903558441353778,-3.333336380340045,-0.053063422910772,0.168666676394303,0.773506138809424,-0.319560487242992,0.520692712154930,1.590709928148279,-1.061627397536603,-0.413123290610876,1.598683751166556,-1.052490326517293,-0.403244564220433,-0.007973823018276,-0.009137071019310,-0.009878726390444,0.079934111327146,-0.052624466139215,-0.020162208982822,0.016367704910866
1403637211.138319015502930,1.982673050572183,-3.387506719993675,-0.075442425106555,0.170881967725066,0.771375265308613,-0.319028776520990,0.523450277417060,1.574190000011401,-1.098436301551206,-0.428612647227879,1.582293693360947,-1.083407826290821,-0.447580470761652,-0.008103693349546,-0.015028475260384,0.018967823533772,0.079114609218405,-0.054170339653630,-0.022379002195783,0.008327075132405
1403637211.188318967819214,2.061361053446867,-3.443684563970747,-0.097394106508586,0.176346167007992,0.770214031969324,-0.316550966930931,0.524850321210000,1.566951629936365,-1.125047146917300,-0.447281153726664,1.573761558349666,-1.123557951049786,-0.439034046736132,-0.006809928413301,-0.001489195867514,-0.008247106990532,0.078688002874684,-0.056177843977071,-0.021951681402032,0.012538856152457
1403637211.238318920135498,2.139767942395409,-3.500425540815554,-0.119649536985059,0.181623510514323,0.768263944843978,-0.314156825864895,0.527341350781178,1.557907849615295,-1.152240388332737,-0.447007233974311,1.568139274464992,-1.134820619145415,-0.445109034018507,-0.010231424849698,-0.017419769187322,-0.001898199955805,0.078406888948542,-0.056740976844807,-0.022255430476473,0.013204619251276
1403637211.288319110870361,2.217651458244343,-3.558569890193779,-0.142796160153699,0.187742340645215,0.765718976132920,-0.311752465454968,0.530318454705998,1.548615797884902,-1.168034300354702,-0.458971573684472,1.557664374960642,-1.162882551519610,-0.462930697432342,-0.009048577075740,-0.005151748835092,0.003959123747869,0.077883515848934,-0.058144349378225,-0.023146623168640,0.015305075034969
1403637211.338319063186646,2.294614683141849,-3.617326434179213,-0.166445809173786,0.193108349613180,0.762771070025488,-0.309947115909058,0.533687404181045,1.541881462302389,-1.175553394293946,-0.485134785887388,1.539265965908548,-1.175132000401902,-0.472993431483411,0.002615496393841,-0.000421393892044,-0.012141354403977,0.076963224897507,-0.058756543985435,-0.023649649020086,0.014435170432744
1403637211.388319015502930,2.371138276308451,-3.676536434633765,-0.190750197743479,0.196914973203248,0.760064084020759,-0.308811216624542,0.536807893009146,1.524710967515313,-1.173479879403580,-0.496489154451183,1.530473322905121,-1.184201138433254,-0.486088234963723,-0.005762355389808,0.010721259029674,-0.010400919487460,0.076523593166601,-0.059210000454552,-0.024304388569693,0.011462279703819
1403637211.438318967819214,2.446880848989253,-3.735212110367934,-0.216289210038648,0.199419944126748,0.758633078089372,-0.308295023930544,0.538202301121794,1.509975875309622,-1.173275531322983,-0.527513522278644,1.514852898292357,-1.173514633834139,-0.510780733021854,-0.004877022982736,0.000239102511156,-0.016732789256790,0.075742572680803,-0.058675675734169,-0.025539012295169,0.006491069382245
1403637211.488318920135498,2.521718982298486,-3.793470073509694,-0.243097573107605,0.200562240202690,0.757631874335076,-0.308491747656947,0.539074737326803,1.494586639891453,-1.165129845258900,-0.535967583227414,1.496764093610119,-1.165160374018712,-0.536167772708583,-0.002177453718667,0.000030528759812,0.000200189481169,0.074838133309232,-0.058257963141759,-0.026808363068957,0.003525390896414
1403637211.538319110870361,2.595121366937353,-3.851618076681959,-0.270321036545094,0.199249348927688,0.758507959803604,-0.309822110200818,0.537564537425210,1.463745133424592,-1.162963514630989,-0.526944277823485,1.468042092641196,-1.162955627121653,-0.544467191772257,-0.004296959216604,-0.000007887509336,0.017522913948772,0.073402384638868,-0.058148003172265,-0.027223463437488,0.005115381141163
1403637211.588319063186646,2.666685524017993,-3.909950614634084,-0.296268495430003,0.198138523004351,0.759904092325336,-0.311152343165636,0.535229965072394,1.444395418575498,-1.160892536749304,-0.488313814073690,1.431284506592074,-1.166651871648429,-0.518949672607166,0.013110911983424,0.005759334899125,0.030635858533475,0.071564157080640,-0.058332537952125,-0.025947458884910,0.006450698281363
1403637211.638319015502930,2.737490214739912,-3.968344828739387,-0.320110404046154,0.196407314322418,0.761123712065525,-0.312325280099251,0.533448949031840,1.423641384287331,-1.158260206084628,-0.449564770386988,1.416095164931970,-1.167885395888360,-0.476838627071776,0.007546219355361,0.009625189803731,0.027273856684788,0.070804690721919,-0.058394214105303,-0.023841908616151,0.006010777585826
1403637211.688318967819214,2.807620857604007,-4.026205592946811,-0.340816024667644,0.194174636715017,0.761728646015483,-0.313839065065697,0.532513588122125,1.406855046575882,-1.156845899266358,-0.425031272053883,1.402614194919027,-1.157216387756033,-0.414112807358535,0.004240851656855,0.000370488489675,-0.010918464695348,0.070130642864095,-0.057860764207424,-0.020705620621489,0.005836864015392
1403637211.738318920135498,2.876127855057580,-4.084876634094221,-0.361369016952483,0.189709902187964,0.764271826744714,-0.316805088493153,0.528709053980520,1.404922048517048,-1.176798123558011,-0.369521303454176,1.370141255739981,-1.173421942010574,-0.411060237714372,0.034780792777067,-0.003376181547437,0.041538934260196,0.068506997453573,-0.058671041147410,-0.020552992284839,0.014095900573866
1403637211.788319110870361,2.945216263348695,-4.143537728237416,-0.379371775386750,0.184069415872858,0.766304651708693,-0.320458372380119,0.525549295957410,1.374748820378261,-1.170536232753351,-0.336489625895435,1.381762894815171,-1.173217407394670,-0.360053795189121,-0.007014074436910,0.002681174641320,0.023564169293686,0.069088408291115,-0.058661094143195,-0.018002758434267,0.015398481737359
1403637211.838319063186646,3.013566398185683,-4.203054102625219,-0.395443102908592,0.177877107556508,0.767620705040954,-0.324626661083009,0.523197590508459,1.362139541658050,-1.194827703622987,-0.291056318070836,1.367004000416355,-1.190328622941893,-0.321426856973377,-0.004864458758305,-0.004499080681094,0.030370538902540,0.068350134836987,-0.059516374387803,-0.016071327521842,0.015872259883078
1403637211.888319015502930,3.080575805559156,-4.264208519630500,-0.408880523607893,0.175391536649799,0.769087061175415,-0.326505685275866,0.520708112752935,1.333961239049060,-1.234069129630906,-0.245173111617628,1.340189425573700,-1.223089506534654,-0.268748670284725,-0.006228186524639,-0.010979623096252,0.023575558667097,0.067009407373473,-0.061154417005280,-0.013437420699301,0.008498593207637
1403637211.938318967819214,3.147269344621455,-4.326170564072703,-0.419908137117965,0.176207882425433,0.769982243376249,-0.326290841882488,0.519242153103964,1.315857122197757,-1.258344563781646,-0.205531634463945,1.333872053325510,-1.239242070677397,-0.220552480536682,-0.018014931127753,-0.019102493104249,0.015020846072737,0.066693539062300,-0.061962044442203,-0.011027613510072,0.003827776425995
1403637211.988318920135498,3.214143823142471,-4.390089461062437,-0.429054837060626,0.179283758630723,0.769720195325456,-0.324355355743058,0.519790109563635,1.317622344416836,-1.303134558529866,-0.144896108042464,1.337490845950971,-1.278379158952054,-0.182934173312834,-0.019868501534134,-0.024755399577812,0.038038065270369,0.066874478521015,-0.063918896989734,-0.009146699942661,0.007369141564026
1403637212.038319110870361,3.281748692094613,-4.455323830518115,-0.435963445567011,0.185167047763474,0.768283698241649,-0.320995836001069,0.521933900708385,1.299438142355478,-1.319744762399740,-0.100581494519910,1.352092221220350,-1.304682412145127,-0.138171643044721,-0.052654078864872,-0.015062350254613,0.037590148524811,0.067604868952142,-0.065234369455678,-0.006908608506385,0.014499525297637
1403637212.088319063186646,3.347650592169034,-4.522142239954721,-0.441030614206352,0.190905982409398,0.764785713715670,-0.317549768759048,0.527086200101835,1.307956597630943,-1.337077131972374,-0.059262900784971,1.318039258468617,-1.336369463193354,-0.101343469435481,-0.010082660837675,-0.000707668779020,0.042080568650510,0.065901900074421,-0.066818409436606,-0.005067168639341,0.018285887171254
1403637212.138319015502930,3.413647844957401,-4.588166423538814,-0.443907901248231,0.195639648736324,0.760677564774906,-0.314455862187171,0.533115635698831,1.287736350625986,-1.341809920146644,-0.021657455750848,1.319946314566221,-1.320484930994431,-0.057545795717512,-0.032209963940236,-0.021324989152213,0.035888339966664,0.065997252788366,-0.066024183584093,-0.002877287041878,0.018462008686898
1403637212.188318967819214,3.477598038524282,-4.654144280019728,-0.444415643950309,0.200500220284226,0.757131117564313,-0.311823458871912,0.537883131338907,1.255455829963716,-1.322565787342656,-0.007344264271976,1.279005091091942,-1.319558388047222,-0.010154863725992,-0.023549261128226,-0.003007399295434,0.002810599454016,0.063950193566882,-0.065977856480914,-0.000507742702078,0.016231003290940
1403637212.238318920135498,3.539736143525412,-4.719608737886110,-0.444559722264377,0.203384311622880,0.754132437930004,-0.310351153448185,0.541849840270178,1.240577924555847,-1.308433712711460,0.010325425850045,1.242763285214018,-1.309290405964284,-0.002881569029446,-0.002185360658171,0.000856693252824,0.013206994879491,0.062138105001130,-0.065464457866383,-0.000144078314068,0.011868045960840
1403637212.288319110870361,3.602146279561771,-4.784770208745672,-0.443619128315403,0.205799117233924,0.752613578979246,-0.309030815609553,0.543800955392213,1.225541065176657,-1.310437038605939,0.049278212785524,1.248197959229845,-1.303224445784506,0.018811807218134,-0.022656894053189,-0.007212592821432,0.030466405567390,0.062410136036359,-0.065161470859562,0.000940593948974,0.007399561201276
1403637212.338319063186646,3.664759336060558,-4.849061863457277,-0.441199781685164,0.207435820051625,0.750775368622620,-0.308525395354082,0.546002570370036,1.211467088982207,-1.289755693075002,0.070819081795886,1.252262324226143,-1.285834320499263,0.048386978750195,-0.040795235243936,-0.003921372575739,0.022432103045691,0.062613056498786,-0.064291654711605,0.002419346630239,0.006681431569077
1403637212.388319015502930,3.725038818267367,-4.912467577671059,-0.437095026598147,0.208683036544105,0.749755632392683,-0.308574484546326,0.546900054343706,1.173502783824456,-1.274495755437774,0.111529524642137,1.205590793877167,-1.268115493644813,0.082095180032412,-0.032088010052711,-0.006380261792961,0.029434344609725,0.060279482206810,-0.063405714213782,0.004104755087017,0.003689606566933
1403637212.438318967819214,3.783129875430752,-4.974526149486326,-0.430871847229801,0.210223724086592,0.749199736729581,-0.308489068053412,0.547119945904944,1.138952000795486,-1.242128463790947,0.125935547567294,1.161822251267737,-1.241172619979801,0.124463706064757,-0.022870250472251,-0.000955843811146,0.001471841502537,0.058091057163385,-0.062058571815268,0.006223179368346,0.003309614474697
1403637212.488318920135498,3.841104914374086,-5.035543930714878,-0.423715606434179,0.210188997840995,0.750447624517867,-0.309264269007978,0.544981247344392,1.126114944610589,-1.220017247753548,0.149568815785523,1.159501884653843,-1.220356788393961,0.143124952407030,-0.033386940043254,0.000339540640413,0.006443863378493,0.057975038943334,-0.061017781228552,0.007156240795622,0.005189759792141
1403637212.538319110870361,3.897638542851333,-5.095610923400966,-0.415898644527196,0.209909900550375,0.752530668451760,-0.310462208201395,0.541524370614280,1.098677562590519,-1.196379351175297,0.156430571751696,1.130668256387836,-1.201335270991386,0.156338641755073,-0.031990693797317,0.004955919816089,0.000091929996623,0.056533628477247,-0.060066992686088,0.007816961906983,0.008438494836262
1403637212.588319063186646,3.952904091534135,-5.155145553872488,-0.407435544254078,0.208688601524923,0.754688389202588,-0.312318640682787,0.537914091169242,1.090046080965785,-1.187215075670692,0.181434267873395,1.105312027763728,-1.190693744964471,0.169262166883345,-0.015265946797942,0.003478669293780,0.012172100990049,0.055265548682802,-0.059534630471521,0.008463100273118,0.009513744172578
1403637212.638319015502930,4.007361981075234,-5.214235742246281,-0.398225936468011,0.208038460810644,0.757528075012584,-0.313829995660747,0.533274739899466,1.077460578891758,-1.176244121750696,0.174491410176860,1.089158829524786,-1.181804894532841,0.184192331380827,-0.011698250633028,0.005560772782146,-0.009700921203967,0.054457889541099,-0.059090188373793,0.009209607786067,0.011365625267814
1403637212.688318967819214,4.063780386501993,-5.274038743946840,-0.390383042450324,0.206754710404412,0.759931705956729,-0.314992026721916,0.529656789920514,1.083202844941003,-1.177737425614802,0.212021923757735,1.128369184631885,-1.196061174664009,0.156858029945205,-0.045166339690882,0.018323749049207,0.055163893812530,0.056418405426759,-0.059803001700559,0.007842894017687,0.009352085307510
1403637212.738318920135498,4.118377963581137,-5.332884599324808,-0.379577347712029,0.207461703766159,0.761971562183959,-0.314981470544302,0.526446249019905,1.083662060052866,-1.185858423955722,0.217662282240377,1.091952582950027,-1.176918229956054,0.216114100868368,-0.008290522897161,-0.008940193999668,0.001548181372009,0.054597577079145,-0.058845855377968,0.010805694738295,0.007737843632540
1403637212.788319110870361,4.172420811642267,-5.391027488967587,-0.367219571806163,0.208433724248440,0.762966070749640,-0.314463660504427,0.524929294003428,1.090036827822043,-1.179928426247713,0.237227774165869,1.080852838096228,-1.162853356922044,0.247154575297448,0.009183989725815,-0.017075069325669,-0.009926801131578,0.054042848061130,-0.058142889642778,0.012357775905867,0.004244126555270
1403637212.838319063186646,4.226403055696666,-5.449520857335500,-0.355730157981093,0.208896433075837,0.764832181182397,-0.314246620341787,0.522152349874761,1.082351493569652,-1.179546349417588,0.237211574061726,1.079645910718563,-1.169868483031794,0.229788495644782,0.002705582851090,-0.009677866385794,0.007423078416944,0.053982244054399,-0.058493368367913,0.011489413825070,0.006769048283607
1403637212.888319015502930,4.280042695907019,-5.508278561190167,-0.342820227598525,0.210318187967191,0.765544498308491,-0.313167150419092,0.521185395822047,1.092826388746714,-1.179623588153523,0.258111919595098,1.072793827302974,-1.175155197808669,0.258198853888986,0.020032561443740,-0.004468390344854,-0.000086934293888,0.053639640210353,-0.058757703854667,0.012909930382569,0.004303040738332
1403637212.938318967819214,4.333508070439374,-5.567029543154944,-0.328815780419130,0.212201013455062,0.766332822490709,-0.311492201085622,0.520266608312413,1.092711524488299,-1.178307609752799,0.271449388972555,1.069308510419154,-1.175020759882658,0.280089210701780,0.023403014069145,-0.003286849870141,-0.008639821729226,0.053465374532355,-0.058750981964777,0.014004447179395,0.005591464095332
1403637212.988318920135498,4.387313371101094,-5.625763187162596,-0.314424476093197,0.213439884530813,0.767104388944953,-0.309718266099854,0.519681506114047,1.103041374031806,-1.174490296720726,0.279200044925996,1.076107039490047,-1.174674000409460,0.287826361011265,0.026934334541760,0.000183703688734,-0.008626316085269,0.053805300661720,-0.058733644007652,0.014391304325933,0.004741016297298
1403637213.038319110870361,4.442596762652610,-5.684528699836343,-0.300155249198094,0.212938985413551,0.767533312841780,-0.309264560334563,0.519523853052234,1.117811923163320,-1.167141743214424,0.283799486196193,1.105663613258373,-1.175305770039237,0.285383449250593,0.012148309904948,0.008164026824813,-0.001583963054400,0.055283391551517,-0.058765512673747,0.014269226895103,0.001631660603211
1403637213.088319063186646,4.497834851470724,-5.743035776366596,-0.286435658117026,0.211050024199679,0.767321050307080,-0.309513706558201,0.520458988291641,1.119929422578736,-1.156065897847892,0.253510506312917,1.104762829946214,-1.170142646540046,0.274392083302039,0.015166592632522,0.014076748692155,-0.020881576989122,0.055238088818114,-0.058507076530253,0.013719591081068,0.004266044225253
1403637213.138319015502930,4.552761306342330,-5.801029501474952,-0.274279375922779,0.208662459793884,0.767747552300531,-0.310030907179902,0.520484880090207,1.127154912360832,-1.156533344641360,0.224010441440306,1.098530145072091,-1.159875608310702,0.243125875747854,0.028624767288741,0.003342263669342,-0.019115434307548,0.054926454871605,-0.057993725108356,0.012156282194248,0.004960055549258
1403637213.188318967819214,4.606794044632516,-5.859297166154094,-0.263982759900564,0.206399351702608,0.767649535517840,-0.310506783254262,0.521247576290844,1.123237877406669,-1.153421982065295,0.182415586060457,1.080655796397410,-1.165354404951402,0.205932516836840,0.042582081009259,0.011932422886106,-0.023516930776383,0.054032738290187,-0.058267664679142,0.010296616022214,0.004874189981929
1403637213.238318920135498,4.662479396413825,-5.917649066423616,-0.255716772232179,0.205318302709175,0.767384446369506,-0.310421049537188,0.522115196146427,1.124411928435963,-1.157281616562341,0.154764362184040,1.113708097740979,-1.167039118365675,0.165319911029060,0.010703830694984,0.009757501803334,-0.010555548845020,0.055685351781309,-0.058351900269522,0.008265987668385,0.002827758122343
1403637213.288319110870361,4.718766846101977,-5.976424172736671,-0.249072017372939,0.204099002793288,0.767465346189099,-0.310539661092997,0.522403731175303,1.130935186606017,-1.154612605516621,0.131527595799862,1.125744699387827,-1.175497642093460,0.132894590232181,0.005190487218190,0.020885036576839,-0.001366994432319,0.056287449688153,-0.058775106313055,0.006644754859241,0.002522346875743
1403637213.338319063186646,4.775185066024578,-6.034792733202110,-0.243368228125507,0.204303350250522,0.766728037940940,-0.310154272506004,0.523634017380384,1.126132181071731,-1.159290319724820,0.117340702649295,1.128365474545190,-1.167372322601785,0.114075893739873,-0.002233293473459,0.008082002876965,0.003264808909422,0.056418219922601,-0.058368560465439,0.005703789247431,0.002998339718249
1403637213.388319015502930,4.831500507797221,-6.093266061264023,-0.238678679011708,0.205114110064911,0.766119283850225,-0.309345503477235,0.524685433610953,1.127433569196815,-1.146259311355195,0.086005749971048,1.126309909585694,-1.169467676529546,0.093791071722134,0.001123659611121,0.023208365174351,-0.007785321751086,0.056315441772643,-0.058473328061913,0.004689549113800,0.003339159833555
1403637213.438318967819214,4.888114188350702,-6.152155035249011,-0.235609857242880,0.205807198238571,0.764856703215422,-0.308667013507637,0.526651968069903,1.123365516685820,-1.150724400595891,0.065453614737096,1.132274690890906,-1.177780602918877,0.061376493909726,-0.008909174205086,0.027056202322985,0.004077120827370,0.056613680553481,-0.058888973984988,0.003068821768827,0.005060470692791
1403637213.488318920135498,4.945702655099258,-6.211060206595230,-0.233718639455813,0.207132172695542,0.763929232283062,-0.307951217172247,0.527896238800740,1.117361239472291,-1.137800763670809,0.039235687760505,1.151770433385005,-1.178104550452418,0.037824391813506,-0.034409193912714,0.040303786781609,0.001411295946999,0.057588466748556,-0.058905171346218,0.001891217787068,0.004324967287410
1403637213.538319110870361,5.002466463194769,-6.269868665085490,-0.233239388206620,0.208597658669960,0.763288591389563,-0.306692846169940,0.528977354108972,1.114283850255472,-1.140775369052917,0.022358356791475,1.135271831191862,-1.176164683092999,0.009584988420027,-0.020987980936390,0.035389314040081,0.012773368371448,0.056763808095511,-0.058808458490260,0.000479251249193,0.004608852410147
1403637213.588319063186646,5.058646106812607,-6.328126779968306,-0.233117793576699,0.215043217195052,0.763598800329149,-0.302186019442503,0.528542237222137,1.110854307700088,-1.123939413155904,-0.007005676492691,1.123593943899453,-1.165163408842748,0.002431894917655,-0.012739636199365,0.041223995686843,-0.009437571410346,0.056179643617838,-0.058258114882817,0.000121594629921,0.015766114289909
1403637213.638319015502930,5.115204844887217,-6.385970496588208,-0.234786938304215,0.219800746868461,0.764480396610087,-0.298725218161300,0.527276586726013,1.110615670914327,-1.108969167134314,-0.049094425808972,1.131175840265550,-1.156875435680434,-0.033382926386767,-0.020560169351224,0.047906268546120,-0.015711499422206,0.056558738074610,-0.057843716619902,-0.001669144727516,0.012163951875251
1403637213.688318967819214,5.171426394731597,-6.442088830225284,-0.237820900507634,0.224329546038408,0.766500516022036,-0.295146051962406,0.524444488695572,1.105926001860661,-1.083319337222111,-0.077037809931670,1.124432069229578,-1.122367743114807,-0.060679301936673,-0.018506067368917,0.039048405892697,-0.016358507994997,0.056221549844380,-0.056118333637076,-0.003033962203419,0.013479211583044
1403637213.738318920135498,5.227456475193273,-6.496842217023673,-0.242601741037556,0.227729821021216,0.767583445257914,-0.292585175645564,0.522827598904353,1.115089339415537,-1.057029629856272,-0.105480207301541,1.120602677923517,-1.095068780306744,-0.095616901785809,-0.005513338507981,0.038039150450472,-0.009863305515732,0.056030080461676,-0.054753386798389,-0.004780840529921,0.009360996910350
1403637213.788319110870361,5.284376349824472,-6.550030417365878,-0.248569864296417,0.229277113168009,0.769560756372226,-0.291141911283325,0.520042916616931,1.124164312556389,-1.023135195003716,-0.135630153860999,1.138393149998729,-1.063759948921942,-0.119362009847300,-0.014228837442340,0.040624753918225,-0.016268144013699,0.056919874631198,-0.053188200342206,-0.005968123258862,0.008035262634918
1403637213.838319063186646,5.343483816161062,-6.603225611270656,-0.255146105435956,0.230223733631198,0.770626379091084,-0.289609368868544,0.518901175355616,1.142250806214449,-1.006612523903763,-0.161682584437094,1.182150454118340,-1.063904892714316,-0.131524948222734,-0.039899647903891,0.057292368810553,-0.030157636214360,0.059107466336591,-0.053195193904777,-0.006576241139538,0.004768187971578
1403637213.888319015502930,5.402542703540214,-6.654779862426970,-0.263084699082736,0.231243694654375,0.771365106729521,-0.288390847916386,0.518027938089073,1.161744854856390,-0.983973181637079,-0.179058632049666,1.181178874042991,-1.031086006446537,-0.158772024352415,-0.019434019186601,0.047112824809458,-0.020286607697250,0.059058887379152,-0.051554251156315,-0.007938593646781,0.003915802278817
1403637213.938318967819214,5.462405641272620,-6.705405955004083,-0.272311343858459,0.231171873065003,0.772278674467574,-0.288040011963971,0.516892798918713,1.184133158208376,-0.957736942471057,-0.176849771120548,1.197259896444138,-1.012522817159255,-0.184533071498905,-0.013126738235763,0.054785874688199,0.007683300378357,0.059862937732406,-0.050626092577112,-0.009226644775723,0.003000927574462
1403637213.988318920135498,5.524444025355680,-6.755068216149546,-0.279946309018304,0.232376330119138,0.771144084432978,-0.286388805452794,0.518960012289681,1.230394905958512,-0.939213745917458,-0.127038724911776,1.240768864950596,-0.993246170142625,-0.152699448822432,-0.010373958992083,0.054032424225166,0.025660723910656,0.062038384083060,-0.049662261145463,-0.007634965159844,0.006241113140384
1403637214.038319110870361,5.588260392850112,-6.803455981999277,-0.286234632775471,0.231325203610237,0.769637661298321,-0.284508974733801,0.522686487085572,1.255406298017146,-0.895828710570993,-0.105037790035978,1.276322481104750,-0.967751625315144,-0.125765995384141,-0.020916183087604,0.071922914744151,0.020728205348163,0.063816367494431,-0.048387765849731,-0.006288323757167,0.009120217446787
1403637214.088319063186646,5.653066235738272,-6.850474812262070,-0.291111236996063,0.227903694909187,0.767794189519642,-0.282469980970985,0.527979827490472,1.286782243733823,-0.875370770181189,-0.082382530651214,1.296118093837754,-0.940377502069735,-0.097532177425774,-0.009335850103931,0.065006731888546,0.015149646774559,0.064805842888161,-0.047018830262793,-0.004876604220592,0.013752417168931
1403637214.138319015502930,5.719569309448228,-6.895705730621990,-0.293874684657255,0.221518129839305,0.766327826543415,-0.281551407956816,0.533291838579288,1.287651910121052,-0.833081720296133,-0.034520525949608,1.330062742645786,-0.904619229910521,-0.055269005932487,-0.042410832524734,0.071537509614388,0.020748479982880,0.066503073709955,-0.045230918359920,-0.002763447661193,0.016969069706534
1403637214.188318967819214,5.787678890868694,-6.940351705688167,-0.294300705118058,0.215573349598615,0.765370832823779,-0.278640557857700,0.538604733289838,1.308132429968189,-0.819589569874476,0.011297854330388,1.362192927497733,-0.892920352878751,-0.008520417341745,-0.054060497529544,0.073330783004275,0.019818271672133,0.068109581420466,-0.044645975066177,-0.000426020460802,0.017082926113351
1403637214.238318920135498,5.854361772606032,-6.982645554137124,-0.292664512073941,0.210741314740822,0.765282464031764,-0.273903762181639,0.543053936151398,1.306293185341694,-0.799859406467888,0.047596064625049,1.333658906622996,-0.845877775671054,0.032723892090266,-0.027365721281302,0.046018369203166,0.014872172534783,0.066682881737337,-0.042293848448957,0.001636193044117,0.016197452612868
1403637214.288319110870361,5.921202887341361,-7.023784815410644,-0.289457101819013,0.207012552471297,0.765582528745502,-0.266883889655505,0.547541947471890,1.310218763450887,-0.774530748363881,0.093205347037212,1.336817195153698,-0.822782086805814,0.064147960393508,-0.026598431702810,0.048251338441933,0.029057386643704,0.066841114735330,-0.041139261273520,0.003207410254928,0.018266378144478
1403637214.338319063186646,5.986298201557980,-7.062376512526172,-0.284513908720671,0.202761047325300,0.766035041452189,-0.258400275620967,0.552546441952075,1.289008332452490,-0.729277972203993,0.112342027709180,1.301907525928138,-0.771834678389474,0.098863956250850,-0.012899193475648,0.042556706185481,0.013478071458331,0.065095314216618,-0.038591697115528,0.004943193098342,0.021475366692097
1403637214.388319015502930,6.052672807460631,-7.100219119467991,-0.278470023872706,0.200504719614043,0.767092286032710,-0.246802500299864,0.557185613568173,1.282326187376956,-0.695643762934037,0.145570875178370,1.327493384049372,-0.756852860627514,0.120877812237376,-0.045167196672416,0.061209097693477,0.024693062940995,0.066374605902651,-0.037842606941819,0.006043884847966,0.025474793819243
1403637214.438318967819214,6.118772928743635,-7.135940684938651,-0.271688993607494,0.198864364196160,0.769576067604315,-0.233137503921934,0.560225441307859,1.264090468690995,-0.638682116230484,0.169813389079501,1.322003686421036,-0.714431990748644,0.135620734642252,-0.057913217730040,0.075749874518161,0.034192654437249,0.066100121283004,-0.035721565470660,0.006781030265212,0.028624193400001
1403637214.488318920135498,6.182899993381490,-7.168446768783636,-0.263681651756776,0.196575478091253,0.772414931354992,-0.218629986562926,0.562969079265063,1.241551715260652,-0.596081828407522,0.185146528569048,1.282542515884959,-0.650122296904635,0.160146989742424,-0.040990800624308,0.054040468497112,0.024999538826624,0.064127064637855,-0.032506083844985,0.008007341850718,0.030416983043191
1403637214.538319110870361,6.246636145108430,-7.198505782873585,-0.254179953493211,0.194706963509696,0.774994848311205,-0.203681108876901,0.565673217802118,1.229564642485950,-0.533011717902205,0.219731693573253,1.274718171874874,-0.601177988486939,0.190033240352019,-0.045153529388924,0.068166270584734,0.029698453221234,0.063736151726940,-0.030059014089948,0.009501698263565,0.031044063195022
1403637214.588319063186646,6.309842730009197,-7.226010558873110,-0.244396185509630,0.193787879506672,0.777494877241643,-0.189463718805950,0.567495791064155,1.206957382920574,-0.474326003295246,0.245952812111360,1.264132903586423,-0.550096044602979,0.195675546282363,-0.057175520665849,0.075770041307734,0.050277265828997,0.063206584900767,-0.027504775999525,0.009783767983581,0.029158503302473
1403637214.638319015502930,6.371656018083532,-7.249495355099693,-0.232139276642523,0.193816702949668,0.778850272007194,-0.175696400945562,0.570050975042422,1.202406448633498,-0.413751170999354,0.266863661745419,1.236266940482728,-0.469696372469030,0.245138411124348,-0.033860491849230,0.055945201469676,0.021725250621071,0.061813288074335,-0.023484796226583,0.012256908867107,0.028136040657921
1403637214.688318967819214,6.432726626351593,-7.269110508474052,-0.218166184251484,0.194296708784843,0.779801321106160,-0.163573005505069,0.572191017429062,1.201983790767400,-0.352623204363984,0.293773584174993,1.221413330191738,-0.392303441616886,0.279462114336619,-0.019429539424338,0.039680237252902,0.014311469838375,0.061070608268061,-0.019615153374358,0.013973092391039,0.024713829435497
1403637214.738318920135498,6.493515811794020,-7.284984496553687,-0.203014302634248,0.196109491396770,0.780733935402959,-0.152442352899536,0.573373280278007,1.193616687513350,-0.267233118245714,0.321527516365174,1.215784868311351,-0.317480064365284,0.303037921344213,-0.022168180798001,0.050246946119570,0.018489595020961,0.060789185442427,-0.015873988079635,0.015151881617237,0.022754913267665
1403637214.788319110870361,6.553198140403232,-7.296527489662213,-0.187147328590601,0.195822033840115,0.780763650986188,-0.144296376105552,0.575534888781074,1.186211924712581,-0.189558729598376,0.338756324396667,1.193642018801301,-0.230858981513404,0.317338270323499,-0.007430094088720,0.041300251915028,0.021418054073168,0.059682328609212,-0.011542993108526,0.015866974043647,0.016865755309166
1403637214.838319063186646,6.611620999675463,-7.303250762118053,-0.170315704498061,0.194005678686456,0.781285244453554,-0.139229430788633,0.576689109519880,1.180226579321979,-0.099812876592728,0.344332498203456,1.168458299773279,-0.134465577353170,0.336632802888868,0.011768279548700,0.034652700760442,0.007699695314588,0.058422859272230,-0.006723272455840,0.016831624092540,0.011059375038926
1403637214.888319015502930,6.669208117781076,-7.304887768002078,-0.154297077765033,0.191967069118570,0.781866612607623,-0.136010105310422,0.577351275842494,1.168921611464453,-0.011154975476878,0.316599011648721,1.151743460500420,-0.032740148903929,0.320372840191901,0.017178150964033,0.021585173427051,-0.003773828543179,0.057587118105613,-0.001637005884024,0.016018626733028,0.007822137347966
1403637214.938318967819214,6.725205337532559,-7.301487150950229,-0.139198944781721,0.190329389938072,0.781837647964468,-0.133697649187986,0.578471740150542,1.142367296017653,0.069933092722240,0.285897066050518,1.119945463092890,0.068012405898661,0.301962947640540,0.022421832924763,0.001920686823579,-0.016065881590022,0.055997219751483,0.003400617051849,0.015098132983312,0.006094500083785
1403637214.988318920135498,6.780010661138029,-7.293110182264708,-0.126096233582370,0.188997912101180,0.781086525295775,-0.132336031323561,0.580233404791811,1.129874601475181,0.155404435832742,0.255831264175989,1.096107517438978,0.167539533488576,0.262054473901657,0.033767084036203,-0.012135097655834,-0.006223209725669,0.054805323605470,0.008376968685521,0.013102711199352,0.005401662130969
1403637215.038319110870361,6.833685523142116,-7.281086081602417,-0.114166417931669,0.187405433516780,0.780354475196812,-0.131888140914061,0.581834697156270,1.103909480226508,0.235565680467310,0.224699400809693,1.073493145030388,0.240481095883245,0.238595402844783,0.030416335196120,-0.004915415415935,-0.013896002035090,0.053674862004088,0.012024100662291,0.011929815650701,0.004831824203328
1403637215.088319063186646,6.884308891092611,-7.263443789470319,-0.102916928580221,0.187352511641829,0.778876547586852,-0.131279617463225,0.583965771290916,1.074798931159147,0.318935714420591,0.207804522301920,1.012468324574934,0.352846179142290,0.224990001596135,0.062330606584214,-0.033910464721699,-0.017185479294215,0.050623367950495,0.017642292132098,0.011249489351447,0.005328734447150
1403637215.138319015502930,6.933385593059227,-7.242015917744948,-0.094056275536362,0.187306418708900,0.777307080580169,-0.131174422844063,0.586091527648973,1.054804832483901,0.404990769427351,0.180746821317509,0.981534975397014,0.428557843212030,0.177213229880901,0.073269857086888,-0.023567073784679,0.003533591436608,0.049076701966616,0.021427871725371,0.008860653043860,0.005289711267372
1403637215.188318967819214,6.983651615505674,-7.217730813160838,-0.085990392415684,0.186710179396256,0.775737923631381,-0.131854213928313,0.588204427915362,1.047275687368190,0.479564900308860,0.150368465102859,1.005321407678148,0.485702554884255,0.161317816258213,0.041954279690042,-0.006137654575395,-0.010949351155353,0.050266022446447,0.024285104584110,0.008065883120678,0.005565688924090
1403637215.238318920135498,7.031026014126984,-7.187251105745093,-0.079694209513166,0.183691532177765,0.774214987168045,-0.133866824050605,0.590701488121685,1.031650351930286,0.568661314241895,0.123307073842767,0.947488876022001,0.609594729669724,0.125923778140634,0.084161475908285,-0.040933415427829,-0.002616704297867,0.047374398621310,0.030479707415744,0.006296182902518,0.009320410931614
1403637215.288319110870361,7.079204431032017,-7.154658025307048,-0.074924125755109,0.179822024820853,0.773383145633747,-0.134634344186030,0.592803629210025,1.002303176578922,0.648260799849365,0.094098729732281,0.963564662393182,0.651859122115689,0.095401311234026,0.038738514185741,-0.003598322266324,-0.001302581501744,0.048178416905033,0.032593080438045,0.004770083758057,0.009093551000921
1403637215.338319063186646,7.125148890709228,-7.117957344561807,-0.071243002294370,0.173901671519065,0.771742641086588,-0.134891414803872,0.596637084653462,0.968321306797001,0.723188745440788,0.064149736245852,0.918890069866069,0.734014314915425,0.073622539426700,0.049431236930932,-0.010825569474637,-0.009472803180847,0.045944459677211,0.036700680745241,0.003681123460739,0.014491864482447
1403637215.388319015502930,7.170326214029878,-7.078324573139797,-0.068081914156695,0.167952844613925,0.769827343338257,-0.133397925199493,0.601134508231995,0.934834396189693,0.797451239907786,0.044635966812727,0.903547328102899,0.792656184376044,0.063221823046522,0.031287068086794,0.004795055531742,-0.018585856233795,0.045177323320651,0.039632771422010,0.003161088137675,0.015686242684702
1403637215.438318967819214,7.213526921144129,-7.035587694094325,-0.065242798235516,0.158714105495459,0.766771964758063,-0.131655648448721,0.607895860332495,0.886572024916463,0.872758504650271,0.049119547811362,0.864014966273890,0.854738396051506,0.056782372575469,0.022557058642572,0.018020108598766,-0.007662824764106,0.043200707114250,0.042736879045473,0.002839115921179,0.023953518648769
1403637215.488318920135498,7.253884360781133,-6.989625919882343,-0.060890720339794,0.149859260573709,0.763488782648151,-0.127715191000571,0.615073906761157,0.821727786270633,0.942734102214273,0.085668704055325,0.807149562497894,0.919236360891744,0.087041640923831,0.014578223772739,0.023497741322529,-0.001372936868506,0.040357439637004,0.045961774211982,0.004352077895723,0.024999292234118
1403637215.538319110870361,7.292262854315651,-6.942139672952475,-0.056092101651039,0.141404533077641,0.761645589536193,-0.121929769523037,0.620510987226833,0.754108842650889,0.996746545078739,0.089773817115582,0.767566942654841,0.949721315698050,0.095972007670929,-0.013458100003952,0.047025229380689,-0.006198190555347,0.038378493534518,0.047486246929868,0.004798618688754,0.023487384576926
1403637215.588319063186646,7.326245983728898,-6.891153576655396,-0.051493140118159,0.132775340408356,0.761843377749139,-0.115088886961325,0.623474077133308,0.687202775819054,1.052469890240193,0.118715640153860,0.679663236442301,1.019722898425113,0.091979318375929,0.007539539376753,0.032746991815080,0.026736321777930,0.033983129413246,0.050986096297079,0.004598961532881,0.022810617913803
1403637215.638319015502930,7.357889713779115,-6.836788931752984,-0.044981881065917,0.122945536931544,0.763506733579784,-0.107070181732320,0.624882260038442,0.619409470813367,1.121133865300410,0.140218589405160,0.632875204561178,1.087293934972558,0.130225305237355,-0.013465733747811,0.033839930327852,0.009993284167805,0.031643730050217,0.054364644902413,0.006511259052241,0.025743091425880
1403637215.688318967819214,7.382749605672204,-6.779540963273393,-0.036853973679371,0.114704416520725,0.766341838275903,-0.096563376507629,0.624690801962055,0.525519260414232,1.163258436647378,0.173618939379915,0.497198312027030,1.144960461511206,0.162558302758611,0.028320948387202,0.018297975136172,0.011060636621303,0.024859891893088,0.057247968479591,0.008127907386547,0.027304680291868
1403637215.738318920135498,7.405973204636220,-6.719794787368504,-0.028615060773864,0.104986910338064,0.772228402351759,-0.086662573556123,0.620588947374627,0.476459341285201,1.207535770062058,0.186458587277840,0.464472422235756,1.194924657666726,0.164778415255077,0.011986919049444,0.012611112395332,0.021680172022763,0.023223598964017,0.059746175904889,0.008238912905507,0.031237005741720
1403637215.788319110870361,7.424455393701425,-6.655558500761904,-0.017732262022846,0.094363989043473,0.778661031589558,-0.076849189601951,0.615529558602356,0.409931739899420,1.250829368237255,0.225899358311610,0.369642371230356,1.284720831310957,0.217655144731867,0.040289368669064,-0.033891463073702,0.008244213579743,0.018482189065205,0.064236286606600,0.010882798751018,0.033234406816607
1403637215.838319063186646,7.443308283734161,-6.590905979381892,-0.005927436770569,0.083883708350685,0.784794837548015,-0.066894631535665,0.610397980585641,0.351651210046775,1.281179011593251,0.248722942886681,0.377058160245391,1.293051660750394,0.236096730204925,-0.025406950198616,-0.011872649157143,0.012626212681756,0.018852890032735,0.064652521380012,0.011804825252277,0.033038909423284
1403637215.888319015502930,7.458455689193241,-6.524677185064321,0.008131561529249,0.073489736734890,0.789504584475140,-0.057663306233456,0.606594356058149,0.311930255247863,1.309819359204106,0.298569230842525,0.302948398095713,1.324577149566637,0.281180234150731,0.008981857152150,-0.014757790362531,0.017388996691794,0.015147405459080,0.066228794317571,0.014058998299818,0.030325282728034
1403637215.938318967819214,7.471508184638962,-6.457653092725865,0.023881593415920,0.063118067676113,0.793178437854517,-0.050348486332469,0.603613373923682,0.264635878187194,1.329367098755081,0.336656074755362,0.261050157871250,1.340483125153447,0.315000938141720,0.003585720315944,-0.011116026398366,0.021655136613642,0.013052495445721,0.067024092338456,0.015750031886671,0.027089803786791
1403637215.988318920135498,7.481029563899732,-6.389244996924304,0.041069431202832,0.053651363986011,0.796722503371530,-0.043798804908259,0.600363596874803,0.210143341487980,1.342324631929170,0.370831931967605,0.190427766821466,1.368163220813347,0.343757083570558,0.019715574666514,-0.025838588884177,0.027074848397047,0.009521379260770,0.068408095801561,0.017187837786913,0.024951174354596
1403637216.038319110870361,7.489715253430076,-6.320578346335787,0.060178225881322,0.043383455465098,0.798336364567062,-0.037855544607683,0.599452986100004,0.187097080892113,1.356045601962991,0.399438712151453,0.173713127943899,1.373327772940634,0.382174435690022,0.013383952948214,-0.017282170977644,0.017264276461431,0.008685689530345,0.068666650588517,0.019108794678490,0.024015643304888
1403637216.088319063186646,7.496110397234943,-6.251794413148437,0.079885056878944,0.034009129581716,0.800135955236578,-0.031218118452633,0.598039514850834,0.136631601028723,1.357715017070843,0.399238121388443,0.127902998075145,1.375679975697667,0.394136995830760,0.008728602953578,-0.017964958626824,0.005101125557683,0.006395143804867,0.068783933187350,0.019706830997621,0.023424039555408
1403637216.138319015502930,7.497740148328853,-6.180605665768581,0.099740276576946,0.025091722286416,0.801208944307308,-0.025206980630389,0.597326745728140,0.099828133912530,1.367058056325888,0.374821830055051,0.032595052963248,1.423776305416016,0.397104772668680,0.067233080949282,-0.056718249090128,-0.022282942613629,0.001629751093909,0.071188747379856,0.019855219698003,0.021662356570004
1403637216.188318967819214,7.499317931539185,-6.112222817087056,0.118082075550358,0.017531851789929,0.801132833151318,-0.019964876194299,0.597896497345740,0.071276967985314,1.353791361029345,0.349700568197372,0.031555694300501,1.367658277931069,0.366836329310611,0.039721273684813,-0.013866916901724,-0.017135761113239,0.001577783210332,0.068382848681525,0.018341798973411,0.018435000645973
1403637216.238318920135498,7.498953901988335,-6.044365211884026,0.134788026083733,0.010674804842437,0.801480218758420,-0.016506350696445,0.597698124363141,0.022690097105219,1.342217877454576,0.319765648772000,-0.007280597960320,1.357153398342939,0.334119329308532,0.029970695065539,-0.014935520888363,-0.014353680536531,-0.000364029550850,0.067857605203030,0.016705950533375,0.015380612670330
1403637216.288319110870361,7.496753454209910,-5.977471317972374,0.150371783919698,0.004857112028410,0.800585136448172,-0.014042678752955,0.599034766048220,-0.007384265978298,1.321886305485285,0.283674708234994,-0.044008787688302,1.337872774653418,0.311673967777461,0.036624521710005,-0.015986469168133,-0.027999259542467,-0.002200447778425,0.066893893911652,0.015583757835965,0.013038889983861
1403637216.338319063186646,7.494700935997358,-5.911201062737109,0.164130967716785,0.001325990839199,0.799488923957141,-0.011842781672725,0.600562611840265,-0.030456388825561,1.301690183665006,0.257944836379851,-0.041050403399754,1.325406368711317,0.275183938377590,0.010594014574192,-0.023716185046311,-0.017239101997739,-0.002052518212552,0.066270255235265,0.013759183797087,0.009131132418973
1403637216.388319015502930,7.488060716468288,-5.844353747606490,0.178348033936973,0.001589349235493,-0.797207417902164,0.010413746365098,-0.603613585580556,-0.073161051968499,1.294584453012600,0.228761780238153,-0.132804517233649,1.336947577624957,0.284341595573040,0.059643465265149,-0.042363124612357,-0.055579815334887,-0.006640219529070,0.066847315130619,0.014217066220188,0.010011016455328
1403637216.438318967819214,7.486101755783590,-5.777997481842648,0.183902822751758,0.002834822242501,-0.794061816552672,0.009162313615120,-0.607761340729354,-0.111359835257172,1.285172898106858,0.184332407734315,-0.039179251058208,1.327126580923355,0.111095882244994,-0.072180584198963,-0.041953682816497,0.073236525489321,-0.001958960684698,0.066356265763841,0.005554788814785,0.010993824384112
1403637216.488318920135498,7.479792660029368,-5.713685533164794,0.192998104910123,0.003178708512306,-0.791719519356205,0.007953895071457,-0.610824716294099,-0.155754915523691,1.263827412911146,0.155758485846666,-0.126182035421011,1.286240200211334,0.181905816646197,-0.029572880102680,-0.022412787300187,-0.026147330799531,-0.006309095754222,0.064311948677855,0.009095282158365,0.008111518155824
1403637216.538319110870361,7.471991402310540,-5.650317929340422,0.201272009456721,0.003633539134094,-0.788967661528557,0.007940636284727,-0.614372666018692,-0.189091706495638,1.252067640110343,0.136040671210053,-0.156024559190105,1.267347241941386,0.165477459685552,-0.033067147305533,-0.015279601831043,-0.029436788475499,-0.007801257718828,0.063367603824372,0.008273904546598,0.009026128740884
1403637216.588319063186646,7.462219975068728,-5.587883308028123,0.207925278259160,0.005940141929927,-0.787436535580111,0.009299859793529,-0.616296949331461,-0.239589592385829,1.235609515395195,0.110304340600406,-0.195428731211591,1.248693617093013,0.133065502949932,-0.044160861174238,-0.013084101697817,-0.022761162349525,-0.009771427241811,0.062434621312299,0.006653268802439,0.007270524739040
1403637216.638319015502930,7.450396946460407,-5.526208276696011,0.214152773983421,0.007817724720507,-0.785542844262005,0.011010416829178,-0.618659917668991,-0.290589101610244,1.215525574241794,0.097910275106468,-0.236460797673004,1.233501803001232,0.124550033265399,-0.054128303937240,-0.017976228759438,-0.026639758158930,-0.011823028608321,0.061675031332112,0.006227495724262,0.007904689497859
1403637216.688318967819214,7.436664789051886,-5.464729267179160,0.219781032864542,0.009964574753441,-0.782672381200446,0.013619477852172,-0.622205079358118,-0.355137097457044,1.202335561788480,0.081457868326623,-0.274643410090786,1.229581362957180,0.112565284973036,-0.080493687366259,-0.027245801168700,-0.031107416646413,-0.013732157408521,0.061479009516851,0.005628258881121,0.011353234007467
1403637216.738318920135498,7.419469679240825,-5.404294963362338,0.223074921565293,0.010537410711329,-0.779308387937345,0.015295508693918,-0.626365266342085,-0.405780658180157,1.184060064831830,0.070923148194124,-0.343902524192238,1.208687229030412,0.065877836841012,-0.061878133987919,-0.024627164198582,0.005045311353112,-0.017195109811062,0.060434303816822,0.003293888700751,0.011271363874106
1403637216.788319110870361,7.399136162373856,-5.345332464058019,0.226732247692551,0.009825256743945,-0.776243118421121,0.016514516230187,-0.630140743157790,-0.466561813792485,1.155158590550818,0.088556879016722,-0.406668786021068,1.179245487621842,0.073146243514393,-0.059893027771417,-0.024086897071024,0.015410635502330,-0.020333516866969,0.058962499304319,0.003657326127258,0.010127842778801
1403637216.838319063186646,7.375706712681991,-5.287524374953659,0.231869300283025,0.007734864072024,-0.773495306794575,0.016800129094949,-0.633532112766943,-0.533451816586462,1.131107802552247,0.108267124358945,-0.468589440719019,1.156162884690048,0.102741149791066,-0.064862375867443,-0.025055082137801,0.005525974567879,-0.023429449691865,0.057808089104360,0.005137052590474,0.009696023684984
1403637216.888319015502930,7.348661188344082,-5.230942897092324,0.238066042290065,0.005153405990954,-0.771146529853525,0.016909482403579,-0.636412241637763,-0.592420717902232,1.115320740266022,0.145890463753160,-0.540911002611117,1.131630636433772,0.123934958334403,-0.051509715291116,-0.016309896167750,0.021955505418757,-0.027045524337909,0.056581477861335,0.006196742007041,0.009052693384984
1403637216.938318967819214,7.317550208070024,-5.175397947254063,0.245786620532404,0.001994676125382,-0.769904054678947,0.016934353935106,-0.637931811021266,-0.694031955575877,1.093209602842831,0.181071678811465,-0.622220198876572,1.110900056202067,0.154411712105252,-0.071811756699305,-0.017690453359236,0.026659966706213,-0.031110980274057,0.055544949838261,0.007720578242338,0.007438022470668
1403637216.988318920135498,7.282452210005445,-5.120306257067187,0.254657663241521,0.000323977069315,-0.770722921487145,0.017979003340041,-0.636916657634323,-0.762794356517517,1.083464886684677,0.197441681550389,-0.701960630733403,1.101834854529115,0.177421023384227,-0.060833725784114,-0.018369967844437,0.020020658166162,-0.035097998064579,0.055091690186876,0.008871042709118,0.004725932526608
1403637217.038319110870361,7.243494802578493,-5.065631969276613,0.261166176674251,0.001960616516745,-0.773575692537621,0.020806870119701,-0.633359201443885,-0.848693373676921,1.070516350308989,0.192137273316321,-0.779145176336077,1.093481584510286,0.130169772096311,-0.069548197340844,-0.022965234201297,0.061967501220010,-0.038957407426953,0.054674287790575,0.006508513432729,0.011219500691907
1403637217.088319063186646,7.200502935541327,-5.012067591857648,0.269319384508653,0.006955843934922,-0.777233797475406,0.025786636897183,-0.628644804046487,-0.913110201611859,1.053256277241940,0.183299178968988,-0.859838160748878,1.071288570039680,0.163064312198292,-0.053272040862981,-0.018032292797740,0.020234866770696,-0.042991867037165,0.053564377418964,0.008153207834402,0.018477906357707
1403637217.138319015502930,7.154772966106394,-4.958838467259334,0.277298158328403,0.011549146059717,-0.780218938527515,0.030619827196882,-0.624649863019854,-0.968174577230382,1.027205804455338,0.166458409778081,-0.914600260929437,1.064583507232226,0.159575628578182,-0.053574316300946,-0.037377702776888,0.006882781199900,-0.045729969434933,0.053229124598314,0.007978773819750,0.016652828508536
1403637217.188318967819214,7.106235984232801,-4.907432609557731,0.282494708158218,0.017216822914379,-0.781843831031407,0.036239163634983,-0.622182069739963,-1.016802347781258,0.997298747360527,0.127806320083909,-0.970740563242212,1.028118134521919,0.103931095712724,-0.046061784539046,-0.030819387161392,0.023875224371184,-0.048536981873593,0.051405857701603,0.005196549829815,0.017021189080878
1403637217.238318920135498,7.055485693726622,-4.858296976592806,0.286732131933727,0.022412396723435,-0.782500076802276,0.041595834756300,-0.620855136733578,-1.063911487080664,0.957677558220907,0.089248861853621,-1.015006778109474,0.982713596487228,0.084748556332692,-0.048904708971189,-0.025036038266320,0.004500305520929,-0.050750290506179,0.049135632964926,0.004237423775509,0.015215728913536
1403637217.288319110870361,7.002222304210354,-4.811584873771526,0.288525557691527,0.025221840725034,-0.783448996494551,0.045380972055943,-0.619283534431022,-1.105937965660434,0.910642853503598,0.044617440013517,-1.065263726666725,0.934238492588573,0.035868378328996,-0.040674238993708,-0.023595639084975,0.008749061684520,-0.053263389516268,0.046712102821280,0.001793425757800,0.010117445710989
1403637217.338319063186646,6.947901435035652,-4.766794918715835,0.288031000154662,0.027787617932573,-0.784407118987996,0.048953507217243,-0.617686711935522,-1.140216119920660,0.867491442718192,-0.001883804837702,-1.086418419583395,0.895799955415233,-0.009891160170244,-0.053797700337264,-0.028308512697042,0.008007355332542,-0.054320869174703,0.044789955055691,-0.000494557536865,0.009552822478264
1403637217.388319015502930,6.890934853530991,-4.725414558501563,0.282108266323464,0.029771334826066,-0.784578884464521,0.052121833364786,-0.617116647127409,-1.183010397022918,0.815224027088131,-0.046823139465882,-1.139332716645560,0.827607993553926,-0.118454789591255,-0.043677680377358,-0.012383966465795,0.071631650125373,-0.056966581504660,0.041380360214272,-0.005922733831198,0.007570447189517
1403637217.438318967819214,6.832251809731447,-4.686159836057540,0.278203765146335,0.031024263160538,-0.784935696783288,0.054890326856295,-0.616360689067927,-1.221791342468453,0.765449010753735,-0.082254210924376,-1.173661995282195,0.785095197605594,-0.078090098015091,-0.048129347186258,-0.019646186851859,-0.004164112909285,-0.058683043799545,0.039254722444023,-0.003904501177128,0.006303390029024
1403637217.488318920135498,6.771644811167665,-4.649702632626646,0.272617231372299,0.031734767578266,-0.785171966150819,0.056224364420446,-0.615903165232268,-1.262731088232163,0.710764433962772,-0.111638364933604,-1.212141127263497,0.729144763984512,-0.111730782035514,-0.050589960968665,-0.018380330021740,0.000092417101910,-0.060606998563782,0.036457203430894,-0.005586533774037,0.003193508770031
1403637217.538319110870361,6.708587255080416,-4.615825388352907,0.266708088961556,0.031260959026932,-0.784327378743619,0.054764947493252,-0.617133790939973,-1.293630689464880,0.660977171817051,-0.123483100540384,-1.261146310853593,0.677542300856008,-0.118182397384784,-0.032484378611287,-0.016565129038957,-0.005300703155601,-0.063057556087249,0.033877244273739,-0.005909142410743,0.004281196833247
1403637217.588319063186646,6.643799694643879,-4.584379050489952,0.260253276339225,0.030371300650761,-0.783171434822475,0.050591822822521,-0.618999640741722,-1.332318195689682,0.610085603333649,-0.141011681509409,-1.295752444456569,0.628927357050972,-0.129096375562522,-0.036565751233113,-0.018841753717323,-0.011915305946887,-0.064787560436537,0.031446337862955,-0.006454812622331,0.009596688502058
1403637217.638319015502930,6.576475504921186,-4.556369988140969,0.252904709650530,0.027534317023293,-0.781931408842809,0.043040892567378,-0.621266943284579,-1.383396857176318,0.564588439362705,-0.148591330160306,-1.346485078562093,0.560181781210634,-0.146971473936824,-0.036911778614224,0.004406658152071,-0.001619856223482,-0.067324189722693,0.028009062348983,-0.007348566688695,0.016940339784236
1403637217.688318967819214,6.507139578524896,-4.530034089457684,0.245669468579086,0.021933404444788,-0.779529266846851,0.030862294788622,-0.625220414461214,-1.408481252973043,0.530221710086409,-0.134412107768546,-1.386719850404906,0.526718475983576,-0.144704959430276,-0.021761402568137,0.003503234102833,0.010292851661731,-0.069335926396290,0.026335898683285,-0.007235241071444,0.028361386136344
1403637217.738318920135498,6.436491744346550,-4.504872118233966,0.239305943040444,0.016426461872226,-0.777681033422915,0.015847715709246,-0.628244563455527,-1.455225569136423,0.503706263846454,-0.104577902648194,-1.412958031068706,0.503239904401334,-0.127270632147565,-0.042267538067717,0.000466359445120,0.022692729499371,-0.070647834178346,0.025161971223718,-0.006363525538642,0.032761651084793
1403637217.788319110870361,6.362322890211289,-4.479793228164801,0.234456717282136,0.013147111129645,-0.775552617595290,-0.000175802516170,-0.631145989374498,-1.523370337894930,0.505903327778870,-0.100837396637431,-1.483371424092295,0.501575888023144,-0.096984145201020,-0.039998913802634,0.004327439755726,-0.003853251436412,-0.074168854135261,0.025078890069166,-0.004849225758309,0.033494014914518
1403637217.838319063186646,6.285387257819813,-4.455557127366461,0.230000695884419,0.015246520824493,-0.776327300624762,-0.014853703016572,-0.629970502019034,-1.570545409054593,0.503615162969705,-0.076564770567101,-1.538714115261666,0.484722478234170,-0.089120512946272,-0.031831293792926,0.018892684735534,0.012555742379171,-0.076935632391477,0.024236100798340,-0.004456021397716,0.029788205003054
1403637217.888319015502930,6.205576690142137,-4.431765894450622,0.227484349497684,0.017541087170298,-0.776189298290338,-0.029709164992087,-0.629555278745171,-1.630631326101595,0.500269250092957,-0.053003924417564,-1.596212875820737,0.475825112098963,-0.050326975730244,-0.034418450280858,0.024444137993994,-0.002676948687320,-0.079810567677676,0.023791232915839,-0.002516346386735,0.030076269849553
1403637217.938318967819214,6.122637904314222,-4.408481968213504,0.226529004501001,0.022182845666581,-0.777342251875404,-0.040883019863839,-0.627355978288421,-1.690420762063634,0.503451418267885,-0.014312493436411,-1.658777298491609,0.465678968848438,-0.019106918155448,-0.031643463572025,0.037772449419447,0.004794424719037,-0.082938785827915,0.023283926237118,-0.000955344996684,0.024703774518813
1403637217.988318920135498,6.036539801284147,-4.384696999142204,0.227714513223714,0.027462201288707,-0.778688889591376,-0.050838331180034,-0.624743871366625,-1.751040518679568,0.499717520645073,0.015109271866460,-1.721963702794056,0.475699835088709,0.023710197066062,-0.029076815885512,0.024017685556364,-0.008600925199603,-0.086098103030075,0.023784969071300,0.001185508722713,0.023291018661605
1403637218.038319110870361,5.948243480784649,-4.360822743695923,0.229362353911506,0.033344711657293,-0.779826239731465,-0.058466572800316,-0.622367115050082,-1.801702399724654,0.489387699433705,0.039827587275144,-1.765919673541005,0.477483287471433,0.032956688036067,-0.035782726183649,0.011904411962272,0.006870899239076,-0.088296320499498,0.023874255446281,0.001647840687793,0.019973719067052
1403637218.088319063186646,5.857965901471496,-4.336910629870216,0.231756384316516,0.039427878940565,-0.782312175686094,-0.064257111950287,-0.618307468578010,-1.840823535454586,0.489999253320879,0.043834964569661,-1.805553308172885,0.478242732601956,0.047880653762751,-0.035270227281701,0.011756520718923,-0.004045689193091,-0.090277579313153,0.023912113825707,0.002394030405010,0.019307677093887
1403637218.138319015502930,5.765309967467615,-4.313435349906670,0.234415964490218,0.043720968477068,-0.783367336948119,-0.069650267546526,-0.616094905472312,-1.879774494092055,0.479131121219796,0.022452714987455,-1.853120447350997,0.469506047026779,0.053191654201552,-0.026654046741058,0.009625074193016,-0.030738939214097,-0.092655934003881,0.023475279963546,0.002659580173702,0.014632263610160
1403637218.188318967819214,5.670542851162401,-4.289942428875256,0.235688106378868,0.047288723336306,-0.784592648277565,-0.073948031072478,-0.613766927762097,-1.912174708441073,0.470582081223923,-0.007097086727772,-1.895344133645291,0.469858868720613,0.025442862037206,-0.016830574795782,0.000723212503310,-0.032539948764977,-0.094767116305214,0.023492921031414,0.001272141888650,0.012348382117826
1403637218.238318920135498,5.574457352033023,-4.266395380739882,0.235267770267884,0.049563900854903,-0.785588131154074,-0.077598900296012,-0.611860375081394,-1.938510664755785,0.472662595697928,-0.039006243339243,-1.921711815274767,0.470941411832220,-0.008406730236970,-0.016798849481018,0.001721183865708,-0.030599513102272,-0.096085499129378,0.023547048135375,-0.000420336110984,0.009618992192051
1403637218.288319110870361,5.477003820039629,-4.242559701929684,0.233412831776333,0.051952181595925,-0.785910443641511,-0.080243308582875,-0.610906504164345,-1.968032696478908,0.467757952005912,-0.055091934889317,-1.949063204781803,0.476711757692910,-0.037098628310973,-0.018969491697105,-0.008953805686998,-0.017993306578344,-0.097453531993394,0.023835678810197,-0.001854938491550,0.007405552191795
1403637218.338319063186646,5.378492360507764,-4.219560020602810,0.229945947203361,0.051504920625237,-0.785715745192440,-0.083516352924481,-0.610756113110847,-1.993603661034966,0.459544139506863,-0.094552696292848,-1.970231069596073,0.459994065222015,-0.069337757585089,-0.023372591438892,-0.000449925715153,-0.025214938707759,-0.098511459531865,0.022999681326874,-0.003466884572973,0.006625223506438
1403637218.388319015502930,5.278009632818358,-4.195999485915427,0.224643021492223,0.053261838263434,-0.785552132296016,-0.084357361646637,-0.610700302575659,-2.027057932167204,0.461911678359678,-0.118468745333729,-2.009656470345881,0.471211143129626,-0.106058615368132,-0.017401461821323,-0.009299464769948,-0.012410129965597,-0.100482727689406,0.023560534687383,-0.005302925711138,0.003910979658465
1403637218.438318967819214,5.175459383689965,-4.172995898091536,0.218182654384819,0.054374513957562,-0.785491188412218,-0.084874875847649,-0.610608926079931,-2.066757462118141,0.450746265422966,-0.129807119765718,-2.051006938560490,0.460072195236856,-0.129207465369924,-0.015750523557652,-0.009325929813891,-0.000599654395795,-0.102550249128393,0.023003587823891,-0.006460367107404,0.002464087791831
1403637218.488318920135498,5.071156146087471,-4.150143027098964,0.211862676777788,0.054174274321424,-0.784783371973561,-0.085680329832034,-0.611423820402369,-2.104481241213221,0.452276227333214,-0.130023555314198,-2.086066741478152,0.457057855735772,-0.126399672684751,-0.018414499735069,-0.004781628402558,-0.003623882629446,-0.104303237602494,0.022852870992572,-0.006319977607031,0.002723166676198
1403637218.538319110870361,4.964831516858477,-4.127773519157676,0.205931145957778,0.054005807742802,-0.784952072633257,-0.086205098895693,-0.611148343140342,-2.138027150173298,0.452022822483111,-0.122420148763453,-2.126484472685379,0.447388452174246,-0.118630163862031,-0.011542677487919,0.004634370308865,-0.003789984901422,-0.106324629228994,0.022369507941288,-0.005931530820010,0.001277671642477
1403637218.588319063186646,4.857291030913226,-4.104369475620801,0.202106162044117,0.053272543916093,-0.784937864653564,-0.086223361966568,-0.611228366937427,-2.142052845715606,0.450977620468837,-0.094335255251079,-2.150811770078971,0.468081317134643,-0.076499751229060,0.008758924363365,-0.017103696665806,-0.017835504022020,-0.107540485945251,0.023404043536876,-0.003824983913661,0.001475960810372
1403637218.638319015502930,4.749414241953666,-4.081101710286147,0.198727493193288,0.052969740317152,-0.786827729310405,-0.085513208908024,-0.608920209962864,-2.158658196647421,0.456549955622693,-0.056064723587205,-2.157537836779621,0.465355750490908,-0.067573441459641,-0.001120359867800,-0.008805794868214,0.011508717872436,-0.107876788959560,0.023267765334654,-0.003378668850829,0.006162853864656
1403637218.688318967819214,4.640376682775837,-4.057845672314436,0.196854206635343,0.050852848697090,-0.788376275201527,-0.085888061696118,-0.607042072130788,-2.197457104331702,0.458210529064811,-0.036979430083874,-2.180753263284962,0.465121203008349,-0.037465766889043,-0.016703841046741,-0.006910673943538,0.000486336805170,-0.109037559177829,0.023256037971710,-0.001873286557945,0.006495275238855
1403637218.738318920135498,4.529316177555154,-4.035158153820371,0.195549664886076,0.051824150657319,-0.791082504177978,-0.084119552513825,-0.603677587688180,-2.238526651297806,0.454550824244511,-0.036316204740660,-2.221212222726695,0.453750802611803,-0.026090859867515,-0.017314428571111,0.000800021632709,-0.010225344873144,-0.111060505220682,0.022687518494066,-0.001304541749267,0.009531951753832
1403637218.788319110870361,4.416480568482887,-4.012237802438126,0.193437200176533,0.051876983612727,-0.792180565792433,-0.082659349549946,-0.602433533000948,-2.260698288664892,0.451915197982417,-0.086450145928510,-2.256703572804389,0.458405278967538,-0.042249133023217,-0.003994715860503,-0.006490080985121,-0.044201012905293,-0.112835609072267,0.022920351382245,-0.002112464709543,0.004421944089230
1403637218.838319063186646,4.302329521519486,-3.988095446914283,0.188573129469046,0.047573324056131,-0.793534033447001,-0.084240258378896,-0.600786231090429,-2.265983995064570,0.456942912775289,-0.174316774555159,-2.283023116528545,0.482847570956181,-0.097281506924616,0.017039121463975,-0.025904658180892,-0.077035267630543,-0.114151046963402,0.024142355523843,-0.004864070707487,0.010112624001758
1403637218.888319015502930,4.188918188090918,-3.964782815600909,0.178444112352431,0.042637021694194,-0.794782393666529,-0.086179910710393,-0.599229550413446,-2.270688377340291,0.462457159844443,-0.262136757571969,-2.268228831722932,0.466253070921064,-0.202580535528150,-0.002459545617359,-0.003795911076621,-0.059556222043820,-0.113411333428568,0.023312631313374,-0.010129017116615,0.011333327149607
1403637218.938318967819214,4.074656595739532,-3.940720336019620,0.164420475153775,0.038515760048363,-0.794579958796532,-0.088148023024205,-0.599490743334477,-2.294843290662584,0.477018538222518,-0.349025636078858,-2.285234026396729,0.481250050581587,-0.280473011453031,-0.009609264265854,-0.004231512359069,-0.068552624625827,-0.114261592351387,0.024062479581289,-0.014023637198656,0.009158056974738
1403637218.988318920135498,3.959601311586174,-3.916016321294518,0.146767541778293,0.033746622234827,-0.794981881821398,-0.090509565737610,-0.598893138692904,-2.308610135167117,0.484924102657701,-0.400388542867516,-2.301107877574626,0.494080765694165,-0.353059004212948,-0.007502257592491,-0.009156663036464,-0.047329538654569,-0.115055284153357,0.024704014725101,-0.017652933375482,0.010740633540061
1403637219.038319110870361,3.844338705028315,-3.890421007342096,0.126501036548390,0.030227572443102,-0.795140317498552,-0.092164071238057,-0.598618370354039,-2.309591294985486,0.506360401411241,-0.438933595159976,-2.305243337351725,0.511904326288413,-0.405328558392319,-0.004347957633761,-0.005543924877171,-0.033605036767657,-0.115262606557859,0.025595313952422,-0.020266505229903,0.007803004216210
1403637219.088319063186646,3.728648558450176,-3.863465857972211,0.104714273661686,0.028571105062876,-0.795225467796584,-0.092824617991523,-0.598484534150982,-2.326233816797094,0.537547312341922,-0.451430040064329,-2.313805138179319,0.539103501526871,-0.435735673283999,-0.012428678617775,-0.001556189184949,-0.015694366780330,-0.115690146578139,0.026955149369885,-0.021786762886704,0.003580709289299
1403637219.138319015502930,3.612211332677786,-3.835377431497707,0.083677610385592,0.027860595730165,-0.794883134218602,-0.093156472661684,-0.598921081396878,-2.347321793709153,0.562886224461042,-0.430386355807474,-2.328746736313744,0.561769065234801,-0.420733666764760,-0.018575057395410,0.001117159226241,-0.009652689042715,-0.116437225772390,0.028088426474504,-0.021036663276093,0.001921163065459
1403637219.188318967819214,3.494377093652552,-3.805065314143021,0.064612196456029,0.027630109329194,-0.795389024478234,-0.092901381435739,-0.598299431827702,-2.350827421355481,0.585749063458801,-0.400702834693696,-2.356687028016571,0.606242925252025,-0.381308642235529,0.005859606661090,-0.020493861793224,-0.019394192458167,-0.117834239025234,0.030312117354686,-0.019065413929564,0.001744211803442
1403637219.238318920135498,3.376863739942013,-3.774320513631491,0.045930193684930,0.028375805058245,-0.795677789273351,-0.091769075290113,-0.598055270158844,-2.391455501599278,0.615606599822740,-0.371387725920874,-2.350269315602269,0.614896596641706,-0.373640411753230,-0.041186185997010,0.000710003181034,0.002252685832356,-0.117513353710539,0.030744800511531,-0.018682002771098,0.002815087694465
1403637219.288319110870361,3.257577500259225,-3.742089606373885,0.028839560420182,0.029117398421231,-0.796663187974489,-0.090802800342374,-0.596854080563655,-2.418529043536698,0.641579169933687,-0.339971286623323,-2.385715692872640,0.644615686138418,-0.341811361388100,-0.032813350664058,-0.003036516204731,0.001840074764777,-0.119286239682789,0.032230907257606,-0.017090633264748,0.003948425661022
1403637219.338319063186646,3.137614745742278,-3.708676528066198,0.013931528655248,0.030733743910414,-0.797039588788675,-0.089046175371466,-0.596535086596374,-2.442031539148879,0.655816041897917,-0.301467624032097,-2.399257378449068,0.668262203458238,-0.298160919647091,-0.042774160699811,-0.012446161560321,-0.003306704385006,-0.119962754516946,0.033413078307687,-0.014908031764934,0.004875137616352
1403637219.388319015502930,3.017705845757791,-3.673886795183377,0.000428466456835,0.030666215723009,-0.798636374178091,-0.088374921952442,-0.594499283618410,-2.442004398780381,0.685684221912721,-0.284825012349612,-2.398180286772687,0.695795321218548,-0.270061501518990,-0.043824112007694,-0.010111099305828,-0.014763510830622,-0.119908899984487,0.034789732882821,-0.013503062198414,0.005347658482887
1403637219.438318967819214,2.896035115458291,-3.638406689875641,-0.009707423900542,0.031796488708686,-0.799738376177751,-0.087397082834844,-0.593101393428081,-2.453305579097576,0.715019739668546,-0.242336422375759,-2.433416926677232,0.709602782884661,-0.202718000474475,-0.019888652420344,0.005416956783886,-0.039618421901284,-0.121670730299500,0.035480105307736,-0.010135890357376,0.004648524146445
1403637219.488318920135498,2.775395607592583,-3.601454537742366,-0.020737978682706,0.033507481825633,-0.805058762830180,-0.085756022253812,-0.586006434861639,-2.445053510960792,0.733799304420405,-0.213816981941766,-2.412792458332356,0.739043747472553,-0.220611306034621,-0.032261052628437,-0.005244443052148,0.006794324092855,-0.120639507865708,0.036952152133276,-0.011030554782164,0.018359315912939
1403637219.538319110870361,2.655072697335921,-3.563262576971386,-0.028576777631057,0.034057576081592,-0.809149376302094,-0.084755878139215,-0.580459998158555,-2.463550535408748,0.752247303654857,-0.174166308001113,-2.406449025258730,0.763836301615339,-0.156775380916409,-0.057101510150018,-0.011588997960482,-0.017390927084704,-0.120322910256662,0.038191960770980,-0.007838798948351,0.013971280408605
1403637219.588319063186646,2.535304093844483,-3.524429834703880,-0.035190979262706,0.034978604779530,-0.814248479250267,-0.083400447674652,-0.573428527868969,-2.443900894469904,0.768139213475278,-0.155980258423786,-2.395374354235747,0.776655586026603,-0.132284158788987,-0.048526540234156,-0.008516372551325,-0.023696099634800,-0.119768603491437,0.038832742267506,-0.006614201631649,0.017678056407378
1403637219.638319015502930,2.416901214431365,-3.484609607971135,-0.039848326888595,0.035990312166669,-0.818000312336685,-0.081980412796669,-0.568207179086044,-2.414896601339579,0.778018138430343,-0.095361508109199,-2.368059846620224,0.796405294166179,-0.093147041349715,-0.046836754719355,-0.018387155735836,-0.002214466759484,-0.118402879413118,0.039820226732745,-0.004657347625889,0.013323505490276
1403637219.688318967819214,2.300492196658111,-3.444295590467788,-0.042610821572776,0.036010216097364,-0.821176490448444,-0.081185761789268,-0.563720948656420,-2.397675128780574,0.802030918850632,-0.071388912854761,-2.328182575792997,0.806281118996530,-0.055249946374069,-0.069492552987577,-0.004250200145897,-0.016138966480692,-0.116409017773254,0.040314017503347,-0.002762494684181,0.011107892067593
1403637219.738318920135498,2.185774953671947,-3.403286584071466,-0.043489820857444,0.036352834950410,-0.822670196338904,-0.080381315897342,-0.561632498615767,-2.356212017430287,0.816260178148717,-0.027087959086487,-2.294347047783138,0.820180910111909,-0.017580002458958,-0.061864969647149,-0.003920731963192,-0.009507956627529,-0.114717242986164,0.041009006396322,-0.000878999284668,0.005424870963180
1403637219.788319110870361,2.072811897876391,-3.361758000804900,-0.041196943555419,0.036817576968758,-0.824356264001176,-0.079310266274485,-0.559277299460333,-2.302739403712215,0.830067584080280,0.003277490214096,-2.259252497546802,0.830568496963949,0.045857371108510,-0.043486906165413,-0.000500912883669,-0.042579880894415,-0.112963055795556,0.041528583266566,0.002292877302025,0.006245935506643
1403637219.838319063186646,1.983685559901990,-3.314436689507015,-0.025382990417112,0.035571333709003,-0.826112380126123,-0.079255863109597,-0.556768824363638,-2.227493681729122,0.861616739467325,0.095999973436926,-1.782528459439629,0.946427128540953,0.316279364393649,-0.444965222289493,-0.084810389073628,-0.220279390956724,-0.089126337974401,0.047321311297885,0.015813953138307,0.006612861130064
1403637219.888319015502930,1.876580702809681,-3.271630124259366,-0.019972075148519,0.036321658218274,-0.827893565669853,-0.078759165838779,-0.554138949058006,-2.168416109514167,0.878978156007018,0.119476208127279,-2.142099184711156,0.856132121424201,0.108218408576961,-0.026316924803012,0.022846034582818,0.011257799550318,-0.107104857092309,0.042806565247649,0.005410915268592,0.006602596765056
1403637219.988318920135498,1.668246530694711,-3.183003061918494,-0.002076120378540,0.036735503665939,-0.827864988832697,-0.078238730856780,-0.554228079430634,-2.079152572353897,0.911400385589683,0.216227335274237,-2.083343707981083,0.886271468623055,0.178959718369082,0.004191135627186,0.025128916966628,0.037267616905156,-0.208334172114970,0.088627062340872,0.017895954769979,0.001342954207180
1403637220.038319110870361,1.569597408181933,-3.137512436258349,0.010669409905148,0.037108219290884,-0.828441183491402,-0.078087029212987,-0.553362992460749,-2.008515381690399,0.931778958496776,0.259352662482224,-1.972974923953519,0.909809042556834,0.254909633270687,-0.035540457736880,0.021969915939942,0.004443029211536,-0.098649122512778,0.045490625660145,0.012745530283688,0.002229175815766
1403637220.088319063186646,1.478239404487361,-3.091893513055847,0.026213554384429,0.037563082258381,-0.828994893121899,-0.077414718030489,-0.552596999142523,-1.955083659511002,0.937007992108539,0.319535281449013,-1.827161816408737,0.912379334162763,0.310883186066929,-0.127921843102266,0.024628657945776,0.008652095382084,-0.091358003694572,0.045618923202501,0.015544144479281,0.002491780860529
1403637220.138319015502930,1.384727065596947,-3.044682331963435,0.042965465756571,0.035494189517420,-0.828945999995680,-0.078561366586019,-0.552645277987428,-1.914703781133889,0.958318518098234,0.341454267047760,-1.870248561416285,0.944224522330926,0.335038546960500,-0.044455219717604,0.014093995767308,0.006415720087259,-0.093512338890413,0.047211181092413,0.016751911372142,0.004732797938239
1403637220.188318967819214,1.292415657406948,-2.996609175490566,0.060477355990454,0.037652733875480,-0.829333244986583,-0.077415981461259,-0.552082789268165,-1.873397887432302,0.974122553089375,0.353543724072966,-1.846229924502045,0.961464046380937,0.350238138690760,-0.027167962930257,0.012658506708438,0.003305585382207,-0.092311408189999,0.048073156472868,0.017511890233882,0.005074475943488
1403637220.238318920135498,1.201228692997592,-2.947801212281458,0.079681043309390,0.039496668666354,-0.829123942882357,-0.075934713698770,-0.552473908668056,-1.840577377588665,0.981865496144465,0.396993623062026,-1.823741027442100,0.976160195121068,0.384074112660350,-0.016836350146565,0.005705301023397,0.012919510401677,-0.091186964409356,0.048807963209108,0.019203687318937,0.004812913565510
1403637220.288319110870361,1.111788247610797,-2.898069808702004,0.100791871985690,0.043109238381705,-0.828162592752422,-0.072986268375572,-0.554040899357028,-1.785614375596461,0.991056739411834,0.449698625064304,-1.788802083997481,0.994624277398583,0.422214962903732,0.003187708401020,-0.003567537986749,0.027483662160572,-0.089440445386795,0.049731403579455,0.021110828676300,0.010024708726629
1403637220.338319063186646,1.024205432262036,-2.848004085749718,0.124169949268720,0.047225824747926,-0.827095243300436,-0.069823429962384,-0.555704839474122,-1.748247038577569,0.998248245303007,0.512389782600576,-1.751657977486440,1.001315413974496,0.467561991562454,0.003410938908871,-0.003067168671489,0.044827791038122,-0.087582815348761,0.050065722952285,0.023378077283030,0.011109966886415
1403637220.388319015502930,0.940130513013788,-2.799648844131440,0.150001174003494,0.052449809229853,-0.825816922853321,-0.065604964542045,-0.557648111328517,-1.725303268588731,0.984775125944194,0.513256617595014,-1.681499988568318,0.967105754669492,0.516624987387463,-0.043803280020413,0.017669371274702,-0.003368369792449,-0.084074919248248,0.048355241618279,0.025831224734774,0.014212119549524
1403637220.438318967819214,0.855507624527745,-2.750828146054512,0.174813579935946,0.055859308863170,-0.824343636070990,-0.062437105968223,-0.559856155705107,-1.686913261948000,0.969417555697536,0.487022017523171,-1.692459383775907,0.976414892720355,0.496248591908577,0.005546121827906,-0.006997337022819,-0.009226574385406,-0.084622888486043,0.048820698076927,0.024812405932452,0.010715618185654
1403637220.488318920135498,0.774091498103493,-2.704065004123697,0.199143319182209,0.058452897758185,-0.823479850707070,-0.059944360536652,-0.561133556172669,-1.662987347264046,0.955995893064918,0.447374753768399,-1.628324081375906,0.935263730553299,0.486595248978662,-0.034663265888140,0.020732162511619,-0.039220495210263,-0.081416126424253,0.046763141930815,0.024329739246264,0.007827740365359
1403637220.538319110870361,0.692726187917389,-2.656749114066763,0.221315482040154,0.061260963574807,-0.821756601727266,-0.057477559502619,-0.563612909728978,-1.624945078315854,0.935386905499255,0.424615618292462,-1.627299996065231,0.946314191236534,0.443441565563567,0.002354917749377,-0.010927285737279,-0.018825947271105,-0.081365310186104,0.047315890056935,0.022172162857945,0.009609821328980
1403637220.588319063186646,0.612649954350040,-2.610446173586798,0.241845356715447,0.063556917912914,-0.820446716115613,-0.055041977887540,-0.565506927341077,-1.598417584424041,0.920873042138495,0.400713212980478,-1.601526198681370,0.926059692758642,0.410597885082518,0.003108614257329,-0.005186650620146,-0.009884672102041,-0.080076233567348,0.046302940479965,0.020529874675293,0.008125660554637
1403637220.638319015502930,0.534778252987775,-2.565374125980273,0.261123471048488,0.062513228327595,-0.820391585777064,-0.055469241682578,-0.565661476059150,-1.570833815657343,0.900936419222220,0.367063392873334,-1.557435512531558,0.901441811812407,0.385562654362030,-0.013398303125785,-0.000505392590187,-0.018499261488696,-0.077871701362266,0.045072047606525,0.019278114333041,0.002279269270319
1403637220.688318967819214,0.458778258998602,-2.522035409628452,0.278621928038829,0.062647236308209,-0.821003367907200,-0.055061002448540,-0.564798264584215,-1.551213310201306,0.884628148703006,0.344142505192003,-1.520001329369689,0.866775153657619,0.349969473563708,-0.031211980831617,0.017852995045387,-0.005826968371705,-0.075999993989173,0.043338716351821,0.017498456990340,0.002283881763586
1403637220.738318920135498,0.384576659125307,-2.479644092910408,0.295765512182364,0.061311943983869,-0.821153613802657,-0.055638011852319,-0.564669814759809,-1.514702006764456,0.864729160199732,0.325407890194255,-1.484033412750439,0.847827142911853,0.342872009858923,-0.030668594014016,0.016902017287880,-0.017464119664668,-0.074201599873294,0.042391316718044,0.017143584143535,0.002935996605129
1403637220.788319110870361,0.312166700777502,-2.438283302791533,0.311513891943556,0.060824226311444,-0.821812623860525,-0.055591346548236,-0.563767706547695,-1.488659784280496,0.847595785447327,0.290941303903079,-1.448193642535786,0.827212646811666,0.314966393722403,-0.040466141744710,0.020383138635661,-0.024025089819324,-0.072409958347806,0.041360790118874,0.015748379761192,0.002439786749553
1403637220.838319063186646,0.241415405576179,-2.398276042210088,0.325942424163848,0.060713453224132,-0.822365261339628,-0.055614347857881,-0.562970956490430,-1.448130876031535,0.821112954937526,0.273311623328530,-1.415027253501595,0.800145974707574,0.288570919608519,-0.033103622529941,0.020966980229952,-0.015259296279989,-0.070751295201322,0.040007260581445,0.014428532220292,0.001952453482126
1403637220.888319015502930,0.173124133927792,-2.359349462526244,0.339063969839413,0.059717895598416,-0.822820364448544,-0.055814560918132,-0.562392350217869,-1.417950124361597,0.794187242608229,0.245366690544509,-1.365826735521621,0.778532336143166,0.262431163785159,-0.052123388839976,0.015654906465064,-0.017064473240650,-0.068291271648387,0.038926579683844,0.013121545675565,0.002508485216342
1403637220.938318967819214,0.105372792417410,-2.321949315952784,0.349948916859495,0.059589424095052,-0.823529442094089,-0.055518682204096,-0.561396503789024,-1.390489267554001,0.773624898239075,0.208524940936654,-1.355028122463160,0.748003644821072,0.217699148015732,-0.035461145090841,0.025621253418003,-0.009174207079078,-0.067751341510382,0.037400146573460,0.010884947020082,0.002528675993768
1403637220.988318920135498,0.040535233242045,-2.294660305275346,0.355176099152813,0.058840908095352,-0.824207717614387,-0.054606351163532,-0.560568936146129,-1.366444777010902,0.741088057859199,0.177744191087058,-1.296752420186784,0.545780734045832,0.104543745567050,-0.069692356824118,0.195307323813367,0.073200445520007,-0.064837559175365,0.027289010677438,0.005227182293318,0.003185938198494
1403637221.038319110870361,-0.025556826107833,-2.259252849412948,0.362929867948819,0.056247759753688,-0.826109691972562,-0.053305276907093,-0.558155456665568,-1.328197749861809,0.719182520838275,0.148251307998787,-1.321836144592826,0.708146415883768,0.155074784356754,-0.006361605268983,0.011036104954507,-0.006823476357967,-0.066092059349878,0.035407455862398,0.007753768796005,0.008452130804813
1403637221.088319063186646,-0.086389728621496,-2.227062007145650,0.369175113572882,0.053738176055342,-0.827192960680258,-0.049959942438696,-0.557106828522857,-1.293024562676628,0.694185010876185,0.116047628802684,-1.216659210569894,0.643817459338137,0.124905031599972,-0.076365352106734,0.050367551538048,-0.008857402797288,-0.060832902513663,0.032190842267298,0.006245245624063,0.008890983672295
1403637221.138319015502930,-0.147584178831923,-2.193721456344320,0.373243882231456,0.050058495766777,-0.829142678328325,-0.046042459532372,-0.554884364436691,-1.249918346158665,0.676526680725707,0.082138738801071,-1.223890171401179,0.666811651947742,0.081375450777170,-0.026028174757486,0.009715028777965,0.000763288023901,-0.061194450210428,0.033340550801330,0.004068768658575,0.012268265216313
1403637221.188318967819214,-0.206377255505878,-2.162291991537175,0.375551335048061,0.045109072326821,-0.830488719920277,-0.041335462135861,-0.553665094844355,-1.208740125973743,0.648651405387549,0.061609620324339,-1.175862654869113,0.628589895612929,0.046149100343302,-0.032877471104630,0.020061509774620,0.015460519981037,-0.058793076673955,0.031429464807144,0.002307452816604,0.014135242638385
1403637221.238318920135498,-0.263312063927242,-2.132151029412357,0.376110584280575,0.039635244584903,-0.831585418194575,-0.035537537220782,-0.552839780660844,-1.175062917013315,0.627588920285742,0.041862623914918,-1.138697254373595,0.602819817390135,0.011184995317134,-0.036365662639720,0.024769102895607,0.030677628597784,-0.056934808421363,0.030140962124818,0.000559249232515,0.016181838114554
1403637221.288319110870361,-0.317654623767916,-2.103298669697411,0.374852610125625,0.033795729293367,-0.832205673369464,-0.029541958400064,-0.552647119405408,-1.132376158641187,0.613407716032726,-0.002246928564896,-1.086847050821004,0.577044993046961,-0.025159387123563,-0.045529107820183,0.036362722985764,0.022912458558668,-0.054342559840674,0.028852359714946,-0.001257974154950,0.016789181385715
1403637221.338319063186646,-0.370471630316007,-2.074948646922008,0.372076037776446,0.029606698092510,-0.832505715464157,-0.022928138257963,-0.552749470939226,-1.094551727780871,0.602600846668694,-0.025474568134823,-1.056341138367236,0.567000996242365,-0.055531499942541,-0.038210589413635,0.035599850426329,0.030056931807717,-0.052817006548091,0.028350022775404,-0.002776572349179,0.015670534699707
1403637221.388319015502930,-0.422013560454803,-2.046752654501441,0.368313024065548,0.025872924078521,-0.832995988821239,-0.017414219378261,-0.552399329625588,-1.056042892972825,0.599374360375512,-0.054247549812051,-1.030839585861154,0.563920386207716,-0.075260345991814,-0.025203307111672,0.035453974167796,0.021012796179763,-0.051541930138796,0.028195992420566,-0.003763013710898,0.013372733941381
1403637221.438318967819214,-0.472577206833886,-2.018034986592771,0.363497966519043,0.023070354562472,-0.832290124716300,-0.012093057528219,-0.553727970216158,-1.020014234514562,0.579129207147471,-0.088328222823449,-1.011273892007601,0.574353905919978,-0.096301242770122,-0.008740342506961,0.004775301227493,0.007973019946674,-0.050563646379083,0.028717667908670,-0.004815057546505,0.012398840650621
1403637221.488318920135498,-0.521255929910881,-1.990563132692326,0.357171103295769,0.020018723056190,-0.832876121581878,-0.008020602940932,-0.553039136729393,-0.974558691209820,0.571483549358624,-0.106640629404272,-0.973575390013759,0.549437601993422,-0.126537385140945,-0.000983301196061,0.022045947365202,0.019896755736673,-0.048678723076996,0.027471853900445,-0.006326863223275,0.010337366122960
1403637221.538319110870361,-0.568651930679486,-1.962771716744739,0.349973557782625,0.019353891336305,-0.833300498442020,-0.003252378362192,-0.552471834776591,-0.945943579544037,0.561023578208808,-0.144518076629942,-0.947916399357987,0.555826198643059,-0.143950361135827,0.001972819813950,0.005197379565749,-0.000567715494116,-0.047396000768604,0.027791415947587,-0.007197545513144,0.009732407883417
1403637221.588319063186646,-0.619024974591417,-1.936944444289662,0.339236538994589,0.017189250310103,-0.833658489539624,-0.000053353758295,-0.552012725981626,-0.910349961206330,0.537350942929548,-0.148807270684867,-1.007461839029111,0.516545941718133,-0.214740580553290,0.097111877822781,0.020805001211415,0.065933309868423,-0.050373043911932,0.025827272455077,-0.010737018788036,0.007812397097312
1403637221.638319015502930,-0.663686192461554,-1.910101241774014,0.330375751412033,0.014815401701192,-0.833836367290414,0.002589197187509,-0.551806770993508,-0.872497824594881,0.524512158411972,-0.178908896810850,-0.893225209248683,0.536864562306922,-0.177215920657399,0.020727384653802,-0.012352403894949,-0.001692976153450,-0.044661217870137,0.026843202515649,-0.008860787582556,0.007125252022150
1403637221.688318967819214,-0.705289146277496,-1.885790652462200,0.319904562076301,0.013674698613388,-0.834579038008068,0.005536290464493,-0.550690640399175,-0.830283233974688,0.515145743791086,-0.202015439473362,-0.832059869832959,0.486212249924403,-0.209423986436917,0.001776635858271,0.028933493866683,0.007408546963555,-0.041602953815942,0.024310589311813,-0.010471189335732,0.006865531643723
1403637221.738318920135498,-0.745564709027295,-1.860288922219016,0.309082335957669,0.012447997921806,-0.834625902229881,0.007954001740735,-0.550619092050942,-0.793591495435873,0.501781879931063,-0.221007871777658,-0.805512023192113,0.510035091271041,-0.216444728790410,0.011920527756240,-0.008253211339978,-0.004563142987249,-0.040275562749799,0.025501730243184,-0.010822226118632,0.005424921136624
1403637221.788319110870361,-0.784013298711946,-1.835730417326423,0.296974647617689,0.011825785074720,-0.834707450807987,0.010357060437854,-0.550469212283562,-0.750747343156862,0.479187677151099,-0.236317683150721,-0.768968860309612,0.491168224193790,-0.242152843059823,0.018221517152750,-0.011980547042691,0.005835159909101,-0.038448589684651,0.024558504892594,-0.012107688339981,0.004976326853534
1403637221.838319063186646,-0.820574954159885,-1.812340397396980,0.283805261902449,0.010490958191542,-0.835163704561057,0.013288989690885,-0.549740783581745,-0.712120590784682,0.461093956577014,-0.256361754951367,-0.731233806317671,0.467800844718511,-0.263387965491133,0.019113215532989,-0.006706888141497,0.007026210539765,-0.036561655447939,0.023390019929443,-0.013169385715240,0.006668360551716
1403637221.888319015502930,-0.856005317530511,-1.790173101518413,0.270093662999610,0.009139012113614,-0.835501270222453,0.017543129119973,-0.549132356117298,-0.672800266882596,0.432117462021671,-0.276815651032784,-0.708607943193727,0.443346340379359,-0.274232239585032,0.035807676311131,-0.011228878357687,-0.002583411447752,-0.035430363370627,0.022167295878567,-0.013711598902839,0.009035403642824
1403637221.938318967819214,-0.889263774327834,-1.769263660029801,0.254792473860812,0.007002743857896,-0.835896150685973,0.023570333248725,-0.548336599396190,-0.635912004908721,0.406856409114056,-0.293582555628525,-0.665169770301779,0.418189228588566,-0.306024074623246,0.029257765393058,-0.011332819474510,0.012441518994721,-0.033258456797323,0.020909441488612,-0.015301189138797,0.012912030944624
1403637221.988318920135498,-0.920356132085234,-1.750139915024850,0.238218948246206,0.002146685964034,-0.835867479015416,0.029620761705421,-0.548127320738325,-0.594212570224293,0.384333749871627,-0.304901821211024,-0.621847748188220,0.382475264855858,-0.331470828407339,0.027635177963928,0.001858485015769,0.026569007196316,-0.031092357757400,0.019123745004951,-0.016573525614606,0.015522100984358
1403637222.038319110870361,-0.950172015916995,-1.732418749994898,0.220695388903455,0.003260142718132,0.835538069300381,-0.037770078550652,0.548123095103214,-0.560559358977734,0.352220040854868,-0.329096595986602,-0.596315401872503,0.354421948586607,-0.350469849918643,0.035756042894770,-0.002201907731739,0.021373253932041,-0.029815883831762,0.017721165029952,-0.017523559342751,0.019570840976532
1403637222.088319063186646,-0.978277265076864,-1.716276572357579,0.201570724070346,0.009881045608809,0.835656503509672,-0.046757820944574,0.547169333259989,-0.521397782472172,0.329572272606765,-0.349866219099223,-0.562105519262975,0.322843860634268,-0.382493661436555,0.040707736790802,0.006728411972497,0.032627442337333,-0.028105249159869,0.016142177637319,-0.019124664833109,0.022409004450236
1403637222.138319015502930,-1.005314189033170,-1.701443819434313,0.181852426288284,0.016563536815124,0.835197075883503,-0.056613459387062,0.546778209057429,-0.492672102258998,0.302932901616051,-0.349351276683548,-0.540738994815011,0.296655341377898,-0.394366331738291,0.048066892556013,0.006277560238152,0.045015055054743,-0.027036923956306,0.014832752923266,-0.019718297782062,0.023845757166716
1403637222.188318967819214,-1.034533920223134,-1.688220621821720,0.158652733866629,0.024029095684090,0.834413205971790,-0.066923062964714,0.546533171823911,-0.474229967612319,0.280192565708995,-0.364929841684580,-0.584395181121942,0.264464204464592,-0.463994290932535,0.110165213509623,0.015728361244403,0.099064449247955,-0.029219731189963,0.013223197612594,-0.023199692421655,0.025510719029145
1403637222.238318920135498,-1.057780781939031,-1.675453279586600,0.138144879193234,0.031066587877080,0.832024351189515,-0.076539790016744,0.548554470120822,-0.430990074024957,0.268863894169611,-0.369062816884679,-0.464937677717066,0.255347088220360,-0.410157484624562,0.033947603692108,0.013516805949251,0.041094667739883,-0.023246861715897,0.012767342235120,-0.020507854673395,0.024641585163654
1403637222.288319110870361,-1.079725873546824,-1.665809443034911,0.117031656261554,0.038374555014984,0.829505650742054,-0.083850751091806,0.550832842571813,-0.406691949267689,0.247698678197033,-0.390538507870566,-0.438900157884632,0.192875995270232,-0.422262847828673,0.032208208616944,0.054822682926801,0.031724339958107,-0.021945091607793,0.009643836551688,-0.021113222931680,0.021761666899411
1403637222.338319063186646,-1.100732757937524,-1.654513995384236,0.095884686499041,0.043786952783192,0.825388056733980,-0.090774110631510,0.555497362195291,-0.381875404026023,0.240379179258783,-0.400589678507870,-0.420138088488910,0.225909168457277,-0.422939798597081,0.038262684462888,0.014470010801506,0.022350120089211,-0.021006884390700,0.011295447650675,-0.021146969762513,0.021535124873312
1403637222.388319015502930,-1.120486816009106,-1.644164390249923,0.074583753197242,0.048676270114702,0.821052991981252,-0.096953943624493,0.560448514943177,-0.366597009138738,0.220947978557728,-0.389549326639832,-0.395081538210757,0.206992300089497,-0.426019072319421,0.028484529072018,0.013955678468232,0.036469745679589,-0.019754058071582,0.010349605134313,-0.021300933301799,0.020533230194179
1403637222.438318967819214,-1.138166794112573,-1.634938687057154,0.054233888051391,0.053176666548858,0.816921520395682,-0.101846748027281,0.565189093636303,-0.338852586730270,0.207074937479815,-0.357829458534590,-0.353599899288480,0.184514239821875,-0.406997691060260,0.014747312558210,0.022560697657940,0.049168232525670,-0.017679978103467,0.009225703192769,-0.020349865145851,0.018301456893093
1403637222.488318920135498,-1.155584069050672,-1.626269520705760,0.036028736680321,0.057645415875796,0.813450645732347,-0.105180136780204,0.569132841973675,-0.343767784341493,0.204053290537739,-0.314735167114495,-0.348345830970438,0.173383492379264,-0.364103374657436,0.004578046628946,0.030669798158475,0.049368207542941,-0.017417274938098,0.008669166351394,-0.018205151371070,0.015320784570346
1403637222.538319110870361,-1.173399824628470,-1.617727732256082,0.019471370524992,0.059542478388013,0.811360349226512,-0.109142858467177,0.571171527140542,-0.339631896479059,0.194673824548875,-0.286297037599711,-0.356313752326868,0.170835117309312,-0.331146059884628,0.016681855847809,0.023838707239563,0.044849022284917,-0.017815755577798,0.008541788449678,-0.016557366155330,0.010550383986785
1403637222.588319063186646,-1.191452154064487,-1.609468209667874,0.004833946737087,0.061638012560443,0.810186271395107,-0.111928533155948,0.572076012882948,-0.350716387144554,0.180243485574869,-0.246353982084964,-0.361046933041524,0.165190609302194,-0.292748754945062,0.010330545896970,0.015052876272676,0.046394772860098,-0.018052329436017,0.008259522588208,-0.014637423787905,0.007575702556655
1403637222.638319015502930,-1.209564870420650,-1.601668515667748,-0.007589437411311,0.064444307695787,0.808858586724870,-0.113373193685352,0.573359605169949,-0.348768980591885,0.170301267750654,-0.210586865887814,-0.362254672596245,0.155994028770022,-0.248467919925434,0.013485692004361,0.014307238980632,0.037881054037621,-0.018112716356163,0.007799694000126,-0.012423384148398,0.007313742428253
1403637222.688318967819214,-1.228600108610180,-1.594310569660836,-0.017839594179632,0.066445112073829,0.809129636727760,-0.114129126179686,0.572598306500955,-0.345068203457788,0.164873204753180,-0.163571057195732,-0.380705126859297,0.147159060480051,-0.205003330872824,0.035636923401509,0.017714144273129,0.041432273677092,-0.019035238189530,0.007357946006912,-0.010250156768321,0.004572832006555
1403637222.738318920135498,-1.247664467079105,-1.587209640506394,-0.025970197912169,0.066599200953388,0.809837911374370,-0.115536772316980,0.571295333409737,-0.352266197051303,0.154694426335167,-0.139884520409594,-0.381287533002627,0.142018718528447,-0.162612229729847,0.029021335951324,0.012675707806719,0.022727709320252,-0.019064358468925,0.007100929154442,-0.008130603732537,0.004101026386422
1403637222.788319110870361,-1.265191183914784,-1.581618142574938,-0.031444558735967,0.067270556417481,0.811885051408917,-0.115992428040716,0.568210429484749,-0.344211652544511,0.145904909539953,-0.098210140303014,-0.350532999536309,0.111829532033309,-0.109486798816981,0.006321346991798,0.034075377506644,0.011276658513968,-0.017526716835679,0.005591497931456,-0.005474360823799,0.007580441159452
1403637222.838319063186646,-1.283445631343406,-1.575627676750102,-0.035082743759901,0.066951837209593,0.814520044398092,-0.116293545637457,0.564402657693122,-0.339874619962587,0.142496752216925,-0.052566065313150,-0.365089296748733,0.119809430755901,-0.072763769871607,0.025214676786146,0.022687321461024,0.020197704558457,-0.018254447428622,0.005990465824836,-0.003638185023933,0.009302603251731
1403637222.888319015502930,-1.301463564724928,-1.570193652253207,-0.036886530831387,0.065957448134936,0.817597788026383,-0.116712970069237,0.559965672758171,-0.315056916163922,0.128565428991374,-0.011254192201034,-0.360359011295574,0.108680593583793,-0.036075775834259,0.045302095131652,0.019884835407581,0.024821583633225,-0.018017933381522,0.005434024496895,-0.001803787071486,0.011013472525853
1403637222.938318967819214,-1.319123130494430,-1.565185875281051,-0.037121806815571,0.064974632726025,0.821138541901962,-0.116604925834474,0.554899165052872,-0.307923909404665,0.111449827176211,0.029974109201763,-0.353191652219843,0.100155634958962,-0.004705524171216,0.045267742815179,0.011294192217249,0.034679633372979,-0.017659565769502,0.005007776972155,-0.000235275984184,0.012519451420785
1403637222.988318920135498,-1.335979681336154,-1.560980260009916,-0.035452355993666,0.064405229318458,0.823836771698942,-0.116269468866662,0.551023003732663,-0.282639005977971,0.099407280017570,0.068237684941145,-0.337131338347979,0.084112385638539,0.033389048280378,0.054492332370008,0.015294894379032,0.034848636660766,-0.016856550841724,0.004205615271136,0.001669450821905,0.009537686372386
1403637223.038319110870361,-1.351381732801985,-1.557421004334409,-0.032154048936059,0.063265636697821,0.825830796377940,-0.115992573881241,0.548221376609305,-0.252107953075894,0.088331122295426,0.103893132158958,-0.308039854237832,0.071184841961502,0.065965889512231,0.055931901161938,0.017146280333924,0.037927242646727,-0.015402051465831,0.003559255675506,0.003298307057606,0.007266527548627
1403637223.088319063186646,-1.365085079051108,-1.554825350350548,-0.026745633688611,0.062607700289908,0.827410768392013,-0.115146796051546,0.546088739649896,-0.240131743600398,0.065188515490284,0.144307595880800,-0.274067186353300,0.051913129185442,0.108168408106394,0.033935442752902,0.013275386304843,0.036139187774405,-0.013703346249123,0.002595653983861,0.005408415247448,0.005724570905538
1403637223.138319015502930,-1.376210140867401,-1.553204361320210,-0.018948371924779,0.062367966009724,0.827971716875621,-0.114064440304435,0.545492783020896,-0.196126258707952,0.051581949955205,0.195899709066532,-0.222501448519777,0.032419811524707,0.155945383997749,0.026375189811825,0.019162138430499,0.039954325068783,-0.011125061816293,0.001620989030338,0.007797261763832,0.002755934900248
1403637223.188318967819214,-1.385448187025973,-1.552508702892185,-0.008925469337367,0.061790932826445,0.827898639943180,-0.112915363060320,0.545908273783817,-0.164120717196274,0.029923861132305,0.228546067379171,-0.184761099373349,0.013913181829151,0.200458242920117,0.020640382177075,0.016010679303155,0.028087824459054,-0.009238046158572,0.000695658428025,0.010022902587412,0.002706524634044
1403637223.238318920135498,-1.391449371158842,-1.553009854295478,0.003665623082230,0.061951908648976,0.827018438948127,-0.111352363822680,0.547542796250351,-0.121054189238400,0.015186194041718,0.282462276542031,-0.120023797120995,-0.010023037624571,0.251822088548191,-0.001030392117405,0.025209231666289,0.030640187993841,-0.006001184132869,-0.000501151403293,0.012591092419597,0.004864278048559
1403637223.288319110870361,-1.395208477927070,-1.554169287867616,0.018853532461669,0.062422766587617,0.825003074253800,-0.109301612833586,0.550932376172705,-0.101146472050083,-0.000063880784542,0.314311865798363,-0.075181848568570,-0.023188582985338,0.303757028847677,-0.025964623481514,0.023124702200796,0.010554836950685,-0.003759106768228,-0.001159433572138,0.015187909379439,0.008939410937997
1403637223.338319063186646,-1.379157264749617,-1.568519312470244,0.046789352967670,0.062106371914471,0.822540094346096,-0.107111265601172,0.555065553373700,-0.051848916733549,-0.021956793527341,0.349573156007034,0.321024569701948,-0.287000765757833,0.558716942954032,-0.372873486435497,0.265043972230492,-0.209143786946997,0.016051213177453,-0.014350024602629,0.027935820506002,0.010591924460032
1403637223.388319015502930,-1.375536146570377,-1.571264045451602,0.066955078627430,0.062908776802514,0.820408014885555,-0.104754397300079,0.558569325293693,-0.007605092604758,-0.033252196982301,0.374135316687330,0.072422432652224,-0.054894711978822,0.403314897826245,-0.080027525256982,0.021642514996521,-0.029179581138915,0.003621118179240,-0.002744732981357,0.020165725659759,0.009596021352515
1403637223.438318967819214,-1.373609040418605,-1.572536818155964,0.087207260407200,0.062702463843491,0.818303222298093,-0.103083353026667,0.561980479850762,0.024341730002261,-0.039645104266392,0.402492563158377,0.038542159792096,-0.025455478363480,0.405044021875489,-0.014200429789834,-0.014189625902912,-0.002551458717112,0.001927106151771,-0.001272772704362,0.020252181779770,0.008695081602838
1403637223.488318920135498,-1.370876818065851,-1.573958390775721,0.108472395353616,0.062852418609783,0.816799681548838,-0.101330002060470,0.564464422598132,0.028330875745705,-0.039469389467954,0.425484329261215,0.054644499168134,-0.028431479509522,0.425303104528954,-0.026313623422429,-0.011037909958432,0.000181224732261,0.002732222352754,-0.001421572619758,0.021265134946415,0.006790388345997
1403637223.538319110870361,-1.366898558081199,-1.575593285075829,0.129836078656059,0.063299652069594,0.815328876685529,-0.099851755794019,0.566799438739518,0.044098449482663,-0.048011575092494,0.414160748941098,0.079564896177058,-0.032697761270084,0.427272036135393,-0.035466446694395,-0.015313813822411,-0.013111287194295,0.003978259984653,-0.001634894300107,0.021363683302443,0.006324810021635
1403637223.588319063186646,-1.362385668151527,-1.577334178834835,0.150117178977190,0.063464338186765,0.814115974221510,-0.098851253336509,0.568696657287239,0.051080573330033,-0.047073880268403,0.387707986417301,0.090257884670058,-0.034817908385083,0.405622393254283,-0.039177311340025,-0.012255971883320,-0.017914406836982,0.004512889929672,-0.001740893759007,0.020281100321131,0.004939109389004
1403637223.638319015502930,-1.357445614100508,-1.578926319372181,0.168760688003854,0.063856231693019,0.813163375267861,-0.097948821898402,0.570169917731252,0.059009617781779,-0.046416345276907,0.347613278426623,0.098801175244522,-0.031842841114607,0.372870536130337,-0.039791557462743,-0.014573504162300,-0.025257257703714,0.004940054051019,-0.001592140537345,0.018643509026664,0.004022887265224
1403637223.688318967819214,-1.352149529361923,-1.580524565592511,0.185558498976389,0.063846326822907,0.812631728201444,-0.097407385546621,0.571021122299805,0.064328341825897,-0.045786103290882,0.309159517910445,0.105921795786610,-0.031964954890759,0.335956539843832,-0.041593453960713,-0.013821148400123,-0.026797021933387,0.005296084738586,-0.001598246220330,0.016797810972535,0.002280744957922
1403637223.738318920135498,-1.347157112670204,-1.582744212874586,0.200176319388157,0.064427083528830,0.812524723297844,-0.096514920876317,0.571259656361247,0.067267544616148,-0.045238311603868,0.273051662359721,0.099848429057254,-0.044392987977957,0.292356687048419,-0.032580884441106,-0.000845323625911,-0.019305024688698,0.004992416691719,-0.002219647282075,0.014617820411768,0.002192824851200
1403637223.788319110870361,-1.341656311748936,-1.584744507737421,0.213205933651802,0.064229422121253,0.811907871387068,-0.096370089663082,0.572182659237433,0.079422464282132,-0.040654297935922,0.235615616789319,0.110015598749170,-0.040005744646892,0.260591291196004,-0.030593134467039,-0.000648553289030,-0.024975674406684,0.005500800921269,-0.002000294862835,0.013029614263644,0.002273751825398
1403637223.838319063186646,-1.335771803546690,-1.586604529679280,0.224392327419221,0.064465572545673,0.811573225770297,-0.095972074333194,0.572697520613925,0.084043407283263,-0.041408639652021,0.204300825664770,0.117690276283111,-0.037200474314316,0.223728088712111,-0.033646868999848,-0.004208165337704,-0.019427263047342,0.005884508202246,-0.001860021941859,0.011186393767419,0.001537859786721
1403637223.888319015502930,-1.329692121874491,-1.588441433885081,0.234064585945040,0.065009499993485,0.811036241274694,-0.095509797415492,0.573473503178016,0.090647970592702,-0.040695171371524,0.175056075740517,0.121593749404817,-0.036738119152227,0.193445355000256,-0.030945778812115,-0.003957052219297,-0.018389279259739,0.006079681672199,-0.001836904205801,0.009672258525819,0.002366481327929
1403637223.938318967819214,-1.324299800214510,-1.584535373900724,0.247855603940888,0.066331081628318,0.811023220058099,-0.094647345652982,0.573483569160839,0.091219605586769,-0.024050974514622,0.138113865593316,0.107846536050081,0.078121274189406,0.275820622960009,-0.016626930463313,-0.102172248704028,-0.137706757366692,0.005392321659980,0.003906059984358,0.013791017995848,0.003156372888747
1403637223.988318920135498,-1.319028384433641,-1.585195257739956,0.254056006143813,0.066017507783234,0.810762047035102,-0.095019445320107,0.573827410259044,0.087175331536019,-0.028045432253727,0.108832116865169,0.105428416161755,-0.013197689370937,0.124008162321892,-0.018253084625736,-0.014847742882790,-0.015176045456723,0.005271415780869,-0.000659883839232,0.006200402202925,0.001301114571679
1403637224.038319110870361,-1.313416886700381,-1.586244210863265,0.258577903725858,0.066119959956511,0.810480811799853,-0.095274220349349,0.574170556138526,0.083271578662889,-0.019106108354917,0.074093095747244,0.112229526543531,-0.020978982437720,0.090437606648808,-0.028957947880643,0.001872874082803,-0.016344510901564,0.005611497733260,-0.001048953123309,0.004521897582045,0.001043549944469
1403637224.138319015502930,-1.308496664581301,-1.586478164417954,0.260675475949234,0.067282460361256,0.810157689443798,-0.094732267270321,0.574581052855597,0.085571003165272,-0.013594529475839,0.031442751632375,0.049202268113742,-0.002339537778046,0.020975742237789,0.036368735051530,-0.011254991697792,0.010467009394587,0.004920222119080,-0.000233953554689,0.002097572223376,0.002769863714721
1403637224.238318920135498,-1.305076455080463,-1.587151784645147,0.260150457222284,0.068274482405235,0.809844809642340,-0.094215249305721,0.574989970474199,0.082484200465617,-0.010408809109289,0.001474253283840,0.034202127626068,-0.006736208696084,-0.005250192276473,0.048282072839549,-0.003672600413205,0.006724445560314,0.003420209500838,-0.000673620227194,-0.000525018726950,0.002462943679569
1403637224.288319110870361,-1.298755098100198,-1.587702545469026,0.258807036762129,0.068777837247397,0.809323373209720,-0.094023594864070,0.575695101845455,0.069344620672159,-0.006039095200076,-0.032522396064990,0.126426657325870,-0.011015174458025,-0.026868306708654,-0.057082036653711,0.004976079257949,-0.005654089356335,0.006321356980265,-0.000550760823879,-0.001343420460156,0.002058352564335
1403637224.388319015502930,-1.294569007674983,-1.588143401932528,0.255559310659040,0.069427363403220,0.809444750020273,-0.093562656657565,0.575521560981579,0.060351869571641,-0.006438783922489,-0.054232577622372,0.041860944173861,-0.004408568839358,-0.032477292003645,0.018490925397780,-0.002030215083131,-0.021755285618727,0.004186090425215,-0.000440856463502,-0.003247726103089,0.001648268251310
1403637224.438318967819214,-1.288449526149488,-1.588577917702935,0.249895783484529,0.070706562958849,0.809398916805487,-0.093033672463897,0.575516039061059,0.064085707193823,0.007803136898305,-0.085640233688993,0.122389747229863,-0.008690323695880,-0.113270651513539,-0.058304040036040,0.016493460594186,0.027630417824546,0.006119481525495,-0.000434515770407,-0.005663527174511,0.002770059394268
1403637224.538319110870361,-1.284345733393556,-1.588775976657243,0.243661164265532,0.071343424012384,0.808960073550709,-0.092660868626217,0.576114293067319,0.062930398731955,0.008969252469905,-0.116598999587452,0.041037868854173,-0.001980586709828,-0.062346103003152,0.021892529877782,0.010949839179734,-0.054252896584300,0.004103792755932,-0.000198058954308,-0.006234619218997,0.002092908082981
1403637224.588319063186646,-1.277979932934185,-1.588358817869424,0.235875289952464,0.070648296169210,0.808760852923132,-0.093237728459381,0.576386525709241,0.065866160405168,0.023230480145452,-0.106042401060360,0.127316130605543,0.008343183713073,-0.155717634765270,-0.061449970200375,0.014887296432379,0.049675233704910,0.006365800459371,0.000417158787820,-0.007785874313068,0.001928491148275
1403637224.638319015502930,-1.272427428523916,-1.587499469663076,0.229149280486775,0.068364862725796,0.808396092654037,-0.094614672435740,0.576948929010226,0.067304935315202,0.034483268827108,-0.089167922012421,0.111050194111100,0.017186980517740,-0.134520317602351,-0.043745258795898,0.017296288309368,0.045352395589930,0.005552504410269,0.000859348206348,-0.006726009465689,0.005498870899869
1403637224.688318967819214,-1.267234515398059,-1.586355295129950,0.223771989193680,0.064452114796139,0.807779326492080,-0.097246144466465,0.577824949250822,0.051855010898519,0.038424830771931,-0.060655902179942,0.103858361564192,0.022883512485933,-0.107545928425680,-0.052003350665674,0.015541318285998,0.046890026245738,0.005192913125857,0.001144174533126,-0.005377291293095,0.009671007999193
1403637224.738318920135498,-1.263065828476240,-1.584894204157621,0.217591137917471,0.060492644038123,0.808346409049712,-0.099966282702088,0.576995203893792,0.035871679364137,0.042382032693464,-0.066103688401935,0.083373817947856,0.029221847314704,-0.123617143414677,-0.047502138583719,0.013160185378760,0.057513455012742,0.004168686921819,0.001461090972329,-0.006180851276209,0.009815634271172
1403637224.788319110870361,-1.259216525351803,-1.583615752913298,0.213262345733002,0.059219664416579,0.808593449784826,-0.100841088731957,0.576628770644351,0.009499518645165,0.031503206204319,-0.017287531629070,0.076985768811331,0.025568927348736,-0.086575513430007,-0.067486250166166,0.005934278855582,0.069287981800936,0.003849303124437,0.001278451244323,-0.004328792184469,0.003213139096125
1403637224.838319063186646,-1.256650600578525,-1.582633934429313,0.209927364944928,0.059511001970795,0.808934501643550,-0.100823402463360,0.576123297750442,0.000347680922721,0.025345559465543,0.007997712787054,0.051318544406749,0.019636388406427,-0.066699679371254,-0.050970863484028,0.005709171059116,0.074697392158308,0.002565924773279,0.000981818483985,-0.003334980788074,0.001352049715421
1403637224.888319015502930,-1.254557521657908,-1.581834360336977,0.207262735764229,0.061796010949750,0.808365896087358,-0.099234163218584,0.576956161180284,-0.006440740725470,0.016747963654670,-0.001574102368657,0.041861618334678,0.015991497097393,-0.053292634437788,-0.048302359060148,0.000756466557276,0.051718532069131,0.002093078920616,0.000799574092336,-0.002664629180699,0.005920786293191
1403637224.938318967819214,-1.252732749122452,-1.580888191629755,0.203211734619999,0.064979954229950,0.808189044689715,-0.097275130224303,0.577187684060951,-0.013359516929784,0.018965068562722,-0.046068620167305,0.036495485513929,0.018923392191199,-0.081020100151395,-0.049855002443713,0.000041676371523,0.034951479984090,0.001824772535456,0.000946168707222,-0.004051001144230,0.007499386859976
1403637224.988318920135498,-1.251280272560997,-1.579484847228547,0.197075894760179,0.067004775191211,0.808124600429135,-0.095872726683339,0.577281049889158,-0.015413019623603,0.029370729668223,-0.087441565386346,0.029049558932918,0.028066914790857,-0.122716914228361,-0.044462578556521,0.001303814877366,0.035275348842015,0.001452476561455,0.001403344401208,-0.006135839859820,0.004931332046007
1403637225.038319110870361,-1.250569715677981,-1.577704704121450,0.189428463164782,0.068125161160327,0.808178041297963,-0.095009656301511,0.577217793549486,-0.023704487054762,0.035734833954301,-0.118515955383671,0.014211083449333,0.035602726328307,-0.152948048457441,-0.037915570504095,0.000132107625993,0.034432093073770,0.000710556883016,0.001780143107097,-0.007647431595397,0.002833381605303
1403637225.088319063186646,-1.250099018298557,-1.575460556905605,0.180532395401813,0.069716356172281,0.808272035513227,-0.093918903202411,0.577074679665137,-0.023334965713623,0.045504160711701,-0.143090743897194,0.009413956566341,0.044882987120661,-0.177921524938582,-0.032748922279964,0.000621173591040,0.034830781041389,0.000470697379425,0.002244147215845,-0.008896067762970,0.003873479860851
1403637225.138319015502930,-1.249630872443952,-1.572873697322929,0.170604342332105,0.070659542815226,0.807489919044676,-0.092982047100865,0.578205498561972,-0.026329993580255,0.058708117863352,-0.177518289909586,0.009362926021268,0.051737240994005,-0.198561250756922,-0.035692919601523,0.006970876869347,0.021042960847336,0.000468145854604,0.002586859582676,-0.009928053069708,0.003825053757017
1403637225.188318967819214,-1.249543740113409,-1.569828575940928,0.159033506547058,0.070816020444873,0.807262397975976,-0.092628696794570,0.578560659388942,-0.037161204275681,0.061774892863520,-0.217249651386916,0.001742648272782,0.060902485721154,-0.231416936397331,-0.038903852548462,0.000872407142366,0.014167285010416,0.000087132330543,0.003045121382001,-0.011570835785047,0.001144109690486
1403637225.238318920135498,-1.249347926791866,-1.566374476262227,0.146188417564731,0.071096765569183,0.806927161232163,-0.091835986979640,0.579119985742919,-0.022713717004331,0.081459272608226,-0.238641203693986,0.003916270165714,0.069082059455804,-0.256902024647406,-0.026629987170045,0.012377213152422,0.018260820953419,0.000195813321543,0.003454099678701,-0.012845088982327,0.002128319926271
1403637225.288319110870361,-1.249445790764772,-1.562468939486055,0.132823885742283,0.070033703750991,0.806965971711755,-0.091896100520129,0.579185900680789,-0.032356090822304,0.088281429095634,-0.222937815505980,-0.001957271991718,0.078110437555767,-0.267289616819984,-0.030398818830586,0.010170991539866,0.044351801314003,-0.000097863972906,0.003905536776172,-0.013364531822448,0.002135008391190
1403637225.338319063186646,-1.252273891770443,-1.557833592743850,0.116922398423318,0.070552770434863,0.806375109114814,-0.091123010135243,0.580067312480138,-0.035701214625020,0.096376974174122,-0.228320817197126,-0.056562074055217,0.092707023256400,-0.318030049676378,0.020860859430197,0.003669950917722,0.089709232479252,-0.002828101005671,0.004635346742205,-0.015901487318964,0.002823547176909
1403637225.388319015502930,-1.251690339175616,-1.551291949346787,0.106306145431815,0.070629199870389,0.805895746296295,-0.090613795555543,0.580803497133260,-0.039651940536844,0.110133050393026,-0.178849746222280,0.011671063026933,0.130832992713336,-0.212325262319218,-0.051323003563778,-0.020699942320310,0.033475516096939,0.000583552594827,0.006541643397064,-0.010616252991503,0.002036563371206
1403637225.438318967819214,-1.253686401059206,-1.545537861894422,0.097618638928974,0.070530331573423,0.805169900239684,-0.089856206815328,0.581938799336254,-0.083936066163969,0.124717793730886,-0.155411168428103,-0.039921275743703,0.115081858797903,-0.173750295758015,-0.044014790420266,0.009635934932983,0.018339127329912,-0.001996061883590,0.005754087452364,-0.008687506502841,0.003098050812431
1403637225.488318920135498,-1.257134835300984,-1.539431177049324,0.090450030560282,0.070527446549341,0.804859140725273,-0.089416363328790,0.582436568944000,-0.098221192007372,0.138158788883409,-0.100781308722480,-0.068968750609286,0.122133813377852,-0.143372304104315,-0.029252441398086,0.016024975505557,0.042590995381836,-0.003448434241778,0.006106684845099,-0.007168608368692,0.001466719738993
1403637225.538319110870361,-1.260963039806525,-1.532591350780603,0.085365987428682,0.070776569551536,0.805128760698153,-0.088515385216828,0.582171265590367,-0.097710454348081,0.152015452083801,-0.074052182648611,-0.076563798043116,0.136796003539080,-0.101680474751781,-0.021146656304965,0.015219448544721,0.027628292103169,-0.003828204505541,0.006839826268721,-0.005084043131600,0.002016833868563
1403637225.588319063186646,-1.265235361500070,-1.525246246599030,0.082010486154358,0.070212699918444,0.805982784093598,-0.088156201218441,0.581111359983291,-0.115164222754509,0.162564271138038,-0.036999760949760,-0.085446515359038,0.146902223728326,-0.067110089487641,-0.029717707395471,0.015662047409712,0.030110328537882,-0.004272321693545,0.007345104181572,-0.003355501274324,0.003032964493112
1403637225.638319015502930,-1.269976273300538,-1.517320147728670,0.080735220703325,0.070475228340844,0.807106612753888,-0.087483159140690,0.579619577573097,-0.106670692580746,0.171527020208232,0.004866073123967,-0.094818326435171,0.158522128585691,-0.025505333344455,-0.011852366145575,0.013004891622540,0.030371406468422,-0.004740911800468,0.007926098870360,-0.001275265451034,0.004005153564053
1403637225.688318967819214,-1.274649678413701,-1.508763896984518,0.081410826193342,0.069427996200209,0.809447429365900,-0.087994874013375,0.576395276337281,-0.107727281868450,0.183646540435668,0.045633792909870,-0.093468191401472,0.171125178080716,0.013512122686503,-0.014259090466977,0.012521362354952,0.032121670223367,-0.004673405113163,0.008556250744151,0.000675605490017,0.008302797814930
1403637225.738318920135498,-1.279664220013914,-1.499724023988317,0.083909036988695,0.069812160074195,0.810701749322385,-0.087381966648987,0.574676715950765,-0.107018686327097,0.188559134267384,0.073548998244717,-0.100290927649128,0.180797632346085,0.049964263556701,-0.006727758677969,0.007761501921298,0.023584734688016,-0.005014541600212,0.009039872996201,0.002498210795353,0.004494444481784
1403637225.788319110870361,-1.283970530833421,-1.490142435612879,0.088364406954800,0.069617680918822,0.812946253602810,-0.087422325197656,0.571514745491029,-0.086256622669872,0.195355647897453,0.118697219584040,-0.086125887845954,0.191631036494360,0.089107059405638,-0.000130734823918,0.003724611403093,0.029590160178402,-0.004306310819507,0.009581588375438,0.004455369966105,0.007765391566725
1403637225.838319063186646,-1.287996380506127,-1.479877430452850,0.095216599329715,0.068624463440584,0.814902753639958,-0.088081500758887,0.568740568582519,-0.082800940618702,0.206370081937418,0.169381472801652,-0.080517070241189,0.205300298990216,0.137043978193627,-0.002283870377512,0.001069782947202,0.032337494608025,-0.004025849672706,0.010265005160030,0.006852192374915,0.007195820247662
1403637225.888319015502930,-1.291101204205990,-1.468974310002302,0.104810834731124,0.068327715509673,0.816392190149604,-0.087966990768072,0.566654148216681,-0.053326474848919,0.219188525877461,0.230383118184011,-0.062096533217133,0.218062616971674,0.191884891023881,0.008770058368214,0.001125908905786,0.038498227160130,-0.003104823699863,0.010903120450548,0.009594235401409,0.005166332022538
1403637225.938318967819214,-1.293461623308960,-1.456140152552619,0.118547167507715,0.068236188072891,0.815074967637124,-0.087491813261466,0.568631517224330,-0.056465161694787,0.226944782138390,0.268375375682692,-0.047208427080865,0.256683393786013,0.274726917531827,-0.009256734613923,-0.029738611647623,-0.006351541849136,-0.002360419102970,0.012834157449683,0.013736332776591,0.004849427658823
1403637225.988318920135498,-1.296296879851234,-1.443743191812965,0.131950974656117,0.068476682472470,0.812882802020144,-0.087264516080054,0.571766909125351,-0.036373937495317,0.232184709366749,0.304089392197158,-0.056705184923741,0.247939451246565,0.268076398625610,0.020331247428424,-0.015754741879816,0.036012993571548,-0.002835256542273,0.012396960739654,0.013403807148402,0.007680050038989
1403637226.038319110870361,-1.297928592100975,-1.431388862394577,0.147744523376406,0.068405316720211,0.810345257122803,-0.086929073836245,0.575416903666341,-0.034511088719665,0.245512761253614,0.325298870144384,-0.032634120505546,0.247085645810829,0.315869769458238,-0.001876968214120,-0.001572884557215,0.009429100686146,-0.001631712249742,0.012354329418388,0.015793548720289,0.008917228662853
1403637226.088319063186646,-1.299715025096116,-1.418767798358525,0.162943941536477,0.068670083277460,0.808716580755310,-0.086607199342193,0.577720611278677,-0.036644144778113,0.249371470646333,0.287987617958870,-0.035728693976347,0.252421521448971,0.303988653107580,-0.000915450801766,-0.003050050802638,-0.016001035148710,-0.001786432995140,0.012621064036052,0.015199418160070,0.005703811183692
1403637226.138319015502930,-1.301625075944081,-1.405402232537971,0.176365691901570,0.068683774843186,0.806849521981141,-0.086523648276990,0.580336149348749,-0.031222149748660,0.260807859080312,0.256951664405417,-0.038201053390668,0.267311571339247,0.268435263301673,0.006978903642009,-0.006503712258936,-0.011483598896255,-0.001910050847965,0.013365565820553,0.013421750365093,0.006429346778821
1403637226.188318967819214,-1.303822304882262,-1.391535848023180,0.187872864479232,0.068930555889378,0.805960553048788,-0.086513911612120,0.581542353136591,-0.040780021315688,0.269564934051213,0.223855544258602,-0.043944620672469,0.277327954776369,0.230143671035349,0.003164599356781,-0.007763020725156,-0.006288126776747,-0.002197228938181,0.013866384514791,0.011507172577662,0.003037228652029
1403637226.238318920135498,-1.306675162974254,-1.377038679677884,0.197836557699264,0.069094668503180,0.805225870329074,-0.086335899983546,0.582566165264730,-0.057255798143540,0.278849902267966,0.188464170136145,-0.057057216253855,0.289943643417729,0.199274054443197,-0.000198581889685,-0.011093741149763,-0.010809884307053,-0.002852858091993,0.014497168345296,0.009963693220032,0.002566375879188
1403637226.288319110870361,-1.310151566444225,-1.362146669960397,0.205926047551374,0.069845578067532,0.805914317836807,-0.086005465378419,0.581572667389973,-0.063942986592758,0.286160921113838,0.146083668267481,-0.069527804171883,0.297839058183907,0.161789179865453,0.005584817579124,-0.011678137070069,-0.015705511597972,-0.003476403469970,0.014892009717487,0.008089489852110,0.002921677996906
1403637226.338319063186646,-1.314205741090551,-1.346883081112348,0.212233723415140,0.069952090375804,0.808126966433240,-0.086011873010763,0.578480309843511,-0.070534662562602,0.297828220591526,0.113489613170353,-0.081083570253849,0.305272068091098,0.126153637584798,0.010548907691246,-0.007443847499572,-0.012664024414445,-0.004054174646327,0.015263588848048,0.006307675863766,0.007607862349892
1403637226.388319015502930,-1.318553155324728,-1.331023118521011,0.217222297572449,0.070345459308093,0.811048169313309,-0.085793354973327,0.574362153741595,-0.077298604694534,0.309100420283093,0.088024159246015,-0.086948367603962,0.317199554331816,0.099771578295786,0.009649762909428,-0.008099134048723,-0.011747419049771,-0.004347414234177,0.015859962591337,0.004988574157310,0.010138082701519
1403637226.438318967819214,-1.323002070759788,-1.314881144079500,0.220739640711858,0.070313949420210,0.815187993505988,-0.086059105722747,0.568434969088649,-0.073486713597487,0.320099836718242,0.068644211603170,-0.088978393557599,0.322839796714247,0.070346929876228,0.015491679960112,-0.002739959996005,-0.001702718273058,-0.004448915435060,0.016141974441511,0.003517343139408,0.014469486085221
1403637226.488318920135498,-1.327533459102913,-1.298195520959348,0.223293200876823,0.069557898799213,0.818415199423764,-0.086657332192834,0.563780779065782,-0.071442513228276,0.326712361031333,0.037023266090391,-0.090627853291957,0.333712780656334,0.051071252004646,0.019185340063681,-0.007000419625002,-0.014047985914256,-0.004531388343125,0.016685623120151,0.002553560164965,0.011490155967267
1403637226.538319110870361,-1.336762955186838,-1.278414424132190,0.226887100183824,0.069929597438406,0.820621787083079,-0.086367870582605,0.560562507574046,-0.070523780281496,0.339428660366982,0.025560431319645,-0.184589217526530,0.395620427370995,0.071877711948317,0.114065437245034,-0.056191767004013,-0.046317280628673,-0.009229496083926,0.019781096827158,0.003593899307001,0.007860857022577
1403637226.588319063186646,-1.342463518904617,-1.261532810649461,0.227822454163833,0.070634019107295,0.822666800630798,-0.085850564658264,0.557548070602432,-0.047989038901311,0.345545471622087,0.012823726482207,-0.114011383085307,0.337632591646124,0.018707097440661,0.066022344183996,0.007912879975963,-0.005883370958454,-0.005700563717779,0.016881613482730,0.000935353980009,0.007492060432969
1403637226.638319015502930,-1.345816905854941,-1.243657868216542,0.228322192572591,0.070665635182836,0.823601736248856,-0.085785432259838,0.556172102558254,-0.037108799650463,0.357624802752500,-0.016273925519075,-0.067067802967316,0.357499189596179,0.009994777706904,0.029959003316853,0.000125613156320,-0.026268703225979,-0.003353386950324,0.017874942432919,0.000499738408757,0.003330246305989
1403637226.688318967819214,-1.348567432323686,-1.225196421388355,0.227015648094795,0.070233925279172,0.824113326426265,-0.086233254633648,0.555399177836810,-0.027541067228263,0.364126908677109,-0.038599724611936,-0.055010581837081,0.369229288688229,-0.026130914476288,0.027469514608817,-0.005102380011120,-0.012468810135648,-0.002750526468745,0.018461446828187,-0.001306544477795,0.002232537196391
1403637226.738318920135498,-1.350789010512369,-1.206342444314425,0.224735238091369,0.069155996486521,0.824603167122960,-0.086917793484923,0.554700245264460,0.000321228055946,0.370714719508402,-0.067309318072790,-0.044431606146950,0.377079901090017,-0.045608243563936,0.044752834202895,-0.006365181581614,-0.021701074508854,-0.002221578188683,0.018853977073930,-0.002280410003426,0.003071791030415
1403637226.788319110870361,-1.352117910909155,-1.187368902371147,0.221524561793428,0.068350565340442,0.824825977552839,-0.087082416018651,0.554442927443394,0.010690333579930,0.369869646168319,-0.083574372857442,-0.026577906549044,0.379469391304700,-0.064213281004585,0.037268240128974,-0.009599745136382,-0.019361091852857,-0.001328900396786,0.018973541943277,-0.003210676297941,0.001779524555316
1403637226.838319063186646,-1.352747357125214,-1.168294567020832,0.217504350064357,0.068414107665850,0.824531588637823,-0.087143104601171,0.554863270122598,0.035539859129843,0.373275706996685,-0.110476219213773,-0.012588936326925,0.381487070820715,-0.080404311260950,0.048128795456768,-0.008211363824029,-0.030071907952823,-0.000629446216059,0.019074335350315,-0.004020211729071,0.001041294459731
1403637226.888319015502930,-1.352148156471247,-1.148744186838886,0.212683387766886,0.066550519132501,0.824212238242287,-0.088735784283308,0.555311782085037,0.056218408348540,0.384580714263006,-0.124150059614321,0.011984024508201,0.391007976533196,-0.096419337902068,0.044234383840339,-0.006427262270190,-0.027730721712253,0.000599200653967,0.019550380181947,-0.004820962297471,0.005025034036715
1403637226.938318967819214,-1.350449884531066,-1.129114440380049,0.207426522652320,0.063568442059120,0.823446935355863,-0.091384342852504,0.556365976411776,0.087594901259662,0.381743241951208,-0.137370086233646,0.033965471195618,0.392595303584786,-0.105137402558152,0.053629430064044,-0.010852061633579,-0.032232683675494,0.001698271940181,0.019629746458836,-0.005256865114566,0.008391587735162
1403637226.988318920135498,-1.347747851056785,-1.109642712898133,0.201013093815344,0.059663008750016,0.822110654088052,-0.094614489885670,0.558231579297952,0.102774447954414,0.380639454549371,-0.152105074267136,0.054040721022870,0.389434921032421,-0.128268699066093,0.048733726931545,-0.008795466483050,-0.023836375201043,0.002702033474281,0.019471727481917,-0.006413428836976,0.011126987153985
1403637227.038319110870361,-1.343875654428150,-1.090796802234692,0.194190515133626,0.053279529542903,0.820308312560535,-0.099523801120928,0.560669757599085,0.120309702217258,0.370679750057861,-0.145088341761555,0.077443637148656,0.376916775445425,-0.136451053114900,0.042866065068602,-0.006237025387564,-0.008637288646655,0.003872196628634,0.018845910663441,-0.006822578681718,0.017209735485919
1403637227.088319063186646,-1.339558068100202,-1.072059744652615,0.187883004279617,0.047283642938610,0.818323525157330,-0.104422263182330,0.563211200382605,0.132714199490342,0.349613890283590,-0.127932365111390,0.086351808910469,0.374741509022895,-0.126150337386520,0.046362390579874,-0.025127618739304,-0.001782027724869,0.004317586327948,0.018737057582077,-0.006307510854009,0.016774303151575
1403637227.138319015502930,-1.326398424169191,-1.055180570086946,0.189629098859659,0.041930022775405,0.816411918437095,-0.109143752733223,0.565509587773033,0.150955441606767,0.323158912560712,-0.077202057270466,0.263193129620746,0.337583813258386,0.034921924904990,-0.112237688013979,-0.014424900697674,-0.112123982175456,0.013159643931011,0.016879174565669,0.001746094580042,0.015477833981427
1403637227.188318967819214,-1.319622118851862,-1.041678204793381,0.189107526687941,0.040420848024203,0.815624955298380,-0.110861976687683,0.566420082151418,0.159547399504139,0.288275573608645,-0.037969854873072,0.135526235594481,0.270047563408723,-0.010431453382584,0.024021163909659,0.018228010199922,-0.027538401490488,0.006776305317330,0.013502365293565,-0.000521572171719,0.005168449167463
1403637227.238318920135498,-1.313675591738808,-1.027764252979584,0.188863442368177,0.040283238359569,0.814841218652153,-0.111674755549153,0.567397389900392,0.149551639723617,0.260690114905160,-0.002294835458407,0.118930655682176,0.278279301663762,-0.004881691050814,0.030620984041441,-0.017589186758602,0.002586855592407,0.005946527113053,0.013913951813797,-0.000244084319764,0.002999279837495
1403637227.288319110870361,-1.308459399572780,-1.016078827794669,0.191900763865578,0.044695357202321,0.814878579544742,-0.109322065732711,0.567471507291454,0.133028458418112,0.236785516096513,0.040092573745979,0.104323445358213,0.233707612174511,0.060746198219664,0.028705013059898,0.003077903922002,-0.020653624473684,0.005216192166029,0.011685425184915,0.003037321497401,0.010001776521968
1403637227.338319063186646,-1.303138179360997,-1.005272539514364,0.196061106632427,0.048833469620149,0.815424076375969,-0.107186944323902,0.566753762120519,0.148911813159469,0.202208209999927,0.087308965699940,0.106424505729977,0.216125971719894,0.083206934689297,0.042487307429492,-0.013917761719967,0.004102031010643,0.005321220211783,0.010806288280305,0.004160342766849,0.009485881067497
1403637227.388319015502930,-1.297490578371729,-0.995764595769146,0.201168945195111,0.052963659827541,0.815599839599339,-0.105292718177134,0.566484947621802,0.154944677056766,0.186840980807203,0.071284931630280,0.112952127504900,0.190159056254171,0.102156868678063,0.041992549551866,-0.003318075446967,-0.030871937047784,0.005647600989268,0.009507943745218,0.005107838562684,0.009110379502226
1403637227.438318967819214,-1.291481774273459,-0.987175873232959,0.205567604154686,0.056503283957400,0.816777377204575,-0.103406847850877,0.564791217005356,0.160003042453649,0.176097652565975,0.054719945564843,0.120176196574343,0.171774614540770,0.087973263089335,0.039826845879306,0.004323038025205,-0.033253317524492,0.006008804098270,0.008588722536187,0.004398658959575,0.009020154889890
1403637227.488318920135498,-1.284822363000267,-0.979284177146733,0.208807981583174,0.058277323953799,0.817197262484655,-0.102841936661884,0.564106305375151,0.162217590062382,0.161544828621211,0.022935101858573,0.133188352482163,0.157834072246829,0.064807610375115,0.029029237580219,0.003710756374382,-0.041872508516542,0.006659411273193,0.007891696086226,0.003240377428488,0.004055490874529
1403637227.538319110870361,-1.278141304261067,-0.971963183114386,0.210524628626749,0.059164939673917,0.817369507687172,-0.103376068263186,0.563666555977075,0.155367892569862,0.150163050940769,-0.016909564233270,0.133620665061608,0.146419322101536,0.034332809902222,0.021747227508254,0.003743728839232,-0.051242374135492,0.006681058739200,0.007320994032346,0.001716647043575,0.002277021138793
1403637227.588319063186646,-1.271310033100966,-0.965094842697805,0.210939047735850,0.058459061389580,0.817837318205759,-0.104704479804932,0.562815805570740,0.164217479559666,0.146751320898481,-0.037585035157715,0.136625553498307,0.137366939334951,0.008288390086450,0.027591926061359,0.009384381563529,-0.045873425244164,0.006831271160101,0.006868340416581,0.000414419109101,0.003580818435850
1403637227.638319015502930,-1.263933592635072,-0.958909461070764,0.210173823941718,0.055840369922593,0.817489825514914,-0.107145695883064,0.563127017750203,0.164987999549306,0.125339978934008,-0.067050363330996,0.147528950012442,0.123707750517717,-0.015304490478133,0.017459049536864,0.001632228416291,-0.051745872852863,0.007376440465894,0.006185381627041,-0.000765223794132,0.007220719988624
1403637227.688318967819214,-1.256722529895216,-0.953591713317662,0.208007300824485,0.054188997042834,0.817861760915657,-0.109019036223632,0.562388248785750,0.179049916912097,0.115479340481401,-0.085115570266582,0.144221392337350,0.106355056490128,-0.043330503667845,0.034828524574747,0.009124283991273,-0.041785066598737,0.007211062739856,0.005317747753102,-0.002166523117233,0.005261389905937
1403637227.738318920135498,-1.242139017472949,-0.953383383356101,0.209199644373811,0.052140802041404,0.817735894711592,-0.110711603262079,0.562434248749000,0.186581920333939,0.095321043482310,-0.103097244624502,0.291670526604045,0.004166603204813,0.023846893728675,-0.105088606270106,0.091154440277497,-0.126944138353178,0.014583512422268,0.000208329961562,0.001192343549325,0.005320845202126
1403637227.788319110870361,-1.234228014658494,-0.951564038351335,0.205894004937259,0.050081775917798,0.817651761189205,-0.112528762052481,0.562383046380353,0.193175232723362,0.064311024671585,-0.109642446826414,0.158219452729775,0.036386761290841,-0.066112536531714,0.034955779993587,0.027924263380744,-0.043529910294701,0.007911002814454,0.001819345004766,-0.003305639436551,0.005495947427476
1403637227.838319063186646,-1.226621574292793,-0.948777306335738,0.201428833282339,0.052412054947890,0.817405778962457,-0.111607006640662,0.562711866840952,0.188236721301574,0.044164144806355,-0.112177401200642,0.152128952395499,0.055734693464674,-0.089303518264891,0.036107768906074,-0.011570548658319,-0.022873882935751,0.007606440365701,0.002786732015596,-0.004465171654921,0.005078766390868
1403637227.888319015502930,-1.218984999171832,-0.947742369846174,0.196555805125312,0.054059243713631,0.815048305319916,-0.110387746033957,0.566205266391780,0.195359391247144,0.028768053524352,-0.118458116270414,0.152731648075471,0.020698749531154,-0.097460656086247,0.042627743171673,0.008069303993197,-0.020997460184167,0.007636575120961,0.001034936489564,-0.004873028157026,0.009372596192259
1403637227.938318967819214,-1.210720154217459,-0.946852749506288,0.191238860204757,0.058483756518610,0.812097121507653,-0.107570545390326,0.570531763556495,0.185537518203416,0.013254571394229,-0.135975582810589,0.165297056727017,0.017792423765890,-0.106338999823887,0.020240461476399,-0.004537852371661,-0.029636582986703,0.008264844954373,0.000889620339886,-0.005316944920556,0.014824472763986
1403637227.988318920135498,-1.202610708773198,-0.946452709696119,0.185026870820707,0.061842936892316,0.809614905234076,-0.104962466823579,0.574179446634639,0.179080057013423,0.011250976140139,-0.151018004116048,0.162189063560772,0.008000803833546,-0.124239906165403,0.016890993452651,0.003250172306593,-0.026778097950644,0.008109445444261,0.000400039810169,-0.006211989384050,0.012256145165773
1403637228.038319110870361,-1.194840224081824,-0.946326321020111,0.178462099456026,0.065842770089981,0.806953118270644,-0.101843509313204,0.578030530466111,0.169123344096042,0.009697871346074,-0.161823993538987,0.155409100988803,0.002527763877515,-0.131294926443219,0.013714243107239,0.007170107468559,-0.030529067095767,0.007770484691374,0.000126388676008,-0.006564771364681,0.013804739364208
1403637228.088319063186646,-1.187710550700404,-0.945957992707193,0.170998046123995,0.067390930005086,0.805695859824944,-0.100205956124344,0.579889136276236,0.161124601269168,0.013807305588860,-0.171439568463968,0.142593603616264,0.007366573283661,-0.149281209006283,0.018530997652903,0.006440732305199,-0.022158359457685,0.007129673381420,0.000368328312917,-0.007464053332031,0.006360346672630
1403637228.138319015502930,-1.181135314621490,-0.945603312397501,0.163438826057554,0.067358847388231,0.803763149632232,-0.099295783558659,0.582724576742113,0.135814650638339,0.014825746220103,-0.169281233575435,0.131504846991066,0.007093612958850,-0.151184545509636,0.004309803647273,0.007732133261253,-0.018096688065799,0.006575236078914,0.000354680309693,-0.007559220066441,0.007100576866005
1403637228.188318967819214,-1.175290944223745,-0.945062216169920,0.156132513666439,0.067830601229117,0.803059857419344,-0.098088765124242,0.583842846230833,0.129695952955278,0.025049365798473,-0.151381150255710,0.116887519427532,0.010821934872206,-0.146126387179285,0.012808433527746,0.014227430926266,-0.005254763076425,0.005844370397745,0.000541096227580,-0.007306312391115,0.003701131043663
1403637228.238318920135498,-1.170189537123986,-0.944166811675807,0.150235239780546,0.067349830242184,0.801868390609441,-0.097346197038633,0.585657581210974,0.096277829411321,0.028144927092684,-0.117943126252014,0.102028239296883,0.017908106960770,-0.117945590199535,-0.005750409885562,0.010236820131914,0.000002463947521,0.005101407099759,0.000895404494113,-0.005897273885893,0.004688456815252
1403637228.288319110870361,-1.165954529112358,-0.943020314981744,0.146270471848839,0.068070869243225,0.801640145414909,-0.096146471778467,0.586084712293528,0.087255828524275,0.035670184784679,-0.072942762628209,0.084699837128328,0.022929846410830,-0.079295056147512,0.002555991395948,0.012740338373849,0.006352293519303,0.004235008011628,0.001146496694063,-0.003964767931707,0.002962279643943
1403637228.338319063186646,-1.162996437030418,-0.942008245614058,0.143167120742921,0.067195827569784,0.800895670900905,-0.096128830534707,0.587205324421901,0.068695365842375,0.037764257451709,-0.039848570982033,0.059161898059976,0.020241406657442,-0.062067081310129,0.009533467782400,0.017522850794267,0.022218510328096,0.002958092081940,0.001012069367687,-0.003103351105917,0.003209999090980
1403637228.388319015502930,-1.160346200077327,-0.940575197059076,0.142797450905976,0.069117455862341,0.801408844482502,-0.094096491629327,0.586611022350749,0.047042773679334,0.041508301848534,-0.000873172614765,0.053004789611121,0.028660998432890,-0.007393403789796,-0.005962015931788,0.012847303415643,0.006520231175031,0.002650236953091,0.001433048554982,-0.000369669836945,0.005810199560487
1403637228.438318967819214,-1.158199740534711,-0.938473121913966,0.143722510284520,0.069568615272863,0.801021235970656,-0.093135170356355,0.587240178577515,0.037719650287389,0.050587519080863,0.027972849260592,0.042929231792833,0.042041542996132,0.018501205214999,-0.005209581505444,0.008545976084730,0.009471644045593,0.002146459542616,0.002102075145110,0.000925059378544,0.002587478736702
1403637228.488318920135498,-1.157866783670027,-0.935636180274010,0.146663906026499,0.071330191387698,0.800674758736789,-0.091647447895559,0.587735212330017,0.003177898777229,0.066407694681359,0.065385204346892,0.006659143644328,0.056738886909538,0.058827970942300,-0.003481244867100,0.009668807771820,0.006557233404592,0.000332956864684,0.002836941639956,0.002941395741979,0.004767211389568
1403637228.538319110870361,-1.158069366448108,-0.932160680110242,0.150954931516575,0.072667703809636,0.800346889441082,-0.089924678561990,0.588283786594992,-0.019320996073740,0.078483985406760,0.103380851169455,-0.004051640105829,0.069509738116751,0.085820182423514,-0.015269355967911,0.008974247290009,0.017560668745941,-0.000202582778080,0.003475500163768,0.004291025490076,0.004545462738897
1403637228.588319063186646,-1.159235337884188,-0.928055191350424,0.156931553448053,0.074581910606082,0.800086870001165,-0.088342975848385,0.588637458611271,-0.033634727503806,0.086605931298101,0.118246111503170,-0.023319450960764,0.082109853502427,0.119532552624685,-0.010315276543042,0.004496077795675,-0.001286441121515,-0.001165971436080,0.004105488759818,0.005976621931478,0.005043280086185
1403637228.638319015502930,-1.160911418427446,-0.922991880641792,0.164485103530393,0.075430865289923,0.800358199813572,-0.087255688078645,0.588322514825597,-0.038132764925900,0.107335129456090,0.163486657414859,-0.033521642833896,0.101266310747719,0.151071145719460,-0.004611122092004,0.006068818708371,0.012415511695399,-0.001676080543258,0.005063310708632,0.007553550082339,0.002881477789944
1403637228.688318967819214,-1.163678444144087,-0.917077604441220,0.172484311233962,0.074958993359796,0.802346429146759,-0.087716717679895,0.585599807367964,-0.073863783464283,0.122708470858922,0.148614502412219,-0.055340567109698,0.118285636817422,0.159984306644305,-0.018523216354586,0.004422834041501,-0.011369804232086,-0.002767025716641,0.005914276200572,0.007999207703569,0.006870637466434
1403637228.738318920135498,-1.167445711336553,-0.909883610363710,0.179651798030691,0.073162437103803,0.804888691093124,-0.089198319096674,0.582104039341557,-0.086261060370950,0.147498918361072,0.134498501815513,-0.075345415704295,0.143880018764876,0.143349872643678,-0.010915644666656,0.003618899596196,-0.008851370828165,-0.003767267192465,0.007193994077510,0.007167486796729,0.009819632470368
1403637228.788319110870361,-1.171767305759259,-0.901812212429096,0.185820550171487,0.069762618786169,0.807490151933032,-0.091595940885340,0.578535232431521,-0.091146781052537,0.159426508025867,0.111378892852837,-0.086431558743906,0.161427342895840,0.123374572179272,-0.004715222308630,-0.002000834869973,-0.011995679326434,-0.004321594422707,0.008071397934614,0.006168752140796,0.012134487878750
1403637228.838319063186646,-1.176303665084045,-0.893265658843006,0.190679169549238,0.066854335527315,0.810017494281993,-0.093982589878224,0.574951675863376,-0.096843878842996,0.166930209600077,0.081838119882009,-0.090727273019991,0.170931234734522,0.097172480225924,-0.006116605823006,-0.004001025134446,-0.015334360343915,-0.004536359324786,0.008546553586090,0.004858619377751,0.011555714573620
1403637228.888319015502930,-1.180932923570039,-0.884571810603078,0.194428141919136,0.064052677897477,0.811670151675447,-0.096288803713615,0.572553303730509,-0.093759899762535,0.163807317674040,0.074748013243410,-0.092585258016048,0.173877130620721,0.074979518904003,-0.001174641746487,-0.010069812946681,-0.000231505660593,-0.004629258485993,0.008693848239928,0.003748972369898,0.009306215587999
1403637228.938318967819214,-1.184689313512586,-0.876293594863372,0.197984885760235,0.064301313520398,0.812057376526657,-0.096630295319779,0.571918477000531,-0.091567154543818,0.158665318543194,0.050587474424495,-0.075127870498456,0.165564472688705,0.071134944661551,-0.016439284045361,-0.006899154145511,-0.020547470237057,-0.003756389942547,0.008278215739706,0.003556743841099,0.001710420178870
1403637228.988318920135498,-1.189252888457289,-0.868133650027453,0.200225367227119,0.067248127011802,0.811715102305104,-0.095073157531805,0.572326285278033,-0.093710266873038,0.163527258696425,0.048616471047968,-0.091271585937442,0.163199052357120,0.044809672071513,-0.002438680935596,0.000328206339305,0.003806798976455,-0.004563574944704,0.008159944835919,0.002240481466884,0.006750365291373
1403637229.038319110870361,-1.194052891414763,-0.859526032350674,0.201811152133274,0.069753073207941,0.811045321237232,-0.093495145920353,0.573235251329307,-0.096963861624673,0.171653174059605,0.025282485502268,-0.095999692939709,0.172151696828975,0.031715577137770,-0.000964168684964,-0.000498522769370,-0.006433091635502,-0.004800002957474,0.008607617676779,0.001585784906155,0.006337100425982
1403637229.088319063186646,-1.198398195802248,-0.851011456031089,0.202136411865369,0.071820628057793,0.809165114116544,-0.092165507575437,0.575846450623347,-0.101740924235861,0.177843412124140,0.005463187729758,-0.086906170629879,0.170291688794498,0.006505200845747,-0.014834753605981,0.007551723329642,-0.001042013115990,-0.004345304387485,0.008514576319584,0.000325259732095,0.008098465078967
1403637229.138319015502930,-1.203436812433081,-0.842003116637896,0.202363812145828,0.073800637798129,0.807321338838913,-0.090921323532413,0.578376205114845,-0.110178478653179,0.189276944742273,-0.005052702149503,-0.100772428720731,0.180166959684460,0.004548009946494,-0.009406049932448,0.009109985057813,-0.009600712095997,-0.005038616630833,0.009008339393193,0.000227400280459,0.007814759622914
1403637229.188318967819214,-1.208870276946456,-0.832527628159423,0.201196004543657,0.075844029061411,0.806391292261792,-0.089469362611609,0.579634367661168,-0.117457546056685,0.199948469139040,-0.032527236091710,-0.108669393902717,0.189509950300246,-0.023356174317605,-0.008788152153968,0.010438518838794,-0.009171061774104,-0.005433464513375,0.009475488478474,-0.001167807602171,0.005909857647031
1403637229.238318920135498,-1.214438166082816,-0.822569679098595,0.198813908675864,0.077003757068618,0.805802963154675,-0.089157512461781,0.580347261508220,-0.123540982474819,0.212241812394255,-0.056749824393148,-0.111357888926367,0.199159171149545,-0.047641962790766,-0.012183093548452,0.013082641244710,-0.009107861602381,-0.005567889136360,0.009957949060828,-0.002382095867793,0.003030886854675
1403637229.288319110870361,-1.220625313712739,-0.812315188320456,0.195210689319057,0.078640241140899,0.805686658230296,-0.089806597974145,0.580189189991774,-0.126728946026903,0.224412229492291,-0.073362685943929,-0.123742480558347,0.205089033210199,-0.072064112233378,-0.002986465468556,0.019323196282092,-0.001298573710551,-0.006187147629922,0.010254490778139,-0.003603219356807,0.003542827334668
1403637229.338319063186646,-1.227298591036996,-0.801673713749047,0.190186242902542,0.080707373984190,0.806003349397013,-0.092091625227562,0.579106253729244,-0.133603957431705,0.231722125171886,-0.112493559172381,-0.133465673767926,0.212829694398392,-0.100489024164091,-0.000138283663779,0.018892430773493,-0.012004535008290,-0.006673277324257,0.010641474571409,-0.005024446416514,0.006562756020236
1403637229.388319015502930,-1.233982956914670,-0.790998933297242,0.183836474981854,0.080674473412857,0.807416781737724,-0.098553325806711,0.576070318520483,-0.157560939054025,0.235562721018338,-0.139406792892085,-0.133687445047764,0.213495812641574,-0.126995479526106,-0.023873494006260,0.022066908376764,-0.012411313365979,-0.006684365877674,0.010674780451805,-0.006349767920689,0.014556041248849
1403637229.438318967819214,-1.242281005454350,-0.780168936907715,0.175632644123609,0.079295019125515,0.810021334475526,-0.108057732798636,0.570877626132599,-0.183335708639793,0.243448811148177,-0.176466450888465,-0.165961129066470,0.216600134356520,-0.164076773640689,-0.017374579573323,0.026848676791656,-0.012389677247775,-0.008298048539680,0.010829996389527,-0.008203830858244,0.022448671968952
1403637229.488318920135498,-1.251766631595610,-0.769234583103469,0.166528470961803,0.076798698862147,0.812241807239725,-0.120929545956998,0.565456675033253,-0.198171302149659,0.238465547217532,-0.177589114892834,-0.189712703749340,0.218687284641374,-0.182083636884622,-0.008458598400319,0.019778262576158,0.004494521991788,-0.009485626141260,0.010934353804246,-0.009104173161807,0.028721834438157
1403637229.538319110870361,-1.261736504568368,-0.760525222292486,0.156567028929011,0.074276787017146,0.813622236205133,-0.135733299898398,0.560426879228379,-0.190514798972743,0.222423655404578,-0.189077619264674,-0.199396698817118,0.174186551750690,-0.199228080661026,0.008881899844375,0.048237103653888,0.010150461396352,-0.009969872972758,0.008709360810983,-0.009961442032792,0.031794397138846
1403637229.588319063186646,-1.271154163393594,-0.751918188936401,0.146358410502350,0.073707346481365,0.814330518716607,-0.151169186773548,0.555500594357595,-0.189504725004476,0.190127875826261,-0.194548118431736,-0.188353356132264,0.172140831287995,-0.204172563247342,-0.001151368872213,0.017987044538266,0.009624444815606,-0.009417658825225,0.008607033356085,-0.010208618426661,0.032457146701638
1403637229.638319015502930,-1.279983389569393,-0.744452006099522,0.136121760630354,0.074738643081493,0.813922040086154,-0.167389231486790,0.551294742469573,-0.177659647798831,0.149100417587187,-0.205973227754256,-0.176584691920264,0.149323799143858,-0.204733192688706,-0.001074955878566,-0.000223381556671,-0.001240035065550,-0.008829226175799,0.007466182836879,-0.010236649871996,0.033586669722773
1403637229.688318967819214,-1.288917692060871,-0.738311800755794,0.125554559503721,0.077942226162744,0.812717312751758,-0.183321900778864,0.547547860583147,-0.167054641008277,0.111997184833557,-0.204145935181261,-0.178686220238034,0.122804223989800,-0.211344224086219,0.011631579229756,-0.010807039156243,0.007198288904958,-0.008934302491479,0.006140205343728,-0.010567201126633,0.033443080135113
1403637229.738318920135498,-1.297419380212111,-0.734439695574970,0.115248639264199,0.085557652532450,0.810759081496647,-0.196905325618855,0.544589655251349,-0.167182054823217,0.062473580295007,-0.206672955793648,-0.170033925181771,0.077442177471094,-0.206118601360458,0.002851870358555,-0.014968597176087,-0.000554354433190,-0.008501688151239,0.003872105180824,-0.010305920239522,0.031943401219078
1403637229.788319110870361,-1.305317452177067,-0.733270047264335,0.105301340458151,0.100277012071774,0.807474852203781,-0.206222019700967,0.543508383099004,-0.142382077335603,0.011536189735716,-0.198669758856496,-0.157960836726356,0.023392876975957,-0.198945217205179,0.015578759390753,-0.011856687240241,0.000275458348684,-0.007898071964956,0.001169648310635,-0.009947298806048,0.035520356772831
1403637229.838319063186646,-1.312339794985922,-0.734254614032578,0.095468357539059,0.116619815365589,0.802589411514645,-0.214658720598370,0.544216582676182,-0.133285827104279,-0.021337162386852,-0.202338889893971,-0.140446990117795,-0.019691354144007,-0.196659845931280,0.007161163013516,-0.001645808242845,-0.005679043962691,-0.007022342808855,-0.000984566768243,-0.009832982919092,0.038086489891392
1403637229.888319015502930,-1.318935164021649,-0.736478002573499,0.085387492238645,0.133960240739628,0.797211380494102,-0.222214336428832,0.545095824050380,-0.125923868221480,-0.043274142840764,-0.197935996020407,-0.131907506511341,-0.044467813226237,-0.201617498285725,0.005983638289861,0.001193670385473,0.003681502265318,-0.006595369035727,-0.002223388540921,-0.010080865300415,0.039369352433983
1403637229.938318967819214,-1.324910927787710,-0.739792061806686,0.074811039427565,0.150084796673047,0.791723328837963,-0.230608901126865,0.545406508122524,-0.108444841395801,-0.057858917609344,-0.216614700872446,-0.119515389299980,-0.066281247874463,-0.211529257951609,0.011070547904179,0.008422330265118,-0.005085442920837,-0.005975763766061,-0.003314059233187,-0.010576452811079,0.037984001778030
1403637229.988318920135498,-1.329841663620039,-0.743478879385730,0.063458201999710,0.164711494953840,0.785620809465288,-0.239686944529806,0.546095445675151,-0.094965643619290,-0.068243168503185,-0.224641450053023,-0.098614810692987,-0.073736421901414,-0.227056965095494,0.003649167073697,0.005493253398229,0.002415515042470,-0.004930735832329,-0.003686817579044,-0.011352837427855,0.036555484005587
1403637230.038319110870361,-1.334297772713482,-0.746644324549385,0.050914915083231,0.176389329067634,0.781610084013276,-0.250418429294416,0.543381165876723,-0.090383762488555,-0.053211436229744,-0.230565705046540,-0.089121841896004,-0.063308661769708,-0.250864781356384,-0.001261920592551,0.010097225539964,0.020299076309844,-0.004456109093443,-0.003165445163654,-0.012543286916479,0.033166013336844
1403637230.088319063186646,-1.338986156972155,-0.749004872208090,0.039447581860992,0.183467252341380,0.778436216810678,-0.263550299893379,0.539368207351799,-0.101767769411402,-0.037341652446272,-0.203858721284120,-0.093767774597381,-0.047210998198020,-0.229346883167013,-0.007999994814021,0.009869345751748,0.025488161882892,-0.004688384258673,-0.002360547658705,-0.011467333222239,0.031542063835992
1403637230.138319015502930,-1.345050318648125,-0.750587432379000,0.025797518432308,0.188591716551969,0.776379087815380,-0.277101094513064,0.533744938964860,-0.093067235075483,-0.041832465909309,-0.190591948582344,-0.121283349184211,-0.031651233603170,-0.273001528928238,0.028216114108728,-0.010181232306139,0.082409580345894,-0.006064161675970,-0.001582560170910,-0.013650063428685,0.031352328635454
1403637230.188318967819214,-1.349220794802179,-0.752584644379389,0.014834360214217,0.194128682287655,0.774248187720305,-0.288900486382001,0.528573842990102,-0.076592364810623,-0.046122842935022,-0.157832669266938,-0.083409602626675,-0.039944278101615,-0.219263373467672,0.006817237816052,-0.006178564833407,0.061430704200734,-0.004170476154054,-0.001997212000389,-0.010963158218091,0.028366739621402
1403637230.238318920135498,-1.350997489914669,-0.755228814943970,0.007729661892917,0.199572337662246,0.772308791468734,-0.298173172067593,0.524216340950260,-0.059630796206134,-0.052039663201088,-0.109616757382192,-0.035533936137611,-0.052883461725224,-0.142094101937477,-0.024096860068522,0.000843798524136,0.032477344555286,-0.001776695112490,-0.002644170564581,-0.007104698321299,0.023525880297941
1403637230.288319110870361,-1.351050055042449,-0.758703745467020,0.003989243386123,0.205285733537311,0.770882392470732,-0.304825312294429,0.520268808952884,-0.024969231023531,-0.063400993030352,-0.064562099614407,-0.001051298545211,-0.069498345345842,-0.074808084765689,-0.023917932478320,0.006097352315489,0.010245985151282,-0.000052565127780,-0.003474930523049,-0.003740418506794,0.019443480076566
1403637230.338319063186646,-1.349771192479112,-0.762096558341901,0.002380338798175,0.210495395638346,0.768862373174418,-0.309443269485150,0.518446913870649,0.002344687310003,-0.065708598513298,-0.031347040106450,0.025577275659133,-0.067856322210446,-0.032178122446403,-0.023232588349129,0.002147723697147,0.000831082339953,0.001278862563337,-0.003392812874881,-0.001608904587948,0.014948732060602
1403637230.388319015502930,-1.346278522192278,-0.766420894155560,0.003556319975983,0.214152338608508,0.765652395697886,-0.313473098895406,0.519278153882393,0.033423288497128,-0.076554803009643,0.019577584173556,0.069853472354144,-0.086486798753436,0.023519645986232,-0.036430183857016,0.009931995743793,-0.003942061812676,0.003492670286834,-0.004324335813660,0.001175981177807,0.012744851467972
1403637230.438318967819214,-1.341774986971398,-0.770390392988378,0.007830704131448,0.219453079524340,0.761471404873335,-0.315224836444346,0.522144566127188,0.059987759608770,-0.084459328520318,0.061555480606805,0.090070790315804,-0.079390052368595,0.085487764636795,-0.030083030707034,-0.005069276151723,-0.023932284029990,0.004503535220880,-0.003969498832817,0.004274384155465,0.015081606225500
1403637230.488318920135498,-1.336304794726582,-0.774118550843641,0.014382891909856,0.224292477577477,0.757071958617256,-0.315538472637199,0.526279779455161,0.073089463873580,-0.073392448699358,0.101924489622586,0.109403949232042,-0.074563228214303,0.131043880541340,-0.036314485358462,0.001170779514945,-0.029119390918754,0.005470192244815,-0.003728157855263,0.006552187778408,0.015488519301824
1403637230.538319110870361,-1.330635776747154,-0.777520287823455,0.022602020029189,0.228484432285546,0.752515968842600,-0.316231871425120,0.530577029596081,0.073759303553979,-0.068828615753795,0.140064268041246,0.113379927078464,-0.068034480065343,0.164381935319341,-0.039620623524485,-0.000794135688453,-0.024317667278094,0.005669017979428,-0.003401736979814,0.008219128119333,0.015136308815665
1403637230.588319063186646,-1.325212256533755,-0.780692438833875,0.032623781491749,0.233794287916175,0.747399376738690,-0.317305063614839,0.534838199077786,0.080751987652643,-0.064103606035762,0.166582185432997,0.108470507713512,-0.063443080712439,0.200435420401312,-0.027718520060869,-0.000660525323323,-0.033853234968315,0.005423520213399,-0.003172151010420,0.010021761462560,0.017167858438942
1403637230.638319015502930,-1.320771288651114,-0.782699187266225,0.043637915738543,0.237015764239879,0.741875588546112,-0.321972214291753,0.538310349004374,0.060753901475111,-0.035346226844012,0.190032004831245,0.088819442357657,-0.040135006922720,0.220282895014025,-0.028065540882546,0.004788780078707,-0.030250890182780,0.004440967882642,-0.002006748432350,0.011014134246794,0.017289156326180
1403637230.688318967819214,-1.317454730677554,-0.783756390701119,0.054371628443762,0.240498644042483,0.737432733500752,-0.327749238822702,0.539382797488459,0.053851692849528,-0.030921408911592,0.213767721905154,0.066331222729581,-0.021144088862446,0.214674458833891,-0.012479529880054,-0.009777320049146,-0.000906736928737,0.003316557973560,-0.001057203434894,0.010733712705219,0.016296495107915
1403637230.738318920135498,-1.314695821874924,-0.784206774071442,0.065550610758954,0.242248285959942,0.734153753453404,-0.336578977513484,0.537632426603647,0.035916881483772,-0.009599792208118,0.220073650534204,0.055178228674657,-0.009007675996858,0.223579859526212,-0.019261347190884,-0.000592116211260,-0.003506208992009,0.002758908802630,-0.000450383370323,0.011178982315192,0.019477349937785
1403637230.788319110870361,-1.312706729521240,-0.783768293634557,0.077567905128775,0.243393627526481,0.732250578973543,-0.347039726496343,0.533040392377309,0.024509432931741,0.005826122128112,0.233154891515733,0.039781695318543,0.008769575284421,0.240344970553113,-0.015272262386802,-0.002943453156309,-0.007190079037379,0.001989092353683,0.000438480436885,0.012017294369821,0.023276551024167
1403637230.838319063186646,-1.312147431982326,-0.783231296379092,0.088334417029304,0.242914946037510,0.731199829474470,-0.360412039831079,0.525777804697860,-0.003797116258283,0.004367273778333,0.223720619302744,0.011185961446056,0.010739955351732,0.215330443365702,-0.014983077704339,-0.006372681573399,0.008390175937043,0.000559297538915,0.000536997255466,0.010766511900529,0.030522232843101
1403637230.938318967819214,-1.314861206063514,-0.783180272061628,0.105482154440630,0.247123506126732,0.727150388811317,-0.388433775389456,0.509216542256706,-0.028481875253477,-0.010710270764537,0.151806775624622,-0.027137766692469,0.000510243661245,0.171477537646982,-0.001344108561008,-0.011220514425782,-0.019670762022360,-0.002713774081188,0.000051024317464,0.017147737411326,0.066142352651124
1403637230.988318920135498,-1.317265633437217,-0.784326158941017,0.111949384339530,0.251774580224532,0.723505061245261,-0.402375037900126,0.501242771499125,-0.042286476590197,-0.034494987584539,0.128259612154688,-0.048088593334929,-0.022917759443861,0.129344721330734,0.005802116744731,-0.011577228140678,-0.001085109176046,-0.002404427373704,-0.001145886879389,0.006467229898900,0.034226765630153
1403637231.038319110870361,-1.325559810409717,-0.783800462398571,0.116652653795098,0.258344402049028,0.718671807943041,-0.416364126950868,0.493365904969377,-0.060623136699501,-0.051555331358898,0.105267705425072,-0.165882906656925,0.010513890741606,0.094065030281749,0.105259769957425,-0.062069222100504,0.011202675143323,-0.008294176972500,0.000525696542446,0.004703269455568,0.036015068937718
1403637231.088319063186646,-1.329487768554476,-0.787050995555680,0.119684346652039,0.265269625579789,0.711810735341184,-0.430895301756527,0.487120869725321,-0.074613126612543,-0.065480178605752,0.046929966527407,-0.078559237815101,-0.065010725141230,0.060633914963832,0.003946111202557,-0.000469453464522,-0.013703948436425,-0.003927958144759,-0.003250533157109,0.003031692856941,0.037159035223329
1403637231.138319015502930,-1.334048860900179,-0.791783788001088,0.118951568441176,0.273898618708836,0.704286768490086,-0.445246594876235,0.480328183797601,-0.082172426638617,-0.095176602152563,-0.032488957923404,-0.091221933910073,-0.094655939179096,-0.014655578193923,0.009049507271456,-0.000520662973466,-0.017833379729480,-0.004561092345703,-0.004732792445408,-0.000732778210864,0.039150071850126
1403637231.188318967819214,-1.338891210329937,-0.798084610200168,0.114551131725891,0.281310502548392,0.694674773033873,-0.461057481324424,0.475097210874876,-0.095458626926839,-0.132169293034898,-0.106724057454894,-0.096847080955748,-0.126016564160372,-0.088008818237449,0.001388454028908,-0.006152728874526,-0.018715239217445,-0.004842349429759,-0.006300822199081,-0.004400436715285,0.041215954023968
1403637231.238318920135498,-1.343999351959226,-0.805446782984703,0.106835918998276,0.290412949295879,0.684120697348828,-0.476562072804289,0.469603855504511,-0.104597029469091,-0.155259600312035,-0.186105205564698,-0.102162930015944,-0.147243596113129,-0.154304401708430,-0.002434099453147,-0.008016004198906,-0.031800803856268,-0.005108141629289,-0.007362172784535,-0.007715212727614,0.043119849993507
1403637231.288319110870361,-1.350104825776330,-0.813582393299853,0.095188797930556,0.299405617355083,0.673009158699206,-0.492263649600043,0.463779525082398,-0.123044973579169,-0.175296506239273,-0.266770748681731,-0.122109010533163,-0.162711585607557,-0.232941532752987,-0.000935963046006,-0.012584920631717,-0.033829215928744,-0.006105473817104,-0.008135610315150,-0.011647121067721,0.044037088715944
1403637231.338319063186646,-1.357623842793509,-0.822818165682158,0.080148353823061,0.309439866437320,0.660513064961066,-0.507733450197688,0.458449783100990,-0.136784557531992,-0.192884468548555,-0.330067491127048,-0.150380483757586,-0.184715623804657,-0.300809169023874,0.013595926225594,-0.008168844743898,-0.029258322103174,-0.007519017017179,-0.009235772382306,-0.015040444107495,0.045807524503861
1403637231.388319015502930,-1.366185482493182,-0.833004161478488,0.061655667678969,0.320928776463795,0.647014019170713,-0.522453053307664,0.453233258404005,-0.155736418934493,-0.212444853122321,-0.406622354628242,-0.171232957293930,-0.203720110209223,-0.369854075602182,0.015496538359437,-0.008724742913099,-0.036768279026060,-0.008561639699673,-0.010185995796329,-0.018492686144092,0.047249300292589
1403637231.438318967819214,-1.375447020425457,-0.844028332825118,0.039153780136883,0.331546533821433,0.633024005642816,-0.537596636878279,0.447601787538970,-0.169854936722106,-0.226939515465218,-0.486388673610535,-0.185230935295484,-0.220483637202187,-0.450038180031564,0.015375998573378,-0.006455878263031,-0.036350493578971,-0.009261537932275,-0.011024171346630,-0.022501887542086,0.047729482156961
1403637231.488318920135498,-1.385875355577609,-0.855670626925033,0.012099120773931,0.339650287092409,0.618394610383661,-0.554468401639898,0.441350858058961,-0.196063722564106,-0.237383148965575,-0.575834168207064,-0.208566901947940,-0.232846104057647,-0.541093703286205,0.012503179383834,-0.004537044907927,-0.034740464920859,-0.010428335152152,-0.011642294099915,-0.027054659362952,0.049130476640715
1403637231.538319110870361,-1.397681848852400,-0.867674354312422,-0.018952215434319,0.347226096343963,0.603668069797393,-0.571758299834669,0.433718049076806,-0.226061732719530,-0.243273819782313,-0.654393847119397,-0.236128964735308,-0.240073631939550,-0.621024355145103,0.010067232015778,-0.003200187842763,-0.033369491974294,-0.011806493274791,-0.012003727387389,-0.031051336208251,0.050259226723857
1403637231.588319063186646,-1.410924522159427,-0.880167594235027,-0.053102411330895,0.354326936275005,0.589500532324728,-0.588639060621571,0.424788889837512,-0.259783729432242,-0.257039194053124,-0.700024015881302,-0.264853718724729,-0.249865036741981,-0.683004569295434,0.005069989292487,-0.007174157311143,-0.017019446585869,-0.013242673307027,-0.012493239922606,-0.034150195896576,0.049633159150431
1403637231.638319015502930,-1.423119452393486,-0.894673506581266,-0.087296770424029,0.363759081939017,0.576021598460872,-0.603248864533425,0.414691760049074,-0.296426012518136,-0.278243361748336,-0.701937368752374,-0.243898837281227,-0.290118523603364,-0.683887834068935,-0.052527175236909,0.011875161855028,-0.018049534683439,-0.012194930234058,-0.014505912346239,-0.034194359093134,0.048417932762471
1403637231.688318967819214,-1.439859284349550,-0.909283959461117,-0.121504231390180,0.374438619242975,0.562797116638164,-0.616287684072092,0.404035414764896,-0.325061714748914,-0.295041599807975,-0.666421347977395,-0.334796958408556,-0.292209336269552,-0.684149871779189,0.009735243659642,-0.002832263538423,0.017728523801794,-0.016739831956065,-0.014610452879851,-0.034207460966151,0.047855418173807
1403637231.738318920135498,-1.452425447218137,-0.931497516183065,-0.153995581328474,0.383444173800032,0.548615552670278,-0.628809517177821,0.395714710433783,-0.345985567028260,-0.337066545716172,-0.630731954892252,-0.251323497052503,-0.444271558129335,-0.649827618489780,-0.094662069975757,0.107205012413163,0.019095663597527,-0.012566162868587,-0.022213556721948,-0.032491349938293,0.045089631716168
1403637231.788319110870361,-1.470496239765311,-0.950515960017527,-0.184265511885165,0.393148311350613,0.534784990211099,-0.639790312674605,0.387437446996037,-0.374173514793603,-0.370225123828078,-0.598088431265970,-0.361414472256679,-0.380367425702669,-0.605396301730208,-0.012759042536924,0.010142301874590,0.007307870464238,-0.018070792547174,-0.019018443834462,-0.030269930556691,0.043569001394138
1403637231.838319063186646,-1.489789134325375,-0.970597938917499,-0.212941106901558,0.400775102210473,0.522232000831822,-0.650536791162636,0.378754456210351,-0.408491512470267,-0.393312413813683,-0.557833959715758,-0.385858259184385,-0.401639961033153,-0.573512447271955,-0.022633253285882,0.008327547219470,0.015678487556197,-0.019292894560064,-0.020081978899972,-0.028675595016393,0.040330652837175
1403637231.888319015502930,-1.510342411957740,-0.991904493784586,-0.239100419374065,0.406737265064037,0.510944278175497,-0.661031772604271,0.369510131681937,-0.430565436851830,-0.400857986395686,-0.508077395504109,-0.411065944670332,-0.426131503732399,-0.523186748399893,-0.019499492181498,0.025273517336713,0.015109352895784,-0.020553277632365,-0.021306554867086,-0.026159312472506,0.037872045338183
1403637231.938318967819214,-1.531802274664910,-1.014473188069462,-0.262433085597532,0.411545039988019,0.498996932363322,-0.671061406465701,0.362366293004096,-0.459236563270428,-0.438188563345967,-0.453410749155256,-0.429197663458198,-0.451374316161616,-0.466653769505055,-0.030038899812230,0.013185752815649,0.013243020349799,-0.021459862707170,-0.022568694284876,-0.023332666223467,0.035636507013778
1403637231.988318920135498,-1.551732816285649,-1.041101969651501,-0.283328429436765,0.417048639912032,0.487521249457257,-0.679709768939824,0.355511031169119,-0.495935797992476,-0.476035588481967,-0.383267755528042,-0.398611212560045,-0.532576139544965,-0.417907275332102,-0.097324585432431,0.056540551062999,0.034639519804060,-0.019930541620738,-0.026628781582039,-0.020895343839233,0.033691328812280
1403637232.038319110870361,-1.576561491453761,-1.067579575425744,-0.299893206600817,0.426006350463306,0.473091052622141,-0.685441488364019,0.353374321821955,-0.539439733705239,-0.519845995181273,-0.291489211954978,-0.496571609091884,-0.529550095411561,-0.331294279493664,-0.042868124613355,0.009704100230288,0.039805067538686,-0.024828675168112,-0.026477605774243,-0.016564777164052,0.036105298454174
1403637232.088319063186646,-1.603720787743007,-1.095283411420196,-0.314071557340681,0.435916315460269,0.457748018094166,-0.690098539730427,0.352431161091551,-0.582123392475434,-0.528188837639977,-0.248369590357101,-0.543186443807884,-0.554077248298284,-0.283567285228118,-0.038936948667550,0.025888410658307,0.035197694871017,-0.027159296289246,-0.027703835994452,-0.014178350739864,0.037746754440479
1403637232.138319015502930,-1.633297597372638,-1.121519660839009,-0.327282865317005,0.445553346135077,0.442970635450250,-0.694373272765845,0.350863206884231,-0.619885573481399,-0.505010995390227,-0.228965369674280,-0.591536756726035,-0.524725488793475,-0.264226411512407,-0.028348816755364,0.019714493403248,0.035261041838127,-0.029576809629631,-0.026236249418813,-0.013211307976323,0.036440878437320
1403637232.188318967819214,-1.664140251353516,-1.147776516004170,-0.340558593153220,0.453564270114023,0.428769772801618,-0.699021500700579,0.349005553488613,-0.647354312601782,-0.471004573577190,-0.191075308829136,-0.616853667895054,-0.525137604113483,-0.265514809938956,-0.030500644706728,0.054133030536293,0.074439501109820,-0.030842653980878,-0.026256855165162,-0.013275727836215,0.034111778260784
1403637232.238318920135498,-1.696915972812068,-1.173441201055259,-0.352364850380698,0.460766174991335,0.417704156856737,-0.703629053437808,0.343691612476463,-0.689153469011935,-0.470127671944314,-0.168709285425079,-0.655515054318912,-0.513294190537264,-0.236125369736270,-0.033638414693023,0.043166518592950,0.067416084311191,-0.032775721458552,-0.025664685051089,-0.011806257227478,0.029919022361118
1403637232.288319110870361,-1.731832084925407,-1.197460128298184,-0.361561211804872,0.468049418333510,0.407949095930627,-0.707784071467737,0.336970303296301,-0.716713497399688,-0.437683598851830,-0.125645739046119,-0.698319578388985,-0.480376712366773,-0.183926526859460,-0.018393919010703,0.042693113514943,0.058280787813341,-0.034916112113339,-0.024018927242925,-0.009196361424174,0.029027622497371
1403637232.338319063186646,-1.769264694060617,-1.218498647974472,-0.369203790442664,0.476447618747452,0.398575572427703,-0.710923981615437,0.329730605218662,-0.752989760118244,-0.416336718085128,-0.084610229669079,-0.748652896675252,-0.420770794804045,-0.152851718526590,-0.004336863442992,0.004434076718917,0.068241488857511,-0.037432609135211,-0.021038519676287,-0.007642578637792,0.029709866032403
1403637232.388319015502930,-1.807529303622269,-1.238753414180120,-0.374174737837108,0.485440881117404,0.389966057730957,-0.713501688765462,0.321230392221172,-0.774380890567669,-0.392203161452405,-0.062871490449890,-0.765292921073232,-0.405095710442331,-0.099419042702262,-0.009087969494437,0.012892548989926,0.036547552252372,-0.038264609561651,-0.020254766205648,-0.004970947394444,0.030587923485779
1403637232.438318967819214,-1.847167981994636,-1.257794173295582,-0.378183441092348,0.492250966201797,0.380269232206071,-0.717318812047773,0.313907660297059,-0.793422492064388,-0.367752317195864,-0.046523297721078,-0.792774323495856,-0.380815545483254,-0.080174141564825,-0.000648168568532,0.013063228287389,0.033650843843747,-0.039638678372367,-0.019040759115462,-0.004008703255240,0.028886131157622
1403637232.488318920135498,-1.886758462968269,-1.275788840831363,-0.381571882915777,0.496920956346869,0.369409058548828,-0.722476938609509,0.307625720288167,-0.802132061976442,-0.327803679906885,-0.043848229718420,-0.791810374601872,-0.359893693936991,-0.067768901098046,-0.010321687374570,0.032090014030107,0.023920671379627,-0.039590480973633,-0.017994667535781,-0.003388441823429,0.028693187345918
1403637232.538319110870361,-1.927231759861763,-1.291499165311873,-0.383793285011360,0.495139282565318,0.356737962096542,-0.731902342357584,0.303140361072871,-0.810152307713328,-0.296697560315254,-0.022343619124994,-0.809462850014159,-0.314205291012129,-0.044427872432780,-0.000689457699169,0.017507730696875,0.022084253307787,-0.040473296893494,-0.015710324480510,-0.002221402095583,0.033026893686585
1403637232.588319063186646,-1.968867067101566,-1.305606333175057,-0.384810282203601,0.492779992432217,0.344706394912578,-0.741663242380643,0.297121213087032,-0.839926548532631,-0.261979330022607,0.006931546798947,-0.832706938927295,-0.282143626336817,-0.020339963242519,-0.007219609605337,0.020164296314210,0.027271510041466,-0.041635307239804,-0.014107167863184,-0.001016997192241,0.033575990817188
1403637232.638319015502930,-2.012057771815857,-1.318352725419984,-0.384056382147180,0.489821857100509,0.332228156079028,-0.751704256205927,0.290929049455072,-0.878465301205815,-0.230807722195734,0.038306034268224,-0.863814918083908,-0.254928088016913,0.015078015507934,-0.014650383121908,0.024120365821178,0.023228018760290,-0.043190704714290,-0.012746392244927,0.000753900056421,0.034849937768031
1403637232.688318967819214,-2.056761192632099,-1.329453464140729,-0.381796771228449,0.487735361871383,0.319591237093572,-0.760814739474291,0.284844852774029,-0.915043086477356,-0.210039094363682,0.065444725615619,-0.894069268975757,-0.222014986144884,0.045192261473335,-0.020973817501599,0.011975891781201,0.020252464142285,-0.044703420816243,-0.011100738720745,0.002259610918732,0.033708768177941
1403637232.738318920135498,-2.103291851484734,-1.339266754999326,-0.378668262628297,0.484762591352463,0.308091774946344,-0.770067479380003,0.277634229584509,-0.952515636678402,-0.166331312282627,0.075919359225407,-0.930614064555420,-0.196266004345793,0.062570231674657,-0.021901572122982,0.029934692063166,0.013349127550751,-0.046530658852634,-0.009813290858597,0.003128508600152,0.033387886962562
1403637232.788319110870361,-2.152903836424014,-1.346764109703181,-0.373853516314233,0.481869638832957,0.296677219161504,-0.778668960347073,0.271033077305336,-1.004991960114568,-0.129693981475703,0.118186713015754,-0.992235913705982,-0.149946522076513,0.096294558946687,-0.012756046408587,0.020252540600810,0.021892154069067,-0.049611984939280,-0.007497354703855,0.004814746314064,0.032014210299723
1403637232.838319063186646,-2.204973071158478,-1.353104212838200,-0.367452438091182,0.479353346179980,0.289271302558010,-0.785973738191241,0.262274218893384,-1.060440272641567,-0.119956937954681,0.148449008181473,-1.041385687832051,-0.126802183628370,0.128021686552013,-0.019054584809516,0.006845245673689,0.020427321629460,-0.052069234734463,-0.006340103135019,0.006401078223051,0.027659338952684
1403637232.888319015502930,-2.261731795935219,-1.360219120782570,-0.361190621958370,0.477431568202544,0.284376786380711,-0.791997235851673,0.252842479529742,-1.131986763922774,-0.111694736473589,0.187228466097798,-1.135175578122616,-0.142298294593615,0.125236442091029,0.003188814199843,0.030603558120026,0.061992024006769,-0.056758724776741,-0.007114907944369,0.006261816132813,0.024729876560340
1403637232.938318967819214,-2.320508171662635,-1.365707590743652,-0.352086612328388,0.474976213982138,0.281109920733980,-0.797461670941384,0.243782058395417,-1.201355608325029,-0.102184917479937,0.209949970784922,-1.175528635619784,-0.109769503906001,0.182080366244995,-0.025826972705245,0.007584586426063,0.027869604539927,-0.058776375727416,-0.005488469961082,0.009104009629981,0.022685134938414
1403637232.988318920135498,-2.381110395898708,-1.368880380145356,-0.339513447790913,0.474442993382645,0.279548919689779,-0.800822581929635,0.235455812843826,-1.252623694794255,-0.096396549110902,0.231891893403337,-1.212045640618268,-0.063455848550305,0.251463530563824,-0.040578054175986,-0.032940700560596,-0.019571637160487,-0.060602224236074,-0.003172789401705,0.012573164537476,0.018258555799439
1403637233.038319110870361,-2.446732221275343,-1.374037302420879,-0.327988931673003,0.473346348949303,0.279332434502364,-0.803804013442904,0.227630694205391,-1.324238519482720,-0.104319750357770,0.269038683456328,-1.312431501003846,-0.103138052070006,0.230489443110748,-0.011807018478874,-0.001181698287764,0.038549240345579,-0.065621825376635,-0.005156922275523,0.011524516117910,0.016896311421271
1403637233.088319063186646,-2.515797672081945,-1.381351069284546,-0.315226665753452,0.472431704039131,0.280022075410294,-0.806064447317667,0.220581116762199,-1.382698164143262,-0.124420183415006,0.282763688516635,-1.381310333452219,-0.146275476772508,0.255245561812142,-0.001387830691043,0.021855293357503,0.027518126704493,-0.069065450806602,-0.007313766863667,0.012762265919550,0.014982462516344
1403637233.138319015502930,-2.586632440605142,-1.388696422213735,-0.301824414250195,0.470982147878323,0.281390209900030,-0.808061100057345,0.214552149200264,-1.439382280748736,-0.143283016010473,0.269394804573074,-1.416696721531220,-0.146907198685410,0.268045285693046,-0.022685559217516,0.003624182674936,0.001349518880028,-0.070834768523197,-0.007345352929189,0.013402251503257,0.013312887090653
1403637233.238318920135498,-2.735591839287791,-1.404795278649031,-0.277310353626682,0.465083993228089,0.285038118266844,-0.812484737166564,0.205715099711447,-1.545822802631514,-0.186678032944725,0.207504408637643,-1.489595407415369,-0.160988717883756,0.245140840019653,-0.056227395216145,-0.025689315060969,-0.037636431382010,-0.148959398682649,-0.016098856435295,0.024514060623513,0.024146158546928
1403637233.288319110870361,-2.814269440113703,-1.415279827837412,-0.266739391379511,0.462077391923892,0.287714559278250,-0.814195062260312,0.201968356043869,-1.605454449681934,-0.215918140545148,0.181649430693122,-1.573546013916573,-0.209690183863065,0.211418438446083,-0.031908435765362,-0.006227956682082,-0.029769007752961,-0.078677600825912,-0.010484549188382,0.010570962247171,0.011518051848083
1403637233.338319063186646,-2.896505735589634,-1.427917306001331,-0.258124368976610,0.458699199970706,0.289885196289665,-0.815847909549637,0.199884480142465,-1.662441703233234,-0.259672676556748,0.153013398055166,-1.644727478052961,-0.252749804319375,0.172300612376702,-0.017714225180274,-0.006922872237373,-0.019287214321537,-0.082236295475930,-0.012637478163919,0.008615022402902,0.009632929707871
1403637233.388319015502930,-2.982289132828456,-1.443066453145950,-0.251640333501136,0.454901559065863,0.292470321832019,-0.817546107895468,0.197848537704714,-1.734688532614210,-0.304001684306995,0.104108289069821,-1.715669580966473,-0.302983231839693,0.129680833182744,-0.019018951647737,-0.001018452467301,-0.025572544112923,-0.085783397238823,-0.015149147144618,0.006484035475473,0.010608290287002
1403637233.438318967819214,-3.070867928967511,-1.459437245331512,-0.248056619032388,0.452716096901771,0.296076842964957,-0.818165890657229,0.194913350058412,-1.795481502117970,-0.340949759007444,0.039269777904873,-1.771577612289163,-0.327416155959628,0.071674357728969,-0.023903889828807,-0.013533603047815,-0.032404579824095,-0.088578796139055,-0.016370792185562,0.003583714468749,0.010350411879728
1403637233.488318920135498,-3.162628061500090,-1.478734156124821,-0.248134084498347,0.454883985608349,0.302402355261579,-0.815952794725947,0.189352612731457,-1.857056997412490,-0.387282227790763,-0.009511463314488,-1.835204400838873,-0.385938583925895,-0.001549310796732,-0.021852596573617,-0.001343643864869,-0.007962152517756,-0.091760132532579,-0.019296910793309,-0.000077465465960,0.017947922545833
1403637233.538319110870361,-3.257899745950438,-1.499841497687618,-0.249255905398186,0.462541134810608,0.311774786145786,-0.809973565095794,0.181093912591984,-1.903495120668907,-0.432018804094126,-0.040530903222437,-1.905426420382010,-0.422145220899719,-0.022436332408963,0.001931299713103,-0.009873583194408,-0.018094570813474,-0.095271684450348,-0.021107341562797,-0.001121820899839,0.031650398800656
1403637233.588319063186646,-3.355392613088488,-1.523935749761491,-0.253448686574802,0.476256702189034,0.322938121159159,-0.799801420281961,0.170904100703222,-1.936106871468716,-0.488090715430460,-0.092882351726804,-1.949859202291636,-0.481885501039285,-0.083855703503345,0.013752330822921,-0.006205214391176,-0.009026648223460,-0.097492867138050,-0.024094252073873,-0.004192781176616,0.045609831048993
1403637233.638319015502930,-3.454628183163501,-1.550907567269566,-0.260745655741190,0.492958764216297,0.334087399265791,-0.787066695672993,0.160944968845124,-1.961850371321677,-0.560110575641723,-0.165696228110262,-1.984713294270366,-0.539436864608576,-0.145939522506528,0.022862922948689,-0.020673711033147,-0.019756705603734,-0.099235570075014,-0.026971817508075,-0.007296969166388,0.051561986387073
1403637233.688318967819214,-3.553793397522223,-1.581844251325951,-0.271240053376410,0.509087541139836,0.343389560285268,-0.774400597300126,0.152371914224683,-1.957408278918070,-0.647740225315380,-0.211408953113189,-1.983306178602596,-0.618734271198700,-0.209888152869355,0.025897899684526,-0.029005954116681,-0.001520800243834,-0.099165214358722,-0.030936684056386,-0.010494397635221,0.048192242166053
1403637233.738318920135498,-3.649695042716430,-1.614209515917342,-0.284267444780837,0.523632376996429,0.351666071353890,-0.762362479091420,0.144718894734499,-1.924637734752490,-0.720210475561622,-0.250426609538829,-1.918034733064611,-0.647305909146823,-0.260548076566535,-0.006603001687879,-0.072904566414799,0.010121467027706,-0.095901645194207,-0.032365264591390,-0.013027391404426,0.043979875771457
1403637233.788319110870361,-3.744002301866136,-1.652472746456145,-0.298772833309299,0.536447613425679,0.358102150884422,-0.751605132608756,0.138117820059609,-1.874576461682302,-0.802383089153141,-0.282372700540524,-1.886137987948691,-0.765261691534393,-0.290106663900147,0.011561526266389,-0.037121397618748,0.007733963359623,-0.094307259149706,-0.038263230538804,-0.014505388528462,0.038207810412974
1403637233.838319063186646,-3.831684627913274,-1.694126945045231,-0.317372738048179,0.545647446141452,0.362561404394936,-0.743673881334240,0.133293851260099,-1.805354562461354,-0.881033747712831,-0.312538607761944,-1.753648193351997,-0.833084766273263,-0.371998449542974,-0.051706369109357,-0.047948981439568,0.059459841781030,-0.087682326047138,-0.041654198589086,-0.018599904738880,0.027618857047966
1403637233.888319015502930,-3.918605413629729,-1.740021482332488,-0.334011901841881,0.552510874193129,0.365968693671834,-0.737609847358072,0.129345901484652,-1.729782740643514,-0.970213644542565,-0.328976434166154,-1.738417372213101,-0.917891621114800,-0.332783593241204,0.008634631569587,-0.052322023427765,0.003807159075049,-0.086920785716455,-0.045894537287257,-0.016639163793702,0.021078530165534
1403637233.938318967819214,-4.000355159654782,-1.790047954007113,-0.351808004233118,0.556735125746107,0.368633706045545,-0.733701983567172,0.125843513290081,-1.634616466551354,-1.063047244475444,-0.371247125577984,-1.634996479755204,-1.000530387672630,-0.355922387258778,0.000380013203851,-0.062516856802814,-0.015324738319206,-0.081749746025053,-0.050026471674625,-0.017796102391237,0.014489298694384
1403637233.988318920135498,-4.078630330175095,-1.844355197319511,-0.371238465729097,0.559634105750343,0.371074345103007,-0.730845401441084,0.122386671168920,-1.539683156333937,-1.144496394891853,-0.373823432878065,-1.565504903388080,-1.086145902077413,-0.388609600526568,0.025821747054143,-0.058350492814440,0.014786167648504,-0.078275170520313,-0.054307243312398,-0.019430461495979,0.011742354446441
1403637234.038319110870361,-4.151421121252961,-1.901486922773754,-0.390785111186324,0.564019226931790,0.374013759581186,-0.726620386309853,0.118401154952699,-1.442158685109140,-1.223716578123119,-0.392291434080261,-1.455810268081867,-1.142630150296753,-0.390931417859536,0.013651582972727,-0.081086427826366,-0.001360016220725,-0.072790791077866,-0.057131725454243,-0.019546645457227,0.015697751925832
1403637234.088319063186646,-4.221222339174695,-1.963919256268093,-0.411283130699602,0.568897250591249,0.376437732309123,-0.722036544762537,0.115385354317864,-1.338186313141545,-1.301971381387649,-0.407522624055485,-1.396025689788525,-1.248647860690181,-0.409960781234628,0.057839376646980,-0.053323520697468,0.002438157179143,-0.069801217921734,-0.062432333494339,-0.020498019513278,0.015463209652342
1403637234.138319015502930,-4.280979318995313,-2.029227939589619,-0.434075834636977,0.574435178504207,0.379222248769809,-0.716918251711065,0.110647783974010,-1.215605880797223,-1.384220614401547,-0.431043080344791,-1.195140736187396,-1.306174912095972,-0.455854513484246,-0.020465144609827,-0.078045702305575,0.024811433139455,-0.059756979820619,-0.065308683321525,-0.022792703937375,0.018661651126648
1403637234.188318967819214,-4.339697497419778,-2.100656729012972,-0.457176248949354,0.579208607942726,0.381071686936327,-0.712644723962938,0.106954454364181,-1.086354340871802,-1.477448736847005,-0.438076126145935,-1.174364688450746,-1.428577150864397,-0.462008726853399,0.088010347578944,-0.048871585982608,0.023932600707465,-0.058718178424465,-0.071428789423353,-0.023100414312377,0.015245990234070
1403637234.238318920135498,-4.391088136637381,-2.176495394815382,-0.480967372545835,0.582174949664095,0.380669616527314,-0.710520706222437,0.106410981884977,-0.962266492522623,-1.556565476432466,-0.472457117258361,-1.027813764551647,-1.516774762557347,-0.475822925709710,0.065547272029024,-0.039790713875119,0.003365808451349,-0.051390639217603,-0.075838665802411,-0.023791123596480,0.007420963095145
1403637234.288319110870361,-4.436405504806241,-2.256358033586071,-0.505534790076156,0.584736317078920,0.378300186438759,-0.709340777289567,0.108664944225884,-0.844109662145453,-1.644524671300606,-0.506306356941528,-0.906343905949574,-1.597246682401230,-0.491346476268374,0.062234243804121,-0.047277988899375,-0.014959880673154,-0.045317368168860,-0.079862638770689,-0.024567417530322,0.008636529274188
1403637234.338319063186646,-4.475314832163869,-2.340479891806104,-0.531530551779599,0.586186589447380,0.374641029580186,-0.709287889069600,0.113754436073227,-0.716584884364602,-1.735104701656308,-0.504357005008604,-0.778187289289800,-1.682438768899293,-0.519915729899138,0.061602404925198,-0.052665932757015,0.015558724890534,-0.038909327357628,-0.084121858220032,-0.025995761703443,0.012868346608072
1403637234.388319015502930,-4.507870869114035,-2.428179902764653,-0.558309445952757,0.586036597690005,0.369814122456712,-0.710631601816468,0.121660788667740,-0.598688229681802,-1.808928588686041,-0.532154549300568,-0.651121359961021,-1.754001891917537,-0.535578394230520,0.052433130279219,-0.054926696768505,0.003423844929952,-0.032556036950165,-0.087700010958549,-0.026778894173158,0.018723049456275
1403637234.438318967819214,-4.534409375966908,-2.519303488507481,-0.585661234698479,0.584779871814199,0.365009845114976,-0.712121786861310,0.132976972320644,-0.474216613976417,-1.887586915822858,-0.527437080224895,-0.530770643239790,-1.822473452902695,-0.547036296608906,0.056554029263373,-0.065113462920163,0.019599216384011,-0.026538506852873,-0.091123585742829,-0.027351788745722,0.024894907522397
1403637234.488318920135498,-4.554423238664725,-2.614029016143215,-0.612399289098747,0.583710789518847,0.362269271297860,-0.712357217076713,0.143491757781844,-0.360795916347124,-1.932313013512095,-0.546878566096483,-0.400277635690854,-1.894512359462454,-0.534761597993744,0.039481719343730,-0.037800654049641,-0.012116968102739,-0.020013862697818,-0.094725527635734,-0.026738054400267,0.021842253358282
1403637234.538319110870361,-4.567973287857289,-2.710989988512840,-0.639802232073959,0.582887349509890,0.359639500267914,-0.711628166324524,0.156483611033157,-0.249795674139849,-1.977065893920252,-0.566855157497107,-0.270999950068498,-1.939212049885586,-0.548056768833595,0.021204275928649,-0.037853844034665,-0.018798388663512,-0.013550049192563,-0.096960972369625,-0.027402942975213,0.026601964084028
1403637234.588319063186646,-4.577039436715221,-2.809407325217215,-0.668959719486075,0.580581653010078,0.357896342457827,-0.711374973320200,0.169649048264583,-0.151801136056978,-2.006683506839218,-0.585677812107720,-0.181323150081871,-1.968348611251026,-0.583150304377779,0.029522014024893,-0.038334895588193,-0.002527507729941,-0.009066148857932,-0.098417336704375,-0.029157487412116,0.026962969602327
1403637234.638319015502930,-4.581180178858323,-2.909492640520582,-0.699494909857273,0.578678424341203,0.357683499934621,-0.709935805551774,0.182167360062269,-0.060734343718319,-2.026192296229802,-0.609446534170839,-0.082814921840506,-2.001708215045053,-0.610704389837067,0.022080578122187,-0.024484081184749,0.001257855666228,-0.004140742143102,-0.100085315303367,-0.030535190371199,0.025491105473582
1403637234.688318967819214,-4.580847720869460,-3.009595483317864,-0.731168489932877,0.576551842257686,0.358994909046301,-0.707903718097515,0.193863236256440,0.025787800492889,-2.024230931562550,-0.630869691156572,0.006649166118382,-2.002058765257653,-0.633472205638236,0.019138634374507,-0.022172166304897,0.002602514481664,0.000332457988862,-0.100102842797281,-0.031673580075603,0.024262468911327
1403637234.738318920135498,-4.577698273843638,-3.110264527954714,-0.764552918970939,0.572592981164231,0.360327239876684,-0.706820807909272,0.206654067539920,0.111935554870116,-2.029657691869486,-0.661327178984949,0.062989000587436,-2.013382812848480,-0.667689217519299,0.048946554282680,-0.016274879021005,0.006362038534350,0.003149447025822,-0.100669044636850,-0.033384429038062,0.026998408341910
1403637234.788319110870361,-4.570479781156498,-3.211217727411013,-0.798977214740520,0.567832737927055,0.362094670412742,-0.705664474444565,0.220206904759656,0.177835196818936,-2.018413179774818,-0.687995952011313,0.144369303017613,-2.019056287037485,-0.688483289036299,0.033465893801323,0.000643107262666,0.000487337024985,0.007218492687140,-0.100953199456299,-0.034424295769581,0.029038177169261
1403637234.838319063186646,-4.559991183199637,-3.310865589988632,-0.834197122228856,0.563090994263468,0.364599465838293,-0.704092276464716,0.232915924557651,0.246224972511461,-2.003374340893828,-0.681381140487497,0.209772159191549,-1.992959152186349,-0.704398821533783,0.036452813319913,-0.010415188707479,0.023017681046286,0.010488597956861,-0.099647862577620,-0.035219907488336,0.027767046649335
1403637234.888319015502930,-4.547230279502383,-3.410130660708153,-0.868812342839586,0.555967866334682,0.366728922827356,-0.703815817825478,0.247088897653863,0.315506250171452,-1.973957644853087,-0.663790944299792,0.255218317340235,-1.985303307723183,-0.692305072448168,0.060287932831217,0.011345662870096,0.028514128148376,0.012760903697254,-0.099265070719520,-0.034615220610730,0.032014284647177
1403637234.938318967819214,-4.530914235863144,-3.507454453836186,-0.901208947438169,0.550198885724779,0.370168912635368,-0.701739711651360,0.260418008895367,0.357629330830229,-1.943501904921024,-0.622459256480328,0.326321183988905,-1.946477718866474,-0.647932709888450,0.031308146841324,0.002975813945450,0.025473453408122,0.016316043639239,-0.097323793128033,-0.032396604598583,0.030139302454690
1403637234.988318920135498,-4.512188879720983,-3.602558794238226,-0.931471966306441,0.545017513325506,0.375475817951165,-0.699152572550484,0.270480129766358,0.395948503382996,-1.894699199104809,-0.587860064024879,0.374507480001385,-1.902088622013866,-0.605260954587260,0.021441023381612,0.007389422909057,0.017400890562381,0.018725356142161,-0.095104340402040,-0.030263018868272,0.025530502688195
1403637235.038319110870361,-4.491533410864847,-3.695934914774283,-0.959601588728955,0.541902182999158,0.382984031743529,-0.694801557798248,0.277337431248192,0.434636436664252,-1.856171783878495,-0.557620339773182,0.413107801241534,-1.867515286715687,-0.562590302338602,0.021528635422718,0.011343502837192,0.004969962565420,0.020655468856137,-0.093376120536057,-0.028129622422514,0.022981203025156
1403637235.088319063186646,-4.469634967486897,-3.788031657029769,-0.984670114660979,0.538743418655079,0.391660752822082,-0.689996734597966,0.283305294336024,0.471206260094773,-1.823204509197274,-0.523414935891864,0.437969285239052,-1.841936601717352,-0.501370996785119,0.033236974855721,0.018732092520078,-0.022043939106745,0.021898443377950,-0.092096742255486,-0.025068525932024,0.023997226829020
1403637235.138319015502930,-4.445611253690476,-3.877498169544493,-1.007875727438923,0.535328291168654,0.400951047033582,-0.685019653820752,0.288807812284261,0.506564588573604,-1.786880222622404,-0.475406266583219,0.480474734144829,-1.789331956734407,-0.464112698171237,0.026089854428775,0.002451734112003,-0.011293568411982,0.024023713796421,-0.089466512514724,-0.023205612777944,0.024740545706294
1403637235.188318967819214,-4.419993155475740,-3.964738627674517,-1.028462363620918,0.532331496261438,0.409789834001900,-0.679666282046800,0.294532197026800,0.543735527694680,-1.748223515096789,-0.428209383308146,0.512362452921642,-1.744810826581755,-0.411733116299204,0.031373074773038,-0.003412688515034,-0.016476267008942,0.025618098214736,-0.087240458130024,-0.020586636181995,0.024374900478662
1403637235.238318920135498,-4.390158535336983,-4.048478564724034,-1.046878735167814,0.528856458377077,0.417906996247715,-0.675209546169052,0.299594154953415,0.592953788514678,-1.678730299597282,-0.387197988910054,0.596692971825892,-1.674800338204401,-0.368327782202673,-0.003739183311214,-0.003929961392881,-0.018870206707381,0.029834620138756,-0.083739937049517,-0.018416371546896,0.022221736563322
1403637235.288319110870361,-4.358198494272004,-4.128855316777172,-1.064342698608572,0.524488877627302,0.426077981132216,-0.672373990622585,0.302129422555646,0.624771097552508,-1.633541791069376,-0.359501773168012,0.639198382951269,-1.607528908826631,-0.349277936425563,-0.014427285398761,-0.026012882242745,-0.010223836742449,0.031960041064980,-0.080376752053138,-0.017463963440758,0.020030931197305
1403637235.338319063186646,-4.323874610775680,-4.205947046934083,-1.080217114733551,0.519359676424366,0.434111987955345,-0.671087445601066,0.302413539337234,0.651369346354035,-1.606836081995630,-0.342212362439175,0.686478324603222,-1.541836073547687,-0.317488625280329,-0.035108978249187,-0.065000008447943,-0.024723737158846,0.034323883496324,-0.077091730156911,-0.015874416124979,0.019244802463848
1403637235.388319015502930,-4.286331886636560,-4.279676777691775,-1.096590113384727,0.510628155229147,0.440907908447406,-0.673645998072050,0.301761781273449,0.681835382261173,-1.565452705449378,-0.306833813180724,0.750855198853709,-1.474596021438190,-0.327460285313975,-0.069019816592536,-0.090856684011188,0.020626472133252,0.037542724139120,-0.073729730757692,-0.016372998651176,0.022750505252957
1403637235.438318967819214,-4.250375206717087,-4.354964612507948,-1.111780881160855,0.501630220710414,0.447198174086895,-0.676366789106248,0.301510997075518,0.714853157190556,-1.530797164433643,-0.297015086548261,0.719134284209362,-1.505758132326317,-0.303815645263748,-0.004281127018806,-0.025039032107327,0.006800558715486,0.035956679919473,-0.075287834816173,-0.015190767776128,0.022627172094856
1403637235.488318920135498,-4.212218278335511,-4.428300972989109,-1.125774838617636,0.492682849023992,0.454114342994215,-0.678589028960137,0.300933054913336,0.740005964457931,-1.530557438917891,-0.245806372603628,0.763139295417864,-1.466728608404618,-0.279879416049420,-0.023133330959934,-0.063828830513273,0.034073043445792,0.038156928381576,-0.073336360481161,-0.013993957456780,0.023079228517933
1403637235.538319110870361,-4.173126572479569,-4.501284146308262,-1.138074420619261,0.484454065066878,0.460106326107884,-0.680041009898663,0.301911663192546,0.752183818392903,-1.518062235749841,-0.204499835783958,0.781831134669760,-1.459657898230059,-0.245990701652451,-0.029647316276856,-0.058404337519782,0.041490865868493,0.039091705855943,-0.072983173319153,-0.012299582001625,0.020657552449737
1403637235.588319063186646,-4.132099881307264,-4.572984626240674,-1.148645051403293,0.479733665505776,0.467085840498823,-0.678718782331858,0.301707212866814,0.768854599381555,-1.514268233001249,-0.164554480220430,0.820534605968874,-1.434010966227684,-0.211412817299611,-0.051680006587319,-0.080257266773565,0.046858337079182,0.041026691172305,-0.071700479932413,-0.010570630784032,0.017062979846485
1403637235.638319015502930,-4.092304991189139,-4.646676618667692,-1.156184669233896,0.475726230508671,0.472845855719042,-0.676449036907274,0.304167800403922,0.788439835704676,-1.500070966360314,-0.123024173143854,0.795898561390509,-1.473841254104912,-0.150792500418988,-0.007458725685834,-0.026229712255402,0.027768327275134,0.039794890118125,-0.073691992427018,-0.007539617830603,0.015549128640228
1403637235.688318967819214,-4.051343952749622,-4.720126273952727,-1.160911338336765,0.474222064786788,0.478189407353007,-0.672136066082116,0.307703481677398,0.808930378185328,-1.507697312161544,-0.066849957095854,0.819221550060904,-1.468994506643019,-0.094533472211536,-0.010291171875576,-0.038702805518525,0.027683515115682,0.040961038439518,-0.073449655285034,-0.004726669102870,0.015737742847997
1403637235.738318920135498,-4.009788029130378,-4.794909614280474,-1.162878301432986,0.475916759592333,0.483385157498431,-0.665035429831162,0.312361816678402,0.815132088462716,-1.530527638766496,-0.018052563169130,0.831119265001959,-1.495668232935327,-0.039339299441289,-0.015987176539243,-0.034859405831169,0.021286736272159,0.041555923619243,-0.074783340327747,-0.001966963096220,0.020197801563269
1403637235.788319110870361,-3.967553088707946,-4.870286590813151,-1.162326329430116,0.480724131385255,0.490145685949977,-0.655241007159631,0.315151929368916,0.844823750927621,-1.510180973755992,0.034939798375395,0.844695586190707,-1.507533779868540,0.011039397945429,0.000128164736914,-0.002647193887452,0.023900400429966,0.042234940422432,-0.075376976532676,0.000551972002869,0.026270401095534
1403637235.838319063186646,-3.922389377963464,-4.943714344862570,-1.160249904102701,0.488876582483128,0.497521969030407,-0.642325862918279,0.317630387806350,0.885068211084559,-1.493871982723172,0.075471711586807,0.903275076319872,-1.468556481512979,0.041528546153013,-0.018206865235313,-0.025315501210193,0.033943165433794,0.045163710744482,-0.073427754049419,0.002076425327415,0.034282526875434
1403637235.888319015502930,-3.876351999647061,-5.018258122404626,-1.156599814207054,0.494447893698069,0.505473210988443,-0.630784895982088,0.319575544107245,0.938388042323971,-1.490132537085229,0.104136792246603,0.920748444422216,-1.490876972652213,0.073001867532948,0.017639597901755,0.000744435566984,0.031134924713655,0.046037378316404,-0.074543777542057,0.003650089895647,0.030413402591065
1403637235.938318967819214,-3.827570342500218,-5.092091890867956,-1.151314941489295,0.500071971504630,0.515188715866486,-0.618620083724136,0.319089019510947,1.001497147598887,-1.478031255607098,0.128197217557811,0.975634073374012,-1.476676777535314,0.105697555156224,0.025863074224876,-0.001354478071783,0.022499662401587,0.048781657146843,-0.073833768463330,0.005284872717759,0.033120804170241
1403637235.988318920135498,-3.775277341061464,-5.164816144473921,-1.145651256560491,0.500188214133075,0.524000733373939,-0.610337902184550,0.320503708282607,1.072735321363407,-1.456372961620563,0.149171251047252,1.045861026185882,-1.454486459225673,0.113273806602384,0.026874295177524,-0.001886502394890,0.035897444444868,0.052293001438754,-0.072724253605965,0.005663684928803,0.024352648487577
1403637236.038319110870361,-3.718982947736329,-5.236736413929567,-1.137053386083597,0.501430059161433,0.533354970327095,-0.600553593332125,0.321614292177163,1.151616380384850,-1.443154891820971,0.173775791673672,1.125883571597726,-1.438399902052742,0.171956753574929,0.025732808787124,-0.004754989768229,0.001819038098743,0.056294393325135,-0.071920269455646,0.008597870476894,0.027277309818893
1403637236.088319063186646,-3.658743531116679,-5.307469592643986,-1.127389432192675,0.499417106301991,0.541559137213948,-0.593433309121817,0.324242443948599,1.243439466389184,-1.401982302980701,0.215929687598151,1.204789481369777,-1.414664923417983,0.193279262143904,0.038649985019407,0.012682620437283,0.022650425454247,0.060239416619650,-0.070733178714419,0.009663953890922,0.022712758399868
1403637236.138319015502930,-3.594362486309666,-5.376454521831252,-1.116003238626942,0.497667350635408,0.550038697126786,-0.585682795858767,0.326741950795516,1.327406496299983,-1.381836873759843,0.252171333410420,1.287622124112405,-1.379699899529682,0.227724088489290,0.039784372187578,-0.002136974230161,0.024447244921130,0.064381044807013,-0.068984929187266,0.011386193565734,0.023772609024215
1403637236.188318967819214,-3.525478623000970,-5.444435322425481,-1.102603415585159,0.493915260938414,0.558487458431518,-0.579348004498811,0.329386343782021,1.413231069312332,-1.355686891952070,0.281850716222124,1.377678580030609,-1.359617308516697,0.267996716417234,0.035552489281723,0.003930416564627,0.013853999804889,0.068883863308697,-0.067980800594230,0.013399823041782,0.023028990892441
1403637236.238318920135498,-3.452129622655733,-5.511247757880377,-1.086576865854783,0.491684032761553,0.565976554821619,-0.571789972160964,0.333126971372404,1.504251927911313,-1.337164809438982,0.331394328426631,1.466981405927222,-1.336249983445205,0.320531300289993,0.037270521984091,-0.000914825993777,0.010863028136638,0.073349000345237,-0.066812435454896,0.016026549730376,0.022994133818848
1403637236.288319110870361,-3.374813811130715,-5.579405084524929,-1.068946480174909,0.486993271972599,0.572579903335867,-0.565927411584229,0.338697464069169,1.595077477850916,-1.300289904668539,0.356515374501811,1.546310331794572,-1.363141332919518,0.352606368510932,0.048767146056344,0.062851428250979,0.003909005990880,0.077315811525018,-0.068157326644552,0.017630385679874,0.022891822474537
1403637236.338319063186646,-3.292209952667004,-5.643168898763289,-1.049420318685739,0.482326258394942,0.578891658330538,-0.559782331621533,0.344803668168445,1.689307326975337,-1.262465752198078,0.391621628787586,1.652078744819278,-1.275277500966601,0.390523602215724,0.037228582156059,0.012811748768523,0.001098026571862,0.082603858463711,-0.063763814238360,0.019526161489170,0.023381065810928
1403637236.388319015502930,-3.205125310588773,-5.705328155248848,-1.028553895268032,0.476749926656371,0.584435486979455,-0.554339017505413,0.351927439486275,1.769905933763081,-1.223932482553081,0.405966128031117,1.741694502573942,-1.243186315306046,0.417328866349969,0.028211431189139,0.019253832752964,-0.011362738318853,0.087084642078231,-0.062159256485559,0.020866423417707,0.023850281623245
1403637236.438318967819214,-3.114249824782050,-5.765071285694869,-1.005298025863574,0.470453582467825,0.588948232475479,-0.550133664625593,0.359397213752158,1.848185271476958,-1.189807306616347,0.442408960878921,1.817511449448447,-1.194863748431293,0.465117831660081,0.030673822028511,0.005056441814946,-0.022708870781161,0.090875485806723,-0.059743130446021,0.023255869404458,0.023107819239417
1403637236.488318920135498,-3.020200859405082,-5.824647903674897,-0.980936429609626,0.464497711322423,0.591931452805903,-0.546472224761951,0.367732428430030,1.910654195777807,-1.188422361222047,0.461371909399123,1.880981101382718,-1.191533495935450,0.487232389739978,0.029673094395088,0.003111134713403,-0.025860480340855,0.094048965376968,-0.059576617980028,0.024361596253948,0.022561498153126
1403637236.538319110870361,-2.923425732048582,-5.883577537287678,-0.955549945999680,0.459682173858898,0.594390057704814,-0.543350763031045,0.374383101450382,1.962626023833597,-1.175650196200288,0.464641119003205,1.935495163801892,-1.178588176298525,0.507727735371321,0.027130860031705,0.002937980098237,-0.043086616368116,0.096775127356500,-0.058929633612781,0.025386483609946,0.018243869223265
1403637236.588319063186646,-2.824500013435620,-5.942945149668973,-0.930834657203103,0.456116452825028,0.595724696339004,-0.540599705882141,0.380554628974944,2.004627731871876,-1.137113017817938,0.434803524019570,1.978516259119380,-1.187353379974322,0.494306247338718,0.026111472752496,0.050240362156384,-0.059502723319148,0.098925718612962,-0.059367612381295,0.024715288796577,0.015511543536260
1403637236.638319015502930,-2.722980266203983,-5.999773708819964,-0.908133147988743,0.455665422548274,0.596032275142515,-0.536617250533372,0.386207814670217,2.047580628877321,-1.106308521656973,0.409450401754278,2.030396880970109,-1.136572266939594,0.454030617284538,0.017183747907212,0.030263745282621,-0.044580215530260,0.101519747231638,-0.056828559150991,0.022701509214360,0.013873238277371
1403637236.688318967819214,-2.619095781056974,-6.055610555913751,-0.886981461702239,0.454777452332683,0.596793564979575,-0.533096660869960,0.390925644871328,2.099073833406414,-1.062960842557392,0.376641105257483,2.077691684381370,-1.116738006880102,0.423034129166850,0.021382149025044,0.053777164322710,-0.046393023909367,0.103884485147009,-0.055836847093787,0.021151686286503,0.012003438645355
1403637236.738318920135498,-2.513023564732749,-6.109243221875896,-0.866345122416650,0.455383693896172,0.596421839793707,-0.527650869275730,0.398109583535906,2.150304628255379,-1.025674816794414,0.382093206151966,2.121446349653405,-1.072654342205785,0.412727179319105,0.028858278601974,0.046979525411371,-0.030633973167139,0.106072216324225,-0.053632665962144,0.020636339285590,0.018085561809348
1403637236.788319110870361,-2.403975108009829,-6.160889472832848,-0.846174166824574,0.455068204346347,0.596651804504121,-0.522085011794425,0.405397081926575,2.203325850364481,-0.968551564589754,0.383692649099186,2.180960814753143,-1.032921078857824,0.403417572925604,0.022365035611338,0.064369514268071,-0.019724923826418,0.109048456722920,-0.051646250956952,0.020170955592076,0.018356406083419
1403637236.838319063186646,-2.292194048604612,-6.209420255847999,-0.825517071545485,0.453555959751260,0.596434273418706,-0.516376702181724,0.414618198237295,2.257760173132767,-0.914464955136067,0.406446915846226,2.235623320160879,-0.970616585955145,0.413142299584975,0.022136852971888,0.056151630819078,-0.006695383738750,0.111781059405217,-0.048530783015152,0.020657095279089,0.021904263248765
1403637236.888319015502930,-2.177847720733288,-6.255445363993086,-0.802822210570664,0.452192795336028,0.595598498881870,-0.509201816959814,0.426025367297156,2.301126385867024,-0.850457349971481,0.456302246051877,2.286928738411675,-0.920503040761846,0.453897652366951,0.014197647455348,0.070045690790364,0.002404593684927,0.114346327871324,-0.046025108145087,0.022694860974821,0.027141263529543
1403637236.938318967819214,-2.061865005962966,-6.297642640425272,-0.778323548121863,0.451331041332567,0.594002771984457,-0.501484451944265,0.438148767500951,2.329307878686687,-0.776721538184770,0.497301578987955,2.319656507603271,-0.843946333493651,0.489973716251363,0.009651371083415,0.067224795308881,0.007327862736592,0.115982714770322,-0.042197276432185,0.024498662448801,0.028970825912039
1403637236.988318920135498,-1.945073057235584,-6.336944147422212,-0.752155329910109,0.452208194962501,0.591871375777394,-0.493247646681197,0.449335934449486,2.345701778441723,-0.703725298994530,0.513333027022870,2.335841202179412,-0.786030889556281,0.523364863354710,0.009860576262311,0.082305590561751,-0.010031836331840,0.116791948727383,-0.039301506996940,0.026168218211754,0.028164743270920
1403637237.038319110870361,-1.826637842630917,-6.371579643986950,-0.724899164883246,0.453300199507821,0.588103120342635,-0.485419722195068,0.461542351549117,2.372217679298573,-0.606770788613197,0.545576357453316,2.368695256238010,-0.692707288826150,0.545121221064844,0.003522423060563,0.085936500212953,0.000455136388471,0.118435214604666,-0.034635496564738,0.027256165026864,0.030044599313711
1403637237.088319063186646,-1.708490215258278,-6.402005316975695,-0.695711292698211,0.453541989454494,0.584625583291617,-0.478313066605672,0.473000212977620,2.382029428250525,-0.490845931253989,0.581093044824315,2.362954800942097,-0.608514040099109,0.583758000415702,0.019074627308428,0.117668108845120,-0.002664955591387,0.118147627372640,-0.030425672988745,0.029187872185034,0.027852612296783
1403637237.138319015502930,-1.589373144442647,-6.424754096800679,-0.664953694494251,0.452156011257903,0.581234266781476,-0.471428082677402,0.485259962767847,2.396847996744125,-0.391167796754212,0.620234265008435,2.382343688292610,-0.454976030398637,0.615152550734387,0.014504308451516,0.063808233644425,0.005081714274048,0.119117070815631,-0.022748779824984,0.030757598203960,0.029060636364657
1403637237.188318967819214,-1.469766349277884,-6.442168992871562,-0.632770349730065,0.447783477854133,0.579856648649337,-0.466462213016876,0.495650307984787,2.389860462399969,-0.254103432948744,0.655140306000232,2.392138184616008,-0.348298253580756,0.643667509132902,-0.002277722216040,0.094194820632012,0.011472796867331,0.119606795164763,-0.017414896070883,0.032183344764186,0.024790157913172
1403637237.238318920135498,-1.351175862456199,-6.452364533463694,-0.598799453240979,0.441456215716151,0.581223387736298,-0.462217392883696,0.503637632499513,2.379699263524546,-0.124097757341863,0.683146895245541,2.371811998369872,-0.203911006307336,0.679418577725750,0.007887265154674,0.079813248965473,0.003728317519790,0.118590486821684,-0.010195540592132,0.033970896489085,0.022245839907349
1403637237.288319110870361,-1.233541509149301,-6.455581864832670,-0.563361523979217,0.433628492163342,0.584640341831905,-0.458913640334633,0.509470580310223,2.360339399397335,0.000826521296202,0.714302442156104,2.352678091383277,-0.064346381917554,0.708755881546124,0.007661308014058,0.065172903213756,0.005546560609980,0.117634353306898,-0.003217331368976,0.035437929261762,0.021715252750703
1403637237.338319063186646,-1.117533532192648,-6.454518087167663,-0.525378397344629,0.427501852808461,0.589092627480377,-0.455608302740384,0.512477430300716,2.328448365399843,0.127589438232640,0.751651216464413,2.320161751811735,0.021275573590114,0.759663257163109,0.008286613588108,0.106313864642526,-0.008012040698696,0.116007976956653,0.001063777665007,0.037983126634589,0.017586979163613
1403637237.388319015502930,-1.002880061521338,-6.444755106307533,-0.486187631615311,0.420748076256537,0.592629520398496,-0.453389241333859,0.515945252639639,2.298109602009582,0.252003890479703,0.794862149522178,2.293071600269687,0.195259803416847,0.783816062091596,0.005038001739895,0.056744087062856,0.011046087430582,0.114653470671310,0.009762980860129,0.039190765729317,0.017329005072040
1403637237.438318967819214,-0.890017088263224,-6.426614402741808,-0.445511719025182,0.414773422685805,0.595191639733432,-0.451318325110695,0.519636112336516,2.261008013271192,0.372196042897067,0.826737267174081,2.257261617854715,0.362814417321301,0.813519027634777,0.003746395416477,0.009381625575766,0.013218239539304,0.112862973258114,0.018140703565726,0.040675912590129,0.015514171819002
1403637237.488318920135498,-0.776763988528048,-6.406129254549830,-0.405755546224360,0.410453915100659,0.598254958776490,-0.449170465572933,0.521406253064610,2.225026602552320,0.500062764074456,0.856779859661847,2.265064154837026,0.409703354563120,0.795124214305989,-0.040037552284706,0.090359409511336,0.061655645355857,0.113253099735176,0.020485148191978,0.039756172800822,0.011964760735666
1403637237.538319110870361,-0.667152318803528,-6.376007499769877,-0.363395780424794,0.405319008176568,0.600183431841354,-0.448134093436942,0.524091770640743,2.185458094203521,0.615709277041437,0.899954287211748,2.192225031815567,0.602432797500325,0.847192084209994,-0.006766937612046,0.013276479541113,0.052762203001753,0.109611669724520,0.030121754779953,0.042359765799566,0.012389103606093
1403637237.588319063186646,-0.559033561215246,-6.340029857520554,-0.319343126022370,0.400655391897312,0.601694237967897,-0.447645382497379,0.526358159876541,2.134881764786519,0.743348934523868,0.935591558354877,2.162377213969268,0.719553531206182,0.881053928286991,-0.027495449182749,0.023795403317686,0.054537630067886,0.108118757588283,0.035977642249323,0.044052654402424,0.010845696394032
1403637237.638319015502930,-0.454412966199491,-6.295495704018622,-0.273900589643716,0.395670693904917,0.601506903405906,-0.447797993954468,0.530199117077909,2.085747332638853,0.848201560728398,0.959880966487817,2.092413895796487,0.890683919461012,0.908851594321486,-0.006666563157634,-0.042482358732614,0.051029372166331,0.104620595015755,0.044534153501932,0.045442536378653,0.012595027885725
1403637237.688318967819214,-0.353109063335226,-6.244906358578397,-0.228175579679920,0.390732615476446,0.600856556011975,-0.448189344738472,0.534252499819386,2.021425770782509,0.967148346131689,0.983203043680178,2.026079989505739,1.011787873720597,0.914501071412120,-0.004654218723230,-0.044639527588909,0.068701972268058,0.101303902864264,0.050589345440224,0.045725009963797,0.012867133348174
1403637237.738318920135498,-0.254488645645827,-6.190338343980739,-0.182684987672226,0.384974217552716,0.600331446904780,-0.450325873823542,0.537218403484049,1.966435990062136,1.066606754178230,0.968613816325898,1.972410234824967,1.091361332756449,0.909812707818890,-0.005974244762831,-0.024754578578219,0.058801108507008,0.098620417689399,0.054568014597659,0.045490592007694,0.013681580287869
1403637237.788319110870361,-0.158468234525005,-6.133646608491928,-0.139634374524710,0.379472077963341,0.599837908508614,-0.452910346458984,0.539506852257318,1.903513543716002,1.152497460900332,0.924487976463750,1.920400896668398,1.133830384556552,0.861008978461720,-0.016887352952396,0.018667076343780,0.063478998002029,0.096020411120822,0.056691735488811,0.043050613147516,0.013028241147933
1403637237.838319063186646,-0.068058780188101,-6.069894219733555,-0.098414911344398,0.373986264550087,0.599520205582069,-0.457839944285926,0.539529779014066,1.833714211240861,1.235868951589655,0.877723919061953,1.808190811163205,1.275048991148937,0.824390049805854,0.025523400077657,-0.039180039559281,0.053333869256098,0.090409454336903,0.063752388758373,0.041219463180312,0.014764388482744
1403637237.888319015502930,0.019026904257213,-6.002829478927029,-0.059312146150533,0.368985374149696,0.599136439614663,-0.464526582030279,0.537680551049357,1.751283142395335,1.319046408052916,0.829787183809426,1.741715349935483,1.341296095290151,0.782056049704064,0.009567792459852,-0.022249687237235,0.047731134105361,0.087085684445314,0.067064740806526,0.039102765193865,0.017121611733705
1403637237.938318967819214,0.098982389705494,-5.929446115138270,-0.023448838069401,0.364639186393136,0.597822087155976,-0.472599076129782,0.535067406124033,1.664191804309424,1.409474986596887,0.760530868086417,1.599111233996933,1.467668675453098,0.717266845661606,0.065080570312491,-0.058193688856212,0.043264022424811,0.079955485448281,0.073383363788759,0.035863308081132,0.019246950150398
1403637237.988318920135498,0.177847938809908,-5.856028441766303,0.011174518113662,0.360968221608986,0.596596751629283,-0.482207955698948,0.530329846788275,1.587046945630865,1.473680624916032,0.723424004692898,1.577312486330681,1.468354867771668,0.692467784050003,0.009734459300184,0.005325757144365,0.030956220642895,0.078865549104414,0.073417673371967,0.034623356183063,0.022781911037749
1403637238.038319110870361,0.253047840835299,-5.780365241194374,0.043835213444867,0.356422808617458,0.594256609466449,-0.493644151702753,0.525487692617395,1.509981194573183,1.517498204959039,0.680114511498872,1.503992303232500,1.513258238816521,0.653211414820315,0.005988891340683,0.004239966142518,0.026903096678557,0.075199902025391,0.075663200571929,0.032660695331206,0.026860587621015
1403637238.088319063186646,0.324903532845800,-5.705551654344679,0.074888049007418,0.350054268610891,0.590178215816559,-0.507832752771076,0.520823941285180,1.428502166375743,1.547107533338538,0.638819478034146,1.437115210749874,1.496273163951184,0.621057303537415,-0.008613044374131,0.050834369387355,0.017762174496731,0.071855692010500,0.074813586849695,0.031052835562551,0.033482241202985
1403637238.138319015502930,0.390949220165233,-5.626547804262589,0.103655148337660,0.345521001388787,0.584855215148861,-0.522063754479122,0.515760652988994,1.340609768799268,1.587445534468798,0.619535585407011,1.320915006111391,1.580078508522078,0.575342535294233,0.019694762687877,0.007367025946720,0.044193050112778,0.066045687319434,0.079003850082089,0.028767099330242,0.033289610518079
1403637238.188318967819214,0.454567316996456,-5.546632985944033,0.133007814596528,0.341393595891109,0.577306753861636,-0.537238427260010,0.511411963983510,1.247863765496060,1.606733656471032,0.596830514505459,1.272363150044518,1.598297890626779,0.587053885035571,-0.024499384548459,0.008435765844253,0.009776629469889,0.063618096831223,0.079914818318557,0.029352666258868,0.035955819504597
1403637238.238318920135498,0.513171603448984,-5.465740007209786,0.160610023900187,0.338365542349289,0.568283584534984,-0.552818024346517,0.506907051890536,1.143482519078294,1.635964602913374,0.568872517377081,1.172086846839666,1.617861117597534,0.552044712544040,-0.028604327761372,0.018103485315840,0.016827804833042,0.058604286452527,0.080892978734247,0.027602209303659,0.037609317541187
1403637238.288319110870361,0.566926962001346,-5.383856350441819,0.186922893029415,0.336038684726361,0.557152499388105,-0.568930850414897,0.502967973373202,1.046964517775631,1.650118218765565,0.536041050915757,1.075103069854513,1.637666888155932,0.526255375079631,-0.028138552078882,0.012451330609633,0.009785675836126,0.053755358552363,0.081883656767967,0.026312869129229,0.040222802444904
1403637238.338319063186646,0.615363766198263,-5.300438651773989,0.212113762737474,0.334506444240209,0.545646153064069,-0.585085462324808,0.498046901590925,0.929741352972940,1.653309361890416,0.509392745709076,0.968737007797941,1.668355564424455,0.503817874639353,-0.038995654825001,-0.015046202534039,0.005574871069723,0.048436804196917,0.083417698667830,0.025190869708059,0.040985211779833
1403637238.388319015502930,0.657874163336994,-5.216193763773500,0.236117230805280,0.335605442362699,0.531637190218626,-0.600519629790767,0.494071917102098,0.809025658673084,1.678877645746695,0.482049258076033,0.850208753596869,1.684899366855034,0.480069819186364,-0.041183094923784,-0.006021721108340,0.001979438889669,0.042510397138731,0.084244888000489,0.024003468067805,0.042496581067171
1403637238.438318967819214,0.694172478268449,-5.130209925963158,0.259291621633726,0.337576772619191,0.517540903585008,-0.615465772426914,0.489280306854226,0.685466254658882,1.696208278486403,0.460414840209224,0.725966990965164,1.719678396219953,0.463488258585764,-0.040500736306283,-0.023470117733550,-0.003073418376540,0.036298314931455,0.085983837810342,0.023174390828446,0.042377113859503
1403637238.488318920135498,0.723312810336127,-5.044063894236344,0.281434398133179,0.341315556920119,0.502945445510900,-0.629331664097186,0.484242941103759,0.547983496646273,1.712360726233953,0.441636080616410,0.582807197161821,1.722922277643012,0.442855952329422,-0.034823700515548,-0.010561551409059,-0.001219871713012,0.029140332067678,0.086146031726814,0.022142776499454,0.042173943928385
1403637238.538319110870361,0.745994496444431,-4.957651348298792,0.303046754023035,0.345638336306621,0.489694532455772,-0.642560944568067,0.477335142089818,0.418469986089213,1.739519483991153,0.409055743372397,0.453631991697360,1.728244326022139,0.432245468911504,-0.035162005608147,0.011275157969014,-0.023189725539107,0.022681686108304,0.086412545937552,0.021612355889856,0.040842093937181
1403637238.588319063186646,0.761034039028630,-4.870134630303617,0.323122024118440,0.348943558524681,0.477265324186357,-0.655470226560872,0.469909550217553,0.296584752335121,1.771068976960114,0.376979012930908,0.300791138540762,1.750336029154021,0.401505784813866,-0.004206386205641,0.020732947806094,-0.024526771882958,0.015039542584199,0.087516717995175,0.020075270095406,0.039355364694124
1403637238.638319015502930,0.771357723636811,-4.782613408957123,0.341605086421033,0.346839009226202,0.466548149973774,-0.669892234873200,0.461822389119047,0.154590892381673,1.770634547412457,0.353048603080146,0.206473889072463,1.750426096266286,0.369661598588620,-0.051882996690790,0.020208451146171,-0.016612995508474,0.010323684608181,0.087521221346494,0.018483062302592,0.039633132601064
1403637238.688318967819214,0.774321735658711,-4.694114945692018,0.359493933103344,0.342349882837330,0.460285484842575,-0.683868553589028,0.450841026944701,0.019921661135067,1.779436378740036,0.334112292841814,0.059280296972101,1.769970953277937,0.357777274849221,-0.039358635837034,0.009465425462098,-0.023664982007408,0.002964012021900,0.088498463265105,0.017888846682311,0.038745981391130
1403637238.738318920135498,0.768140121051618,-4.608520279135885,0.377921798019021,0.334679217597252,0.456264356311934,-0.697726457620479,0.439306782105769,-0.126306409190335,1.762326989488699,0.321327508121076,-0.123632410046909,1.711894963712926,0.368557649797496,-0.002673999143425,0.050432025775773,-0.047230141676420,-0.006181614607093,0.085594666556133,0.018427864915677,0.040005111073747
1403637238.788319110870361,0.757054549395712,-4.522199339782181,0.394272225616515,0.326089667794630,0.453968035428503,-0.710729663325517,0.427132177476682,-0.277048908203032,1.734535774770301,0.313697849308149,-0.221710587359352,1.726412201334174,0.327007304516022,-0.055338320843680,0.008123573436127,-0.013309455207873,-0.011085571655906,0.086320939353704,0.016350427597495,0.039818131759863
1403637238.838319063186646,0.737487453376439,-4.438573285004222,0.412524823002131,0.316256724014136,0.452769362851113,-0.723044352324652,0.414955965315199,-0.434583850227443,1.703804593823247,0.310013819894400,-0.391342293598543,1.672522690601110,0.365052295853314,-0.043241556628900,0.031281903222137,-0.055038475958914,-0.019567096019272,0.083626054777959,0.018252597385616,0.039902306222118
1403637238.888319015502930,0.710270736877998,-4.355567121026823,0.428650425646960,0.306415982000204,0.452874087704465,-0.734050617183710,0.402720744527662,-0.608705623568227,1.641162452504285,0.319964685950815,-0.544334849086993,1.660124862766422,0.322512360468342,-0.064370774481235,-0.018962410262137,-0.002547674517528,-0.027216716498441,0.083006163977399,0.016125602644829,0.038351058989624
1403637238.938318967819214,0.674978118056046,-4.275871994158501,0.444706796653814,0.296721879656797,0.454060077325727,-0.743789662535735,0.390592511726569,-0.780791378780384,1.562294595313247,0.318143949011052,-0.705853049592967,1.593904057431805,0.321127726388346,-0.074938329187417,-0.031609462118559,-0.002983777377294,-0.035292618821952,0.079695126868322,0.016056371006854,0.036733347773254
1403637238.988318920135498,0.630335116987772,-4.200262485337267,0.461278860114769,0.289473430729751,0.455986832572349,-0.751397427564460,0.379055467275828,-0.967213250447737,1.476184338713979,0.337171291000854,-0.892860872863963,1.512191618562990,0.331441585306424,-0.074352377583774,-0.036007279849011,0.005729705694430,-0.044643001068274,0.075609508821234,0.016572063460955,0.031447669223812
1403637239.038319110870361,0.575224375291195,-4.130414797892319,0.479248234485593,0.288669317397916,0.459621418011676,-0.754997765771489,0.367962703243165,-1.160263373439482,1.370058279788459,0.375942947352619,-1.102210629331674,1.396948419963630,0.359386116467240,-0.058052744107808,-0.026890140175172,0.016556830885379,-0.055110741696577,0.069847687444947,0.017969374370824,0.024484323998060
1403637239.088319063186646,0.509942491181145,-4.067494805677719,0.497845334349608,0.292424966215251,0.464016402729285,-0.755694034213129,0.357914715800942,-1.351747186229244,1.229486968810626,0.409202398376323,-1.305638927355298,1.258401044396760,0.371942351992170,-0.046108258873946,-0.028914075586134,0.037260046384153,-0.065281884110049,0.062919992214600,0.018597099864015,0.023226635218178
1403637239.138319015502930,0.436278828397923,-4.011817362171086,0.519147900128545,0.304379832494635,0.468031185051102,-0.752332721485139,0.349707311294692,-1.532402439815525,1.079366220216244,0.441980310100345,-1.473274660688641,1.113549932096638,0.426051721893314,-0.059127779126884,-0.034183711880395,0.015928588207031,-0.073663662783222,0.055677443506633,0.021302565778936,0.030835169875604
1403637239.188318967819214,0.354911462554069,-3.962573415116447,0.541214426466367,0.319932381882772,0.470526651106033,-0.747209221236538,0.343404020536807,-1.657772755734525,0.987780166589369,0.434099067977428,-1.627348868837907,0.984879880347424,0.441330947642437,-0.030423886896618,0.002900286241945,-0.007231879665009,-0.081367365843854,0.049243947054639,0.022066526337822,0.035445682045174
1403637239.238318920135498,0.267760546959529,-3.918265411021880,0.563119505668356,0.337116470217383,0.470117412435647,-0.741644556288184,0.339566571030022,-1.782299222141257,0.880883574630325,0.449136315202819,-1.743019974164174,0.886160927000264,0.438102001846417,-0.039279247977083,-0.005277352369939,0.011034313356402,-0.087150915594540,0.044308004094567,0.021905079201989,0.036941119747186
1403637239.288319110870361,0.175113286750451,-3.879262981042395,0.583021234241320,0.351384897339995,0.467721983316874,-0.737816479929348,0.336736755030035,-1.871688189085013,0.796731323851885,0.412245907790111,-1.852938135783540,0.780045623951780,0.398033053083681,-0.018750053301474,0.016685699900105,0.014212854706430,-0.092647260209079,0.039002429979484,0.019901728572964,0.030462606942391
1403637239.338319063186646,0.078783381262835,-3.844319863388399,0.600952736033618,0.362858241055089,0.463417180021031,-0.736383943987035,0.333642175388337,-1.959195496956721,0.724569839692583,0.368032115375740,-1.926599947101206,0.698863019567642,0.358630377862540,-0.032595549855515,0.025706820124941,0.009401737513201,-0.096329905487616,0.034943117653996,0.017931501792298,0.025440103096372
1403637239.388319015502930,-0.020265153453220,-3.810093491102247,0.618147777010374,0.371445808860153,0.456620811169189,-0.737485713712045,0.331119718467587,-2.041945352130394,0.651986504858813,0.319314706604217,-1.980972583523765,0.684528098539906,0.343901147504797,-0.060972768606629,-0.032541593681094,-0.024586440900581,-0.099048534716055,0.034226372286152,0.017195040976755,0.022584507151640
1403637239.438318967819214,-0.122778712423382,-3.777187740143616,0.631439286105315,0.378658384772737,0.448384538722909,-0.740306407235064,0.327895648769936,-2.106217345827930,0.604045245294562,0.243434080490941,-2.050273134696070,0.658115646800606,0.265830435414491,-0.055944211131860,-0.054070401506044,-0.022396354923549,-0.102513558970162,0.032905750958631,0.013291509094942,0.023512546803393
1403637239.488318920135498,-0.227999806994856,-3.742588399525785,0.640404142247342,0.386162695337344,0.439551229598948,-0.743581390629007,0.323666193474207,-2.160790763936958,0.573397477513223,0.169203439070776,-2.104423898364500,0.691987472287288,0.179297293831769,-0.056366865572458,-0.118589994774065,-0.010093854760993,-0.105221094571474,0.034599340617830,0.008964856142027,0.025531004554489
1403637239.538319110870361,-0.336430984797661,-3.714906153150269,0.647659223627460,0.394686691813831,0.429360691330851,-0.746949879873631,0.319276821898672,-2.226685696191698,0.539851281100235,0.077116568500644,-2.168615283445310,0.553642815530585,0.145101074085678,-0.058070412746388,-0.013791534430350,-0.067984505585034,-0.108431177802805,0.027682246375516,0.007255081380117,0.028783499696553
1403637239.588319063186646,-0.448075603979859,-3.689691271909315,0.649823280104669,0.402948730816420,0.419019470631730,-0.750714823948995,0.313818827778338,-2.279281965431075,0.500390699664673,-0.016794727444922,-2.232894513098110,0.504298105755232,0.043281170820334,-0.046387452332965,-0.003907406090559,-0.060075898265256,-0.111644619182198,0.025214881240954,0.002164056477210,0.029608825757724
1403637239.638319015502930,-0.562639300854508,-3.666123603552058,0.647068425313300,0.411233374186222,0.408462951253066,-0.754688292614934,0.307393413070298,-2.338702701846574,0.470122386861180,-0.116901301093772,-2.291276122624169,0.471353816663169,-0.055097148372121,-0.047426579222405,-0.001231429801989,-0.061804152721651,-0.114563696874649,0.023567668357257,-0.002754854791369,0.030799643594348
1403637239.688318967819214,-0.679876823086064,-3.644360194233631,0.639890247716040,0.420746424485643,0.396795454552656,-0.757966004354334,0.301684188800181,-2.389746310581590,0.436010976188300,-0.174608941572809,-2.344752680761533,0.435268601473029,-0.143563688858203,-0.044993629820057,0.000742374715272,-0.031045252714606,-0.117237522231556,0.021763409318427,-0.007178177597260,0.032861729413486
1403637239.738318920135498,-0.800378449272310,-3.624894747427616,0.629249157520939,0.434306211213799,0.385637984436341,-0.758553608940090,0.295394451919726,-2.444855787643143,0.402451278943955,-0.227726265024785,-2.410034822113224,0.389309307394599,-0.212822006864901,-0.034820965529919,0.013141971549356,-0.014904258159884,-0.120501626186246,0.019465446806016,-0.010641090195101,0.037324154774881
1403637239.788319110870361,-0.922828609263349,-3.605728952572056,0.615491853701649,0.449841055259713,0.373660094328721,-0.757652206361402,0.289800436688385,-2.472902625015061,0.388843712007180,-0.296417876224629,-2.448993857650617,0.383314434882667,-0.275145026790820,-0.023908767364443,0.005529277124513,-0.021272849433809,-0.122450159991039,0.019165794855560,-0.013757303819290,0.040837299080832
1403637239.838319063186646,-1.046598268518338,-3.587361874644578,0.598168317883849,0.467670356362748,0.362898544671277,-0.755084385205335,0.281845090917138,-2.500650696543955,0.374895249555135,-0.377241889433283,-2.475395545820938,0.367341908874100,-0.346471046776539,-0.025255150723016,0.007553340681034,-0.030770842656744,-0.123769659254989,0.018367077927478,-0.017323535817800,0.044881947128583
1403637239.888319015502930,-1.171520062866340,-3.568453052267674,0.576777120097746,0.483598461700039,0.351398298797031,-0.753248211237413,0.274351773662112,-2.508154162538590,0.370667815057708,-0.423528355962819,-2.498438269656442,0.378176808195590,-0.427824363727165,-0.009715892882148,-0.007508993137882,0.004296007764346,-0.124921794348002,0.018908822376904,-0.021391197786103,0.042213650490224
1403637239.938318967819214,-1.296673587304335,-3.549171339272100,0.554126523897971,0.496749919656901,0.339063692969318,-0.752885739120586,0.267279616244336,-2.500333868654543,0.382869022034830,-0.456443259216494,-2.503072875876216,0.385634627681311,-0.453012356021763,0.002739007221673,-0.002765605646481,-0.003430903194731,-0.125153524437995,0.019281712995574,-0.022650596199776,0.038743354468604
1403637239.988318920135498,-1.422411583441587,-3.530082436399336,0.529917055936929,0.509508669930637,0.327298349935130,-0.752679944478368,0.258359452266209,-2.514080553981106,0.377498973595641,-0.485658806618871,-2.514762321009273,0.381778421547557,-0.484189820980225,0.000681767028167,-0.004279447951916,-0.001468985638646,-0.125737996137252,0.019088902872764,-0.024209467961041,0.039029874100267
1403637240.038319110870361,-1.547886288314563,-3.511699677018201,0.503706115539299,0.519880074834989,0.315251559615046,-0.753770416637265,0.249341775385376,-2.495469556825493,0.380088576136499,-0.526043558512608,-2.509484524535772,0.367653785134815,-0.524216808224185,0.014014967710279,0.012434791001684,-0.001826750288423,-0.125474704872976,0.018382759381135,-0.026210940397630,0.036617383094274
1403637240.088319063186646,-1.672657188754731,-3.491501683251860,0.477332216902772,0.527585303002279,0.302485831164383,-0.756305681415677,0.241159254973047,-2.485323435309256,0.406650595919290,-0.545615202320151,-2.495420388621689,0.403960260573359,-0.527478475773199,0.010096953312433,0.002690335345931,-0.018136726546952,-0.124770900440168,0.020197993766342,-0.026373898636526,0.034393188824330
1403637240.138319015502930,-1.796189946370785,-3.470794837660802,0.449103917393645,0.533252926773487,0.289815739988408,-0.760248837390440,0.231667559638733,-2.451260385993847,0.432607714858181,-0.566355645805126,-2.470657508523692,0.414137306773268,-0.564566528595143,0.019397122529845,0.018470408084913,-0.001789117209983,-0.123532757616054,0.020706845591058,-0.028228299509127,0.034542804994042
1403637240.188318967819214,-1.918176967269255,-3.450767257846051,0.415818911003114,0.537725368177592,0.277172976572886,-0.764440148766410,0.222840365351498,-2.434048239958079,0.439491588688467,-0.573646537775984,-2.439742744689388,0.400551978291156,-0.665700762672346,0.005694504731309,0.038939610397311,0.092054224896363,-0.121987020898470,0.020027579814751,-0.033285006390531,0.033186440985203
1403637240.238318920135498,-2.039034205377381,-3.428591553179218,0.384411755193641,0.539823510492079,0.265737457044374,-0.769793230083328,0.213055308221773,-2.402795078568781,0.459143773339568,-0.616274868237364,-2.417147067333608,0.443514516305049,-0.628143715233976,0.014351988764827,0.015629257034519,0.011868846996612,-0.120857238108127,0.022175704666832,-0.031407155809472,0.032223081531800
1403637240.288319110870361,-2.158587931975094,-3.406898032919575,0.350585853582731,0.538280460223776,0.255765155043124,-0.776946261421110,0.202960189374190,-2.391261614018164,0.449890566766961,-0.628055618558601,-2.391065410763574,0.433868750114932,-0.676515451516564,-0.000196203254590,0.016021816652030,0.048459832957963,-0.119553726597713,0.021693520259643,-0.033825901610910,0.031931834153539
1403637240.338319063186646,-2.276871794390194,-3.385496956658727,0.317245616037328,0.535029388462205,0.249131255609912,-0.783995677829902,0.192426474540329,-2.372595825995402,0.451248055524576,-0.623715204745525,-2.365679504389778,0.428021933410482,-0.666805386823231,-0.006916321605624,0.023226122114094,0.043090182077706,-0.118283862415100,0.021401076260848,-0.033340237545403,0.029341804285945
1403637240.388319015502930,-2.393897647799806,-3.364307503850964,0.284055040550108,0.530468099332630,0.244195835640946,-0.791160119329026,0.181762633754380,-2.356434893374225,0.453814893149281,-0.602384775923391,-2.340519300285380,0.423789460312392,-0.663812142804987,-0.015915593088846,0.030025432836889,0.061427366881596,-0.117025853409612,0.021189452807763,-0.033190575487220,0.028997526347494
1403637240.438318967819214,-2.511039521952602,-3.345183730650760,0.252648735319822,0.525724455843914,0.242118108704548,-0.797547194627852,0.170032615418916,-2.353260338008304,0.429916611115401,-0.557058500444397,-2.342839717361997,0.382475828761443,-0.628126703634023,-0.010420620646308,0.047440782353958,0.071068203189626,-0.117141874152797,0.019123773200203,-0.031406305230286,0.028650352392546
1403637240.488318920135498,-2.628668485298231,-3.325659222619799,0.223364067886688,0.521644057815067,0.240710032546239,-0.802640168676747,0.160358712904484,-2.363764264842284,0.395050776720715,-0.512265063851333,-2.352581510509133,0.390490533020029,-0.585693907223924,-0.011182754333152,0.004560243700686,0.073428843372592,-0.117628963345628,0.019524508030962,-0.029284667433134,0.023508014944802
1403637240.538319110870361,-2.747354384364530,-3.308215277771644,0.195669506027105,0.518988382735021,0.239742350286484,-0.806120685976542,0.152787773417605,-2.375241184586639,0.360548100770373,-0.496584721525025,-2.373708926345036,0.348877566100783,-0.553889124272341,-0.001532258241603,0.011670534669590,0.057304402747317,-0.118685899066299,0.017443944848154,-0.027694561859583,0.017598027616236
1403637240.588319063186646,-2.866066349987904,-3.292959656712760,0.170023674618983,0.518089668984087,0.237753882882333,-0.807973314573657,0.149115086437262,-2.376966779934066,0.311198089615971,-0.433569583332151,-2.374241576720691,0.305112712155840,-0.512917117318314,-0.002725203213374,0.006085377460132,0.079347533986163,-0.118711965623374,0.015255621058884,-0.025645831408122,0.009312913738624
1403637240.638319015502930,-2.983537490961474,-3.280143309153174,0.145809824641827,0.518569809456942,0.237345987987661,-0.808449021113919,0.145473072992556,-2.370546745463720,0.278601856403029,-0.391000257891911,-2.349425060057734,0.256327195644400,-0.484277461386097,-0.021121685405986,0.022274660758630,0.093277203494186,-0.117471140973570,0.012816347559587,-0.024213849977156,0.007453183973093
1403637240.688318967819214,-3.103040491453346,-3.269017232631461,0.124578709202611,0.519891301069592,0.237706480666268,-0.807977306540607,0.142763217380422,-2.385953803988759,0.238266290263690,-0.354759447603233,-2.390062289178465,0.222521742647530,-0.424622713736097,0.004108485189705,0.015744547616160,0.069863266132865,-0.119503000491872,0.011126076521713,-0.021231115439216,0.006145611299163
1403637240.738318920135498,-3.222919387875529,-3.260515098659653,0.105838181124703,0.521463445279264,0.236837505003755,-0.807299906564015,0.142305067804383,-2.398135111567272,0.191463421819447,-0.302422919318917,-2.397580214954334,0.170042841601639,-0.374810919005708,-0.000554896612938,0.021420580217808,0.072387999686792,-0.119878896422183,0.008502133971807,-0.018740528077908,0.003947418976935
1403637240.788319110870361,-3.342931786291807,-3.256439810565090,0.089079692196822,0.525354341392249,0.237361901581469,-0.804739673953984,0.141619916757433,-2.399284712163197,0.136892653789311,-0.270228256991194,-2.400238812141122,0.081505450972642,-0.335168499991254,0.000954099977925,0.055387202816669,0.064940243000059,-0.120012398416278,0.004075288094563,-0.016758488927881,0.009473822726566
1403637240.838319063186646,-3.464495803127469,-3.250926832722287,0.074752143617820,0.534158161122170,0.239596715694027,-0.798521305244696,0.140114944975635,-2.405867626291119,0.097530666350841,-0.207524451494214,-2.431282655365073,0.110259662007862,-0.286551244856595,0.025415029073954,-0.012728995657020,0.079026793362381,-0.121564016835662,0.005512977842803,-0.014327548579002,0.022220346992820
1403637240.888319015502930,-3.585728642653994,-3.248870712451211,0.062001056817319,0.543778918871162,0.239729017470495,-0.791610281255882,0.142083243853469,-2.393866010274399,0.058669032096764,-0.178963486614990,-2.424659102865598,0.041122444638945,-0.255021979217950,0.030793092591199,0.017546587457819,0.076058492602961,-0.121232839526524,0.002056120271076,-0.012751086800502,0.024017882472725
1403637240.938318967819214,-3.705657580202480,-3.245020717049030,0.050280151833000,0.551884941706426,0.240959703149940,-0.785489344122743,0.142716231891154,-2.368329339919319,0.024989290094384,-0.166667953412390,-2.398581038434856,0.076999981476531,-0.234418323245114,0.030251698515537,-0.052010691382148,0.067750369832724,-0.119928937548486,0.003849995402181,-0.011720904984319,0.020502649488060
1403637240.988318920135498,-3.824541466875797,-3.242209447333463,0.038905153667131,0.556851181977625,0.242037051308982,-0.781437438784960,0.143841427234913,-2.330798904962755,0.009821591777850,-0.187698795396214,-2.377680000998695,0.056225447932108,-0.227500180278459,0.046881096035940,-0.046403856154257,0.039801384882244,-0.118883886673317,0.002811269715567,-0.011374998165869,0.013192176569943
1403637241.038319110870361,-3.940526622905411,-3.240251474538520,0.026156764193263,0.557524975263249,0.242467759273699,-0.780519483006246,0.145480666475545,-2.294223329534627,-0.014930832534170,-0.233638491795012,-2.319694271660883,0.039159306517957,-0.254966816856135,0.025470942126256,-0.054090139052127,0.021328325061123,-0.115985156029614,0.001957972794943,-0.012748389473868,0.004083751359138
1403637241.088319063186646,-4.054890521099386,-3.239301083582024,0.010810562700754,0.555443674959645,0.242774144275603,-0.781428489386856,0.148028898506844,-2.253871420113008,-0.034325724330921,-0.281680736820478,-2.287280145199833,0.019007837257199,-0.306924322556027,0.033408725086825,-0.053333561588120,0.025243585735549,-0.114363898193975,0.000950390956496,-0.015346201492509,0.006854333900418
1403637241.138319015502930,-4.167128851841978,-3.240486238179600,-0.007008524379698,0.553583194583056,0.244303816965379,-0.782073620281140,0.149070936643319,-2.232461842487032,-0.053964272253908,-0.329930027940694,-2.244768755630149,-0.023703114556564,-0.356382081481477,0.012306913143117,-0.030261157697344,0.026452053540783,-0.112238330742592,-0.001185154597576,-0.017819087080452,0.005404933880338
1403637241.188318967819214,-4.277470045109217,-3.241701602277431,-0.025784749599693,0.552115424600698,0.245916927087261,-0.782450640936674,0.149881344361924,-2.199613599465302,-0.068829578352861,-0.349208087059388,-2.206825969938022,-0.024307305137867,-0.375524862528316,0.007212370472720,-0.044522273214993,0.026316775468927,-0.110341193267239,-0.001215364097831,-0.018776225219995,0.004713971066126
1403637241.238318920135498,-4.385991553490948,-3.243776069441253,-0.044718665733820,0.552829623407665,0.249378092475627,-0.781206829477710,0.148006297344206,-2.176813988060723,-0.089491819380448,-0.380923971556917,-2.170432237520101,-0.041489382843812,-0.378678683818670,-0.006381750540622,-0.048002436536637,-0.002245287738247,-0.108521508381731,-0.002074467163823,-0.018933916134127,0.008379174116751
1403637241.288319110870361,-4.492825176693692,-3.247783307030906,-0.064432928387866,0.553281818260536,0.253164771762069,-0.780117910695303,0.145612064518604,-2.151657971764206,-0.124039712006663,-0.394451021263284,-2.136664313327358,-0.080144446066259,-0.394283749007782,-0.014993658436848,-0.043895265940404,-0.000167272255502,-0.106833623202744,-0.004007237589653,-0.019714262654046,0.009265323205200
1403637241.338319063186646,-4.598028329591014,-3.253746948262354,-0.084373720118998,0.554659535718701,0.256280676416076,-0.778380239257780,0.144212403991595,-2.110351460813910,-0.144856276299902,-0.418790776573005,-2.104065064539267,-0.119272938376487,-0.398816214963414,-0.006286396274644,-0.025583337923416,-0.019974561609592,-0.105203152897323,-0.005963641231447,-0.019940791731132,0.008145070103048
1403637241.388319015502930,-4.700501597763676,-3.260952121422325,-0.105502081797431,0.556663447485711,0.260343762293825,-0.776201525806943,0.140918852546398,-2.071655677539889,-0.173617461470503,-0.435839324346185,-2.049467317977577,-0.144103600627335,-0.422567636560577,-0.022188359562312,-0.029513860843168,-0.013271687785608,-0.102473268172662,-0.007205173159972,-0.021128361678434,0.012019768942177
1403637241.438318967819214,-4.800957783493847,-3.269238994517597,-0.126928196508977,0.558001716138180,0.264156711158068,-0.774483965489591,0.137948917851924,-2.020889656483122,-0.200826589762775,-0.425635993239640,-2.009125630654935,-0.165737619965153,-0.428522702902006,-0.011764025828187,-0.035088969797622,0.002886709662366,-0.100456185730171,-0.008286873095272,-0.021426114711545,0.010601911782608
1403637241.488318920135498,-4.898926201432791,-3.279387140997540,-0.147014106152684,0.560507670320883,0.267802054917956,-0.771951044399429,0.134925149411842,-1.969274532724536,-0.238219029818731,-0.402438233982691,-1.959370227379937,-0.202963123159575,-0.401718575982835,-0.009904305344599,-0.035255906659156,-0.000719657999857,-0.097968417938944,-0.010148146479943,-0.020085909643707,0.011853658532036
1403637241.538319110870361,-4.994965132651169,-3.291760142514411,-0.165421345284218,0.565008026193087,0.271479367082321,-0.767914666277233,0.131802689283262,-1.917131660930466,-0.286289377770417,-0.367963195206606,-1.920771297206545,-0.247459086355925,-0.368143378275127,0.003639636276079,-0.038830291414492,0.000180183068521,-0.096038931218378,-0.012373001516871,-0.018407239131533,0.015468449374792
1403637241.588319063186646,-5.086921833310249,-3.306436297468270,-0.181926692150377,0.567871944040447,0.274535868976186,-0.765044686675103,0.129838897127969,-1.852274847058950,-0.336541675926162,-0.337155630575318,-1.839135767118141,-0.293523379002883,-0.330107252138005,-0.013139079940809,-0.043018296923279,-0.007048378437313,-0.091956700659080,-0.014676154953859,-0.016505346866160,0.010888078803553
1403637241.638319015502930,-5.174566093356764,-3.323934757623358,-0.196470095908711,0.571239524190573,0.275897858471535,-0.762029821960925,0.129908922463198,-1.788896277338907,-0.384311448832111,-0.300964454326775,-1.752886872613491,-0.349969536858720,-0.290868352560342,-0.036009404725416,-0.034341911973391,-0.010096101766433,-0.087644260046515,-0.017498460155088,-0.014543403758333,0.009442450031330
1403637241.688318967819214,-5.259771138131629,-3.344463791866271,-0.209317193306251,0.576012908719109,0.276378743299266,-0.758006768125932,0.131337956115316,-1.732030168385273,-0.436707746635160,-0.271530350365356,-1.704102520656104,-0.410581076418891,-0.256942192989982,-0.027927647729169,-0.026126670216269,-0.014588157375374,-0.085205044774865,-0.020529034242913,-0.012847097397541,0.012844250256968
1403637241.738318920135498,-5.339250696538597,-3.366943278791642,-0.219842017557809,0.580805602396813,0.276961262220399,-0.753928051151728,0.132475677542391,-1.641171364657239,-0.472715264668531,-0.255785643340091,-1.589592684093091,-0.449590167270003,-0.210496685776434,-0.051578680564148,-0.023125097398528,-0.045288957563656,-0.079479558406969,-0.022479486925370,-0.010524824251558,0.012843632649470
1403637241.788319110870361,-5.413893577161793,-3.391387386220207,-0.228598322147422,0.585552988548159,0.276562293840249,-0.750080797818462,0.134237818710522,-1.552106654965010,-0.503371256405501,-0.228330665032216,-1.492851917685783,-0.488880283641020,-0.175125423741791,-0.059254737279227,-0.014490972764481,-0.053205241290425,-0.074642880623196,-0.024444107428565,-0.008756304589613,0.012744173277531
1403637241.838319063186646,-5.482717701838844,-3.416544248055342,-0.235716221071563,0.589807739476803,0.274950741675338,-0.746699063996693,0.137729546328693,-1.458605112795923,-0.543962253261932,-0.160949888691398,-1.376483806258275,-0.503137716532222,-0.142358114246086,-0.082121306537648,-0.040824536729710,-0.018591774445312,-0.068824124677051,-0.025156861835135,-0.007117898924140,0.013315923549860
1403637241.888319015502930,-5.548701528494939,-3.444303389204662,-0.241626867381162,0.592113748187955,0.270717422291705,-0.745045228975413,0.144986182981414,-1.357364727278028,-0.559692506461821,-0.132967902314938,-1.319677791664712,-0.555183352450493,-0.118213038928730,-0.037686935613316,-0.004509154011328,-0.014754863386208,-0.065983826656095,-0.027759141149319,-0.005910646309600,0.017735064728318
1403637241.938318967819214,-5.611383917189732,-3.472678488946845,-0.246566993411310,0.594511512813268,0.264185247119945,-0.743268039947689,0.155932155532378,-1.266657874404325,-0.571319699043671,-0.120668977234559,-1.253648969468691,-0.567502536056271,-0.098802614828466,-0.013008904935634,-0.003817162987400,-0.021866362406093,-0.062682388694793,-0.028375099742184,-0.004940126030148,0.026183487282626
1403637241.988318920135498,-5.671336621529642,-3.501462427654890,-0.250556567876734,0.596884943648018,0.259157333648137,-0.741360400857191,0.164166368369272,-1.194082855581331,-0.569545228160217,-0.095604079493087,-1.199055230306376,-0.575679323171473,-0.079791565403658,0.004972374725045,0.006134095011256,-0.015812514089429,-0.059952704339910,-0.028783938708044,-0.003989574465425,0.020234160105890
1403637242.038319110870361,-5.726694381093124,-3.529359337640440,-0.253024993427060,0.599369753295264,0.255784997405295,-0.739452566701294,0.168937371638178,-1.124213832179983,-0.558602023807433,-0.058214875431981,-1.107150967823875,-0.557936071353806,-0.049368322681319,-0.017062864356109,-0.000665952453627,-0.008846552750662,-0.055357759563482,-0.027896909985551,-0.002468425550326,0.013258867981578
1403637242.088319063186646,-5.776767620041677,-3.556824789050612,-0.253609184234236,0.600202531132913,0.255210957565746,-0.739111274968611,0.168341355508069,-1.043659587872219,-0.542964654798052,-0.046167822427118,-1.001465734043204,-0.549309552065847,-0.011683827286088,-0.042193853829014,0.006344897267794,-0.034483995141030,-0.050073238948553,-0.027465451410172,-0.000584190807176,0.002445204387635
1403637242.138319015502930,-5.821942684372808,-3.583676529718125,-0.253112447835585,0.599731185385266,0.256766336881264,-0.739748513150764,0.164820177199866,-0.946622921219582,-0.525636300270458,-0.013740145880416,-0.903502148269415,-0.537035325507054,0.009934737447541,-0.043120772950168,0.011399025236596,-0.023674883327956,-0.045175064331131,-0.026851740667513,0.000496736398652,0.007860320779583
1403637242.188318967819214,-5.862498043103924,-3.610132371044557,-0.250725067520710,0.598735894633907,0.259439790258843,-0.740813713989353,0.159378056434014,-0.878841259406533,-0.534198437885656,0.027504528255717,-0.811107948155126,-0.529117331134240,0.047747651833206,-0.067733311251408,-0.005081106751417,-0.020243123577489,-0.040555358731115,-0.026455841326432,0.002387380314875,0.012472275482920
1403637242.238318920135498,-5.899886599745534,-3.636453840620958,-0.246802121598592,0.598475049442815,0.261954588930871,-0.741169336784571,0.154516739361135,-0.785727216711377,-0.536263846826415,0.046519763294873,-0.747771845963006,-0.526429893570700,0.078458993266687,-0.037955370748370,-0.009833953255715,-0.031939229971814,-0.037388556641610,-0.026321469576402,0.003922945922118,0.010982021596678
1403637242.288319110870361,-5.931171958347345,-3.662822513336470,-0.241654779807545,0.598577276335452,0.264062799264555,-0.741281728498040,0.149924918857266,-0.705636142831084,-0.532114971413420,0.062261089321041,-0.625704785161903,-0.527371442547838,0.102946443111420,-0.079931357669181,-0.004743528865582,-0.040685353790378,-0.031285358601812,-0.026368672715512,0.005147341791047,0.010109896734647
1403637242.388319015502930,-5.986483891140940,-3.716870798205230,-0.235660291293930,0.603184246969147,0.269851756386496,-0.737730955082607,0.138209376296579,-0.540897463745926,-0.549499905362808,0.000235563386203,-0.553119855432149,-0.540483364132707,0.059944942304104,0.012222391686223,-0.009016541230100,-0.059709378917901,-0.055311932793595,-0.054048284868760,0.005994488513615,0.028607804584058
1403637242.438318967819214,-6.005852242340226,-3.744799300723800,-0.234503000971550,0.606636132182215,0.272353775133185,-0.734879054988173,0.133299658069311,-0.450976022419546,-0.558807251380065,-0.036795321380392,-0.387367393408048,-0.558570583065811,0.023145828521172,-0.063608629011497,-0.000236668314254,-0.059941149901564,-0.019368351199286,-0.027928502518570,0.001157290322379,0.014200632148477
1403637242.488318920135498,-6.020149671252099,-3.772997012126363,-0.235037769971157,0.609896677708875,0.274087084869227,-0.732241956627626,0.129321418882226,-0.356042613783144,-0.578106734816730,-0.067130329922382,-0.285948850939538,-0.563954765880438,-0.010695390192051,-0.070093762843607,-0.014151968936292,-0.056434939730332,-0.014297428911873,-0.028197711402563,-0.000534768999607,0.012069184740834
1403637242.538319110870361,-6.031929947294172,-3.802889766641114,-0.236978011321935,0.612020424921681,0.275367570827429,-0.730141021788630,0.128443718089840,-0.246330019164561,-0.599009565535363,-0.074332289993052,-0.235604622081146,-0.597852809667531,-0.038804678987459,-0.010725397083415,-0.001156755867832,-0.035527611005593,-0.011780276042073,-0.029892754514750,-0.001940241350778,0.006733273526813
1403637242.588319063186646,-6.037807126386782,-3.834417819800385,-0.238448594423789,0.613560906992564,0.277115731544056,-0.727788590029281,0.130666189063800,-0.130792390545006,-0.636360634989234,-0.057795116283712,-0.117543693950602,-0.630561664535893,-0.029411690086253,-0.013248696594404,-0.005798970453341,-0.028383426197459,-0.005877179092610,-0.031528053159271,-0.001470583101854,0.007975583837696
1403637242.638319015502930,-6.039623379238440,-3.867763297804043,-0.239337589123630,0.612517899375554,0.279843209267766,-0.726756973875622,0.135402740350498,-0.017812413659370,-0.661558235631514,-0.037233209262667,-0.036325091675478,-0.666910196088280,-0.017779910953058,0.018512678016108,0.005351960456766,-0.019453298309608,-0.001816252851659,-0.033345478003658,-0.000888994699841,0.011318345298725
1403637242.688318967819214,-6.038333730816986,-3.902519663019597,-0.239236206184526,0.610357042931387,0.283655662692577,-0.725817496367766,0.142101045502544,0.087475233510732,-0.689950953920791,-0.011567145726623,0.025792993027199,-0.695127967236778,0.002027660715794,0.061682240483533,0.005177013315987,-0.013594806442417,0.001289648421454,-0.034756365215554,0.000101382939103,0.016118853951117
1403637242.738318920135498,-6.031575094581394,-3.937900009183816,-0.237920833025589,0.607214358519983,0.287806769527345,-0.724924232872945,0.151468950002870,0.201735183433277,-0.703299735660364,0.020214578274475,0.135172853622715,-0.707607598111573,0.026307488267533,0.066562329810562,0.004307862451209,-0.006092909993058,0.006758636235592,-0.035380346164219,0.001315373158938,0.021509516267890
1403637242.788319110870361,-6.019147865909106,-3.973658506266140,-0.234761740658328,0.603710512742499,0.290519388904821,-0.724287719670267,0.162909179021328,0.288791761658606,-0.714610636830784,0.069214277292028,0.248543625327071,-0.715167213500069,0.063181606326517,0.040248136331535,0.000556576669285,0.006032670965510,0.012427228672288,-0.035758497082324,0.003159092367261,0.024569991962599
1403637242.838319063186646,-6.001927157055655,-4.009151166523095,-0.229049728391899,0.602158501091938,0.292739900428886,-0.722179062825070,0.173683307996765,0.398062391889939,-0.698254877146068,0.109039071306213,0.344414505528298,-0.709853882108506,0.114240354276669,0.053647886361641,0.011599004962438,-0.005201282970456,0.017220708853452,-0.035492660256955,0.005712012266429,0.022615840731428
1403637242.888319015502930,-5.979488578968373,-4.043714308598010,-0.222286864688740,0.600567558491383,0.294990555141103,-0.720242709205231,0.183165553262486,0.469514379227774,-0.692397812874209,0.132200041538109,0.448771989727965,-0.691263500738543,0.135257403054691,0.020742389499809,-0.001134312135666,-0.003057361516582,0.022438578087282,-0.034563142074915,0.006762863703159,0.020125589687981
1403637242.938318967819214,-5.953822100058383,-4.078372214911151,-0.213860281689335,0.601116197709860,0.298140105136526,-0.716892630454385,0.189305971802833,0.552460163225019,-0.667846958007785,0.159962953948952,0.513330067749503,-0.693158787310555,0.168531820712568,0.039130095475516,0.025311829302771,-0.008568866763616,0.025666478909990,-0.034657906313141,0.008426582999405,0.015381642201010
1403637242.988318920135498,-5.923764774194754,-4.111734503675033,-0.204047695367929,0.601813670847502,0.301280481822556,-0.713774107260016,0.193847622268086,0.610739919192541,-0.672172964911673,0.182489357225368,0.601147090571116,-0.667246411613397,0.196251913588529,0.009592828621425,-0.004926553298276,-0.013762556363161,0.030057325863629,-0.033362288763882,0.009812586321406,0.012759364939206
1403637243.038319110870361,-5.890497153291896,-4.144951074780614,-0.194090422467017,0.600743160045004,0.305751970606242,-0.712542644988827,0.194695575712109,0.683004275569854,-0.652625770294928,0.170945999629173,0.665349879948782,-0.664328887898027,0.199144698341496,0.017654395621072,0.011703117603099,-0.028198698712323,0.033267620902858,-0.033216571105581,0.009957272900912,0.009669700145254
1403637243.088319063186646,-5.853917059671642,-4.177400051472137,-0.185258754472633,0.599786564062531,0.310522750460934,-0.711694117164475,0.193192087337237,0.757261657101607,-0.631251629338593,0.143101679713075,0.731602570115671,-0.648980152746177,0.176633528338539,0.025659086985937,0.017728523407585,-0.033531848625464,0.036580093620254,-0.032448976691524,0.008831667994384,0.010325880547223
1403637243.138319015502930,-5.813114409550655,-4.208902928610225,-0.178788431589624,0.598013999757967,0.314960043253267,-0.711811459480772,0.191059868625603,0.833467421864827,-0.624930803210823,0.083786336629965,0.816053780669264,-0.630058143632031,0.129406581071924,0.017413641195563,0.005127340421208,-0.045620244441960,0.040802650120987,-0.031502877138088,0.006470322883010,0.010467423735990
1403637243.188318967819214,-5.768856849862802,-4.239767599795793,-0.175005514103522,0.593311710637231,0.317551052534147,-0.714699404483004,0.190649689973042,0.905686175160269,-0.617406896842532,0.051212622146512,0.885152037903832,-0.617294012408801,0.075658421875531,0.020534137256437,-0.000112884433731,-0.024445799729020,0.044257559687853,-0.030864671185568,0.003782917486102,0.012220219487310
1403637243.238318920135498,-5.721534407196148,-4.270418973561103,-0.173085503355490,0.587383206894636,0.318870384762669,-0.718750257950934,0.191574300664121,0.970028009055394,-0.609681334090193,0.019927141709227,0.946449755937901,-0.613028059935316,0.038400251581964,0.023578253117493,0.003346725845124,-0.018473109872737,0.047322442666654,-0.030651373765310,0.001920010748031,0.014717657052169
1403637243.288319110870361,-5.671326762592127,-4.300859343440475,-0.172477424307725,0.582665709559639,0.319035022668828,-0.722041774734759,0.193320978561413,1.024254171183289,-0.609208771560850,-0.004574997433433,1.004149061555744,-0.608805075180385,0.012161534562730,0.020105109627545,-0.000403696380464,-0.016736531996163,0.050207644604021,-0.030440369879372,0.000608079047765,0.012027794837784
1403637243.338319063186646,-5.618379478877836,-4.330886961121071,-0.173920044220318,0.578282625850375,0.319120649119878,-0.725133577631234,0.194762703145727,1.085126124497416,-0.603311588573622,-0.040536532141714,1.058946684176071,-0.600552926343822,-0.028852425767671,0.026179440321345,-0.002758662229800,-0.011684106374043,0.052947283714291,-0.030027617680596,-0.001442619912593,0.011109752285862
1403637243.388319015502930,-5.562831769823403,-4.360469698427435,-0.177007173725026,0.575338507316106,0.318443871107458,-0.727286918254490,0.196552388663325,1.134083628594592,-0.592391615609349,-0.071861657494333,1.110955240578134,-0.591655310373753,-0.061742648976539,0.023128388016458,-0.000736305235596,-0.010119008517793,0.055547709054433,-0.029582737306364,-0.003087129504708,0.008237896940220
1403637243.438318967819214,-5.504609949712534,-4.389718396281691,-0.180972273238015,0.572980153644092,0.316948538397602,-0.729255534973887,0.198554104081399,1.187481920388702,-0.580565828026428,-0.072860686316129,1.164437512711539,-0.584974514960293,-0.079302065888128,0.023044407677163,0.004408686933864,0.006441379571999,0.058221820110870,-0.029248697854256,-0.003965099512989,0.007919643640208
1403637243.488318920135498,-5.443713688434402,-4.418222287361844,-0.183857781427893,0.572352443137046,0.316643669145081,-0.729706994844877,0.199191288212750,1.242371656319238,-0.575241955576318,-0.047256901876190,1.217926387067756,-0.570078365272145,-0.057710218834311,0.024445269251482,-0.005163590304173,0.010453316958121,0.060896261278132,-0.028503891080152,-0.002885508189878,0.002094550523716
1403637243.538319110870361,-5.380223775997562,-4.446076307110673,-0.185897636956259,0.570110442482229,0.315403791596034,-0.731585062712944,0.200693367191992,1.287365161769000,-0.570309368014682,-0.043145193650382,1.269793404859362,-0.557078269891624,-0.040796954939296,0.017571756909638,-0.013231098123058,-0.002348238711087,0.063489912436840,-0.027854019748829,-0.002039855528366,0.007027732537378
1403637243.588319063186646,-5.315086840758459,-4.474568884885715,-0.187243547884706,0.565194478732392,0.313883404461809,-0.735514226317968,0.202611037452959,1.332320224731222,-0.564764103128939,-0.024740899017090,1.302739947171687,-0.569852098954151,-0.026918244240161,0.029580277559535,0.005087995825211,0.002177345223071,0.065136935239103,-0.028492577775042,-0.001345910928446,0.013504700770963
1403637243.638319015502930,-5.248860887636051,-4.503421651368022,-0.186636799141063,0.560338393417885,0.312259682206909,-0.739394191037437,0.204477397259448,1.348832564411548,-0.575695370651472,0.027494833737141,1.324520325609191,-0.577055879969522,0.012134986445677,0.024312238802357,0.001360509318050,0.015359847291464,0.066225953122409,-0.028852766482308,0.000606748743643,0.013379929837807
1403637243.688318967819214,-5.181862044765690,-4.532901068281920,-0.183466348907877,0.554188126160604,0.310870122077648,-0.744300025594598,0.205554761370074,1.374059391256781,-0.569894166269055,0.086539842083884,1.339978135309951,-0.589588900553758,0.063409065135319,0.034081255946829,0.019694734284703,0.023130776948565,0.066998842870361,-0.029479416913898,0.003170450233186,0.016122647764843
1403637243.738318920135498,-5.113532301297637,-4.562036418179259,-0.177501110978992,0.550336950577291,0.308085796490382,-0.747608935012643,0.208070332146217,1.378290435614912,-0.577938195038880,0.121895394170859,1.366596172648726,-0.582707553660004,0.119304872355695,0.011694262966186,0.004769358621124,0.002590521815164,0.068329743468053,-0.029135349897339,0.005965237928885,0.012627134690764
1403637243.788319110870361,-5.045099984699598,-4.591248835306652,-0.169932202993209,0.543384138533615,0.304568405116662,-0.753073221319103,0.211784059661825,1.383051452431954,-0.574696197056734,0.158792582541740,1.368641111009275,-0.584246113825795,0.151377582256008,0.014410341422679,0.009549916769061,0.007415000285732,0.068432316598039,-0.029212417127392,0.007568907985783,0.020431812641405
1403637243.838319063186646,-4.976198628645980,-4.619781971087405,-0.160473734541542,0.536080232418336,0.299729447100400,-0.758634846755485,0.217378499947610,1.380870356812292,-0.565195082012228,0.204391885285878,1.378028435262686,-0.570663259841959,0.189169549439485,0.002841921549606,0.005468177829730,0.015222335846393,0.068901356053618,-0.028533135780753,0.009458468451667,0.023579110140780
1403637243.888319015502930,-4.907985668607444,-4.647811617447419,-0.148463105803245,0.530589707793565,0.296435482646258,-0.762998164376633,0.220078094706647,1.368697281312304,-0.540666852865862,0.254790571957403,1.364260501830916,-0.560593461823876,0.240212803850713,0.004436779481388,0.019926608958014,0.014577768106690,0.068212960038536,-0.028029646360014,0.012010628738297,0.016410093564873
1403637243.938318967819214,-4.839550226559578,-4.674026015310882,-0.133956486812036,0.525903160050788,0.292741839754161,-0.766568139069588,0.223833352450731,1.360590767017317,-0.516837810824140,0.314770095745170,1.368710146261031,-0.524288457269688,0.290132656516235,-0.008119379243714,0.007450646445548,0.024637439228935,0.068435442047866,-0.026214397863463,0.014506618991209,0.015805534806639
1403637243.988318920135498,-4.772456624349225,-4.699237585278593,-0.116590831811875,0.524416493048799,0.291060317155006,-0.768070347694585,0.224363933350139,1.328705399439936,-0.499207770905940,0.366609485630887,1.341873323917194,-0.504231880227212,0.347313431227136,-0.013167924477258,0.005024109321271,0.019296054403750,0.067093602210353,-0.025211569967711,0.017365655000162,0.005504851915385
1403637244.038319110870361,-4.706972986211701,-4.723818154045210,-0.096642061598629,0.524089280192593,0.289940160051828,-0.768796186582942,0.224092734089831,1.294096108959972,-0.481767322692344,0.417951599600258,1.309667766764425,-0.491609499990928,0.398973882300338,-0.015571657804452,0.009842177298584,0.018977717299920,0.065483638137524,-0.024580568766617,0.019948770213246,0.002801579297512
1403637244.088319063186646,-4.642819482269055,-4.747523811567520,-0.074620974452181,0.524229832765291,0.288805620249113,-0.769252628177407,0.223662223438720,1.272585945688592,-0.454461681441888,0.455884813283051,1.283071302485067,-0.474113602596166,0.440422162948269,-0.010485356796474,0.019651921154278,0.015462650334782,0.064153503942646,-0.023705657522310,0.022021087146448,0.002608151974279
1403637244.138319015502930,-4.580037176438314,-4.770393278253077,-0.050876723603210,0.524877374401213,0.288736910838785,-0.769373448630756,0.221809005008771,1.236016489599713,-0.454563000472405,0.485993945716511,1.255647314093424,-0.457389769912014,0.474885469865496,-0.019630824493711,0.002826769439609,0.011108475851015,0.062782305830742,-0.022869466685557,0.023744250848971,0.003936012466577
1403637244.188318967819214,-4.519080122632661,-4.792867908622624,-0.025403765143435,0.526716820036704,0.288036013548008,-0.768654942464517,0.220848875511432,1.205376353262797,-0.433402139679193,0.512458357721822,1.219142238777692,-0.449493036060897,0.509459655054089,-0.013765885514894,0.016090896381705,0.002998702667733,0.060957053805653,-0.022474630369547,0.025472958459775,0.004609954174527
1403637244.238318920135498,-4.459837979919191,-4.814986665392305,0.001982489182206,0.527925613090929,0.287103562555211,-0.768359887539426,0.220202576349765,1.180739311440828,-0.425847292668281,0.541122167699922,1.184843984224671,-0.442375557275836,0.547725608864657,-0.004104672783843,0.016528264607555,-0.006603441164734,0.059242142713470,-0.022118756769681,0.027386254325641,0.003367732879684
1403637244.288319110870361,-4.401912403714173,-4.836398770488978,0.030113512480856,0.526986222158536,0.286437176591055,-0.769330173093277,0.219932603971960,1.150372067294967,-0.415967038260744,0.570501772132330,1.158507104746492,-0.428240468325723,0.562618319754431,-0.008135037451525,0.012273430064979,0.007883452377899,0.057925576205019,-0.021412105096673,0.028131023298650,0.003059977238283
1403637244.338319063186646,-4.345157837977518,-4.856972736578812,0.059292658800125,0.525750275753083,0.285962982960638,-0.770644234553763,0.218904736519918,1.136745665754727,-0.384169593522281,0.577823795001927,1.135092397241558,-0.411479714214308,0.583583482933955,0.001653268513169,0.027310120692027,-0.005759687932028,0.056754565736655,-0.020573966089834,0.029179146319269,0.004259433695498
1403637244.388319015502930,-4.289764432364407,-4.877475752231931,0.089926266486831,0.522900891567129,0.286285385259685,-0.772402673475095,0.219110578917455,1.119500092643116,-0.378305767704195,0.601847107548961,1.107869168808586,-0.410060704126732,0.612672738024391,0.011630923834530,0.031754936422537,-0.010825630475430,0.055393405613111,-0.020503015653119,0.030633607686707,0.006740155120898
1403637244.438318967819214,-4.235359492479845,-4.896986261137000,0.121647953825868,0.520396727172961,0.288739411590758,-0.773259642708927,0.218829439289043,1.082520986770575,-0.372300596187893,0.630003272474936,1.088099835384108,-0.390210550235171,0.634434351824473,-0.005578848613533,0.017909954047278,-0.004431079349537,0.054404939884562,-0.019510508905070,0.031721687339036,0.007240589649943
1403637244.488318920135498,-4.182985144986512,-4.916647796669651,0.154978942383038,0.518863367621421,0.293305946202680,-0.772890583117680,0.217698355966967,1.043050996021475,-0.378361883745922,0.660768340965803,1.047487948829016,-0.393231085667412,0.666620406882160,-0.004436952807541,0.014869201921490,-0.005852065916357,0.052374347493333,-0.019661535532651,0.033330988557170,0.009923716007899
1403637244.538319110870361,-4.132066928289005,-4.936098294248224,0.189090300735302,0.518856536086751,0.300761264698595,-0.770730094890752,0.215187540175197,1.011206758823522,-0.385412221446244,0.666241307361800,1.018360449213325,-0.389008467621922,0.682224564565099,-0.007153690389803,0.003596246175677,-0.015983257203299,0.050918216697507,-0.019450497578573,0.034111358352264,0.016316138634368
1403637244.588319063186646,-4.082475709363511,-4.955710010365524,0.222586225761349,0.518240084240609,0.309387220939368,-0.768421121600080,0.212686958896348,0.980975214893335,-0.389449494706594,0.638325442232645,0.991825324388221,-0.392234696410155,0.669919139405624,-0.010850109494886,0.002785201703561,-0.031593697172979,0.049591218925494,-0.019611716117300,0.033495925026047,0.018587309650491
1403637244.638319015502930,-4.034198024520301,-4.976487217986288,0.254279434282103,0.517345768002365,0.318837494842308,-0.765808548668965,0.210317082041042,0.966746478894544,-0.404853051913756,0.605894601257277,0.965554617688828,-0.415544548709443,0.633864774915644,0.001191861205716,0.010691496795687,-0.027970173658367,0.048277684843209,-0.020777207620764,0.031693208520754,0.020253415354468
1403637244.688318967819214,-3.987194519326672,-4.998387477586628,0.284486501363598,0.515871772271287,0.327794556165022,-0.763140733843293,0.209864870503328,0.946206339124564,-0.422958090790412,0.573026000089029,0.940071000394145,-0.438005609721499,0.604141917784516,0.006135338730418,0.015047518931087,-0.031115917695487,0.047003505193629,-0.021900259600340,0.030207067081494,0.018944552044043
1403637244.738318920135498,-3.940514008491728,-5.020804972043782,0.312667707717768,0.514065406881934,0.335888125058267,-0.760620682557065,0.210646866007018,0.933112200187662,-0.441419294978853,0.539367040304035,0.933611107059822,-0.448350316723249,0.563624664597772,-0.000498906872160,0.006931021744396,-0.024257624293737,0.046680510834944,-0.022417494457153,0.028181206354170,0.017404765639180
1403637244.788319110870361,-3.894523368786680,-5.044160347723179,0.339396864599923,0.512423093216245,0.342530807866684,-0.758415195791759,0.211899999983577,0.918193264757566,-0.467261518840402,0.505181371888189,0.919809285306990,-0.467105731720990,0.534581098378053,-0.001616020549424,-0.000155787119411,-0.029399726489865,0.045990639705048,-0.023355375679397,0.026729156882155,0.014595503700112
1403637244.838319063186646,-3.850918115013169,-5.069604396384494,0.365006004669412,0.510864306125829,0.347917981559392,-0.756586592236997,0.213418526097016,0.895920716721982,-0.493122327269214,0.487295274240677,0.872105907175234,-0.508881458533482,0.512183289845820,0.023814809546749,0.015759131264268,-0.024888015605143,0.043605253773511,-0.025444048661315,0.025609140069489,0.012182164801872
1403637244.888319015502930,-3.806286412542613,-5.095214287858387,0.388458906373448,0.509304599557822,0.352618583009615,-0.754866537565763,0.215512111606317,0.881059959278717,-0.520298841759731,0.462828076939581,0.892634900694086,-0.512198317948244,0.469058481409746,-0.011574941415369,-0.008100523811487,-0.006230404470165,0.044631702470555,-0.025609891473893,0.023452901704036,0.011290723904294
1403637244.938318967819214,-3.762476863067281,-5.122181301985628,0.410385103668988,0.506579513607779,0.355721173992379,-0.754442336818160,0.218303465805617,0.869474234789470,-0.548470431544873,0.428063202756904,0.876191825108287,-0.539340796900279,0.438524364120232,-0.006717590318817,-0.009129634644594,-0.010461161363329,0.043809549475332,-0.026967014127241,0.021926197295540,0.010004763058448
1403637244.988318920135498,-3.719443367082953,-5.150198263644946,0.430661585963225,0.503140560148419,0.357949903791856,-0.754867023140328,0.221127159083175,0.848046906904595,-0.573021021726276,0.407802336647237,0.860670740486152,-0.560339767568014,0.405530032628311,-0.012623833581557,-0.012681254158263,0.002272304018925,0.043033495984329,-0.028016961659318,0.020276482294237,0.009989452733048
1403637245.038319110870361,-3.676977123574936,-5.179076760744305,0.449020633469219,0.497617859430875,0.357583038295335,-0.757443237086809,0.225367653602654,0.835088622416196,-0.589473031363462,0.346131960429245,0.849321630255421,-0.577567738741101,0.367179549441064,-0.014233007839225,-0.011905292622361,-0.021047589011819,0.042466243508016,-0.028878497099359,0.018359047505994,0.014866571896643
1403637245.088319063186646,-3.635272465790914,-5.209049778756210,0.465652429532893,0.488957899145534,0.355259663768551,-0.762328847222529,0.231442158766744,0.811616331715260,-0.613885254952551,0.320767222024029,0.834093951134430,-0.599460931928592,0.332636238500117,-0.022477619419169,-0.014424323023959,-0.011869016476088,0.041704657784023,-0.029973018011905,0.016631796063674,0.023762444428715
1403637245.138319015502930,-3.595814732724433,-5.239615250519889,0.480590165529015,0.480496817218767,0.353260214278454,-0.767145513975731,0.236257888836513,0.765357101403548,-0.637396443935886,0.286071866592740,0.789155413926860,-0.611310018264243,0.298755004837408,-0.023798312523312,-0.026086425671643,-0.012683138244667,0.039457733066480,-0.030565471763679,0.014937735996122,0.022088954731493
1403637245.188318967819214,-3.559618520199062,-5.271771389985004,0.494218665936594,0.474091861220514,0.352448034446721,-0.770903959949093,0.238168794500705,0.703387334652899,-0.661599964749432,0.280282206289326,0.723924940896043,-0.643123402632564,0.272570268094841,-0.020537606243144,-0.018476562116868,0.007711938194485,0.036196212525371,-0.032156139465115,0.013628500407579,0.015422174767920
1403637245.238318920135498,-3.525740766220034,-5.304540076462983,0.508032994955273,0.474357421417066,0.354312563925275,-0.770272260154465,0.236914096304507,0.644134056806536,-0.689664006295997,0.292728909776722,0.677555725748054,-0.655374354573275,0.276286843861252,-0.033421668941519,-0.034289651722722,0.016442065915470,0.033877753979028,-0.032768686477979,0.013814329018679,0.004699066770439
1403637245.288319110870361,-3.494451870274232,-5.338614375710588,0.521419945311915,0.478969584612702,0.356530826579530,-0.767119209913048,0.234525104193206,0.591616545328552,-0.717501665671356,0.275972468226453,0.625775531771838,-0.681483385299291,0.267737985793486,-0.034158986443287,-0.036018280372066,0.008234482432968,0.031288895945802,-0.034074299247605,0.013386950356642,0.012937062042775
1403637245.338319063186646,-3.465379822264023,-5.374115343472102,0.533443588560988,0.484281878044394,0.359671796829334,-0.763561709179811,0.230392659253192,0.551781730203102,-0.748119785864763,0.256153714374604,0.581441514710026,-0.710020032358156,0.240473094314459,-0.029659784506924,-0.038099753506607,0.015680620060146,0.029072048010209,-0.035500967761514,0.012023643249072,0.016470513234613
1403637245.388319015502930,-3.437443857552732,-5.410775478560045,0.544627843907539,0.488790232161746,0.361599009043039,-0.760332240680094,0.228528224481675,0.528897852625158,-0.775203161049862,0.230832149683519,0.558719827062563,-0.733203400996112,0.223685320253971,-0.029821974437404,-0.041999760053750,0.007146829429547,0.027935964711291,-0.036660135087943,0.011184255346551,0.012319920057792
1403637245.438318967819214,-3.411071137315770,-5.448921433444711,0.554510242623014,0.492181533280866,0.364388685117304,-0.757287516537124,0.226922545712878,0.512603251928491,-0.808119666603011,0.201382416543604,0.527454907759428,-0.762919825270356,0.197648162801477,-0.014851655830937,-0.045199841332655,0.003734253742127,0.026372720236961,-0.038145954884666,0.009882398715475,0.011159183852001
1403637245.488318920135498,-3.385809077559132,-5.489018005245473,0.562793484152221,0.493885129328063,0.367687965122767,-0.754686355400183,0.226564658111697,0.497436244161109,-0.842696210406034,0.180757647609680,0.505241676968788,-0.801932200797392,0.165664988574589,-0.007805432807679,-0.040764009608642,0.015092659035091,0.025262059756639,-0.040096571800762,0.008283241529207,0.009095415655342
1403637245.538319110870361,-3.361062756092008,-5.530624589280733,0.569654201238008,0.493835208351885,0.371174949477442,-0.752471887530136,0.228346233490511,0.481203376955955,-0.870136868339468,0.155247831087333,0.494924541355176,-0.832128506386861,0.137213818286555,-0.013721164399221,-0.038008361952607,0.018034012800778,0.024746321467124,-0.041606584035260,0.006860717085787,0.008997658563842
1403637245.588319063186646,-3.336576036176870,-5.572936480143934,0.574802843293634,0.493745715294044,0.376304800520861,-0.749678231750698,0.229330361210363,0.474885832234186,-0.895268843547525,0.115509200531747,0.489734865350318,-0.846238624300057,0.102972939315175,-0.014849033116132,-0.049030219247469,0.012536261216572,0.024486719915138,-0.042311890863201,0.005148642055626,0.011848460383528
1403637245.638319015502930,-3.310470748124085,-5.614664955943674,0.577349433231990,0.491378332186656,0.381427372119855,-0.747586429922288,0.232755288342179,0.473761896996471,-0.916331508348243,0.090312179386683,0.522106258975030,-0.834570311903073,0.050931847339499,-0.048344361978558,-0.081761196445171,0.039380332047184,0.026105288052785,-0.041728475799740,0.002546589938355,0.013849360262596
1403637245.688318967819214,-3.287133729786349,-5.659795935055266,0.579132480803831,0.489307026981713,0.387765292267486,-0.744724358557611,0.235801486912154,0.462971003205123,-0.942817889562832,0.058669427011155,0.466740811873461,-0.902620443037777,0.035660985445793,-0.003769808668339,-0.040197446525055,0.023008441565362,0.023337018337737,-0.045130979111592,0.001783047571841,0.015739203904912
1403637245.738318920135498,-3.264580151789753,-5.707024564462840,0.580367558030120,0.488267987710935,0.393745975798035,-0.740358898262122,0.241717149750830,0.454920304923599,-0.985396639163813,0.040248915175771,0.451071990107678,-0.944573488966950,0.024701568083040,0.003848314815922,-0.040823150196863,0.015547347092730,0.022553577996595,-0.047228629407574,0.001235077226289,0.019068421758923
1403637245.788319110870361,-3.242683050908241,-5.756032571843697,0.580716853181677,0.489319435901957,0.399874666189263,-0.733470670992162,0.250374750689690,0.446290304846281,-1.009540311117456,0.028441470226650,0.437940347020397,-0.980156408617177,0.006985876382126,0.008349957825883,-0.029383902500280,0.021455593844524,0.021897100881512,-0.049008007380857,0.000349295151556,0.025382693324921
1403637245.838319063186646,-3.220854394960781,-5.806277033776975,0.580671584197636,0.492493278340282,0.407170757636483,-0.723833100654981,0.260246013056051,0.448866497284724,-1.027812220602708,0.001154193396197,0.436573535298170,-1.004890197003523,-0.000905380544247,0.012292961986554,-0.022922023599184,0.002059573940444,0.021828655947460,-0.050244461933278,-0.000045268984040,0.031851917985343
1403637245.888319015502930,-3.198130320817532,-5.857031889861203,0.578745467651157,0.493986328165938,0.415482022731197,-0.714234796032567,0.270593518970143,0.459185396130789,-1.036376285095102,-0.033800529114638,0.454481916292721,-1.015098089757553,-0.038522367667384,0.004703479838068,-0.021278195337549,0.004721838552746,0.022724074143250,-0.050754856084229,-0.001926116546480,0.032894422230742
1403637245.938318967819214,-3.175037188267519,-5.908310921643444,0.574881950753648,0.493562536305066,0.424909339155225,-0.704628201582387,0.281686303872857,0.469894148982392,-1.028404165223721,-0.079639462059089,0.461863091467219,-1.025581613715645,-0.077270411640980,0.008031057515173,-0.002822551508076,-0.002369050418110,0.023093132550013,-0.051279031782240,-0.003863516897509,0.034894019531654
1403637245.988318920135498,-3.150252284770046,-5.959107096311246,0.569769893370254,0.492080477724264,0.436146868779144,-0.694501154227374,0.292063108032584,0.478843774933702,-1.032993882425704,-0.095227329531880,0.495698542684433,-1.015924462217126,-0.102241245172739,-0.016854767750731,-0.017069420208578,0.007013915640859,0.024784903497473,-0.050796174667803,-0.005112057383394,0.036808873028067
1403637246.038319110870361,-3.125616571478242,-6.011284027625837,0.563696663606347,0.489189418630780,0.448647824910106,-0.684020473910255,0.302530714431938,0.490189692781357,-1.039420326922885,-0.117586110188551,0.492712386287483,-1.043534645523061,-0.121464131929235,-0.002522693506127,0.004114318600176,0.003878021740684,0.024635713291804,-0.052176931314591,-0.006073229763906,0.039194890594851
1403637246.088319063186646,-3.100121893096169,-6.063322135092114,0.556668380329613,0.484689171743254,0.461710742648811,-0.673201632750601,0.314164222309680,0.513373096486521,-1.034203005479664,-0.150594454307835,0.509894053914321,-1.040763141874605,-0.140565799588682,0.003479042572200,0.006560136394941,-0.010028654719153,0.025494678382073,-0.052038107466276,-0.007028283276734,0.042109108138256
1403637246.138319015502930,-3.074132291679168,-6.114874917654595,0.548223261516903,0.479605123391752,0.476016486664562,-0.661406533021493,0.325466784966451,0.526970543623550,-1.021589431211672,-0.176445755782816,0.519792524052794,-1.031056634541862,-0.168902537332217,0.007178019570756,0.009467203330189,-0.007543218450599,0.025989601417001,-0.051552782562482,-0.008445118812710,0.044604698235474
1403637246.188318967819214,-3.047456712031292,-6.165868755539724,0.538397929185327,0.473012586089056,0.490781307869089,-0.649408671852235,0.337136735125032,0.543069861250245,-1.007078380147785,-0.209730019410163,0.533512101754316,-1.019877730333766,-0.196506834035023,0.009557759495929,0.012799350185982,-0.013223185375140,0.026675579647876,-0.050993837885128,-0.009825332331575,0.046545562556225
1403637246.238318920135498,-3.021669817709129,-6.217352427864284,0.527864533722847,0.465607013786417,0.505426420335083,-0.636900819581727,0.349444685688999,0.551858751111392,-1.002258853383149,-0.228555593913756,0.515738378289698,-1.029674428465269,-0.210668110158373,0.036120372821694,0.027415575082120,-0.017887483755384,0.025786894322163,-0.051483672324561,-0.010533395462480,0.048053370596186
1403637246.288319110870361,-2.993225351300441,-6.267864727857665,0.516223672545966,0.457442656059440,0.521234408349765,-0.623870227041316,0.360342681042605,0.577052411888687,-0.992975167234203,-0.244694497077168,0.568887158041492,-1.010242146099662,-0.232816335413789,0.008165253847195,0.017266978865459,-0.011878161663379,0.028444466408689,-0.050512299993381,-0.011640861176881,0.049199283843321
1403637246.338319063186646,-2.964631395066872,-6.318011809329717,0.503575236623097,0.449818031069219,0.537015803320166,-0.609154780814812,0.371763660031298,0.587032981933472,-0.980150096700187,-0.255629897175392,0.571879670058326,-1.002942585921628,-0.252968959707367,0.015153311875146,0.022792489221441,-0.002660937468025,0.028593956233569,-0.050147081472052,-0.012648435922868,0.051154906581905
1403637246.388319015502930,-2.935916863411007,-6.366923066506933,0.490152886799678,0.442761811533101,0.553494626655218,-0.593348105450209,0.381501903364028,0.595895379226685,-0.956031359599071,-0.264533232327773,0.574291180804041,-0.978226076453403,-0.268447252479644,0.021604198422645,0.022194716854332,0.003914020151871,0.028714531655865,-0.048911257177216,-0.013422349823420,0.051616400150838
1403637246.438318967819214,-2.906651360888934,-6.415080440072077,0.476334314226696,0.436529788511483,0.570258926384473,-0.576408013069530,0.389872162497124,0.614859849635088,-0.945390707698907,-0.293346270576654,0.585310608637153,-0.963148389832761,-0.276371715028247,0.029549240997934,0.017757682133854,-0.016974555548407,0.029265502522073,-0.048157373565144,-0.013818572572982,0.052036372329554
1403637246.488318920135498,-2.875823693151533,-6.461300557233397,0.461182069582470,0.431261700921833,0.585298121878776,-0.558667006782228,0.399162409773479,0.634136058918653,-0.919562889418179,-0.323724916462167,0.616553942739695,-0.924403224806007,-0.303045181890918,0.017582116178958,0.004840335387829,-0.020679734571249,0.030827667737402,-0.046220117161320,-0.015152244644226,0.051186634965239
1403637246.538319110870361,-2.845198620431641,-6.507681988800214,0.444610707355097,0.425092417376908,0.598094832395217,-0.541969083552046,0.409693203049000,0.652251414197342,-0.891422375536312,-0.330019830874214,0.612499117899130,-0.927625092727439,-0.331425980257677,0.039752296298212,0.036202717191127,0.001406149383463,0.030625072719892,-0.046381431566817,-0.016571362227373,0.048644147372333
1403637246.588319063186646,-2.812752647934529,-6.551408849309906,0.427906822704330,0.420759487714027,0.610139698942185,-0.524113703898193,0.419518565333511,0.675228422163700,-0.847883123162555,-0.366508631896814,0.648920068800630,-0.874538044218318,-0.334078011616969,0.026308353363070,0.026654921055763,-0.032430620279845,0.032445972497111,-0.043726860509692,-0.016703884650767,0.048134535416402
1403637246.638319015502930,-2.779141364233220,-6.592811375915165,0.409806755859705,0.414332629969627,0.620576517956004,-0.507866771886132,0.430446975965696,0.698208342528741,-0.807988696882052,-0.369376928871550,0.672226315111155,-0.828051321796452,-0.362001682124201,0.025982027417586,0.020062624914400,-0.007375246747348,0.033611283701309,-0.041402526605259,-0.018100066844625,0.046201661512880
1403637246.688318967819214,-2.744073611039239,-6.631993449020356,0.391406639166020,0.408932004610336,0.629138314427205,-0.491164013642296,0.442399715899388,0.732440349498671,-0.753605791027463,-0.370756205026088,0.701355732744581,-0.783642209443261,-0.368002684828404,0.031084616754090,0.030036418415798,-0.002753520197684,0.035067753193982,-0.039182073105191,-0.018400116693685,0.045797124318366
1403637246.738318920135498,-2.706828587768739,-6.669168976811980,0.372642274650770,0.402556499071142,0.638743764985223,-0.475431534774831,0.451574493843194,0.770941457603784,-0.708053711247070,-0.348630269328458,0.744901175803105,-0.743511264900080,-0.375287648207196,0.026040281800678,0.035457553653010,0.026657378878737,0.037245023270499,-0.037175527791624,-0.018764364515250,0.043109960879182
1403637246.788319110870361,-2.668543940599731,-6.703381404496350,0.355380263408751,0.394736381588270,0.647457544703623,-0.460849681575968,0.461085119959737,0.793029000794896,-0.644989185710112,-0.330252308876190,0.765690022504537,-0.684245943496285,-0.345238907858472,0.027338978290359,0.039256757786173,0.014986598982282,0.038284647169009,-0.034212427684371,-0.017262011242019,0.041961067325421
1403637246.838319063186646,-2.628371797484205,-6.733802490402620,0.340086934560532,0.386657818623621,0.656438337139196,-0.446578275077334,0.469203884319070,0.815105579868770,-0.563435541834733,-0.297378136063658,0.803443628534059,-0.608422298362104,-0.305866868661756,0.011661951334711,0.044986756527371,0.008488732598098,0.040172143115525,-0.030421085906269,-0.015293328848219,0.040768594695426
1403637246.888319015502930,-2.585881091727599,-6.760350438859753,0.326874362032213,0.377494530475082,0.665783387721546,-0.433914533702410,0.475340443826569,0.845065225483481,-0.498865895801122,-0.254755619157351,0.849814925578796,-0.530959475505078,-0.264251702576444,-0.004749700095316,0.032093579703956,0.009496083419093,0.042490705756606,-0.026547948457133,-0.013212572528319,0.038436175433818
1403637246.938318967819214,-2.542868879551388,-6.783824268816569,0.315112236969650,0.366066942524369,0.675630188416893,-0.424141851525207,0.479189453009333,0.865643605826473,-0.445816438217068,-0.244322038356952,0.860245063917841,-0.469477046864527,-0.235242725596188,0.005398541908632,0.023660608647458,-0.009079312760764,0.043012212176211,-0.023473829956816,-0.011762125062562,0.036762967907329
1403637246.988318920135498,-2.498502575058467,-6.804344393681419,0.305240037618961,0.355074951407420,0.685866920359515,-0.416379865556286,0.479725081686274,0.886902219539569,-0.386439617004092,-0.199290248709548,0.887326936079334,-0.410402888687701,-0.197444175311236,-0.000424716539765,0.023963271683609,-0.001846073398312,0.044366304492921,-0.020520124864850,-0.009872199350690,0.033832333503966
1403637247.038319110870361,-2.453948957547679,-6.822238158716992,0.297043477163064,0.344512140344694,0.694048824667511,-0.410839704813832,0.480435584736652,0.898631250336214,-0.337536715796072,-0.167550422466833,0.891068951057458,-0.357873935530729,-0.163930583772392,0.007562299278756,0.020337219734657,-0.003619838694441,0.044553617510787,-0.017893765035573,-0.008196560455897,0.028963314479775
1403637247.088319063186646,-2.410621558013514,-6.839615334087521,0.287748580366796,0.334353219251389,0.701404045957226,-0.407889254787242,0.479444099890879,0.909043624070574,-0.307190413381992,-0.182488983554653,0.866548817088650,-0.347543838854221,-0.185898113211614,0.042494806981923,0.040353425472230,0.003409129656961,0.043327399534165,-0.017377175370529,-0.009294896796268,0.025845191386251
1403637247.138319015502930,-2.365433782439928,-6.855049919664342,0.279191990017798,0.324543331693334,0.706918828728928,-0.406917461309673,0.478910821681032,0.920211044694420,-0.282504283843090,-0.192302916196678,0.903756373360964,-0.308692005928053,-0.171131970184110,0.016454671333457,0.026187722084963,-0.021170946012569,0.045187775573586,-0.015434585576821,-0.008556590348997,0.022616529692646
1403637247.188318967819214,-2.319577013777745,-6.868158834558216,0.269085211771588,0.317497628283002,0.711282836467586,-0.405923580214183,0.478014675096271,0.921245295355567,-0.247531208417918,-0.227780690652008,0.917136247892951,-0.262178547910416,-0.202135757695887,0.004109047462616,0.014647339492498,-0.025644932956121,0.045856768662183,-0.013108914893873,-0.010106778246210,0.016790210522615
1403637247.238318920135498,-2.271958871544313,-6.880629406337319,0.255341411449060,0.310982432529804,0.713791724393675,-0.406243122210748,0.478286343628389,0.929056291150207,-0.219943486105637,-0.261912200196212,0.952363752913484,-0.249411673439579,-0.274876268593006,-0.023307461763276,0.029468187333942,0.012964068396794,0.047618142233432,-0.012470571779104,-0.013743800322528,0.013988338661043
1403637247.288319110870361,-2.224498070405105,-6.890181404739765,0.241528135775457,0.307565375645674,0.714360593102780,-0.405589109431418,0.480197831145050,0.940887584889344,-0.198495090579900,-0.275452148489115,0.949212401826205,-0.191039239292059,-0.276264459606770,-0.008324816936861,-0.007455851287841,0.000812311117655,0.047460801139208,-0.009551998402446,-0.013813275673602,0.008020331202650
1403637247.338319063186646,-2.175215198814405,-6.898338515752140,0.227593532245738,0.307690193705428,0.711726777399806,-0.403683636358041,0.485604016423208,0.959361229339584,-0.179827097445735,-0.256173173164742,0.985658371811081,-0.163142375832177,-0.278692336376110,-0.026297142471497,-0.016684721613558,0.022519163211368,0.049282871590700,-0.008157111012374,-0.013934603529719,0.012619090882039
1403637247.388319015502930,-2.124031201065604,-6.906832235517354,0.214709205506711,0.312772759874187,0.705285177626300,-0.398877623401029,0.495623506758175,0.983790988635984,-0.176470212267985,-0.241030876228476,1.023680931234239,-0.169874557309286,-0.257686780529793,-0.039889942598255,-0.006595654958699,0.016655904301317,0.051183997748801,-0.008493719765214,-0.012884326739026,0.027627353682878
1403637247.438318967819214,-2.073770843338041,-6.913993465643422,0.201729549640590,0.318416847382542,0.697857894552204,-0.394262243244028,0.506124840198854,0.989618371320207,-0.146330828390044,-0.273842426932748,1.005208113192409,-0.143224739111123,-0.259593364889950,-0.015589741872202,-0.003106089278921,-0.014249062042799,0.050260357727562,-0.007161230126068,-0.012979655866121,0.029570524376111
1403637247.488318920135498,-2.023376270975814,-6.919937926794973,0.186297939521462,0.320878556180527,0.693139765222341,-0.392679918572419,0.512246717511178,0.987612250876133,-0.116088004128059,-0.317338193789335,1.007892408445657,-0.118889336412729,-0.308632496717452,-0.020280157569523,0.002801332284670,-0.008705697071883,0.050394572362228,-0.005944461151551,-0.015431610119128,0.016529038270677
1403637247.538319110870361,-1.973316779174706,-6.923485314067991,0.169044213244855,0.322242665049356,0.692118091858651,-0.391313439655214,0.513815145445358,0.986373840107100,-0.061092579015274,-0.356503297041016,1.001186016800584,-0.070947474817210,-0.345073209182316,-0.014812176693484,0.009854895801935,-0.011430087858700,0.050059491801107,-0.003547387273017,-0.017253726276607,0.005378417849980
1403637247.588319063186646,-1.923504216372581,-6.924588919971323,0.150434746076306,0.322172866530849,0.692875836285667,-0.389392181851836,0.514297042841392,0.983567912970439,-0.006823412755005,-0.387605965364443,0.996252206142644,-0.022072139116282,-0.372189698318722,-0.012684293172204,0.015248726361277,-0.015416267045721,0.049812562802125,-0.001103605903332,-0.018609467168548,0.004243822233121
1403637247.638319015502930,-1.872794469872319,-6.922981453367357,0.131473168842835,0.321910701035723,0.694756998811409,-0.386098896724225,0.514406313248186,0.986381503218436,0.038660938474876,-0.379609590853437,1.014195897217822,0.032149362739342,-0.379231906333166,-0.027814393999386,0.006511575735533,-0.000377684520271,0.050709746500262,0.001607466603966,-0.018961577233472,0.007606625423972
1403637247.688318967819214,-1.822215969833844,-6.919896437022640,0.112263130498746,0.324077810152369,0.697331765617489,-0.379636035927966,0.514371910053942,0.986505414968688,0.091769321351114,-0.395569940835556,1.011570965478742,0.061700385736416,-0.384201133284523,-0.025065550510053,0.030068935614698,-0.011368807551033,0.050578500038475,0.003085016344717,-0.019210038344088,0.014573369440185
1403637247.738318920135498,-1.771513275931457,-6.914170607344859,0.093212384106038,0.325686653787427,0.700684446118820,-0.372396838282754,0.514091534017941,0.994147536969311,0.142820062920452,-0.373936435521998,1.014054845125813,0.114516702767252,-0.381015291218657,-0.019907308156502,0.028303360153200,0.007078855696659,0.050702693902388,0.005725829677781,-0.019050746392708,0.016286657620665
1403637247.788319110870361,-1.721122939333177,-6.904921744667233,0.075322070071246,0.327012076330502,0.704859932280139,-0.364602736767888,0.513128075768047,1.008511846507628,0.199865287021208,-0.359286130241674,1.007802887502682,0.184976547923000,-0.357804915778399,0.000708959004946,0.014888739098208,-0.001481214463276,0.050390336598280,0.009248862677627,-0.017890314034792,0.017985354574829
1403637247.838319063186646,-1.669753699498055,-6.892910619639912,0.059685523265304,0.327302618848482,0.708195772062835,-0.356451522355372,0.514075924682131,1.028277188380288,0.264374934577651,-0.303679884542730,1.027385776493859,0.240222729640653,-0.312731234362593,0.000891411886429,0.024152204936998,0.009051349819862,0.051369239835122,0.012011125027320,-0.015636546805942,0.017726079114381
1403637247.888319015502930,-1.617712899791108,-6.876621383039312,0.045456428719660,0.323351249571679,0.710498422656356,-0.350949138814152,0.517175659489954,1.047378128826223,0.340879250725129,-0.255811608016051,1.040816986739381,0.325785042704828,-0.284582162311582,0.006561142086842,0.015094208020301,0.028770554295531,0.052040799706948,0.016289236600600,-0.014229094545644,0.015594923210804
1403637247.938318967819214,-1.567070109758677,-6.856138311106131,0.034479736314976,0.317069544101442,0.710955051216076,-0.345774111393137,0.523879836645711,1.053734402024113,0.419363293309126,-0.214768942063794,1.012856766584089,0.409661829347598,-0.219534057457667,0.040877635440024,0.009701463961528,0.004765115393873,0.050642790032430,0.020483071933182,-0.010976692404684,0.021108886042650
1403637247.988318920135498,-1.513843531028617,-6.832954797316584,0.024181698386725,0.309500779928090,0.711559159352710,-0.341572080096106,0.530303068126131,1.049651951854825,0.483785366940918,-0.210553075347337,1.064532589818601,0.463670717981783,-0.205960954984700,-0.014880637963776,0.020114648959135,-0.004592120362638,0.053226578730061,0.023183513789546,-0.010298037928251,0.021593261888530
1403637248.038319110870361,-1.460715948724903,-6.805608282957387,0.015386559626417,0.299936822268938,0.715112519509207,-0.338570237387110,0.532937314741652,1.048078384231935,0.557070041437529,-0.185136701553381,1.062547592776884,0.546928200818439,-0.175902104192878,-0.014469208544950,0.010141840619090,-0.009234597360503,0.053127582303714,0.027346514359198,-0.008795138760308,0.021913207919171
1403637248.088319063186646,-1.408328908748554,-6.777023849922487,0.007905103197504,0.291050981541469,0.721401536808700,-0.334876570188307,0.531720633013906,1.052236472831990,0.597594463247573,-0.144664236162992,1.047741798731421,0.571689205903310,-0.149629271275858,0.004494674100569,0.025905257344263,0.004965035112866,0.052387039976349,0.028584433034900,-0.007481456428913,0.023120111073527
1403637248.138319015502930,-1.357520643024437,-6.745077658481454,0.002220488861259,0.281522134816339,0.727806265738739,-0.331599494520219,0.530174596141515,1.039469190576248,0.648779675335896,-0.141646458018552,1.016166283574033,0.638924438146492,-0.113692395150406,0.023302907002215,0.009855237189404,-0.027954062868145,0.050808265724117,0.031946191441033,-0.005684614336244,0.024079092873801
1403637248.188318967819214,-1.306631541817566,-6.711507963015661,-0.004128182873237,0.273089101799668,0.733869109938057,-0.328520315970809,0.528140960304552,1.029307794348975,0.678875338211500,-0.155785898387905,1.017782994770914,0.671394549607588,-0.126973555781343,0.011524799578061,0.007480788603912,-0.028812342606563,0.050889101206871,0.033569695465792,-0.006348671734496,0.022044715550880
1403637248.238318920135498,-1.255460313302197,-6.676664261995514,-0.011749513253861,0.266950705398069,0.739796934749163,-0.325321663326806,0.524979648742213,1.031129043994750,0.700101667630577,-0.177566442387248,1.023425546322041,0.696874684994433,-0.152426752977964,0.007703497672709,0.003226982636144,-0.025139689409285,0.051171228515369,0.034843701020147,-0.007621330380624,0.019291968106021
1403637248.288319110870361,-1.204784727083302,-6.640121805272296,-0.020359964999286,0.259643758858644,0.742979917756241,-0.324074191211136,0.524920831066487,1.031512959720376,0.730195157186639,-0.198693660545895,1.013507858152241,0.730846346506805,-0.172208377985676,0.018005101568136,-0.000651189320166,-0.026485282560219,0.050675586218895,0.036542456723218,-0.008610451745425,0.016134788220777
1403637248.338319063186646,-1.154824114331547,-6.602584816116022,-0.029856364881905,0.256159637295535,0.746047554497842,-0.321112799549011,0.524100998486175,1.032882731013153,0.733785873135476,-0.229546080545822,0.999213207959075,0.750740499087404,-0.189928178782008,0.033669523054077,-0.016954625951928,-0.039617901763814,0.049960612751755,0.037536989156274,-0.009496399882619,0.011134009937244
1403637248.388319015502930,-1.104458286021941,-6.564231661801165,-0.040857819714199,0.252950759447895,0.747088501999407,-0.319585360249192,0.525109399067861,1.030974836856346,0.755550189587083,-0.257371472166305,1.007317526844965,0.767063817826197,-0.220029306482170,0.023657310011381,-0.011513628239114,-0.037342165684134,0.050365828309606,0.038353154314857,-0.011001454832294,0.007676048298840
1403637248.438318967819214,-1.054092702207990,-6.524932592433841,-0.052651167179603,0.250298101737223,0.746970960913721,-0.318574090137303,0.527158223792027,1.024728443969671,0.772571560870126,-0.266219085308117,1.007312636927223,0.785982136917459,-0.235867174248545,0.017415807042448,-0.013410576047333,-0.030351911059572,0.050365583813952,0.039299069367324,-0.011793347465404,0.007005932164488
1403637248.488318920135498,-1.005663644189385,-6.483412571857681,-0.063381567011476,0.249922304138479,0.746195507403513,-0.316810372445850,0.529492487704641,1.024459862052789,0.782547937674309,-0.269035666322035,0.968582084083950,0.830401203455511,-0.214608201303796,0.055877777968839,-0.047853265781202,-0.054427465018239,0.048429058018605,0.041520020576161,-0.010730399831873,0.006099851572250
1403637248.538319110870361,-0.955981634010363,-6.442558415339340,-0.074685962481239,0.250586059714971,0.743365443330677,-0.314956598659642,0.534244125189094,1.018879088142089,0.802689814179839,-0.244213349596030,0.993636413158335,0.817080013453925,-0.226087046941610,0.025242674983754,-0.014390199274086,-0.018126302654420,0.049682010179022,0.040854156518341,-0.011304395469762,0.011741289390645
1403637248.588319063186646,-0.906627610863290,-6.400533105608264,-0.084793810573582,0.252255267338749,0.741307851352909,-0.313128238914123,0.537383155315581,1.012511022592530,0.830567411336617,-0.215037053288272,0.987081404295647,0.840506996191457,-0.202157154638963,0.025429618296883,-0.009939584854840,-0.012879898649309,0.049354023147073,0.042025309731076,-0.010107848092344,0.008992526316962
1403637248.638319015502930,-0.857255408832242,-6.357145827639830,-0.092963443246193,0.253382202238754,0.741089177539105,-0.312591911280901,0.537466824580648,0.990028071677119,0.857352814707760,-0.189045676277983,0.987444982321867,0.867746386916107,-0.163392809275735,0.002583089355252,-0.010393572208346,-0.025652867002248,0.049372202031047,0.043387277968433,-0.008169632672610,0.002539644540599
1403637248.688318967819214,-0.809063231642227,-6.312003126370049,-0.100377600249857,0.253267444714514,0.742759616009928,-0.313644528099423,0.534594111701443,0.979386583240586,0.894288436385510,-0.163017416109383,0.963844462994018,0.902854886425140,-0.148283281487241,0.015542120246567,-0.008566450039629,-0.014734134622143,0.048192177190015,0.045142701269781,-0.007414157003664,0.006975393252631
1403637248.738318920135498,-0.761428352973347,-6.264862864962246,-0.105397622280822,0.252935138966258,0.744983787045368,-0.315387266076435,0.530616476291957,0.977435003683705,0.916296046252381,-0.107754474922030,0.952698481941675,0.942806127286061,-0.100400536368717,0.024736521742030,-0.026510081033679,-0.007353938553312,0.047634878668880,0.047140261407804,-0.005020022030965,0.009780824234653
1403637248.788319110870361,-0.713531378540852,-6.217274833349593,-0.108422754967743,0.253055727817205,0.747319429247579,-0.317291893248568,0.526120065922900,0.972062723901075,0.945041502442275,-0.046711977300651,0.957935834414693,0.951757001588231,-0.060502422939997,0.014126889486381,-0.006715499145956,0.013790445639345,0.047896974432495,0.047588031612653,-0.003025132686921,0.010828693116705
1403637248.838319063186646,-0.665861661899364,-6.167856522088258,-0.109668462949419,0.252761522972192,0.748562830423301,-0.319723371997063,0.523012683223134,0.968861457046609,0.970061088507326,-0.018089670704427,0.953395242058320,0.988367167807068,-0.024914183393533,0.015466214988289,-0.018306079299742,0.006824512689106,0.047669716641488,0.049418311261334,-0.001245707981676,0.008294707656413
1403637248.888319015502930,-0.617358893603917,-6.117801494024729,-0.109141304786426,0.252263532954446,0.749132079111121,-0.322420162917848,0.520777761172670,0.985060843356571,0.982593310325491,0.026671733293125,0.970056291026696,1.001101515995398,0.010543173314615,0.015004552329874,-0.018508205669907,0.016128559978510,0.048502768295446,0.050055028063530,0.000527158162993,0.007166480225590
1403637248.938318967819214,-0.568231436846069,-6.067730649973452,-0.106747475117625,0.251410096959067,0.748889364450838,-0.325271800867350,0.519765272522092,0.985961184865282,0.992308159749173,0.061260303512635,0.982550072189724,1.001417836052004,0.047876639034755,0.003411112675557,-0.009109676302831,0.013383664477880,0.049127456757848,0.050070844051277,0.002393829668802,0.006306899050271
1403637248.988318920135498,-0.519171523279648,-6.016860620968657,-0.102864053552091,0.251131672244633,0.748654219876666,-0.327713306928557,0.518703895029163,0.978217767570654,1.010058873735099,0.094239507330729,0.981199207072921,1.017401550365623,0.077668505381121,-0.002981439502268,-0.007342676630525,0.016571001949609,0.049059913566422,0.050870029004795,0.003883421565533,0.005374120082755
1403637249.038319110870361,-0.469792779451633,-5.966181306682603,-0.096792369404668,0.252390218692036,0.747908019651077,-0.328781215491599,0.518493668225618,0.999120406122708,1.005901790597928,0.136391639888026,0.987571109275491,1.013582419211010,0.121433219717498,0.011549296847217,-0.007680628613082,0.014958420170529,0.049378743828015,0.050679314286055,0.006071684147423,0.003647124273219
1403637249.088319063186646,-0.419647643723650,-5.915352554881039,-0.089177383506092,0.253481982066191,0.747704003155053,-0.330007409576994,0.517475330869005,1.013581436181161,1.009152551111415,0.159551580615716,1.002903671003129,1.016576005513694,0.152299863215998,0.010677765178033,-0.007423454402278,0.007251717399718,0.050145135727983,0.050828751801563,0.007614985898576,0.003885426148678
1403637249.138319015502930,-0.369399872311137,-5.864095142318654,-0.079543289396179,0.254384542519183,0.746739305065043,-0.331039034415079,0.517766426578447,1.019930149914273,1.023347474181695,0.204749304139503,1.004956386651347,1.025149228906204,0.192682065954179,0.014973763262927,-0.001801754724509,0.012067238185324,0.050247771412513,0.051257412562386,0.009634094109912,0.003402496138134
1403637249.188318967819214,-0.318635155491360,-5.812821201949119,-0.068452858293927,0.255101431526407,0.746734841950661,-0.331867159981957,0.516889275934034,1.032677989601661,1.026467104014717,0.235666586415364,1.015295304656601,1.025479785364421,0.221808833578432,0.017382684945059,0.000987318650296,0.013857752836931,0.050764716819777,0.051273940369534,0.011090431102252,0.002806517627540
1403637249.238318920135498,-0.266886510505504,-5.761086905860000,-0.055567006934562,0.255616984857047,0.745849513525828,-0.332812438139693,0.517304882294176,1.043234071868963,1.030228738264668,0.268877876663638,1.034973886745133,1.034686908536714,0.257717272965640,0.008260185123830,-0.004458170272045,0.011160603697998,0.051748644985856,0.051734296089119,0.012885851359365,0.002909213963842
1403637249.288319110870361,-0.215073008919628,-5.709531497781279,-0.040971189218339,0.255811521589327,0.744806644592804,-0.333916699004044,0.517999194708645,1.058352013724668,1.032903986659572,0.291231499553389,1.036266078676141,1.031104228223932,0.291915240756189,0.022085935048527,0.001799758435640,-0.000683741202800,0.051813501585876,0.051555408078721,0.014595817716223,0.003362667157564
1403637249.338319063186646,-0.162802015564137,-5.657209862847974,-0.026215705293778,0.257959541360078,0.743751063222158,-0.333663066402572,0.518613718576785,1.061850369463228,1.038138819107257,0.273553874048571,1.045420864100839,1.046433696623042,0.295109959930012,0.016429505362390,-0.008294877515786,-0.021556085881440,0.052270993355491,0.052321634933305,0.014755483924561,0.004967982777377
1403637249.388319015502930,-0.110120288091527,-5.604568353858869,-0.014086764232186,0.257799196711610,0.743293373812516,-0.334744489522700,0.518652736766560,1.073235259555050,1.045835427972345,0.206677205989644,1.053635554277366,1.052831183840169,0.242579052573250,0.019599705277683,-0.006995755867824,-0.035901846583606,0.052681727472610,0.052641508989105,0.012128941061592,0.002371656426178
1403637249.438318967819214,-0.057205308119174,-5.551641871899536,-0.005627313444815,0.257307934261353,0.742913648021625,-0.335598256655181,0.518888956019841,1.081640757993815,1.046794440502171,0.126273783050587,1.058300608721173,1.058530648680156,0.169189177098795,0.023340149272642,-0.011736208177985,-0.042915394048207,0.052914979972353,0.052926481959333,0.008459450787371,0.002163560433619
1403637249.488318920135498,-0.001829699841093,-5.498533030304916,-0.001691165126347,0.257669973165499,0.742348515474704,-0.335967783652948,0.519278841133278,1.087586209337989,1.050392990903603,0.032611803420093,1.107513221768544,1.062177844864124,0.078723041445514,-0.019927012430555,-0.011784853960521,-0.046111238025421,0.055375608278081,0.053108841594620,0.003936148318469,0.001719311039518
1403637249.538319110870361,0.051964696074233,-5.444912879353866,-0.002845914605387,0.257342677932448,0.742315141706517,-0.336402563777484,0.519207368583811,1.089953816888438,1.055046983888354,-0.057571624840399,1.075883814135473,1.072398928143748,-0.023094901480737,0.014070002752965,-0.017351944255394,-0.034476723359662,0.053794395915326,0.053620150951050,-0.001154749479040,0.001099778281472
1403637249.588319063186646,0.105364121500237,-5.391042816319581,-0.008373574761893,0.256818952869547,0.742060892613117,-0.336622920834187,0.519687084956201,1.090130723322676,1.070105014660717,-0.142726169261894,1.067989527034271,1.077402288176577,-0.110553308561979,0.022141196288405,-0.007297273515860,-0.032172860699916,0.053399425426004,0.053870063034284,-0.005527660156506,0.001571770473241
1403637249.638319015502930,0.158058549796648,-5.336718247092304,-0.017989925419302,0.256817867493840,0.741841424133267,-0.336355619844297,0.520173799200808,1.083921795736190,1.076931394965705,-0.196210800389261,1.053889570995623,1.086492420705459,-0.192327196565680,0.030032224740568,-0.009561025739754,-0.003883603823580,0.052694428296410,0.054324569227277,-0.009616350657409,0.001194166114299
1403637249.688318967819214,0.210390766319484,-5.282568370289170,-0.028912896601741,0.257579826395399,0.740690436353984,-0.335566869047119,0.521943662597578,1.091051993686882,1.076907499866813,-0.198320555049774,1.046645328615484,1.082998568890597,-0.218459631988129,0.044406665071398,-0.006091069023785,0.020139076938355,0.052332216522836,0.054149876803134,-0.010922971182439,0.004758109358921
1403637249.738318920135498,0.262303047905353,-5.227884238659918,-0.039539258058485,0.258154996698792,0.738098511524634,-0.334248787715508,0.526159987907936,1.091407157359031,1.085659749960695,-0.188867033075328,1.038246621866536,1.093683675603079,-0.212527431816831,0.053160535492495,-0.008023925642384,0.023660398741503,0.051912281585870,0.054684131629252,-0.010626361456744,0.010307995250355
1403637249.788319110870361,0.314266335808857,-5.172940358515663,-0.049390611278735,0.259589259680226,0.736188515041134,-0.331744006589878,0.529703502604898,1.086832964942424,1.098347512748240,-0.161702019064732,1.039261793600941,1.098873411015704,-0.197026312809273,0.047571171341483,-0.000525898267464,0.035324293744541,0.051963287903503,0.054943880144255,-0.009851353220250,0.009906699133050
1403637249.838319063186646,0.366417215969881,-5.116294844231601,-0.058161589852315,0.259539402139599,0.734699786407346,-0.328925758884862,0.533538534439675,1.082331771729171,1.122381321872330,-0.134475923157761,1.043018597920534,1.132911366109714,-0.175419738764895,0.039313173808638,-0.010530044237384,0.040943815607133,0.052150880161024,0.056645514284062,-0.008770978573580,0.009973733414969
1403637249.888319015502930,0.418727432490541,-5.056824026732374,-0.065546365659656,0.257654426622000,0.734786971149960,-0.325612992170696,0.536356674984103,1.069396692904569,1.150617891505652,-0.109838356020812,1.046205328152360,1.189417484301440,-0.147695657000369,0.023191364752210,-0.038799592795788,0.037857300979557,0.052310216520660,0.059470817499227,-0.007384775807341,0.009482007258678
1403637249.938318967819214,0.470625588440334,-4.997976060046882,-0.071664071350380,0.254685550774304,0.736834502447988,-0.321463087956307,0.537467830954199,1.068514792741847,1.175542272382842,-0.088413984016502,1.037964108875557,1.176960456146811,-0.122354230500567,0.030550683866290,-0.001418183763969,0.033940246484065,0.051898155949792,0.058847966685493,-0.006117705690724,0.011218389062108
1403637249.988318920135498,0.522337497586016,-4.937367629793002,-0.076055112289943,0.247881797714470,0.739362125269412,-0.319006735719865,0.538639921138693,1.047141534077082,1.205702014127775,-0.048105728918939,1.034239169240985,1.212169761092765,-0.087820902543804,0.012902364836097,-0.006467746964990,0.039715173624864,0.051711909145683,0.060608430253880,-0.004391040939563,0.015503250680163
1403637250.038319110870361,0.573346949488423,-4.876012351453656,-0.078629571577678,0.239747690870530,0.742191068307809,-0.317957119885067,0.539051697669857,1.031290341114875,1.217235490500358,-0.012335354376419,1.020185146350641,1.227100885768528,-0.051488989339799,0.011105194764234,-0.009865395268170,0.039153634963379,0.051009451902406,0.061355278339346,-0.002574459287735,0.017371049527213
1403637250.088319063186646,0.622762163510687,-4.813111792626260,-0.079960582168297,0.231323409072616,0.744527233164616,-0.317170932812253,0.539973405706494,1.010052199403668,1.223162903178037,0.031863781324791,0.988305222966595,1.258012376282010,-0.026620237199417,0.021746976437073,-0.034849473103973,0.058484018524208,0.049415214022264,0.062900558827396,-0.001331010590619,0.017651553075343
1403637250.138319015502930,0.672349653105928,-4.750468548804337,-0.078945261603252,0.224272044381307,0.748094680845215,-0.315263286537307,0.539133989618371,0.993910067267509,1.223683447690556,0.052994629487651,0.991750737712019,1.252866071264656,0.020306430666634,0.002159329555489,-0.029182623574100,0.032688198821017,0.049587489595241,0.062643243821923,0.001015320565046,0.016345339692023
1403637250.188318967819214,0.721327174946650,-4.687600860921719,-0.077489756939301,0.218315178900704,0.750504291596285,-0.311978956981701,0.540139723921248,0.972982094280261,1.227577140818022,0.040567925711417,0.979551370987435,1.257354956759475,0.029110121040591,-0.006569276707174,-0.029777815941453,0.011457804670826,0.048977521840723,0.062867687882617,0.001455504663951,0.014572443489442
1403637250.238318920135498,0.769272578808531,-4.624955462537498,-0.077057378328394,0.211244068024649,0.752321152477789,-0.309046348075081,0.542106246044394,0.950067285007713,1.223968805058508,0.008482819764496,0.958908991724501,1.252909162551718,0.008647580465119,-0.008841706716788,-0.028940357493210,-0.000164760700622,0.047945403861881,0.062645398384221,0.000432378610907,0.016219661798029
1403637250.288319110870361,0.816475920232865,-4.562850290765033,-0.078020510119375,0.204682567711030,0.753842679015518,-0.306653877225690,0.543865480934742,0.935438274233253,1.211086832914874,-0.016217010670008,0.944063227171260,1.242098697218787,-0.019262562338784,-0.008624952938007,-0.031011864303913,0.003045551668776,0.047203341424334,0.062105171772465,-0.000963131790981,0.014722418038347
1403637250.338319063186646,0.862778017927637,-4.501669071083428,-0.079930596589505,0.198031238458621,0.754423987766961,-0.305105755252559,0.546386816630952,0.912104655400896,1.197148118869945,-0.049728545041660,0.926042837038705,1.223625560572384,-0.038201765834648,-0.013938181637809,-0.026477441702439,-0.011526779207012,0.046302097694772,0.061181219681606,-0.001910086470130,0.014605773249169
1403637250.388319015502930,0.908047160982154,-4.441501883781344,-0.083451004583614,0.193285442840379,0.755576204095760,-0.303441905843917,0.547419717555052,0.887001242958540,1.173630598600644,-0.076347356704419,0.905383724531549,1.203344893640797,-0.070408227028683,-0.018382481573009,-0.029714295040153,-0.005939129675736,0.045269143054517,0.060167187302084,-0.003520407994108,0.010523406590285
1403637250.438318967819214,0.952365798945682,-4.381637486858892,-0.088737679025048,0.187611195481431,0.756313422046258,-0.303428620269585,0.548382274844842,0.867379717043804,1.163242434951048,-0.097843107762440,0.886373604582308,1.197289080272875,-0.105733589664095,-0.018993887538504,-0.034046645321827,0.007890481901656,0.044318637963528,0.059864396922451,-0.005286674441434,0.011604716437149
1403637250.488318920135498,0.996120137427205,-4.320363138370423,-0.095232876402650,0.182034032626143,0.757169783113105,-0.303743610576456,0.548905592556950,0.832334472992783,1.143763444071922,-0.123106495718483,0.875087604179024,1.225488138485948,-0.129904071438211,-0.042753131186241,-0.081724694414025,0.006797575719728,0.043754338481523,0.061274348488469,-0.006495197377602,0.011350994066783
1403637250.538319110870361,1.037304789248605,-4.262763125297647,-0.102068342528468,0.178085370810627,0.758966909675662,-0.304012505806735,0.547568467895776,0.788490255658729,1.123933630592781,-0.116777282114105,0.823689894300418,1.151995866940029,-0.136708801013687,-0.035199638641689,-0.028062236347248,0.019931518899581,0.041184651821400,0.057600013072776,-0.006835466125819,0.009095457473743
1403637250.588319063186646,1.076797967522269,-4.206350694026742,-0.107994913960883,0.174695739150901,0.760177399113866,-0.304271593859640,0.546836829199637,0.765488969962867,1.095467847177640,-0.085836142795060,0.789864318746600,1.128249701400865,-0.118531541688771,-0.024375348783733,-0.032781854223225,0.032695398893711,0.039493178273664,0.056412431270905,-0.005926571432414,0.007364054477247
1403637250.638319015502930,1.116112053177831,-4.150545746357972,-0.112050713048078,0.173432106636006,0.762671292774407,-0.301526522553304,0.545284842777171,0.739582159151113,1.066590927099914,-0.056412777906220,0.786282462968614,1.116100017771328,-0.081116059102200,-0.046700303817501,-0.049509090671413,0.024703281195981,0.039314085655561,0.055804947668770,-0.004055799087195,0.008428612540879
1403637250.688318967819214,1.153473374592372,-4.097159908240314,-0.114766493427270,0.171440640627081,0.764206390763200,-0.299624892853722,0.544813383316210,0.711914870081034,1.036602190885394,-0.025262506626437,0.747227140902170,1.067717780608193,-0.054315659383303,-0.035312270821136,-0.031115589722799,0.029053152756866,0.037361321414542,0.053385838117658,-0.002715780379193,0.006375246141407
1403637250.738318920135498,1.189119275256928,-4.045371805507012,-0.115314427102667,0.170444399535524,0.765609547389511,-0.297558115342240,0.544288430528316,0.692133646798900,1.004434782724569,0.037478612819122,0.712918693183349,1.035763042446652,-0.010958683958959,-0.020785046384449,-0.031328259722084,0.048437296778081,0.035645900664555,0.051788102733302,-0.000547933675397,0.005480326355172
1403637250.788319110870361,1.224313094627153,-3.995628308692962,-0.113625601253834,0.170809726758133,0.767274903164482,-0.294806883706233,0.543325097467590,0.673046663760260,0.965156696315488,0.065174609575986,0.703873702339426,0.994866141167838,0.033776388129979,-0.030827038579166,-0.029709444852350,0.031398221446008,0.035193819370226,0.049743496814049,0.001688825848834,0.006754012370561
1403637250.838319063186646,1.258228312519021,-3.947840846755582,-0.109526680948967,0.170056254304618,0.767142765944063,-0.293620716835891,0.544389310766068,0.653554738529316,0.931698544909598,0.105484752951127,0.678305004719422,0.955750150221979,0.081978484278118,-0.024750266190106,-0.024051605312381,0.023506268673009,0.033915217891868,0.047787461937380,0.004098920304867,0.003535377538959
1403637250.888319015502930,1.291681370252012,-3.901474490708405,-0.103817496253167,0.169742747496228,0.766469619768045,-0.292495369210032,0.546038625589571,0.641594043402267,0.896231697336892,0.135671145146839,0.669061792726859,0.927328005312441,0.114183802810144,-0.027467749324592,-0.031096307975550,0.021487342336694,0.033453057732991,0.046366356047177,0.005709184695799,0.004260544882994
1403637250.938318967819214,1.324121798169211,-3.856861649300052,-0.097494453711494,0.167783378659109,0.766586850074503,-0.292934565481364,0.546244157391939,0.623424913543451,0.861422981956011,0.161232708664326,0.648809177096638,0.892257679090294,0.126460971436050,-0.025384263553187,-0.030834697134283,0.034771737228276,0.032440427917199,0.044612841408353,0.006323042541673,0.004043764218547
1403637250.988318920135498,1.355030804421057,-3.812988422744946,-0.089242802398293,0.166402525326564,0.766135677862055,-0.293097485215775,0.547211281711170,0.599143822419827,0.835416971517889,0.200548650886180,0.618180714579990,0.877465367918302,0.165033183651933,-0.019036892160164,-0.042048396400413,0.035515467234247,0.030909006251846,0.043873226555106,0.008251651313201,0.003505530126043
1403637251.038319110870361,1.385201039300158,-3.771936817508915,-0.078719315709743,0.164330744107512,0.766454063534396,-0.292448471984152,0.547738501720318,0.582254506355844,0.803405081171343,0.238228952692506,0.603402395784548,0.821028972743652,0.210468930895737,-0.021147889428704,-0.017623891572309,0.027760021796769,0.030170234879101,0.041051605236031,0.010523486688550,0.004513459041439
1403637251.088319063186646,1.415051026003666,-3.731364711356139,-0.066794991063064,0.160524692420763,0.767472104356979,-0.291783604694660,0.547796239662595,0.562560424993313,0.776230849755060,0.260153373624625,0.597000303414017,0.811442896907751,0.238486720372250,-0.034439878420704,-0.035212047152691,0.021666653252375,0.029849986703508,0.040572106152775,0.011924324646679,0.007991955953000
1403637251.138319015502930,1.444522579882290,-3.693050909161364,-0.053437555382307,0.155325908637161,0.769079294495903,-0.291212797209603,0.547344505430613,0.547812561486455,0.728232781139534,0.305260716232299,0.589431639698289,0.766276774673990,0.267148968388248,-0.041619078211834,-0.038043993534456,0.038111747844052,0.029471553878624,0.038313802194776,0.013357435680757,0.010980049849792
1403637251.188318967819214,1.472854442150092,-3.656262871836577,-0.038296591479904,0.150588761330551,0.770370951233708,-0.290289392446472,0.547342389267688,0.514929976399286,0.699515051132437,0.337198951003426,0.566637785743942,0.735761448172524,0.302819566839289,-0.051707809344656,-0.036246397040087,0.034379384164137,0.028331862267802,0.036788037324786,0.015140963902402,0.009992331958321
1403637251.238318920135498,1.501066345334894,-3.620959653617145,-0.021586391635784,0.146680365934116,0.771728938058065,-0.288860859320308,0.547246489587589,0.493457487945112,0.648197660354969,0.397285375154654,0.564238601795904,0.706065037744744,0.334204315604488,-0.070781113850791,-0.057867377389776,0.063081059550166,0.028211903184802,0.035303218219433,0.016710199844121,0.008756624247721
1403637251.288319110870361,1.526516964007889,-3.588042724551094,-0.002485506659801,0.143917778410745,0.772541468363211,-0.286695591325695,0.547971706049628,0.454481490809360,0.612851563183343,0.424156937615938,0.509010431739203,0.658336069968204,0.382016242243346,-0.054528940929843,-0.045484506784861,0.042140695372593,0.025450618672995,0.032916929066050,0.019100884975983,0.007350220385314
1403637251.338319063186646,1.550353555040408,-3.558129348643746,0.019228069243414,0.143834423891643,0.773485128422298,-0.281547050341808,0.549330204027712,0.430277288009584,0.571293877103810,0.486232308711454,0.476732275297714,0.598268088699870,0.434271932218275,-0.046454987288129,-0.026974211596060,0.051960376493179,0.023836591032519,0.029913375907348,0.021713575903214,0.010816747126825
1403637251.388319015502930,1.573970622014426,-3.529666913574594,0.042951148597589,0.148392290490603,0.774185149745688,-0.272868392040944,0.551506956131280,0.419863477456624,0.526118627372462,0.524144301947162,0.472341789940582,0.569249244261442,0.474462039565756,-0.052478312483958,-0.043130616888981,0.049682262381406,0.023617066974017,0.028462435069153,0.023723079354175,0.020131804978810
1403637251.438318967819214,1.596369665144703,-3.503426302989208,0.067592782417706,0.148830811249764,0.775051773390333,-0.265797237467126,0.553620778820739,0.408438028575231,0.497909054479088,0.514342908478896,0.447981289833790,0.524812712208122,0.492833146404661,-0.039543261258559,-0.026903657729034,0.021509762074234,0.022399043130277,0.026240610585386,0.024641633820117,0.014887990630034
1403637251.488318920135498,1.618030772763901,-3.479553712102066,0.091580473106648,0.149197345911918,0.776222472518224,-0.257671244497049,0.555719672937602,0.391793115079252,0.478088898556727,0.479866519109016,0.433222565537201,0.477452273076806,0.479754271308175,-0.041429450457949,0.000636625479921,0.000112247800840,0.021661107619198,0.023872590887142,0.023987690688942,0.016963777135799
1403637251.538319110870361,1.639115312284074,-3.456550086089563,0.113868707320862,0.147446727956759,0.777524183975957,-0.250165910256238,0.557792634491560,0.382397543269314,0.462399557352552,0.443050029523939,0.421689181786889,0.460070765219367,0.445762983833429,-0.039291638517574,0.002328792133185,-0.002712954309489,0.021084539520173,0.023003626012503,0.022288234214213,0.016172406611094
1403637251.588319063186646,1.658760988073047,-3.436718198878689,0.134207229912680,0.145345861871927,0.779065994463737,-0.242662571904447,0.559504810438351,0.361929366041170,0.440051703742222,0.409351719592651,0.392913890491349,0.396638122481080,0.406770839763274,-0.030984524450179,0.043413581261142,0.002580879829377,0.019645675788973,0.019831887210874,0.020338522591819,0.016250884779687
1403637251.638319015502930,1.678412121355702,-3.415868287710796,0.152423759074020,0.142821886174172,0.780249906370611,-0.236255823611240,0.561244312441632,0.349736744478431,0.423465380132770,0.365711557847847,0.393023040469079,0.416998621038722,0.364330930679851,-0.043286295990648,0.006466759094048,0.001380627167996,0.019651133282655,0.020849911167892,0.018216529161340,0.014400641044903
1403637251.688318967819214,1.696802054238060,-3.395650776107078,0.168863136447624,0.139052474832697,0.781502928634412,-0.231256667274199,0.562528164290438,0.332602731846841,0.405122676431196,0.332183712923642,0.367799008407628,0.404350617693163,0.328787861028620,-0.035196276560787,0.000772058738033,0.003395851895022,0.018389932882358,0.020217511603718,0.016439377373604,0.013025899777072
1403637251.738318920135498,1.714775411747327,-3.375197309528355,0.183720847618198,0.135638291303212,0.782489786543281,-0.227108539066072,0.563678719991336,0.318652768639964,0.389753843894526,0.304934230957583,0.359467493000258,0.409069721693748,0.297154506800105,-0.040814724360293,-0.019315877799222,0.007779724157478,0.017973357509267,0.020453466578723,0.014857711170574,0.011164473059932
1403637251.788319110870361,1.731438980512017,-3.356679571161055,0.197300757450118,0.132978227914792,0.783055699502139,-0.223476983981179,0.564976636692645,0.298222126608583,0.369408547098264,0.284341076300124,0.333270103969230,0.370353354560077,0.271597160577442,-0.035047977360647,-0.000944807461813,0.012743915722682,0.016663568764689,0.018517738367300,0.013579909831919,0.009438011682908
1403637251.838319063186646,1.747731320952101,-3.339616100225812,0.209978192655645,0.132156065586683,0.783994939720166,-0.219756786526497,0.565326156831054,0.281123128699342,0.345721309044334,0.269460020447082,0.325847119553729,0.341269744165051,0.253548945913667,-0.044723990854387,0.004451564879283,0.015911074533415,0.016292340440085,0.017063470935243,0.012677435205527,0.007879131064513
1403637251.888319015502930,1.762259233425930,-3.323475024292436,0.221867056373380,0.132784355333578,0.783022999110620,-0.215896475139677,0.568007050893489,0.271997160507502,0.329568965189066,0.249650842569177,0.290558526574782,0.322821826534391,0.237777501116985,-0.018561366067280,0.006747138654675,0.011873341452192,0.014527912473829,0.016141075933375,0.011888863717734,0.009680632060613
1403637251.938318967819214,1.775995008476515,-3.308285746278563,0.233057029807063,0.135964227171200,0.782527332114344,-0.210624924091462,0.569913892421663,0.261206021329554,0.319734821357787,0.233365745533305,0.274715763001069,0.303785849990235,0.223799682105683,-0.013509741671515,0.015948971367552,0.009566063427621,0.013735775050585,0.015189278013874,0.011189973433684,0.012927909533269
1403637251.988318920135498,1.788970298481235,-3.293388975039822,0.243691851836679,0.140558966704556,0.781057952172722,-0.205071526908376,0.572832716487256,0.252121827338435,0.306150722616804,0.220884389516682,0.259506047578639,0.297935708908438,0.212696643435634,-0.007384220240204,0.008215013708366,0.008187746081048,0.012975290004719,0.014896771238740,0.010634822029615,0.015827923410818
1403637252.038319110870361,1.800299804793401,-3.281669423786935,0.252578176619702,0.143299307175741,0.779967485796392,-0.201632393376238,0.574856858361086,0.229241057924043,0.316631066948007,0.185568735940199,0.226589261873889,0.234390130930360,0.177725817690264,0.002651796050154,0.082240936017647,0.007842918249935,0.011329506312166,0.011719551252888,0.008886324783023,0.009924398847027
1403637252.088319063186646,1.810729608401815,-3.266654667503141,0.261196044186466,0.145367559603361,0.778283407652411,-0.198410893649555,0.577733785812375,0.209306559655245,0.317858362608794,0.175760335368838,0.208596271101187,0.300295412059895,0.172357515708225,0.000710288554057,0.017562950548899,0.003402819660612,0.010429803608414,0.015014756283794,0.008617867566764,0.010152559220887
1403637252.138319015502930,1.819981954350436,-3.251075537006541,0.268308949969677,0.145740781466714,0.776534852046028,-0.197035076591492,0.580457084346388,0.191419504913127,0.334829293161912,0.139231185313118,0.185047095447076,0.311582907080616,0.142258251332251,0.006372409466051,0.023246386081296,-0.003027066019133,0.009252345948621,0.015579130496600,0.007112905783210,0.007072759513477
1403637252.188318967819214,1.825256225358196,-3.237706063463159,0.273485059143958,0.144027000323280,0.774585454713785,-0.197222630050424,0.583418229677228,0.163602724565594,0.343023037528933,0.111014292165593,0.105485520754028,0.267389725870359,0.103522282212179,0.058117203811567,0.075633311658574,0.007492009953414,0.005274271007760,0.013369473543382,0.005176109174282,0.007884357643549
1403637252.238318920135498,1.831290474478316,-3.221066577178161,0.277414167167744,0.141700725680983,0.773995081281432,-0.198285378787025,0.584410324218282,0.136051319973266,0.351324095735637,0.069024021544804,0.120685097496686,0.332790043073270,0.078582235417574,0.015366222476580,0.018534052662367,-0.009558213872770,0.006034249120120,0.016639486284998,0.003929108023786,0.005612053500517
1403637252.288319110870361,1.835369048782024,-3.204062545365138,0.279516148492888,0.139581445097490,0.774064806304654,-0.199254952311683,0.584498211976994,0.096982679322862,0.352226565885136,0.030123116110558,0.081571174904817,0.340079338960734,0.042039466135036,0.015411504418046,0.012147226924402,-0.011916350024478,0.004078574303708,0.017004031813023,0.002101981325144,0.004666481037519
1403637252.338319063186646,1.837609283207653,-3.186748970324824,0.279620926413998,0.137447210367914,0.774829428969043,-0.200516954384246,0.583558541510662,0.070875901786911,0.359070972698570,-0.012531666775243,0.044804731241713,0.346271831036835,0.002095560420693,0.026071170545198,0.012799141661735,-0.014627227195935,0.002240234425630,0.017313575040314,0.000104777921111,0.005519144987627
1403637252.388319015502930,1.838542501856626,-3.169025976821265,0.278120913179852,0.135114498930396,0.776792347007278,-0.202108608005257,0.580938750971125,0.039100928219619,0.361478103903539,-0.045702861884872,0.018664390779210,0.354460208110776,-0.030000293293431,0.020436537440409,0.007017895792763,-0.015702568591441,0.000933218648973,0.017722993503559,-0.001500013234146,0.008646683227504
1403637252.438318967819214,1.838158398756882,-3.151054289529978,0.274894873756937,0.132743466929314,0.779517956794902,-0.204069741109865,0.577136437755615,0.010386589027933,0.359082739763719,-0.079319558384061,-0.007682069321077,0.359434088608802,-0.064520849990186,0.018068658349010,-0.000351348845083,-0.014798708393874,-0.000384103099744,0.017971687291287,-0.003226039422915,0.011199009283333
1403637252.488318920135498,1.836653624620476,-3.132739316515781,0.270202561070568,0.131265040596704,0.781442243550783,-0.205436978879100,0.574380672394617,-0.009215328379908,0.362052829892766,-0.106750475503361,-0.030095511429437,0.366299809614668,-0.093846343226212,0.020880183049529,-0.004246979721902,-0.012904132277150,-0.001504774136406,0.018314973014197,-0.004692312686368,0.007836383202353
1403637252.538319110870361,1.833661064552601,-3.114547599871105,0.263825150995474,0.130250459076500,0.782984499387047,-0.206409486634711,0.572158383192252,-0.037614711098805,0.355029009022824,-0.141351557777140,-0.059850973044163,0.363832944980969,-0.127547714945974,0.022236261945358,-0.008803935958145,-0.013803842831166,-0.002992560067875,0.018191716644675,-0.006377410075095,0.006096647129385
1403637252.588319063186646,1.830144793963624,-3.096729996029584,0.256301351151201,0.129192546033123,0.784296754415075,-0.207533267089677,0.570191047031206,-0.045608907074604,0.352610870579178,-0.159592411338707,-0.070325478847145,0.356352416674580,-0.150476140390690,0.024716571772541,-0.003741546095402,-0.009116270948017,-0.003516270588977,0.017817603841522,-0.007523799844273,0.005647828838473
1403637252.638319015502930,1.825404219116550,-3.081491905704865,0.247064930137696,0.127218673159671,0.785656419065604,-0.209218786672096,0.568143379512567,-0.065978956843245,0.343202224114003,-0.201528644842645,-0.094811587360841,0.304762097138154,-0.184728596441012,0.028832630517596,0.038440126975849,-0.016800048401633,-0.004740574847073,0.015238090324718,-0.009236421013505,0.007149487875435
1403637252.688318967819214,1.820771917979182,-3.064412492176444,0.236826051777988,0.124318393765018,0.788186147713332,-0.211454369679031,0.564441833201746,-0.081275629704296,0.329739840045733,-0.218322718067622,-0.092646111101584,0.341588596332694,-0.204777762485445,0.011370481397288,-0.011848756286960,-0.013544955582176,-0.004632301137368,0.017079413528421,-0.010238878359708,0.011577653933213
1403637252.738318920135498,1.815410415533317,-3.048140435789753,0.226197971785605,0.120152535275439,0.790787360039029,-0.214501913273210,0.560542280895491,-0.100010766094262,0.308026315337096,-0.217123669978682,-0.107230151179938,0.325441438098955,-0.212561802562407,0.007219385085676,-0.017415122761859,-0.004561867416275,-0.005361502445865,0.016272056386691,-0.010628079992384,0.013944878574756
1403637252.788319110870361,1.808821329296443,-3.035120213139633,0.216436010796179,0.115727524949361,0.793225065471289,-0.217916827304100,0.556698654439616,-0.121631566767989,0.284899559711216,-0.174846311551711,-0.131781222032018,0.260403459642038,-0.195238475012845,0.010149655264029,0.024496100069178,0.020392163461134,-0.006589086236874,0.013020222650120,-0.009761960989426,0.014416442182911
1403637252.838319063186646,1.802333010011552,-3.022075480264659,0.208663386647202,0.115048216459897,0.795245948570985,-0.218572906271954,0.553690955149768,-0.125126563145127,0.243559564026560,-0.132037059753800,-0.129766509452812,0.260894906308258,-0.155452631230719,0.004639946307685,-0.017335342281697,0.023415571476919,-0.006488319284891,0.013044732874974,-0.007772624148977,0.007489229477430
1403637252.888319015502930,1.796172167866830,-3.010801832526807,0.203725148143842,0.118261642660626,0.794796207116677,-0.216703957169582,0.554393874402667,-0.127025207922961,0.211869007351257,-0.086257454676249,-0.123216960403284,0.225473169785009,-0.098764864256712,-0.003808247519677,-0.013604162433752,0.012507409580463,-0.006160842144722,0.011273647737852,-0.004938238503360,0.007619831784042
1403637252.938318967819214,1.790435186346061,-3.000873833196979,0.201756374146495,0.122613584655374,0.792561411734778,-0.214319194652596,0.557565781132951,-0.119431986033833,0.178399670318749,-0.022766634540519,-0.114739739839733,0.198560175958300,-0.039375517498366,-0.004692246194100,-0.020160505639551,0.016608882957847,-0.005736981520770,0.009927999329828,-0.001968773997347,0.012598718238537
1403637252.988318920135498,1.784757062670658,-2.991993974611954,0.202023405233690,0.127367040420143,0.791047973434653,-0.211259763669372,0.559812515931811,-0.133302367102065,0.164998314180802,-0.002017489346675,-0.113562581809766,0.177597341070526,0.005340626837121,-0.019739785292299,-0.012599026889724,-0.007358116183796,-0.005678123675402,0.008879858585025,0.000267031087195,0.012536969499937
1403637253.038319110870361,1.778152483492522,-2.983545252351906,0.203490996733015,0.131150582793875,0.789628651928744,-0.209052567944366,0.561767870674256,-0.147526345340159,0.153493585860320,0.021024410345641,-0.132091079675247,0.168973800617060,0.029351718018592,-0.015435265664912,-0.015480214756740,-0.008327307672951,-0.006604579178136,0.008448722260048,0.001467591499326,0.010004967517219
1403637253.088319063186646,1.771198387638160,-2.975143107051464,0.206587409781970,0.132997734970283,0.788228965414425,-0.208118062662962,0.563643125184629,-0.161062749292092,0.152005130083768,0.049741210232926,-0.139082049726217,0.168043066267199,0.061928320038537,-0.021980699565875,-0.016037936183431,-0.012187109805610,-0.006954095854362,0.008402145300442,0.003096413048954,0.006248513756217
1403637253.138319015502930,1.763673073325244,-2.967384289068335,0.210876797348907,0.134994456843521,0.787156475637751,-0.207162249658543,0.565017682731690,-0.169087618879000,0.150455518035009,0.050393870013571,-0.150506429792435,0.155176507650433,0.085787833152404,-0.018581189086565,-0.004720989615424,-0.035393963138833,-0.007525314312916,0.007758817983129,0.004289387566938,0.005635645398164
1403637253.188318967819214,1.755974072922291,-2.960193875094498,0.214772031871081,0.135868589055181,0.786686696271434,-0.206911135315621,0.565554197668174,-0.171297307125781,0.147412377286039,0.037802163642984,-0.153980154905977,0.143808416623116,0.077904764739258,-0.017317152219804,0.003603960662923,-0.040102601096274,-0.007699000402953,0.007190413973836,0.003895234522174,0.002311455485569
1403637253.238318920135498,1.748744491375494,-2.954581197580224,0.219171283564757,0.136580039363224,0.785862004352420,-0.206907595156686,0.566529831543949,-0.166793248342983,0.146396664071923,0.018912861317414,-0.144591768829398,0.112253657338923,0.087985117782665,-0.022201479513585,0.034143006733000,-0.069072256465252,-0.007229581546797,0.005612677514275,0.004399251693676,0.002924484689402
1403637253.338319063186646,1.735138281160317,-2.948474088114345,0.221541418394731,0.135427263597179,0.785806539865391,-0.207878449311266,0.566528100354523,-0.183616117582384,0.142089894292185,-0.006632454190055,-0.136061907513653,0.061071007296010,0.023701314394738,-0.047554210068731,0.081018886996176,-0.030333768584793,-0.013606210215177,0.006107109465879,0.002370134829974,0.003016308666932
1403637253.388319015502930,1.725116611953651,-2.942078384916008,0.221838295054572,0.136699116613943,0.785769237008276,-0.207237262923673,0.566509289018550,-0.192642713663003,0.134461628798791,-0.027859210862828,-0.200433575281667,0.127914185955219,0.005937538859298,0.007790861618664,0.006547442843571,-0.033796749722126,-0.010021669206666,0.006395703198337,0.000296876659841,0.002849895291341
1403637253.438318967819214,1.714792614646215,-2.935636180735727,0.220120354630049,0.134993244350974,0.785089872277613,-0.208668213714502,0.567334374960586,-0.213071997899202,0.129758831279106,-0.065432898650627,-0.206480143063526,0.128844206481021,-0.034358841257619,-0.006591854835676,0.000914624798085,-0.031074057393007,-0.010323997307436,0.006442204180281,-0.001717940424524,0.004939605932865
1403637253.488318920135498,1.704254504593841,-2.930050322840380,0.217531742193796,0.135976594995050,0.784813604951021,-0.208334925934064,0.567604201652333,-0.221029767243882,0.121887678834161,-0.092248974230971,-0.210762402046166,0.111717264448838,-0.051772298098961,-0.010267365197716,0.010170414385323,-0.040476676132010,-0.010538110052374,0.005585857895348,-0.002588612436252,0.002215571654250
1403637253.538319110870361,1.693303123554143,-2.924239289265963,0.212266207203003,0.136368072904494,0.785662322119910,-0.208434435277183,0.566298110966430,-0.231790608741071,0.121566401933222,-0.102737543108862,-0.219026785273089,0.116220228143354,-0.105310298088955,-0.012763823467982,0.005346173789867,0.002572754980093,-0.010951381039698,0.005811033574417,-0.005265534990793,0.003218292301531
1403637253.588319063186646,1.681903027795677,-2.918371189067309,0.206952553596165,0.136884068017463,0.785883375870009,-0.208178289426017,0.565961015676703,-0.247385048812678,0.119514540470264,-0.092396840197304,-0.228002132609105,0.117362115898312,-0.106273173486760,-0.019382916203573,0.002152424571952,0.013876333289456,-0.011400095758466,0.005868100198654,-0.005313653606838,0.001406214306135
1403637253.638319015502930,1.670281297341799,-2.912759518147575,0.202690180499555,0.138668577300983,0.786278726839123,-0.206934874888636,0.565433238273445,-0.254557643371109,0.117919972769295,-0.060038870308188,-0.232434830744683,0.112233525428902,-0.085247543230592,-0.022122812626427,0.005686447340392,0.025208672922404,-0.011621730453878,0.005611670919734,-0.004262373096610,0.004545506217815
1403637253.688318967819214,1.658592548682039,-2.907112057609099,0.200104141096515,0.140753836592969,0.786028954341921,-0.205443446212400,0.565809005609560,-0.254218350167692,0.111110603525480,-0.009226449577608,-0.233775196140598,0.112949318486393,-0.051720837385638,-0.020443154027094,-0.001838714960913,0.042494387808030,-0.011688748659760,0.005647460538476,-0.002586039403040,0.005206248948470
1403637253.738318920135498,1.646117800261693,-2.901315758408895,0.199254363762051,0.142453309976276,0.785892531720320,-0.204278438406988,0.565994966996202,-0.276576616985892,0.117074080515083,0.028514075810833,-0.249495206344091,0.115926094559825,-0.016995562897501,-0.027081410641801,0.001147985955258,0.045509638708334,-0.012474748420346,0.005796299200204,-0.000849777334463,0.004146635877757
1403637253.788319110870361,1.633671290325892,-2.895364702624251,0.200662302853217,0.145534960290826,0.785272259934280,-0.202041598788380,0.566874100193237,-0.272601764621749,0.113490267256754,0.070979745469190,-0.248929249126292,0.119020661665088,0.028158674406501,-0.023672515495457,-0.005530394408335,0.042821071062689,-0.012446509935801,0.005951055784644,0.001407939091166,0.007913950426182
1403637253.838319063186646,1.621003025901956,-2.888491440155463,0.202949396563216,0.146571342292493,0.785104453159858,-0.201698015013777,0.566961859375602,-0.277277734363398,0.127924428595771,0.085489985247683,-0.253365530106918,0.137465380472948,0.045741917822871,-0.023912204256480,-0.009540951877177,0.039748067424812,-0.012668264423936,0.006873262468787,0.002287093709999,0.002216301763725
1403637253.888319015502930,1.608714627927829,-2.881344416860927,0.206165035884531,0.147341700197858,0.784997542877372,-0.200901445532255,0.567192992060325,-0.279741306652154,0.146134647446434,0.117948657233620,-0.245768193865356,0.142940602209507,0.064312847759807,-0.033973112786798,0.003194045236927,0.053635809473813,-0.012288397974127,0.007147023294536,0.003215639321315,0.002274050576902
1403637253.938318967819214,1.595582538611349,-2.873166239960127,0.210871779167593,0.147428781175763,0.784844872071685,-0.200951510958108,0.567363879276309,-0.293284470603601,0.152266508712478,0.129670695526215,-0.262642036804559,0.163563694002499,0.094134955435335,-0.030642433799042,-0.011297185290021,0.035535740090879,-0.013132089316480,0.008178176900800,0.004706743283062,0.000500401674343
1403637253.988318920135498,1.582148288544165,-2.864354423320357,0.216801269418380,0.148035462496252,0.784873649422730,-0.200817446529017,0.567213548370392,-0.280554822675648,0.166541287830435,0.157921035223616,-0.268685257581914,0.176236500867628,0.118589918111891,-0.011869565093734,-0.009695213037193,0.039331117111725,-0.013434250067184,0.008811816639770,0.005929490250787,0.001279785961828
1403637254.038319110870361,1.568925631992871,-2.855003567801727,0.224654834648833,0.149591642681586,0.784541129058377,-0.199605773539634,0.567692779965780,-0.297961713647394,0.188894094208605,0.202280251856398,-0.264452122221085,0.187016396961647,0.157070705431875,-0.033509591426309,0.001877697246958,0.045209546424523,-0.013222656551294,0.009350855518629,0.007853565230453,0.004113432828408
1403637254.088319063186646,1.554810463725120,-2.844759812328170,0.233611592480330,0.149312240364896,0.784284956450977,-0.199222416699631,0.568254688186788,-0.303617134129464,0.203674475367959,0.205996042992918,-0.282303634580753,0.204875304855466,0.179135327466702,-0.021313499548711,-0.001200829487507,0.026860715526216,-0.014115168267751,0.010243755473557,0.008956757831497,0.001557425318831
1403637254.138319015502930,1.540458179003665,-2.833530404435221,0.243940228246009,0.148840937122395,0.784242311657050,-0.196850886723623,0.569262769237069,-0.307056963053541,0.229570713517561,0.225723864284283,-0.287045968177472,0.224588372043140,0.206572912316853,-0.020010994876069,0.004982341474420,0.019150951967430,-0.014352284721455,0.011229407892949,0.010328635765679,0.005239973695500
1403637254.188318967819214,1.525902271835249,-2.821488897684643,0.255373411016038,0.146300578572699,0.785119788636254,-0.194509500476130,0.569516560273346,-0.314759827523955,0.245903007246589,0.252148040295894,-0.291118421000473,0.240830364685292,0.228663873471457,-0.023641406523482,0.005072642561298,0.023484166824437,-0.014555907168416,0.012041506750578,0.011433182770030,0.007146999496050
1403637254.238318920135498,1.510829520979485,-2.808629809414336,0.268036082207848,0.143970680999715,0.787203149238559,-0.190749809533411,0.568505193471740,-0.319695403687902,0.266291043139135,0.269030571025010,-0.301455304605461,0.257182010674014,0.253253665357701,-0.018240099082441,0.009109032465121,0.015776905667308,-0.015072750855764,0.012859088270307,0.012662671191809,0.009985390262011
1403637254.288319110870361,1.495485050968855,-2.795074301386239,0.282059111263904,0.141532553419109,0.789924601991517,-0.186389612800975,0.566786178140499,-0.334532686428954,0.283077223820660,0.293494146873785,-0.306888229526919,0.271109126362700,0.280459511253005,-0.027644456902035,0.011968097457961,0.013034635620780,-0.015344470010630,0.013555508028097,0.014023029056057,0.011885655956933
1403637254.338319063186646,1.479796637877145,-2.780931168537020,0.296879199071269,0.138670053178920,0.792772195517285,-0.182559228888830,0.564761002826484,-0.327523727961948,0.291941521282452,0.299075658377938,-0.313768561067215,0.282862926743497,0.296402038818300,-0.013755166894732,0.009078594538955,0.002673619559637,-0.015688413091710,0.014143132849219,0.014820087807364,0.011844994724650
1403637254.388319015502930,1.464230445436858,-2.766340144980551,0.311342142323855,0.135537379726612,0.795635170356557,-0.178957468830282,0.562644220390111,-0.324511934907583,0.300907103639895,0.279215344119162,-0.311324145707591,0.291820749431334,0.289259140910744,-0.013187789199992,0.009086354208561,-0.010043796791582,-0.015566192440287,0.014591023556469,0.014462943252587,0.011910300768269
1403637254.438318967819214,1.449026614906924,-2.751379905216007,0.324876901139354,0.132312459805849,0.797535357588391,-0.176111730849631,0.561618575755495,-0.321858411320877,0.307152350306819,0.254292526042178,-0.304076900588997,0.299205080635082,0.270695434465260,-0.017781510731880,0.007947269671736,-0.016402908423082,-0.015203830529933,0.014960239764544,0.013534758815499,0.009625182862712
1403637254.488318920135498,1.433883161888893,-2.737162765360259,0.337280441187338,0.130695311444822,0.799768745246272,-0.173195576017297,0.559724916491647,-0.315984100000451,0.310046119239377,0.225635520793313,-0.302869349199348,0.284343068285637,0.248071037538660,-0.013114750801103,0.025703050953740,-0.022435516745347,-0.015143453018031,0.014217139855748,0.012403540047984,0.008875387537136
1403637254.538319110870361,1.419469033367779,-2.721902959654162,0.348125004799822,0.128059961039219,0.801182462773925,-0.170984369348356,0.558991639616093,-0.297839760389370,0.321131618082418,0.203224031728171,-0.288281470715736,0.305194949895596,0.216890444878283,-0.009558289673635,0.015936668186821,-0.013666413150112,-0.014414128521114,0.015259805706097,0.010844563612483,0.007581771858051
1403637254.588319063186646,1.405780876198825,-2.706614987377669,0.357789545322654,0.126656703964950,0.801572145434161,-0.168491178663279,0.559509515305566,-0.288504666614359,0.316214109630790,0.176355628173846,-0.273763404460216,0.305759737125076,0.193290994793296,-0.014741262154143,0.010454372505715,-0.016935366619450,-0.013688157168954,0.015287972276493,0.009664540522832,0.005866918845272
1403637254.638319015502930,1.392622456419528,-2.691334260505960,0.366061561258749,0.125178362122616,0.801263442132615,-0.167029923484493,0.560721212920340,-0.271955660340876,0.323412737564361,0.144801775574531,-0.263168646563117,0.305614828891189,0.165440476498231,-0.008787013777759,0.017797908673173,-0.020638700923700,-0.013158419779297,0.015280726871709,0.008272015936095,0.004851504106417
1403637254.688318967819214,1.379771577062807,-2.677457582650724,0.373030338912743,0.124736446965266,0.800927158230858,-0.164950351809380,0.561914484102951,-0.265790281396496,0.329669554980271,0.115722624646378,-0.257017832245713,0.277533821781592,0.139375685998891,-0.008772449150783,0.052135733198679,-0.023653061352513,-0.012850879356720,0.013876677855236,0.006968777653994,0.004922151315566
1403637254.738318920135498,1.367289468993323,-2.661590568437914,0.378254209399650,0.124430168708286,0.799739270107790,-0.163392747159785,0.564125024385787,-0.264676695142809,0.327326241001002,0.085787808670384,-0.249642399467232,0.317340586895778,0.104477509375665,-0.015034295675578,0.009985654105223,-0.018689700705281,-0.012482108069484,0.015867014212811,0.005223870486907,0.005938859024860
1403637254.788319110870361,1.355055437940778,-2.645331939643379,0.382096483545718,0.123502532965438,0.798281962561744,-0.162782745312016,0.566564039123888,-0.257301841150778,0.340567731829835,0.068795619044839,-0.244679687671961,0.325171335460491,0.076845189780221,-0.012622153478817,0.015396396369344,-0.008049570735381,-0.012234031052545,0.016258628794535,0.003842274146068,0.006100870665039
1403637254.838319063186646,1.342554832929167,-2.628805490630370,0.384462556845138,0.121606735822408,0.796830594345271,-0.162938066038568,0.568967479170464,-0.255253219005447,0.343571977754026,0.035055514481569,-0.250012338662575,0.330529295477467,0.047321511117709,-0.005240880342872,0.013042682276559,-0.012265996636140,-0.012500605011611,0.016526449013008,0.002366073299420,0.006782676791960
1403637254.888319015502930,1.329857802071809,-2.612201006325284,0.385115749567378,0.120964609597110,0.795567466588183,-0.162535230942566,0.570983596992002,-0.262632134987683,0.345520882661349,-0.000247980269476,-0.253940859324035,0.332090002807442,0.013063866903489,-0.008691275663649,0.013430879853907,-0.013311847172965,-0.012697030857358,0.016604484305087,0.000653192722241,0.004993927610267
1403637254.938318967819214,1.317118965597017,-2.595355497640211,0.384254115712650,0.120115154107099,0.794643503602442,-0.162622601795216,0.572422869320940,-0.260884600106002,0.355496033698203,-0.022057278408796,-0.254776972470100,0.336910495004341,-0.017232693528941,-0.006107627635902,0.018585538693863,-0.004824584879855,-0.012738836474792,0.016845508685073,-0.000861633854728,0.003823308433068
1403637254.988318920135498,1.304090107984485,-2.578172867035642,0.382392030150241,0.120308096292408,0.793327217019159,-0.162196945370920,0.574325726060984,-0.264824012285718,0.361842667811635,-0.048977048141647,-0.260577400756608,0.343652939824363,-0.037241746764692,-0.004246611529109,0.018189727987272,-0.011735301376955,-0.013028857612532,0.017182630604569,-0.001862085562410,0.004720968886647
1403637255.038319110870361,1.290660294678486,-2.560610604324260,0.379116779694975,0.119969356916066,0.793426011523357,-0.161598768693199,0.574428721075231,-0.270990048116021,0.363841024843212,-0.061050177149449,-0.268595241510454,0.351243914338428,-0.065504759224477,-0.002394806605568,0.012597110504784,0.004454582075029,-0.013429813305999,0.017562262711381,-0.003275250455265,0.001404176698248
1403637255.088319063186646,1.276363443767290,-2.542909975170799,0.375587775098657,0.118499458536122,0.793117788382082,-0.159775815444380,0.575668082212002,-0.280987246958328,0.388020077484989,-0.069132018482880,-0.285937290914958,0.354012920682258,-0.070580159236847,0.004950043956630,0.034007156802732,0.001448140753967,-0.014296850911195,0.017700629153461,-0.003529004596318,0.005334709568547
1403637255.138319015502930,1.262030432979374,-2.524142247127506,0.372414737940333,0.115375253704607,0.793800648450522,-0.157493310381842,0.575990397955640,-0.293294540619759,0.392468912303716,-0.054816027917463,-0.286660489139063,0.375354918832209,-0.063460803687429,-0.006634051480697,0.017113993471507,0.008644775769965,-0.014333010787916,0.018767728043293,-0.003173037158325,0.007884336529401
1403637255.188318967819214,1.247889882999205,-2.504622555024658,0.370447767906701,0.112860217241351,0.794676502721831,-0.153596826720137,0.576333100045051,-0.285104577370395,0.399669845550508,-0.034706436986904,-0.282811269313224,0.390394214365900,-0.039339438189638,-0.002293308057171,0.009275631184608,0.004633001202734,-0.014140549980169,0.019519692102848,-0.001966970033631,0.009464164104530
1403637255.238318920135498,1.233459904210815,-2.485502237696369,0.370404199155467,0.109566261782991,0.795340497917750,-0.149743886179107,0.577066283197022,-0.288033019782400,0.398176891709770,0.022591810098202,-0.288599850998082,0.382406711257230,-0.000871375855697,0.000566831215682,0.015770180452540,0.023463185953899,-0.014429978788391,0.019120317328289,-0.000043568751234,0.010329336826669
1403637255.288319110870361,1.218205538886820,-2.465497654151994,0.372689951192492,0.105976158284995,0.795516971078825,-0.146592242773396,0.578301406672499,-0.311050937000008,0.400706648534224,0.047004209964625,-0.305086142668620,0.400090144664732,0.045714866352117,-0.005964794331388,0.000616503869492,0.001289343612508,-0.015254365323995,0.020004583544376,0.002285752037025,0.009874901839435
1403637255.338319063186646,1.202419097769915,-2.445229908032200,0.376466768912076,0.102784851929761,0.795535913705938,-0.143328370569662,0.579667889750399,-0.313052177323047,0.403522394836239,0.081001444368504,-0.315729123440853,0.405355308972827,0.075536426428834,0.002676946117806,-0.001832914136588,0.005465017939670,-0.015786441116905,0.020267746119794,0.003776817719584,0.009529947701786
1403637255.388319015502930,1.185798927074342,-2.424360571528808,0.380503253559957,0.098098420118516,0.796842898775026,-0.140258775031751,0.579435562136686,-0.327055013353787,0.418162410944033,0.066249946118355,-0.332403730916367,0.417387128119208,0.080729769947533,0.005348717562580,0.000775282824825,-0.014479823829179,-0.016620170695573,0.020869336503391,0.004036484647881,0.011514744902174
1403637255.438318967819214,1.168243664246730,-2.403079966637766,0.384006108744007,0.094891536479027,0.798128139090441,-0.135520332293523,0.579328326108548,-0.338058617412217,0.421763617124276,0.049969264852706,-0.351105591392609,0.425612503716556,0.070057170492714,0.013046973980392,-0.003848886592280,-0.020087905640008,-0.017555262827611,0.021280604891042,0.003502855184049,0.011730367958452
1403637255.488318920135498,1.150168875161763,-2.381505083702684,0.386038171867083,0.091107460728793,0.799486858825616,-0.130301744898811,0.579259569140663,-0.344033308023883,0.425167299126971,0.018296635447520,-0.361496126448917,0.431498070210270,0.040641301220088,0.017462818425034,-0.006330771083299,-0.022344665772568,-0.018074789084967,0.021574882935082,0.002032063123076,0.013176325361872
1403637255.538319110870361,1.131663386795984,-2.359611317464801,0.386741718615722,0.087744629280555,0.800847881540455,-0.123865170400204,0.579310771716107,-0.350543082077873,0.433166045250094,-0.015475952980407,-0.370108355464242,0.437873654402225,0.014070881296641,0.019565273386370,-0.004707609152131,-0.029546834277048,-0.018505488365779,0.021893766237883,0.000703546748640,0.014777466566175
1403637255.588319063186646,1.113440883788573,-2.337532194297661,0.385652224009286,0.084830874694524,0.802238517803393,-0.116205933427101,0.579407684008000,-0.351957640551412,0.434892236101402,-0.045575638249480,-0.364450407715232,0.441582884469069,-0.021789912909218,0.012492767163819,-0.006690648367667,-0.023785725340263,-0.018222503007412,0.022079123167141,-0.001089494606437,0.016624985519038
1403637255.638319015502930,1.095271393731194,-2.314996870775485,0.383251360521027,0.081008088326277,0.803160459182406,-0.108697119607085,0.580134383243014,-0.363491005564906,0.442424551668084,-0.068169420195822,-0.363390147703413,0.450706900271109,-0.048017315558060,-0.000100857861494,-0.008282348603024,-0.020152104637762,-0.018169490057378,0.022535323522176,-0.002400863488259,0.017014638966461
1403637255.688318967819214,1.077120569595303,-2.291714110127728,0.379901050473606,0.076983177102869,0.805220558038720,-0.100220542626164,0.579352471463338,-0.369426689377769,0.450981724520837,-0.081361034066732,-0.363016828917663,0.465655657038985,-0.067006264850558,-0.006409860460106,-0.014673932518148,-0.014354769216174,-0.018150824135892,0.023282760647757,-0.003350310047420,0.019277798663453
1403637255.738318920135498,1.058428157547862,-2.268118270380586,0.376527510147897,0.072025897619258,0.807504376090364,-0.091472509034464,0.578257496931940,-0.381929987011589,0.465616620479208,-0.062506763611377,-0.373848597478621,0.471917244998184,-0.067470870859420,-0.008081389532968,-0.006300624518976,0.004964107248043,-0.018692412047441,0.023595839747141,-0.003373540325709,0.020738222591706
1403637255.788319110870361,1.039390311527973,-2.244270498517419,0.374666592298607,0.067367382858078,0.809776550629747,-0.082088152508507,0.577048619264254,-0.369993156269053,0.469100459979886,-0.029767078164222,-0.380755467930942,0.476953617829689,-0.037218215009586,0.010762311661889,-0.007853157849803,0.007451136845363,-0.019037846019889,0.023847771863168,-0.001860917849290,0.021577135906537
1403637255.838319063186646,1.020210056125351,-2.221225073443736,0.374667249815149,0.061307793825275,0.812217126542859,-0.073202586013796,0.575487684635937,-0.371049960338466,0.475945894834907,0.009892436161554,-0.383605473887126,0.460908941030664,0.000013150343384,0.012555513548660,0.015036953804243,0.009879285818170,-0.019180255402622,0.023045425073682,0.000000657516542,0.022276994552614
1403637255.888319015502930,1.001417807537003,-2.196115829750310,0.378991749680524,0.055226607308008,0.814524181505342,-0.064068446457260,0.573929972868513,-0.371960595373149,0.487912001206159,0.063158925622495,-0.375845330200990,0.502185352789792,0.086490079790874,0.003884734827842,-0.014273351583632,-0.023331154168379,-0.018792248588348,0.025109243693426,0.004324499865375,0.022641879097596
1403637255.938318967819214,0.983026026336243,-2.171427413283580,0.384347441424406,0.049388212433809,0.815608705771788,-0.055471091371734,0.573817219647415,-0.377853976784967,0.491669338779057,0.105266033083281,-0.367835974810920,0.493768800229237,0.107113937029447,-0.010018001974047,-0.002099461450180,-0.001847903946167,-0.018391781200760,0.024688416466731,0.005355691743882,0.020898925226357
1403637255.988318920135498,0.964642057911789,-2.146283143744145,0.391698740263473,0.043442546104151,0.816853987155216,-0.048292350529138,0.573175503434146,-0.367012371605196,0.498911342315481,0.160721289799662,-0.367679719135791,0.502885870378044,0.147026116996364,0.000667347530595,-0.003974528062564,0.013695172803298,-0.018383968424454,0.025144269539435,0.007351298839067,0.018851891305255
1403637256.088319063186646,0.925894080375869,-2.095373432407346,0.412247035347028,0.036606845579212,0.818340785827081,-0.035440181699694,0.572470340393061,-0.403289833563804,0.500729612774964,0.226326136239571,-0.387479221065731,0.509096385099766,0.205482656890253,-0.015810612498073,-0.008366772324803,0.020843479349318,-0.038747977535920,0.050909711336799,0.020548295083555,0.029299604695341
1403637256.138319015502930,0.905631185637112,-2.069058928612094,0.424889784513243,0.034167517135042,0.818082427562355,-0.031014036286228,0.573246763653968,-0.385772134190573,0.510508751674412,0.234734122363252,-0.405258281259554,0.526290577814845,0.252855224465834,0.019486147068980,-0.015781826140433,-0.018121102102582,-0.020262894738757,0.026314503795252,0.012642749166215,0.010239282358172
1403637256.188318967819214,0.885740072626156,-2.043064402556179,0.437202086438332,0.032605927806440,0.816888398193062,-0.027433100708045,0.575219630536891,-0.392620362412191,0.507356302933969,0.211002366535285,-0.397822639612348,0.519891016925004,0.246246273340526,0.005202277200157,-0.012534713991034,-0.035243906805241,-0.019891113010956,0.025994526055915,0.012312301925089,0.009072950129254
1403637256.238318920135498,0.865864862112745,-2.016668465145733,0.448368794740821,0.031125842234206,0.814721672886552,-0.024741257174568,0.578487379177430,-0.389941543701453,0.522609918102167,0.175039208900200,-0.397504589358131,0.527919251671954,0.223334379038050,0.007563045656678,-0.005309333569787,-0.048295170137851,-0.019875210513411,0.026395937410446,0.011166708302489,0.009961848409678
1403637256.288319110870361,0.846472547263083,-1.990102717170543,0.457145662462840,0.029766232213854,0.813542856818931,-0.023173687940564,0.580280080414550,-0.389123795632659,0.526539913879501,0.136404145291015,-0.387844817482670,0.531312932705821,0.175536684821057,-0.001278978149989,-0.004773018826320,-0.039132539530042,-0.019392314849662,0.026565747975191,0.008776867722018,0.005969658071289
1403637256.338319063186646,0.827095351019843,-1.963161222669416,0.464133449160055,0.029661375907618,0.812633898167237,-0.021599659976959,0.581618263999393,-0.397601769899917,0.544354156563499,0.104062977996628,-0.387544294455853,0.538830403891249,0.139755867225896,-0.010057475444064,0.005523752672250,-0.035692889229267,-0.019377196243241,0.026941494501127,0.006987786697216,0.004519071667817
1403637256.388319015502930,0.807513152426993,-1.935737959337374,0.469686940717653,0.029601916620424,0.811732208971057,-0.020796309264243,0.582908278352908,-0.403784198356259,0.554032792046456,0.072299743803351,-0.391644345358141,0.548465789698567,0.111069937076496,-0.012139852998118,0.005567002347890,-0.038770193273146,-0.019582198592849,0.027423263332041,0.005553491557597,0.003536149899282
1403637256.438318967819214,0.787439750406551,-1.907709450380366,0.473580619174455,0.030880516940933,0.811357094623346,-0.019742279685072,0.583400635130491,-0.411664470367854,0.567329135343090,0.039584047013448,-0.401468423278963,0.560570713742066,0.077873643402144,-0.010196047088891,0.006758421601024,-0.038289596388695,-0.020073402020442,0.028028508957009,0.003893678456802,0.003537752913433
1403637256.488318920135498,0.766804989494989,-1.878793214117367,0.476247097002263,0.031791760735525,0.810852939633709,-0.019830192314364,0.584049276781919,-0.414924755817268,0.578361909960873,0.017801537243160,-0.412695611808457,0.578325276793932,0.053329607415231,-0.002229144008811,0.000036633166941,-0.035528070172071,-0.020634760911563,0.028916236262998,0.002666477827808,0.002460083185326
1403637256.538319110870361,0.750645727446350,-1.850623038197400,0.474732595860860,0.031625723792555,0.810199416708163,-0.020841958847461,0.584929338904923,-0.424520263960266,0.589958446238022,-0.015018588594240,-0.323184008123631,0.563401369193679,-0.030289907281238,-0.101336255836635,0.026557077044343,0.015271318686998,-0.016159262048639,0.028170175919967,-0.001514501141403,0.003001893909724
1403637256.588319063186646,0.730105090169065,-1.821040549411372,0.473402440135295,0.031914391283457,0.810145693179805,-0.021754360644735,0.584954848893620,-0.432843708400043,0.593863587163519,-0.048043349624395,-0.410813137327626,0.591650339962309,-0.026603139882026,-0.022030571072417,0.002213247201210,-0.021440209742370,-0.020540637277284,0.029582488786029,-0.001330155725565,0.001917647524778
1403637256.638319015502930,0.709289696508653,-1.790873107359713,0.469958178640151,0.031588906094867,0.811814258983379,-0.023752650948125,0.582576657184214,-0.439062480208928,0.611058750428603,-0.092119803557200,-0.416308270230749,0.603349416432020,-0.068885295597022,-0.022754209978179,0.007709333996583,-0.023234507960178,-0.020815393660412,0.030167442051659,-0.003444261495144,0.007082097286599
1403637256.688318967819214,0.688127574255264,-1.760001921821001,0.464721527949315,0.027500902870265,0.814504557779530,-0.027987921729087,0.578828732817385,-0.449860673138993,0.623226256869249,-0.117001766648443,-0.423242848703621,0.617424299595933,-0.104733113698004,-0.026617824435372,0.005801957273316,-0.012268652950439,-0.021162122253389,0.030871185538712,-0.005236650690836,0.014957833311463
1403637256.738318920135498,0.666576534985410,-1.728456058686377,0.458104637202371,0.022408805134872,0.817954174775170,-0.033036771769904,0.573896667642636,-0.458204686996972,0.623817753649439,-0.136363730215622,-0.431021196450925,0.630917864382642,-0.132337941146164,-0.027183490546047,-0.007100110733202,-0.004025789069457,-0.021551039269854,0.031545863134624,-0.006616890746943,0.018723900292116
1403637256.788319110870361,0.645038979935946,-1.696773122081497,0.450951428192255,0.017571185732726,0.820377454120372,-0.038371743430984,0.570262830201119,-0.453852251465777,0.616591774219851,-0.141658789873418,-0.430749457810492,0.633656314890585,-0.143063634457873,-0.023102793655286,-0.017064540670735,0.001404844584455,-0.021537555049464,0.031682936604880,-0.007153209010116,0.016845410156649
1403637256.838319063186646,0.624226834048156,-1.665428920757199,0.443214134355695,0.013511369370771,0.821422897934659,-0.042805453517645,0.568550401279871,-0.431136204535762,0.601979870523369,-0.150157919765982,-0.416243314716372,0.626884624329720,-0.154746024308512,-0.014892889819390,-0.024904753806351,0.004588104542530,-0.020812145887791,0.031344201324298,-0.007737293836560,0.012675234757921
1403637256.888319015502930,0.604481602309496,-1.635235807965641,0.435400088618403,0.011766063862474,0.821227583404820,-0.044073852836982,0.568774394195420,-0.420829053275741,0.594853399338121,-0.156933243879828,-0.394905011383957,0.603862831719638,-0.156281063787073,-0.025924041891784,-0.009009432381517,-0.000652180092755,-0.019745231738659,0.030193112791558,-0.007814045737292,0.004355801013301
1403637256.938318967819214,0.585557685123393,-1.605769069350267,0.427531097576998,0.012919024173961,0.819367391899485,-0.041589179925538,0.571612207724214,-0.418144658808522,0.574778485491876,-0.125290525056218,-0.378478704667484,0.589335334341456,-0.157379970917326,-0.039665954141038,-0.014556848849579,0.032089445861108,-0.018923917186103,0.029466738615374,-0.007868991041404,0.008721569847803
1403637256.988318920135498,0.565876142654515,-1.577417484297083,0.421213058082818,0.012733186500323,0.818432112142015,-0.038189821333074,0.573191313021103,-0.409383712303785,0.571427552351745,-0.096295691597886,-0.393631224773547,0.567032241827773,-0.126360910390761,-0.015752487530238,0.004395310523973,0.030065218792875,-0.019681542468878,0.028351585053184,-0.006318039494180,0.007735247866998
1403637257.038319110870361,0.545949418436939,-1.548966016749959,0.416960995687002,0.013214367599997,0.817009735023916,-0.032329833777902,0.575565161569892,-0.423333937305270,0.564555139453245,-0.076025254827196,-0.398532964068912,0.569027180276032,-0.085040923510951,-0.024800973236358,-0.004472040822787,0.009015668683756,-0.019926724217576,0.028451467547123,-0.004252062395816,0.012996838324202
1403637257.088319063186646,0.525993013516137,-1.520965659116214,0.414250534121196,0.013164422957624,0.815933575435436,-0.026861090473554,0.577371267265621,-0.422977468668378,0.554464249865721,-0.032609487514508,-0.399128479054610,0.560007686739850,-0.054209283014121,-0.023848989613768,-0.005543436874128,0.021599795499613,-0.019956404920802,0.028000357633745,-0.002710461565806,0.011718341734429
1403637257.138319015502930,0.510215469305942,-1.495232666577142,0.413067501623080,0.013238165114890,0.815484454491172,-0.021813792058801,0.578216234590176,-0.415181407615475,0.561042801963860,0.003331034412108,-0.315551185136980,0.514660341599801,-0.023660672526881,-0.099630222478495,0.046382460364059,0.026991706938988,-0.015777544210196,0.025732992539073,-0.001183032498115,0.010275484739754
1403637257.188318967819214,0.490978484263607,-1.467440358885494,0.413709104128375,0.012369300043522,0.815132231983579,-0.017531166096473,0.578877450772787,-0.410364723069144,0.558133739715642,0.037531655147457,-0.384740067763405,0.555846683929666,0.012832062343496,-0.025624655305740,0.002287055785976,0.024699592803961,-0.019236985042334,0.027792307691648,0.000641602505294,0.008867268210794
1403637257.238318920135498,0.471247678113683,-1.439586400147219,0.416029683739133,0.011359911187108,0.815648730801856,-0.013831999461882,0.578270504305752,-0.422648193294436,0.558398899968293,0.060052871994876,-0.394616499334115,0.557079706038115,0.046411636476751,-0.028031693960322,0.001319193930179,0.013641235518125,-0.019730806149925,0.027853958738275,0.002320579610758,0.007832719655637
1403637257.288319110870361,0.451840940337126,-1.411873414796225,0.420009805737013,0.010144144110885,0.816391166697117,-0.010251302789700,0.577319209857329,-0.401066342619944,0.560076700758634,0.107518649237169,-0.388133274920196,0.554257592694945,0.079602136299547,-0.012933067699748,0.005819108063689,0.027916512937621,-0.019406737776557,0.027712985350993,0.003980121997880,0.007938682791209
1403637257.338319063186646,0.432612171353822,-1.384465976295242,0.425911608334876,0.009245858738653,0.817339644321408,-0.006840891639113,0.576041337161077,-0.407630182136159,0.557848881577290,0.133931681317234,-0.384575746426093,0.548149292775563,0.118036164525324,-0.023054435710065,0.009699588801727,0.015895516791910,-0.019228768983304,0.027407438500983,0.005901802597863,0.007738322281647
1403637257.388319015502930,0.413484103861595,-1.357522006119548,0.433141269640298,0.009310500128956,0.818006287686175,-0.003121956724887,0.575125448297533,-0.395094772443254,0.559050757586752,0.142709831775789,-0.382561714683819,0.538879917429811,0.144593364003409,-0.012533057759435,0.020170840156940,-0.001883532227620,-0.019128067492227,0.026943970175694,0.007229661305422,0.007776359106311
1403637257.438318967819214,0.394693939787681,-1.330827617365683,0.440465893176080,0.008845070907911,0.818485359774054,-0.000463357246111,0.574459107209759,-0.387540605398484,0.557917373885594,0.130276619575486,-0.375803639872549,0.533888284232842,0.146492610421890,-0.011736965525935,0.024029089652752,-0.016215990846404,-0.018790164073913,0.026694388753865,0.007324623535783,0.005642092284419
1403637257.488318920135498,0.376866001624909,-1.304171296568805,0.446000341378422,0.008206561216135,0.818752636713481,0.001469767554026,0.574085892537925,-0.378324738946274,0.562873258061631,0.109628688259688,-0.356559103296696,0.533126924367023,0.110689069608163,-0.021765635649578,0.029746333694608,-0.001060381348475,-0.017827938162772,0.026656320796878,0.005534448202342,0.004173916076600
1403637257.538319110870361,0.358871459791673,-1.277014915065829,0.450613478216196,0.009792764764323,0.819134101600255,0.004680990841226,0.573499358045463,-0.381527846892565,0.567098370748031,0.071055015853622,-0.359889463795372,0.543125558199930,0.092262384802399,-0.021638383097193,0.023972812548101,-0.021207368948777,-0.017994541833236,0.027156381502976,0.004613136837773,0.007298643612854
1403637257.588319063186646,0.341070704442777,-1.249402885704531,0.453136995547262,0.008299904193251,0.820341579365448,0.005271669949041,0.571789309318156,-0.372414089153809,0.566432618840601,0.036398736508031,-0.356015446500715,0.552241113884127,0.050470394753644,-0.016398642653095,0.014191504956474,-0.014071658245613,-0.017800755348896,0.027612029361298,0.002523517331066,0.005276289503953
1403637257.638319015502930,0.323594552585005,-1.221400256387388,0.454333665450155,0.006571053564062,0.821800301182369,0.005130378187745,0.569714635103643,-0.360797629024319,0.583615652180645,0.006224653462108,-0.349523370486895,0.560053120451140,0.023933420882541,-0.011274258537424,0.023562531729505,-0.017708767420434,-0.017476151857772,0.028002629317143,0.001196669902893,0.006145254339109
1403637257.688318967819214,0.306645710574773,-1.193092691471198,0.453584638757780,0.004733397654904,0.824272461422865,0.004977252948174,0.566151685716489,-0.346500771387091,0.591840758620784,-0.022272846523910,-0.338977163478459,0.566151838248266,-0.014980548134064,-0.007523607908632,0.025688920372519,-0.007292298389846,-0.016948842010232,0.028307564916190,-0.000749026692375,0.009424786950225
1403637257.738318920135498,0.291122379750070,-1.167824313696632,0.452386782595909,0.002779646429655,0.825821485823005,0.005737661518980,0.563895581077830,-0.331830270669093,0.588498417410539,-0.045646599848845,-0.310466912578376,0.505368037447849,-0.023957146084731,-0.021363358090718,0.083130379962690,-0.021689453764115,-0.015523330824703,0.025268377774567,-0.001197856161871,0.006894885509719
1403637257.788319110870361,0.275343566965889,-1.138609981206583,0.449254301282869,0.000009583541848,-0.827636135889013,-0.007058918583838,-0.561220632325012,-0.319060382179805,0.594881138345633,-0.067463650318338,-0.315575051860336,0.584284420932800,-0.062649387272349,-0.003485330319469,0.010596717412833,-0.004814263045989,-0.015778812784181,0.029214332490049,-0.003132481313040,0.008938425589371
1403637257.838319063186646,0.260510717230074,-1.109191639195461,0.444886577380369,0.002639281904291,-0.829180618154603,-0.009352336697176,-0.558896296700992,-0.299177853585729,0.592244977022518,-0.096178380920091,-0.296657277630722,0.588367401333307,-0.087354561357797,-0.002520575955007,0.003877575689211,-0.008823819562294,-0.014832849735815,0.029418342011121,-0.004367723902500,0.008936011390389
1403637257.888319015502930,0.246663512499980,-1.079597617920314,0.439600114654970,0.006144890969339,-0.830653890107994,-0.012176643766747,-0.556622030205425,-0.279971975668903,0.599130953044604,-0.118001167634535,-0.276944358716610,0.591880989964640,-0.105729355339361,-0.003027616952293,0.007249963079964,-0.012271812295174,-0.013847204730094,0.029594021275147,-0.005286462725400,0.010508831943099
1403637257.938318967819214,0.232925268174120,-1.049802577079968,0.434228921376101,0.010657826203967,-0.831517448365225,-0.015511131364864,-0.555179744414883,-0.257539282947182,0.596442368234608,-0.124602194983519,-0.274765148553657,0.595901385102775,-0.107423968024852,0.017225865606475,0.000540983131833,-0.017178226958667,-0.013738244325860,0.029795040840346,-0.005371193278869,0.011715188644603
1403637257.988318920135498,0.220541912018671,-1.019489296539725,0.428453413616962,0.014881770046415,-0.831880757757826,-0.020097935463006,-0.554390666211721,-0.230539585039018,0.603268550818653,-0.137847074799349,-0.247667359302991,0.606266188985350,-0.115510265341959,0.017127774263973,-0.002997638166698,-0.022336809457390,-0.012383356155450,0.030313280540243,-0.005775507759139,0.012591305326491
1403637258.038319110870361,0.209034805664372,-0.989215195337684,0.421776600405169,0.020740432373873,-0.831980019095235,-0.025438299089427,-0.553833887759385,-0.202980869292588,0.602931682944780,-0.132272943287498,-0.230141249166778,0.605479714319014,-0.133535754837368,0.027160379874189,-0.002548031374233,0.001262811549871,-0.011507106354299,0.030274101202041,-0.006676813211792,0.015895105593428
1403637258.088319063186646,0.198827221185975,-0.958573937560965,0.416676648471655,0.026821169707831,-0.831771903647046,-0.031845800115284,-0.553553945134429,-0.178595680455377,0.604199261850639,-0.091461157663585,-0.204151884262357,0.612825739970544,-0.101999135944238,0.025556203806980,-0.008626478119905,0.010537978280653,-0.010207584478397,0.030641257776719,-0.005099951933514,0.017680907763073
1403637258.138319015502930,0.189780179494811,-0.927548351196589,0.414083253801280,0.032542363197046,-0.830183081352259,-0.039927422725819,-0.555106158269294,-0.142015020380654,0.609088512312755,-0.043534452552290,-0.180941006382071,0.620512319054187,-0.051867942872636,0.038925986001417,-0.011423806741431,0.008333490320347,-0.009047041691164,0.031025586364376,-0.002593394670376,0.020295741877042
1403637258.188318967819214,0.181403621463256,-0.897289331257279,0.413886501611240,0.037467816992418,-0.827144983063240,-0.049791799385942,-0.558523156545050,-0.124915587172685,0.604234734513009,0.005250253683928,-0.167531320401419,0.605180975931741,-0.003935047553552,0.042615733228734,-0.000946241418732,0.009185301237479,-0.008376558031555,0.030259019939309,-0.000196752190040,0.023872463799664
1403637258.238318920135498,0.175510597722335,-0.867400849496381,0.415121647634602,0.040570937522302,-0.823902293768540,-0.059491961866260,-0.562138520139657,-0.097660213206320,0.594943729760058,0.021482568231278,-0.117860587219023,0.597770205296052,0.024702944025802,0.020200374012703,-0.002826475535994,-0.003220375794524,-0.005893023740920,0.029888481760898,0.001235146023362,0.022566324254763
1403637258.288319110870361,0.169383859432740,-0.837535037314395,0.416391707914312,0.043974220036512,-0.820459682905209,-0.067352996138808,-0.566017447266770,-0.081395296839166,0.598190861731459,0.020272211035537,-0.122534298360644,0.597313965067780,0.025401108696672,0.041139001521478,0.000876896663678,-0.005128897661136,-0.006126738289595,0.029865812181986,0.001270060279711,0.020027648375906
1403637258.338319063186646,0.164554117757311,-0.807100132545084,0.416712286662024,0.047123478321259,-0.817431154393610,-0.074455671953420,-0.569246904718507,-0.078005843257417,0.595568910253403,-0.008167401430844,-0.096594925628683,0.608698675886505,0.006411581068785,0.018589082371265,-0.013129765633102,-0.014578982499629,-0.004829741675429,0.030434904769311,0.000320578747711,0.017884937209996
1403637258.388319015502930,0.160190262924926,-0.777226603922085,0.414815598400051,0.051308043209864,-0.815732579992731,-0.079355153755962,-0.570658043150840,-0.077432768278070,0.597915080014869,-0.045115755498751,-0.087277179881710,0.597471142252871,-0.037933801415952,0.009844411603640,0.000443937761998,-0.007181954082799,-0.004363854832385,0.029873528622999,-0.001896688261973,0.013622356809754
1403637258.438318967819214,0.161683498736264,-0.746357012253188,0.407341884525231,0.056870850933817,-0.814842523989878,-0.081923611281308,-0.571039306288540,-0.071399209273853,0.594562454512804,-0.092908687488411,0.029864744708013,0.617392422169230,-0.149474420046304,-0.101263953981866,-0.022829967656426,0.056565732557893,0.001493235811339,0.030869591668897,-0.007473713874819,0.012406367476497
1403637258.488318920135498,0.158428196856992,-0.716852190187317,0.401113140216045,0.062943960783369,-0.815464335332133,-0.083214800634032,-0.569325278340653,-0.063922774154011,0.594576746410976,-0.125056808475274,-0.065106099675462,0.590097004077782,-0.124575004987700,0.001183325521450,0.004479742333194,-0.000481803487575,-0.003255301879272,0.029504822065871,-0.006228744309186,0.012942105000909
1403637258.538319110870361,0.155854770542992,-0.686960585124673,0.393195175734353,0.069098645821243,-0.816822256845345,-0.083200163441421,-0.566660842719054,-0.051625052952977,0.583710674096821,-0.150072676189227,-0.051468329943905,0.597829820713100,-0.158358685543398,-0.000156723009071,-0.014119146616278,0.008286009354171,-0.002573426314000,0.029891605062644,-0.007917964481692,0.013685570924913
1403637258.588319063186646,0.150899287273638,-0.658090582975894,0.384671829704568,0.072914240586340,-0.817124752866792,-0.083719166139339,-0.565669296491364,-0.045742261371580,0.569622322424266,-0.150988769545636,-0.099109759905506,0.577400593627687,-0.170467083165779,0.053367498533926,-0.007778271203421,0.019478313620143,-0.004955483269354,0.028870002148779,-0.008523346029785,0.007975667006936
1403637258.638319015502930,0.148508036385695,-0.630074134099929,0.376068880677254,0.074661568849342,-0.815982626708535,-0.084703276058958,-0.566942111746582,-0.034481700018856,0.552353105439876,-0.160773128561058,-0.047825063368410,0.560329511891180,-0.172059144634681,0.013343363349554,-0.007976406451304,0.011286016073623,-0.002391250887944,0.028016448875966,-0.008602949027315,0.005271107378358
1403637258.688318967819214,0.146588083250982,-0.602591156204654,0.366861158464276,0.075214953689096,-0.814218018321884,-0.085706366543421,-0.569250514374345,-0.026328594891372,0.548078444278368,-0.173099458302283,-0.038399099314486,0.549660082102192,-0.184154619883089,0.012070504423114,-0.001581637823823,0.011055161580806,-0.001919953134713,0.027482977895274,-0.009207722212978,0.006246598652371
1403637258.738318920135498,0.144381534968039,-0.575758745104571,0.357351733768805,0.076342027464582,-0.813011125219501,-0.086179276231089,-0.570752080557051,-0.022761450009872,0.527709217070187,-0.184450611677855,-0.044131007745473,0.536648733789775,-0.190188675287478,0.021369557735600,-0.008939516719589,0.005738063609624,-0.002206548282943,0.026832411100083,-0.009509424695471,0.004562995984127
1403637258.788319110870361,0.143128835954750,-0.549909971803857,0.346515607573038,0.075976935650957,-0.811871656898346,-0.086700227603559,-0.572341671126361,-0.026355982546916,0.505303100519381,-0.206489197390173,-0.025053884692794,0.516973493916915,-0.216721697187659,-0.001302097854123,-0.011670393397534,0.010232499797486,-0.001252699013289,0.025848773300714,-0.010836126195766,0.004113329594666
1403637258.838319063186646,0.140523015697863,-0.525623684030272,0.334960208431062,0.076467118557276,-0.810810662803752,-0.086670309757094,-0.573783152654291,-0.031582175267055,0.500009402420378,-0.199178720102665,-0.052116454839853,0.485726218696310,-0.231108203241486,0.020534279572798,0.014283183724068,0.031929483138821,-0.002605820256886,0.024286287773585,-0.011555399141976,0.003712009058169
1403637258.888319015502930,0.139225128061017,-0.500709691954617,0.323797158959053,0.077294777560325,-0.809827628742132,-0.086018017746210,-0.575157047866761,-0.035721572130314,0.486080374295223,-0.185638002670131,-0.025957777492196,0.498280316710237,-0.223261202358661,-0.009763794638118,-0.012199942415013,0.037623199688530,-0.001297887636847,0.024913992075655,-0.011163049472009,0.003982185140533
1403637258.938318967819214,0.137731037220172,-0.475797226595971,0.314340170045284,0.078522951427641,-0.809785860128334,-0.084649292930302,-0.575252556745041,-0.024099229094327,0.472250702771608,-0.139177835827592,-0.029881845314445,0.498249782340947,-0.189139958653296,0.005782616220118,-0.025999079569339,0.049962122825705,-0.001494090840845,0.024912465358646,-0.009456988913769,0.003683849178207
1403637258.988318920135498,0.136658243631074,-0.452069667992741,0.307511359885013,0.078932731535866,-0.809916584614035,-0.083842586354633,-0.575130568282359,-0.014996506267266,0.456385885168220,-0.092458834776267,-0.021455892243895,0.474551624632303,-0.136576333454753,0.006459385976628,-0.018165739464083,0.044117498678487,-0.001072793589098,0.023727558603230,-0.006828810160271,0.001844630448077
1403637259.038319110870361,0.136435054815746,-0.428940861042844,0.302671607608105,0.080398286091618,-0.810205340806551,-0.081940213267453,-0.574794939758306,-0.013490961996366,0.441062339789561,-0.049608466544251,-0.004463759278670,0.462574374416730,-0.096794676295785,-0.009027202717696,-0.021512034627169,0.047186209751534,-0.000223188815328,0.023128806949897,-0.004839752276909,0.004883811268347
1403637259.088319063186646,0.134755012844479,-0.406882501473786,0.300710003585239,0.078703447395387,-0.810372086272943,-0.082006514174479,-0.574784986573823,0.009497736955368,0.436428732083722,0.013561330640106,-0.033600871469624,0.441167612111376,-0.039232117871984,0.043098608424992,-0.004738880027654,0.052793448512090,-0.001680041971267,0.022058359569058,-0.001961604022866,0.003408681760430
1403637259.138319015502930,0.133692732513671,-0.385853305111012,0.303207858869874,0.078510259563707,-0.809947954004142,-0.081830635776797,-0.575433921485437,0.004077937686092,0.417690924219518,0.077913511482736,-0.021245626877567,0.420584328355965,0.049957153335554,0.025323564563659,-0.002893404136447,0.027956358147182,-0.001062280330808,0.021029196362775,0.002497855284635,0.001636165623872
1403637259.188318967819214,0.132667993040149,-0.367397957507475,0.306693218815697,0.079255550016492,-0.809983860601832,-0.080653979323484,-0.575447338142616,-0.005398925594866,0.389572037860740,0.119358415331111,-0.020494809015819,0.369107304078879,0.069707265394488,0.015095883420953,0.020464733781860,0.049651149936624,-0.001024739473522,0.018455347603536,0.003485359945823,0.002786716973818
1403637259.238318920135498,0.131656416994806,-0.348215237122575,0.313803787395680,0.078855993571164,-0.809569348972651,-0.079903430024412,-0.576189763317813,-0.002984577615025,0.380074593252134,0.160515506840061,-0.020231540201167,0.383654773579713,0.142211507223134,0.017246962586143,-0.003580180327579,0.018303999616927,-0.001011576045343,0.019182720384900,0.007110568579984,0.002404982169896
1403637259.288319110870361,0.130613275065715,-0.329578518521002,0.321726674633387,0.079407810072161,-0.809290622637370,-0.078839763360013,-0.576651870303131,-0.007369099515614,0.357828465112881,0.151902785867976,-0.020862758996695,0.372732950168084,0.158457140288127,0.013493659481081,-0.014904485055203,-0.006554354420151,-0.001043141929090,0.018636718601573,0.007922887237707,0.002628398530094
1403637259.338319063186646,0.128907046062485,-0.310445640371869,0.329162963424617,0.079440280001220,-0.809656079596011,-0.077713537748910,-0.576287151285793,-0.007893158927638,0.349086780711714,0.134906795163933,-0.034124612608364,0.382657927913713,0.148725917660679,0.026231453680726,-0.033571147201999,-0.013819122496745,-0.001706229003230,0.019132878149134,0.007436288791230,0.002478723357124
1403637259.388319015502930,0.127654254208271,-0.293132673321227,0.335891556090645,0.079959298473907,-0.809730516436211,-0.076484483823351,-0.576275216432031,-0.013581178171233,0.332108338031480,0.115169270555422,-0.025055860979413,0.346259671231792,0.134571981658411,0.011474682808181,-0.014151333200312,-0.019402711102989,-0.001252791854214,0.017312967050642,0.006728592666028,0.002672554790014
1403637259.438318967819214,0.126587131500741,-0.277418677699830,0.341483632273288,0.082782453239541,-0.809283031244114,-0.073534020896173,-0.576888887522392,-0.018468845683797,0.312705470025791,0.089699893413785,-0.021342474504367,0.314280212148900,0.111841630313349,0.002873628820570,-0.001574742123109,-0.022141736899564,-0.001067122707530,0.015713995621397,0.005592076182643,0.008307176252534
1403637259.488318920135498,0.125090772252050,-0.263455514365171,0.346287724180158,0.087115539115662,-0.808873547980191,-0.069845287635725,-0.577283381033621,-0.029852419737555,0.286828896190193,0.076112941591188,-0.029927213514639,0.279263533019638,0.096081929768253,0.000074793777083,0.007565363170555,-0.019968988177064,-0.001496359248691,0.013963163334659,0.004804091906869,0.011437792984449
1403637259.538319110870361,0.123873955183736,-0.250927308233467,0.349889795006831,0.089596837657432,-0.808651992280919,-0.067486751547452,-0.577494502508431,-0.031432276460959,0.248241387994609,0.051250312572505,-0.024336248530873,0.250563166811453,0.072041141718331,-0.007096027930086,-0.002321778816844,-0.020790829145826,-0.001216817068315,0.012528206131704,0.003602070826674,0.006874068887313
1403637259.588319063186646,0.117656781049384,-0.242723795192130,0.356776803980333,0.091016719991135,-0.808553322162251,-0.066182258648529,-0.577561590259101,-0.046175088076847,0.211382932727332,0.051219942358234,-0.124343601270338,0.164070417296479,0.137740310829431,0.078168513193491,0.047312515430854,-0.086520368471196,-0.006217174134352,0.008203513041337,0.006887008973502,0.003863679740094
1403637259.638319015502930,0.116010920572117,-0.233928314730565,0.358832947916539,0.090234511202681,-0.808146582472221,-0.066100429462274,-0.578262541974998,-0.043660391567237,0.178932252817377,0.031878624603569,-0.032917240937653,0.175909776991949,0.041122917941992,-0.010743150629584,0.003022475825428,-0.009244293338423,-0.001645860477266,0.008795480461566,0.002056143936206,0.002258598877892
1403637259.688318967819214,0.114138532190347,-0.226014623923873,0.360167405218107,0.087406389734890,-0.808644632225403,-0.067587405484520,-0.577828628943242,-0.041549206763102,0.149828519646105,0.016758977702521,-0.037447803348412,0.158273967075651,0.026689171484135,-0.004101403414690,-0.008445447429547,-0.009930193781614,-0.001872388381770,0.007913690806692,0.001334457301568,0.006525553538785
1403637259.738318920135498,0.109697259079240,-0.226809858960395,0.363151087184216,0.084618587841901,-0.810279002815412,-0.069552794077973,-0.575716979968501,-0.048597465359805,0.122000051476916,-0.004666818421916,-0.088825546932789,-0.015904715898359,0.059673696231443,0.040228081572985,0.137904767375275,-0.064340514653359,-0.004441273111107,-0.000795235036522,0.002983681966109,0.008663682745596
1403637259.788319110870361,0.106651170221359,-0.222462019265228,0.363034716162592,0.081206096753750,-0.812058635380690,-0.071737162658952,-0.573428393129705,-0.051550633709655,0.096204404995865,-0.013412654426773,-0.060921544760370,0.086956462190768,-0.002327411554101,0.009370911050716,0.009247942805097,-0.011085242872671,-0.003046088857881,0.004347839695167,-0.000116371021624,0.009964202858635
1403637259.838319063186646,0.104140455707550,-0.218063594385180,0.361875101094668,0.078424808535319,-0.812982641048589,-0.073507182777385,-0.572280935240719,-0.048425150553431,0.079860286640849,-0.023037963210628,-0.050214338164296,0.087968581494336,-0.023192323476399,0.001789187610865,-0.008108294853486,0.000154360265771,-0.002510714513809,0.004398424880048,-0.001159615067924,0.007221909892187
1403637259.888319015502930,0.101791994535959,-0.214188042216211,0.360158419042596,0.079877185481390,-0.812349740358444,-0.072293117558575,-0.573132829048208,-0.047642128538644,0.070554598172078,-0.040822300939878,-0.046969268225202,0.077511117299740,-0.034333673784580,-0.000672860313442,-0.006956519127662,-0.006488627155297,-0.002348461171591,0.003875552168969,-0.001716682052072,0.004340341617743
1403637259.938318967819214,0.099487563239162,-0.211034419351512,0.357566968915217,0.082801618166797,-0.811024073012925,-0.070085027556384,-0.574866883665172,-0.050810096829262,0.050515984624301,-0.062287655382413,-0.046088669889539,0.063072517444622,-0.051829051975629,-0.004721426939723,-0.012556532820320,-0.010458603406784,-0.002304431296798,0.003153622864699,-0.002591450127380,0.008530494685355
1403637259.988318920135498,0.097171219143065,-0.209010963189842,0.353747169301283,0.083336012073288,-0.810089419916084,-0.069807437974214,-0.576139880962272,-0.048605682724970,0.025234968569743,-0.081226654964228,-0.046326926102724,0.040469161827788,-0.076396065135638,-0.002278756622246,-0.015234193258046,-0.004830589828590,-0.002316344096096,0.002023456161669,-0.003819799613934,0.003380373963136
1403637260.038319110870361,0.094742714414953,-0.208298743601688,0.348806276995702,0.081472112554721,-0.809043829053061,-0.071155840262991,-0.577708597775297,-0.053848469895471,0.006122838930914,-0.102750853636332,-0.048569909282747,0.014244337425251,-0.098817469152888,-0.005278560612723,-0.008121498494337,-0.003933384483444,-0.002428504728112,0.000712219588154,-0.004940892305581,0.005948596258359
1403637260.088319063186646,0.091924600227031,-0.208568770622040,0.342960275766478,0.079238023065893,-0.808314451386214,-0.072900605231446,-0.578821721376887,-0.062896315616595,-0.011767566650280,-0.125021335327912,-0.056362337509757,-0.005400545557397,-0.116920136088220,-0.006533978106838,-0.006367021092883,-0.008101199239692,-0.002818114187922,-0.000270027020352,-0.005846001229224,0.006263035872771
1403637260.138319015502930,0.088860170670681,-0.209705016529133,0.335679899193144,0.076317507424413,-0.808598908414458,-0.075107377048935,-0.578534636201067,-0.066363667166874,-0.028309629851059,-0.149953430865002,-0.061288649576402,-0.022724939814049,-0.145607670328980,-0.005075017590472,-0.005584690037010,-0.004345760536021,-0.003064429556350,-0.001136245907093,-0.007280376573334,0.007365487762203
1403637260.188318967819214,0.082191206294513,-0.216061362414222,0.326002218905523,0.073500146282581,-0.809098677601933,-0.077592016736816,-0.577872423064085,-0.078252653920951,-0.040360531085605,-0.169739125788252,-0.133379414723894,-0.127127038939588,-0.193553790339694,0.055126760802943,0.086766507853983,0.023814664551442,-0.006668964376169,-0.006356345885090,-0.009677680287621,0.007693964365243
1403637260.238318920135498,0.078268470080445,-0.218053142554182,0.316568993425264,0.069585204028231,-0.809990110261997,-0.080796205885478,-0.576667923308223,-0.086782434582039,-0.046517562672595,-0.180534271351103,-0.078454799101670,-0.039835640789414,-0.188664689529836,-0.008327635480369,-0.006681921883180,0.008130418178733,-0.003922736214067,-0.001991780139959,-0.009433225480258,0.010552561279524
1403637260.288319110870361,0.073940514884056,-0.220104682930735,0.306972073539785,0.066072268462380,-0.810018854795747,-0.083502399228251,-0.576655234554190,-0.092577138345393,-0.048829310014229,-0.190173259995224,-0.086558773732263,-0.041030651011546,-0.191937665525500,-0.006018364613130,-0.007798659002683,0.001764405530276,-0.004327955196389,-0.002051540376553,-0.009596919885479,0.008869096499124
1403637260.338319063186646,0.069269160810935,-0.223282282504155,0.297327101928928,0.062043183385514,-0.809888305719443,-0.086750203458303,-0.576806707532276,-0.099223531765035,-0.050327603315191,-0.181832243589671,-0.093427170561519,-0.063552052076364,-0.192899616180541,-0.005796361203517,0.013224448761173,0.011067372590871,-0.004671354073121,-0.003177599573420,-0.009644971610857,0.010357954614357
1403637260.388319015502930,0.064458243917038,-0.226041970431859,0.287778100715713,0.056830153037016,-0.809107063060615,-0.090724441836068,-0.577827976014271,-0.101977111646596,-0.048784538190735,-0.192028949982779,-0.096218429638993,-0.055193811191001,-0.190980206397234,-0.005758682007603,0.006409273000266,-0.001048743585545,-0.004810916893897,-0.002759687927704,-0.009549001213216,0.013360202310007
1403637260.438318967819214,0.059448173094138,-0.228397284761178,0.277319804941421,0.052638387893519,-0.808302324609997,-0.094065657249583,-0.578816209410422,-0.108518930948831,-0.033401606598303,-0.207261951343807,-0.100201512017599,-0.047106331510487,-0.209166114962182,-0.008317418931232,0.013704724912184,0.001904163618375,-0.005010070822900,-0.002355314329319,-0.010458295774292,0.011019782480934
1403637260.488318920135498,0.054076463709293,-0.229951471494509,0.266036975811316,0.051833802923417,-0.809772780570172,-0.095105859596961,-0.576659497617503,-0.112576436585960,-0.021169760568481,-0.227550132395971,-0.107434290154236,-0.031083764310396,-0.225656797805203,-0.005142146431723,0.009914003741915,-0.001893334590768,-0.005371709384846,-0.001554186733330,-0.011282829130106,0.005845692591404
1403637260.538319110870361,0.048970493306751,-0.230771347465935,0.254290900866138,0.051401237149336,-0.812832995288900,-0.095507622556371,-0.572309993467546,-0.112384045955182,-0.003211203238140,-0.233603894181402,-0.102119018497686,-0.016397456877188,-0.234920602752564,-0.010265027457496,0.013186253639047,0.001316708571162,-0.005105970402541,-0.000819875971426,-0.011746074945177,0.010701718630965
1403637260.588319063186646,0.043147154067222,-0.230656776640153,0.242082556267108,0.052287219883626,-0.816394339027086,-0.095129376490610,-0.567200785939050,-0.108718222564976,0.016461945331483,-0.230597055213255,-0.116466895862068,0.002291418700896,-0.244167124836520,0.007748673297092,0.014170526630587,0.013570069623265,-0.005823339239529,0.000114570825781,-0.012208344599030,0.012604021219354
1403637260.638319015502930,0.037683821496229,-0.229847246140094,0.230210102572593,0.053863493317627,-0.819434749913770,-0.094134687619935,-0.562817977065477,-0.101167380016853,0.033537210515321,-0.238417861143035,-0.109266755624772,0.016190625441780,-0.237449300339595,0.008099375607918,0.017346585073542,-0.000968560803440,-0.005463332570994,0.000809530500060,-0.011872453694515,0.011300839051336
1403637260.688318967819214,0.032431023481569,-0.228032880163997,0.218170224650268,0.054561768020069,-0.820690401244790,-0.093481314689398,-0.561027203065173,-0.085389668237985,0.053706368060273,-0.223978528024730,-0.105056060482452,0.036287354128254,-0.240797788089179,0.019666392244467,0.017419013932019,0.016819260064448,-0.005252798014659,0.001814365976097,-0.012039877922326,0.004774104413196
1403637260.738318920135498,0.027514348632815,-0.225325182134593,0.206419754517279,0.057207754360044,-0.819940181720674,-0.091928976483443,-0.562116032971536,-0.078236044977235,0.069962387259845,-0.219155234441142,-0.098333590753304,0.054154012233370,-0.235009626782409,0.020097545776069,0.015808375026475,0.015854392341266,-0.004916674848754,0.002707698029404,-0.011750470132988,0.006681134003660
1403637260.788319110870361,0.025168160591731,-0.221504301113853,0.194979737587176,0.057407646238541,-0.817995121392102,-0.092018338057935,-0.564907929660335,-0.070506098442358,0.085795287568395,-0.218709484553332,-0.046923581822425,0.076417328905815,-0.228799465801368,-0.023582516619933,0.009377958662580,0.010089981248035,-0.002346188041084,0.003820881020740,-0.011440016930103,0.006819354901984
1403637260.838319063186646,0.021650728389809,-0.217528172307547,0.183770368323109,0.059062559150459,-0.815077231396398,-0.091538110656493,-0.569018009612368,-0.073487410276590,0.093048811806726,-0.221580356500531,-0.070348711128199,0.079522651964834,-0.224187599083292,-0.003138699148391,0.013526159841892,0.002607242582761,-0.003517432201922,0.003976128806306,-0.011209369264067,0.010653874683470
1403637260.888319015502930,0.018189809344266,-0.213075780766364,0.172348452770974,0.060489866056095,-0.812984300730320,-0.091158490737705,-0.571915756416076,-0.071101565144998,0.100996941217294,-0.230727614730944,-0.069218446922713,0.089047915746373,-0.228438528898662,-0.001883118222285,0.011949025470921,-0.002289085832282,-0.003460919045543,0.004452391541183,-0.011421915552135,0.007735277692033
1403637260.938318967819214,0.015387755096014,-0.207516280001173,0.161817211363314,0.061704772912434,-0.810409146342100,-0.090620719630720,-0.575514918745383,-0.070798125036988,0.106250934552938,-0.217789911106370,-0.056041138410035,0.111190121342989,-0.210625029020878,-0.014756986626953,-0.004939186790052,-0.007164882085492,-0.002802054248252,0.005559500765191,-0.010531241407660,0.009241347091533
1403637260.988318920135498,0.012454069239000,-0.201519485531291,0.150980239775531,0.061493858869994,-0.808355078861246,-0.091096848317658,-0.578344132871681,-0.075176836425186,0.109524074362346,-0.230895356035475,-0.058673773095950,0.119936003777522,-0.216739638454685,-0.016503063329236,-0.010411929415176,-0.014155717580790,-0.002933685857014,0.005996794469882,-0.010836971587783,0.007069608775204
1403637261.038319110870361,0.008694302088847,-0.195887321960310,0.139725296849962,0.062116766331181,-0.808049800650174,-0.090884722527091,-0.578737413876919,-0.080858180108375,0.116869819890400,-0.233042552557546,-0.075195056156689,0.112642841721277,-0.225097999830657,-0.005663123951687,0.004226978169124,-0.007944552726890,-0.003759767150153,0.005632163570981,-0.011254942925569,0.001650304008280
1403637261.088319063186646,0.004690223411034,-0.190390086287024,0.128407491565685,0.062755844353498,-0.810009271950341,-0.090660497643528,-0.575957774078089,-0.090486468866993,0.119019773921090,-0.236480036194632,-0.080081649928064,0.109944818317278,-0.226356321555755,-0.010404818938929,0.009074955603812,-0.010123714638876,-0.004004078677813,0.005497235673286,-0.011317805284277,0.006935311024983
1403637261.138319015502930,0.004471584534957,-0.184035545001325,0.119260269974610,0.062762370890692,-0.813469597312676,-0.090491100058902,-0.571086210530654,-0.082104303665413,0.125848073568278,-0.233114552272647,-0.004372781691753,0.127090946917341,-0.182944606291069,-0.077731521973660,-0.001242873349063,-0.050169945981579,-0.000218638876077,0.006354541285698,-0.009147221591075,0.011955722907715
1403637261.188318967819214,0.000177903305707,-0.177770056470556,0.108146049963693,0.061776282452754,-0.817104496343135,-0.091208087760725,-0.565866607699360,-0.080195254736810,0.133555410219113,-0.220428006332813,-0.085873706480547,0.125309890120199,-0.222284612205480,0.005678451743737,0.008245520098914,0.001856605872667,-0.004293681229250,0.006265488530769,-0.011114220010918,0.012952734545718
1403637261.238318920135498,-0.004176784233708,-0.171074625290153,0.097635013580430,0.061501869850345,-0.820627778608519,-0.091506188179145,-0.560726481010021,-0.076412963692592,0.142814918049138,-0.199334891260810,-0.087093833847459,0.133908751313416,-0.210220928147559,0.010680870154867,0.008906166735722,0.010886036886750,-0.004354687539415,0.006695431180404,-0.010511036383263,0.012489789939145
1403637261.288319110870361,-0.008126059089372,-0.164099693428066,0.088596678541141,0.060654773350826,-0.822683258508554,-0.092037030687383,-0.557711789028848,-0.057568539346148,0.143241659263019,-0.161380427658417,-0.078985195808672,0.139498105098695,-0.180766011218156,0.021416656462524,0.003743554164324,0.019385583559739,-0.003949274855664,0.006974931862087,-0.009038335039288,0.007566438707877
1403637261.338319063186646,-0.011318966498528,-0.156740877771044,0.081826193871928,0.060567677817769,-0.821754720589296,-0.092129999303199,-0.559073160526746,-0.043603914274390,0.157386176425524,-0.119788240072610,-0.063858209083038,0.147176453498837,-0.135409822521134,0.020254294808648,0.010209722926687,0.015621582448524,-0.003192907409155,0.007358815657022,-0.006770484669213,0.003305597942695
1403637261.388319015502930,-0.013384629028462,-0.148900367862867,0.076902784054361,0.061991031402526,-0.818997619223834,-0.091131171874855,-0.563111997069906,-0.029242628574963,0.167670530250672,-0.091632749737978,-0.041313289998115,0.156810347709543,-0.098468290258030,0.012070661423152,0.010860182541130,0.006835540520051,-0.002065662529935,0.007840509908177,-0.004923409817568,0.010380262171884
1403637261.438318967819214,-0.014635881397711,-0.140407509452528,0.073298210361253,0.065183060880319,-0.816276752353908,-0.088797673284403,-0.567061200718323,-0.018517643983612,0.168121270005287,-0.071556643712143,-0.025025071250742,0.169857330195359,-0.072091542614002,0.006507427267130,-0.001736060190073,0.000534898901859,-0.001251252369249,0.008492858410339,-0.003604573693107,0.012431205608362
1403637261.488318920135498,-0.015571405410176,-0.132674704948945,0.070870569139679,0.068185032271147,-0.814377428063057,-0.086935534574418,-0.569721351946584,-0.017298842029690,0.162016808625108,-0.064003504935334,-0.018710498093024,0.154656237563331,-0.048552870735111,0.001411656063334,0.007360571061777,-0.015450634200223,-0.000935524012465,0.007732804503582,-0.002427641221574,0.009625647996297
1403637261.538319110870361,-0.016182820900506,-0.124859602645888,0.069031481441462,0.069094230105510,-0.815920970070476,-0.086129647445090,-0.567521490162588,-0.005912721234111,0.150239120400704,-0.065451135111154,-0.012228263159474,0.156301449818428,-0.036781613653609,0.006315541925362,-0.006062329417724,-0.028669521457545,-0.000611415490330,0.007815102303057,-0.001839087698217,0.005898479420709
1403637261.588319063186646,-0.017043178937424,-0.117483969875981,0.066108620994657,0.068454907555902,-0.819397242638240,-0.086504174467903,-0.562511432939802,-0.000212123423037,0.151523606007579,-0.053095481571471,-0.017207177148406,0.147512796077312,-0.058457264685307,0.016995053725369,0.004010809930267,0.005361783113835,-0.000860358036918,0.007375632769907,-0.002922860446806,0.012285644762890
1403637261.638319015502930,-0.017155698965648,-0.110327229795778,0.064203585079677,0.066812363882658,-0.823004362758849,-0.087626092202800,-0.557244645445409,0.019778775573626,0.151211590067160,-0.016965392039864,-0.002250402710624,0.143134938108179,-0.038100754635311,0.022029178284250,0.008076651958981,0.021135362595448,-0.000112520028224,0.007156740080203,-0.001905035914980,0.013372685857136
1403637261.688318967819214,-0.016095675453765,-0.103022326430709,0.064021868065924,0.065572255177291,-0.825376464554681,-0.088287170626162,-0.553768314923314,0.048437889600166,0.151784364783155,0.021214616432094,0.021200490456018,0.146098206631470,-0.003634343741034,0.027237399144148,0.005686158151685,0.024848960173127,0.001060023511883,0.007304903365068,-0.000181717013753,0.008873932027744
1403637261.738318920135498,-0.013488779592990,-0.095311440099931,0.065844581191368,0.063906729361122,-0.825743046951467,-0.089151197302146,-0.553277881695325,0.073784612932774,0.155877797185990,0.054805518800583,0.052137966938127,0.154217873689198,0.036454297274411,0.021646645994646,0.001659923496791,0.018351221526172,0.002606895860774,0.007710886330779,0.001822713125444,0.003947367229067
1403637261.788319110870361,-0.008286933329864,-0.087011404086300,0.069804475628588,0.063953766224259,-0.823158805968748,-0.089134354001689,-0.557112702133544,0.103493669004937,0.160998400032290,0.090988429783714,0.104036528394666,0.166000087032542,0.079197586629573,-0.000542859389729,-0.005001687000253,0.011790843154142,0.005201846263126,0.008300036013631,0.003959894437219,0.009249147750818
1403637261.838319063186646,-0.003366942607717,-0.079335630981321,0.074355253120797,0.063582123529500,-0.819208477667849,-0.089086142018462,-0.562955098551272,0.120605021114284,0.166317121696089,0.089783663211599,0.098399908284399,0.153515608503478,0.091015636643468,0.022205112829885,0.012801513192611,-0.001231973431869,0.004919990722147,0.007675773104979,0.004550777492210,0.014125061359580
1403637261.888319015502930,0.002350062255418,-0.071476950986422,0.078093470604826,0.064540248686391,-0.815859162017842,-0.088266788096884,-0.567818067844008,0.121743758302896,0.169883418668191,0.066940765690377,0.114340206306025,0.157173749790538,0.074764420981486,0.007403551996871,0.012709668877652,-0.007823655291110,0.005717004863135,0.007858679994899,0.003738217484029,0.012075734525414
1403637261.938318967819214,0.007491785180322,-0.064092427977828,0.080114246660429,0.064969876912647,-0.813034750450197,-0.087621960996641,-0.571905413163264,0.116839115250430,0.160739063087258,0.025836212936522,0.102834556568767,0.147690601020620,0.040415559655334,0.014004558681664,0.013048462066639,-0.014579346718812,0.005141722924905,0.007384523008594,0.002020776055603,0.010056665081010
1403637261.988318920135498,0.012615615335877,-0.056821425121917,0.079777918062709,0.064811933591205,-0.811020671943918,-0.087055933186181,-0.574861850744062,0.113842449944579,0.161486804886736,-0.033486116925186,0.102476700840485,0.145420195801723,-0.006726578369362,0.011365749104095,0.016066609085013,-0.026759538555824,0.005123830155554,0.007271002855911,-0.000336328597720,0.007250485050486
1403637262.038319110870361,0.018339916329540,-0.049254792615390,0.076808308744730,0.066618993328535,-0.809478998041947,-0.085153858733969,-0.577108726150985,0.113197111791534,0.158946463873825,-0.074376288628394,0.114485583145414,0.151332072844485,-0.059391959797236,-0.001288471353880,0.007614391029341,-0.014984328831158,0.005724300993663,0.007566632506526,-0.002969609317979,0.007565335866046
1403637262.088319063186646,0.023756725983759,-0.042015172841032,0.071553666859961,0.067772079309618,-0.807917542009810,-0.083737520959809,-0.579365358096584,0.106657465073150,0.152749228090573,-0.127312847726727,0.108336296401939,0.144792533572094,-0.105092937919817,-0.001678831328789,0.007956694518479,-0.022219909806910,0.005416809654220,0.007239619774359,-0.005254641884769,0.006592772554181
1403637262.138319015502930,0.027954681046562,-0.035541081523295,0.063539756857543,0.069741948535317,-0.807991613265134,-0.081697157747395,-0.579319590488445,0.094285289366152,0.150454538096556,-0.172443871309883,0.083959181325774,0.129481949838349,-0.160278352901699,0.010326108040379,0.020972588258206,-0.012165518408185,0.004197955062803,0.006474091317737,-0.008013910002417,0.005674875657136
1403637262.188318967819214,0.032529888160965,-0.028731117048707,0.054104814904524,0.071540723430653,-0.807560470583769,-0.079945446159982,-0.579945460263138,0.090908595952494,0.138003906365386,-0.197791004232947,0.091504229553288,0.136199419381652,-0.188699019017785,-0.000595633600793,0.001804486983734,-0.009091985215162,0.004575207114403,0.006809964474588,-0.009434941953019,0.005246593387177
1403637262.238318920135498,0.036331319514645,-0.022962835599655,0.042550931965825,0.072830131224694,-0.807334075736421,-0.078440269368051,-0.580305597320999,0.074464668590770,0.125806465917216,-0.247833574414325,0.076028699580211,0.115365739002383,-0.231077879147031,-0.001564030989441,0.010440726914833,-0.016755695267293,0.003801431353680,0.005768281449052,-0.011553882938700,0.004054175313561
1403637262.288319110870361,0.039461128804842,-0.017779140970227,0.028605794582670,0.074446014501424,-0.807558127398901,-0.076430246390377,-0.580056962059366,0.029739917786309,0.037555253102615,-0.120554368990207,0.062595947019358,0.103673497105540,-0.278901683737612,-0.032856029233048,-0.066118244002925,0.158347314747405,0.003129809290197,0.005183694629427,-0.013945137383155,0.005201266609869
1403637262.338319063186646,0.036507471688908,-0.019561571424781,0.026316968939733,0.103521407367379,-0.792358989122781,-0.056357331134665,-0.598560274158234,-0.078967452060358,-0.062310424327850,0.093898867489665,-0.059073198655265,-0.035648643088261,-0.045776556514669,-0.019894253405092,-0.026661781239589,0.139675424004335,-0.002953657115934,-0.001782430454553,-0.002288825642937,0.085368925787981
1403637262.388319015502930,0.033563706834352,-0.022744136587025,0.025943620457016,0.074468584827608,-0.794136960915841,-0.076609064782480,-0.598274158203645,-0.047287831645599,-0.095158918345010,-0.104183292647361,-0.058875353239048,-0.063651363947563,-0.007466976775404,0.011587521593449,-0.031507554397447,-0.096716315871956,-0.002943764854557,-0.003182565162245,-0.000373348482717,0.070924580924277
1403637262.438318967819214,0.031896018160976,-0.027388003767150,0.022174307192485,0.064650748329014,-0.802405468394530,-0.062914683063568,-0.589921594524275,-0.053557978315716,-0.073865421388611,-0.164208434784163,-0.033353805276186,-0.092877432177326,-0.075386337184630,-0.020204173039530,0.019012010788715,-0.088822097599533,-0.001667688673376,-0.004643867180125,-0.003769313264531,0.041088898037105
1403637262.488318920135498,0.029288311047429,-0.031256780015433,0.013765576759738,0.064880055462455,-0.806755745929219,-0.044353298377977,-0.585635150700821,-0.056818724042003,-0.083053616376020,-0.178465256435619,-0.052154192009049,-0.077375598756771,-0.168174769038882,-0.004664532032954,-0.005678017619248,-0.010290487396736,-0.002607707113547,-0.003868776248282,-0.008408730432746,0.039083922605256
1403637262.538319110870361,0.025458550440963,-0.032117397168037,0.010578258561253,0.076288973159296,-0.795319327217499,-0.035809131952239,-0.600303978328840,-0.080996389020765,-0.062128541766670,0.004211188418763,-0.076594919942893,-0.017212277392452,-0.063746120797557,-0.004401469077872,-0.044916264374218,0.067957309216320,-0.003829760606466,-0.000860617152604,-0.003187318198485,0.046868219106638
1403637262.588319063186646,0.022673795247441,-0.034334744789747,0.010676679630081,0.072408098810304,-0.788613902443725,-0.036406316121640,-0.609524208088249,-0.038581684522900,-0.074832763140631,-0.087093099979730,-0.055695156985473,-0.044346994726797,0.001968423253792,0.017113472462573,-0.030485768413833,-0.089061523233523,-0.002784755193522,-0.002217347621710,0.000098421068828,0.024115964379651
1403637262.638319015502930,0.023234990077274,-0.036339231014461,0.007186710283838,0.070846204747841,-0.787730462495699,-0.034403754861710,-0.610964741519962,0.041800637296748,-0.034985100499782,-0.145199287770027,0.011223907300608,-0.040089762726854,-0.069799453490811,0.030576729996140,0.005104662227072,-0.075399834279216,0.000561194829833,-0.002004486224714,-0.003489969346243,0.006100942415008
1403637262.688318967819214,0.025849599634857,-0.035821413262262,-0.001623333138802,0.069762928122820,-0.799008721762320,-0.036989497562234,-0.596112383261384,0.080935963409897,0.036788386959751,-0.087720822116180,0.052292241021427,0.010356364920576,-0.176201036491201,0.028643722388469,0.026432022039175,0.088480214375021,0.002614609557583,0.000517817752199,-0.008810043422640,0.037717994253973
1403637262.738318920135498,0.027113397456267,-0.035757166113027,-0.004779026958280,0.067658118070657,-0.801054035951940,-0.036160776071048,-0.593655799953294,-0.004039569825174,0.003698700330011,-0.072658293361501,0.025275980533261,0.001284944210126,-0.063113936579702,-0.029315550358435,0.002413756119885,-0.009544356781799,0.001263797821410,0.000064247149235,-0.003155693819478,0.007832020415353
1403637262.788319110870361,0.025447353845920,-0.037477551491836,-0.007431297848883,0.070574452559162,-0.796683044795655,-0.034819269470494,-0.599252026491892,-0.027135199220122,-0.069761419879172,-0.024671142903832,-0.033320745098388,-0.034407576321702,-0.053045215460608,0.006185545878265,-0.035353843557471,0.028374072556776,-0.001666043610347,-0.001720385378809,-0.002652270890602,0.015585668967874
1403637262.838319063186646,0.025375908251907,-0.038091815908604,-0.010511874388969,0.069996345136146,-0.796606997273164,-0.035711886249887,-0.599368388174994,0.040985583811974,0.020653860245992,-0.113775729228797,-0.001428913242981,-0.012285300051536,-0.061611589559118,0.042414497054955,0.032939160297528,-0.052164139669678,-0.000071445594013,-0.000614264416768,-0.003080576540086,0.002145037327746
1403637262.888319015502930,0.026683107785869,-0.037518912349304,-0.013969536725162,0.071425024933053,-0.797741043796669,-0.035629800639992,-0.597694077402369,0.006125478571717,-0.028919425060717,-0.073624413931276,0.026144015612126,0.011458082113285,-0.069153312673607,-0.020018537040408,-0.040377507174002,-0.004471101257670,0.001307199533962,0.000572903559300,-0.003457662336193,0.004954692817482
1403637262.938318967819214,0.026505738154829,-0.039309195691003,-0.016795523526298,0.069606376102215,-0.796855475707251,-0.036090090848226,-0.599060772028894,0.008095702317784,-0.025494688869463,-0.073665912572289,-0.003547396003868,-0.035805700980961,-0.056519789924180,0.011643098321652,0.010311012111498,-0.017146122648109,-0.000177369631040,-0.001790283341699,-0.002825986801135,0.004968476169851
1403637262.988318920135498,0.027206508762116,-0.039272181597819,-0.019811320941239,0.071206518765674,-0.797283484525619,-0.035545315361156,-0.598335363775063,0.014604398437440,-0.004866139884776,-0.070371235356629,0.014015425511898,0.000740282569680,-0.060316005820643,0.000588972925542,-0.005606422454456,-0.010055229535986,0.000700770607287,0.000037014093185,-0.003015797414941,0.003777113510652
1403637263.038319110870361,0.027792409454134,-0.040257270847864,-0.021955090996746,0.070210308342193,-0.797185991638006,-0.035975760477846,-0.598557225331600,0.014581792614785,-0.022752769808424,-0.068672762480061,0.011717969139859,-0.019701709844847,-0.042875237554091,0.002863823474926,-0.003051059963577,-0.025797524925970,0.000585900692018,-0.000985089250045,-0.002143770055507,0.002223911641092
1403637263.188318967819214,0.029253968654549,-0.041261193319344,-0.025416194467062,0.069517939747797,-0.797114774773853,-0.036261718665998,-0.598715608323217,0.018529652575014,-0.007945020418704,-0.073990122748245,0.009743737295115,-0.006692822859304,-0.023074045140568,0.008785915279899,-0.001252197559400,-0.050916077607676,0.001461559200414,-0.001003922471480,-0.003461103470317,0.001537925093775
1403637263.238318920135498,0.030094149409916,-0.041517161706780,-0.028550955973012,0.070348862145014,-0.797317064581918,-0.035865300125765,-0.598372974296353,0.013939634181594,-0.009383387906582,-0.068467620649066,0.016803631132538,-0.005119372630932,-0.062695289909875,-0.002863996950943,-0.004264015275650,-0.005772330739191,0.000840180755367,-0.000255968387436,-0.003134761505949,0.002005890342435
1403637263.288319110870361,0.030911913118096,-0.042346427045067,-0.031962571029965,0.069728508861528,-0.797282568016760,-0.036084156865101,-0.598478383412369,0.015487818198684,-0.016703976234148,-0.067183618633601,0.016355211773417,-0.016585243498076,-0.068232040854475,-0.000867393574733,-0.000118732736071,0.001048422220873,0.000817763708180,-0.000829265338288,-0.003411615056953,0.001334222739984
1403637263.838319063186646,0.031641439156444,-0.044056798029404,-0.035128604189126,0.069064335232618,-0.797293651452579,-0.036489138591021,-0.598516076406620,0.015556835342215,-0.012840534112524,-0.066328691971221,0.001326411093812,-0.003109765695675,-0.005756424424817,0.014230424248403,-0.009730768416848,-0.060572267546404,0.000729526038348,-0.001710370984336,-0.003166033159161,0.001557793879849
1403637263.888319015502930,0.032465529432505,-0.044410959133970,-0.038373370230103,0.069779535343481,-0.797269492790530,-0.036028015575363,-0.598493236725764,0.017343789073710,-0.008946419150953,-0.067868430296492,0.016481821239495,-0.007083228846414,-0.064895382708596,0.000861967834215,-0.001863190304539,-0.002973047587895,0.000824090276060,-0.000354161104566,-0.003244766040977,0.001703233360448
1403637265.388319015502930,0.033641529340802,-0.044776719422339,-0.041740014221569,0.069659879167706,-0.797285694512534,-0.036089110730206,-0.598481911712217,0.019227352899915,-0.007001137284989,-0.067692718480208,0.000783999938865,-0.000243840192246,-0.002244429327644,0.018443352961050,-0.006757297092743,-0.065448289152564,0.001175999908298,-0.000365760288370,-0.003366643991466,0.000271595067059
1403637265.438318967819214,0.034492894606737,-0.045070882773599,-0.044580589760248,0.069787126071147,-0.797280902582505,-0.036001866553916,-0.598478725617369,0.018423150342943,-0.006889902722184,-0.066528662286339,0.017027321557211,-0.005883272635912,-0.056811564953323,0.001395828785732,-0.001006630086273,-0.009717097333015,0.000851365265935,-0.000294163351259,-0.002840575538680,0.000308781054298
